1760003688975 0 9
1760003689370 0 19
1760003689721 0 29
1760003690068 0 39
1760003690407 0 49
1760003690792 0 59
1760003691128 0 69
1760003691481 0 79
1760003691809 0 89
1760003692138 0 99
1760003692473 0 109
1760003692803 0 119
1760003693144 0 129
1760003693486 0 139
1760003693828 0 149
1760003694170 0 159
1760003694514 0 169
1760003694856 0 179
1760003695200 0 189
1760003695545 0 199
1760003695885 0 209
1760003696227 0 219
1760003696571 0 229
1760003696913 0 239
1760003697255 0 249
1760003697599 0 259
1760003697947 0 269
1760003698289 0 279
1760003698633 0 289
1760003698974 0 299
1760003699318 0 309
1760003699680 0 319
1760003700044 0 329
1760003700426 0 339
1760003700796 0 349
1760003701167 0 359
1760003701548 0 369
1760003701913 0 379
1760003702277 0 389
1760003702645 0 399
1760003703016 0 409
1760003703387 0 419
1760003703752 0 429
1760003704106 0 439
1760003704467 0 449
1760003704843 0 459
1760003705214 0 469
1760003705579 0 479
1760003705947 0 489
1760003706317 0 499
1760003706683 0 509
1760003707052 0 519
1760003707419 0 529
1760003707785 0 539
1760003708155 0 549
1760003708537 0 559
1760003708901 0 569
1760003709264 0 579
1760003709637 0 589
1760003710007 0 599
1760003710374 0 609
1760003710735 0 619
1760003711101 0 629
1760003711463 0 639
1760003711841 0 649
1760003712215 0 659
1760003712579 0 669
1760003712945 0 679
1760003713313 0 689
1760003713680 0 699
1760003714049 0 709
1760003714418 0 719
1760003714793 0 729
1760003715163 0 739
1760003715525 0 749
1760003715885 0 759
1760003716247 0 769
1760003716610 0 779
1760003716975 0 789
1760003717343 0 799
1760003717720 0 809
1760003718089 0 819
1760003718456 0 829
1760003718814 0 839
1760003719181 0 849
1760003719551 0 859
1760003719916 0 869
1760003720282 0 879
1760003720641 0 889
1760003721018 0 899
1760003721392 0 909
1760003721774 0 919
1760003722142 0 929
1760003722516 0 939
1760003722887 0 949
1760003723260 0 959
1760003723625 0 969
1760003723993 0 979
1760003724370 0 989
1760003724736 0 999
1760003725105 0 1009
1760003725472 0 1019
1760003725843 0 1029
1760003726205 0 1039
1760003726568 0 1049
1760003726933 0 1059
1760003727298 0 1069
1760003727663 0 1079
1760003728024 0 1089
1760003728391 0 1099
1760003728757 0 1109
1760003729121 0 1119
1760003729469 0 1129
1760003729822 0 1139
1760003730166 0 1149
1760003730521 0 1159
1760003730865 0 1169
1760003731231 0 1179
1760003731597 0 1189
1760003731951 0 1199
1760003732298 0 1209
1760003732644 0 1219
1760003732996 0 1229
1760003733364 0 1239
1760003733718 0 1249
1760003734069 0 1259
1760003734420 0 1269
1760003734782 0 1279
1760003735147 0 1289
1760003735511 0 1299
1760003735886 0 1309
1760003736253 0 1319
1760003736624 0 1329
1760003736986 0 1339
1760003737349 0 1349
1760003737712 0 1359
1760003738079 0 1369
1760003738438 0 1379
1760003738809 0 1389
1760003739175 0 1399
1760003739538 0 1409
1760003739898 0 1419
1760003740263 0 1429
1760003740623 0 1439
1760003740988 0 1449
1760003741349 0 1459
1760003741719 0 1469
1760003742089 0 1479
1760003742452 0 1489
1760003742812 0 1499
1760003743167 0 1509
1760003743526 0 1519
1760003743870 0 1529
1760003744220 0 1539
1760003744565 0 1549
1760003744907 0 1559
1760003745248 0 1569
1760003745588 0 1579
1760003745930 0 1589
1760003746272 0 1599
1760003746615 0 1609
1760003746956 0 1619
1760003747296 0 1629
1760003747636 0 1639
1760003747980 0 1649
1760003748328 0 1659
1760003748701 0 1669
1760003749070 0 1679
1760003749428 0 1689
1760003749786 0 1699
1760003750144 0 1709
1760003750503 0 1719
1760003750860 0 1729
1760003751228 0 1739
1760003751597 0 1749
1760003751964 0 1759
1760003752335 0 1769
1760003752704 0 1779
1760003753069 0 1789
1760003753429 0 1799
1760003753786 0 1809
1760003754158 0 1819
1760003754522 0 1829
1760003754882 0 1839
1760003755242 0 1849
1760003755602 0 1859
1760003755972 0 1869
1760003756352 0 1879
1760003756724 0 1889
1760003757094 0 1899
1760003757460 0 1909
1760003757816 0 1919
1760003758176 0 1929
1760003758549 0 1939
1760003758913 0 1949
1760003759279 0 1959
1760003759644 0 1969
1760003760011 0 1979
1760003760380 0 1989
1760003760747 0 1999
1760003761121 0 2009
1760003761493 0 2019
1760003761876 0 2029
1760003762261 0 2039
1760003762622 0 2049
1760003762984 0 2059
1760003763346 0 2069
1760003763712 0 2079
1760003764069 0 2089
1760003764433 0 2099
1760003764803 0 2109
1760003765175 0 2119
1760003765538 0 2129
1760003765901 0 2139
1760003766263 0 2149
1760003766643 0 2159
1760003767008 0 2169
1760003767374 0 2179
1760003767752 0 2189
1760003768115 0 2199
1760003768472 0 2209
1760003768814 0 2219
1760003769186 0 2229
1760003769554 0 2239
1760003769922 0 2249
1760003770282 0 2259
1760003770643 0 2269
1760003771005 0 2279
1760003771373 0 2289
1760003771738 0 2299
1760003772108 0 2309
1760003772475 0 2319
1760003772845 0 2329
1760003773212 0 2339
1760003773586 0 2349
1760003773959 0 2359
1760003774329 0 2369
1760003774713 0 2379
1760003775081 0 2389
1760003775455 0 2399
1760003775830 0 2409
1760003776206 0 2419
1760003776573 0 2429
1760003776950 0 2439
1760003777318 0 2449
1760003777687 0 2459
1760003778070 0 2469
1760003778441 0 2479
1760003778815 0 2489
1760003779196 0 2499
1760003779557 0 2509
1760003779919 0 2519
1760003780283 0 2529
1760003780646 0 2539
1760003781010 0 2549
1760003781378 0 2559
1760003781741 0 2569
1760003782106 0 2579
1760003782471 0 2589
1760003782837 0 2599
1760003783199 0 2609
1760003783565 0 2619
1760003783927 0 2629
1760003784292 0 2639
1760003784659 0 2649
1760003785022 0 2659
1760003785511 0 2669
1760003785895 0 2679
1760003786264 0 2689
1760003786626 0 2699
1760003786997 0 2709
1760003787367 0 2719
1760003787734 0 2729
1760003788105 0 2739
1760003788492 0 2749
1760003788855 0 2759
1760003789218 0 2769
1760003789581 0 2779
1760003789945 0 2789
1760003790317 0 2799
1760003790678 0 2809
1760003791038 0 2819
1760003791405 0 2829
1760003791777 0 2839
1760003792140 0 2849
1760003792503 0 2859
1760003792875 0 2869
1760003793256 0 2879
1760003793620 0 2889
1760003793997 0 2899
1760003794372 0 2909
1760003794746 0 2919
1760003795111 0 2929
1760003795477 0 2939
1760003795842 0 2949
1760003796216 0 2959
1760003796590 0 2969
1760003796958 0 2979
1760003797331 0 2989
1760003797698 0 2999
1760003798064 0 3009
1760003798429 0 3019
1760003798799 0 3029
1760003799166 0 3039
1760003799534 0 3049
1760003799897 0 3059
1760003800259 0 3069
1760003800623 0 3079
1760003800990 0 3089
1760003801358 0 3099
1760003801723 0 3109
1760003802088 0 3119
1760003802452 0 3129
1760003802814 0 3139
1760003803179 0 3149
1760003803542 0 3159
1760003803904 0 3169
1760003804266 0 3179
1760003804654 0 3189
1760003805006 0 3199
1760003805358 0 3209
1760003805705 0 3219
1760003806051 0 3229
1760003806396 0 3239
1760003806742 0 3249
1760003807092 0 3259
1760003807441 0 3269
1760003807786 0 3279
1760003808128 0 3289
1760003808469 0 3299
1760003808811 0 3309
1760003809153 0 3319
1760003809501 0 3329
1760003809846 0 3339
1760003810189 0 3349
1760003810532 0 3359
1760003810874 0 3369
1760003811218 0 3379
1760003811559 0 3389
1760003811901 0 3399
1760003812244 0 3409
1760003812586 0 3419
1760003812930 0 3429
1760003813273 0 3439
1760003813620 0 3449
1760003813963 0 3459
1760003814305 0 3469
1760003814646 0 3479
1760003814989 0 3489
1760003815336 0 3499
1760003815680 0 3509
1760003816036 0 3519
1760003816418 0 3529
1760003816782 0 3539
1760003817128 0 3549
1760003817475 0 3559
1760003817823 0 3569
1760003818170 0 3579
1760003818522 0 3589
1760003818873 0 3599
1760003819237 0 3609
1760003819589 0 3619
1760003819941 0 3629
1760003820297 0 3639
1760003820651 0 3649
1760003821009 0 3659
1760003821357 0 3669
1760003821709 0 3679
1760003822067 0 3689
1760003822419 0 3699
1760003822770 0 3709
1760003823121 0 3719
1760003823478 0 3729
1760003823829 0 3739
1760003824180 0 3749
1760003824543 0 3759
1760003824896 0 3769
1760003825249 0 3779
1760003825608 0 3789
1760003825965 0 3799
1760003826326 0 3809
1760003826685 0 3819
1760003827046 0 3829
1760003827399 0 3839
1760003827751 0 3849
1760003828109 0 3859
1760003828467 0 3869
1760003828828 0 3879
1760003829190 0 3889
1760003829546 0 3899
1760003829907 0 3909
1760003830729 0 3919
1760003831092 0 3929
1760003831462 0 3939
1760003831826 0 3949
1760003832193 0 3959
1760003832556 0 3969
1760003832920 0 3979
1760003833281 0 3989
1760003833646 0 3999
1760003834010 0 4009
1760003834376 0 4019
1760003834736 0 4029
1760003888762 0 4038
1760003893809 1 4039
1760003894182 1 4049
1760003894545 1 4059
1760003894907 1 4069
1760003895283 1 4079
1760003895678 1 4089
1760003896038 1 4099
1760003896454 1 4109
1760003896816 1 4119
1760003897172 1 4129
1760003897537 1 4139
1760003897893 1 4149
1760003898253 1 4159
1760003898612 1 4169
1760003898974 1 4179
1760003899348 1 4189
1760003899726 1 4199
1760003900093 1 4209
1760003900474 1 4219
1760003900845 1 4229
1760003901203 1 4239
1760003901571 1 4249
1760003901947 1 4259
1760003902332 1 4269
1760003902706 1 4279
1760003903122 1 4289
1760003903485 1 4299
1760003903851 1 4309
1760003904237 1 4319
1760003904615 1 4329
1760003904974 1 4339
1760003905338 1 4349
1760003905719 1 4359
1760003906088 1 4369
1760003906457 1 4379
1760003906823 1 4389
1760003907189 1 4399
1760003907558 1 4409
1760003907927 1 4419
1760003908290 1 4429
1760003908654 1 4439
1760003909038 1 4449
1760003909416 1 4459
1760003909799 1 4469
1760003910168 1 4479
1760003910534 1 4489
1760003910893 1 4499
1760003911261 1 4509
1760003911629 1 4519
1760003911989 1 4529
1760003912349 1 4539
1760003912720 1 4549
1760003913083 1 4559
1760003913445 1 4569
1760003913811 1 4579
1760003914184 1 4589
1760003914560 1 4599
1760003914923 1 4609
1760003915284 1 4619
1760003915639 1 4629
1760003915992 1 4639
1760003916352 1 4649
1760003916711 1 4659
1760003917068 1 4669
1760003917426 1 4679
1760003917786 1 4689
1760003918151 1 4699
1760003918512 1 4709
1760003918884 1 4719
1760003919258 1 4729
1760003919636 1 4739
1760003920011 1 4749
1760003920368 1 4759
1760003920717 1 4769
1760003921070 1 4779
1760003921425 1 4789
1760003921779 1 4799
1760003922133 1 4809
1760003922487 1 4819
1760003922831 1 4829
1760003923177 1 4839
1760003923524 1 4849
1760003923869 1 4859
1760003924212 1 4869
1760003924569 1 4879
1760003924912 1 4889
1760003925256 1 4899
1760003925602 1 4909
1760003925947 1 4919
1760003926291 1 4929
1760003926639 1 4939
1760003926989 1 4949
1760003927333 1 4959
1760003927678 1 4969
1760003928024 1 4979
1760003928370 1 4989
1760003928719 1 4999
1760003929071 1 5009
1760003929415 1 5019
1760003929763 1 5029
1760003930111 1 5039
1760003930457 1 5049
1760003930802 1 5059
1760003931152 1 5069
1760003931503 1 5079
1760003931847 1 5089
1760003932202 1 5099
1760003932560 1 5109
1760003932919 1 5119
1760003933278 1 5129
1760003933635 1 5139
1760003933996 1 5149
1760003934357 1 5159
1760003934711 1 5169
1760003935071 1 5179
1760003935442 1 5189
1760003935803 1 5199
1760003936164 1 5209
1760003936537 1 5219
1760003936903 1 5229
1760003937261 1 5239
1760003937621 1 5249
1760003937991 1 5259
1760003938374 1 5269
1760003938734 1 5279
1760003939099 1 5289
1760003939464 1 5299
1760003939827 1 5309
1760003940189 1 5319
1760003940548 1 5329
1760003940913 1 5339
1760003941279 1 5349
1760003941641 1 5359
1760003942001 1 5369
1760003942384 1 5379
1760003942751 1 5389
1760003943118 1 5399
1760003943491 1 5409
1760003943868 1 5419
1760003944237 1 5429
1760003944609 1 5439
1760003944979 1 5449
1760003945360 1 5459
1760003945734 1 5469
1760003946103 1 5479
1760003946475 1 5489
1760003946851 1 5499
1760003947232 1 5509
1760003947599 1 5519
1760003947960 1 5529
1760003948317 1 5539
1760003948711 1 5549
1760003949063 1 5559
1760003949445 1 5569
1760003949811 1 5579
1760003950163 1 5589
1760003950513 1 5599
1760003950864 1 5609
1760003951220 1 5619
1760003951570 1 5629
1760003951924 1 5639
1760003952280 1 5649
1760003952645 1 5659
1760003953003 1 5669
1760003953377 1 5679
1760003953741 1 5689
1760003954107 1 5699
1760003954463 1 5709
1760003954831 1 5719
1760003955195 1 5729
1760003955559 1 5739
1760003955918 1 5749
1760003956286 1 5759
1760003956652 1 5769
1760003957014 1 5779
1760003957375 1 5789
1760003957737 1 5799
1760003958112 1 5809
1760003958480 1 5819
1760003958843 1 5829
1760003959208 1 5839
1760003959587 1 5849
1760003959938 1 5859
1760003960286 1 5869
1760003960633 1 5879
1760003960976 1 5889
1760003961323 1 5899
1760003961669 1 5909
1760003962033 1 5919
1760003962382 1 5929
1760003962725 1 5939
1760003963068 1 5949
1760003963413 1 5959
1760003963758 1 5969
1760003964102 1 5979
1760003964450 1 5989
1760003964796 1 5999
1760003965143 1 6009
1760003965486 1 6019
1760003965832 1 6029
1760003966185 1 6039
1760003966533 1 6049
1760003966876 1 6059
1760003967220 1 6069
1760003967569 1 6079
1760003967915 1 6089
1760003968268 1 6099
1760003968631 1 6109
1760003968992 1 6119
1760003969349 1 6129
1760003969699 1 6139
1760003970049 1 6149
1760003970397 1 6159
1760003970759 1 6169
1760003971113 1 6179
1760003971472 1 6189
1760003971854 1 6199
1760003972211 1 6209
1760003972568 1 6219
1760003972918 1 6229
1760003973278 1 6239
1760003973629 1 6249
1760003973982 1 6259
1760003974337 1 6269
1760003974682 1 6279
1760003975040 1 6289
1760003975398 1 6299
1760003975748 1 6309
1760003976104 1 6319
1760003976460 1 6329
1760003976854 1 6339
1760003977232 1 6349
1760003977594 1 6359
1760003977963 1 6369
1760003978342 1 6379
1760003978709 1 6389
1760003979065 1 6399
1760003979413 1 6409
1760003979758 1 6419
1760003980104 1 6429
1760003980449 1 6439
1760003980795 1 6449
1760003981141 1 6459
1760003981498 1 6469
1760003981855 1 6479
1760003982208 1 6489
1760003982557 1 6499
1760003982909 1 6509
1760003983263 1 6519
1760003983618 1 6529
1760003983970 1 6539
1760003984321 1 6549
1760003984699 1 6559
1760003985084 1 6569
1760003985448 1 6579
1760003985812 1 6589
1760003986173 1 6599
1760003986541 1 6609
1760003986924 1 6619
1760003987287 1 6629
1760003987647 1 6639
1760003988007 1 6649
1760003988369 1 6659
1760003988732 1 6669
1760003989097 1 6679
1760003989459 1 6689
1760003989825 1 6699
1760003990187 1 6709
1760003990544 1 6719
1760003990913 1 6729
1760003991277 1 6739
1760003991645 1 6749
1760003992008 1 6759
1760003992365 1 6769
1760003992725 1 6779
1760003993092 1 6789
1760003993453 1 6799
1760003993811 1 6809
1760003994167 1 6819
1760003994535 1 6829
1760003994897 1 6839
1760003995257 1 6849
1760003995624 1 6859
1760003995980 1 6869
1760003996344 1 6879
1760003996720 1 6889
1760003997085 1 6899
1760003997449 1 6909
1760003997818 1 6919
1760003998177 1 6929
1760003998569 1 6939
1760003998940 1 6949
1760003999304 1 6959
1760003999664 1 6969
1760004000032 1 6979
1760004000394 1 6989
1760004000770 1 6999
1760004001132 1 7009
1760004001499 1 7019
1760004001869 1 7029
1760004002240 1 7039
1760004002609 1 7049
1760004002984 1 7059
1760004003359 1 7069
1760004003722 1 7079
1760004004083 1 7089
1760004004455 1 7099
1760004004821 1 7109
1760004005183 1 7119
1760004005544 1 7129
1760004005912 1 7139
1760004006296 1 7149
1760004006669 1 7159
1760004007029 1 7169
1760004007395 1 7179
1760004007764 1 7189
1760004008131 1 7199
1760004008501 1 7209
1760004008864 1 7219
1760004009222 1 7229
1760004009587 1 7239
1760004009972 1 7249
1760004010337 1 7259
1760004010702 1 7269
1760004011068 1 7279
1760004011416 1 7289
1760004011761 1 7299
1760004012106 1 7309
1760004012450 1 7319
1760004012803 1 7329
1760004013161 1 7339
1760004013514 1 7349
1760004013869 1 7359
1760004014226 1 7369
1760004014572 1 7379
1760004014938 1 7389
1760004015327 1 7399
1760004015680 1 7409
1760004016026 1 7419
1760004016376 1 7429
1760004016739 1 7439
1760004017095 1 7449
1760004017461 1 7459
1760004017826 1 7469
1760004018200 1 7479
1760004018563 1 7489
1760004018928 1 7499
1760004019299 1 7509
1760004019672 1 7519
1760004020024 1 7529
1760004020381 1 7539
1760004020765 1 7549
1760004021130 1 7559
1760004021494 1 7569
1760004021853 1 7579
1760004022219 1 7589
1760004022579 1 7599
1760004022943 1 7609
1760004023306 1 7619
1760004023669 1 7629
1760004024025 1 7639
1760004024392 1 7649
1760004024760 1 7659
1760004025120 1 7669
1760004025479 1 7679
1760004025830 1 7689
1760004026180 1 7699
1760004026531 1 7709
1760004026889 1 7719
1760004027242 1 7729
1760004027592 1 7739
1760004027936 1 7749
1760004028283 1 7759
1760004028635 1 7769
1760004029015 1 7779
1760004029369 1 7789
1760004029727 1 7799
1760004030077 1 7809
1760004030429 1 7819
1760004030778 1 7829
1760004031137 1 7839
1760004031493 1 7849
1760004031844 1 7859
1760004032202 1 7869
1760004032561 1 7879
1760004032931 1 7889
1760004033287 1 7899
1760004033649 1 7909
1760004034050 1 7919
1760004034428 1 7929
1760004034786 1 7939
1760004035145 1 7949
1760004036029 1 7959
1760004036397 1 7969
1760004036771 1 7979
1760004037128 1 7989
1760004037480 1 7999
1760004037835 1 8009
1760004038189 1 8019
1760004038543 1 8029
1760004038900 1 8039
1760004039265 1 8049
1760004039604 1 8059
1760004039962 1 8069
1760004049690 1 8077
1760004054891 2 8079
1760004055290 2 8089
1760004055713 2 8099
1760004056086 2 8109
1760004056451 2 8119
1760004056816 2 8129
1760004057239 2 8139
1760004057614 2 8149
1760004057959 2 8159
1760004058300 2 8169
1760004058633 2 8179
1760004058976 2 8189
1760004059315 2 8199
1760004059661 2 8209
1760004060023 2 8219
1760004060372 2 8229
1760004060720 2 8239
1760004061066 2 8249
1760004061414 2 8259
1760004061765 2 8269
1760004062121 2 8279
1760004062469 2 8289
1760004062818 2 8299
1760004063166 2 8309
1760004063524 2 8319
1760004063873 2 8329
1760004064232 2 8339
1760004064595 2 8349
1760004064953 2 8359
1760004065306 2 8369
1760004065664 2 8379
1760004066017 2 8389
1760004066369 2 8399
1760004066725 2 8409
1760004067076 2 8419
1760004067429 2 8429
1760004067778 2 8439
1760004068135 2 8449
1760004068488 2 8459
1760004068852 2 8469
1760004069216 2 8479
1760004069576 2 8489
1760004069932 2 8499
1760004070291 2 8509
1760004070658 2 8519
1760004071038 2 8529
1760004071405 2 8539
1760004071766 2 8549
1760004072123 2 8559
1760004072489 2 8569
1760004072848 2 8579
1760004073208 2 8589
1760004073572 2 8599
1760004073930 2 8609
1760004074292 2 8619
1760004074659 2 8629
1760004075022 2 8639
1760004075385 2 8649
1760004075748 2 8659
1760004076109 2 8669
1760004076471 2 8679
1760004076837 2 8689
1760004077213 2 8699
1760004077575 2 8709
1760004077941 2 8719
1760004078308 2 8729
1760004078676 2 8739
1760004079042 2 8749
1760004079406 2 8759
1760004079771 2 8769
1760004080140 2 8779
1760004080500 2 8789
1760004080865 2 8799
1760004081225 2 8809
1760004081589 2 8819
1760004081966 2 8829
1760004082343 2 8839
1760004082708 2 8849
1760004083082 2 8859
1760004083447 2 8869
1760004083812 2 8879
1760004084172 2 8889
1760004084533 2 8899
1760004084907 2 8909
1760004085312 2 8919
1760004085775 2 8929
1760004086132 2 8939
1760004086488 2 8949
1760004086848 2 8959
1760004087205 2 8969
1760004087563 2 8979
1760004087924 2 8989
1760004088286 2 8999
1760004088643 2 9009
1760004089002 2 9019
1760004089360 2 9029
1760004089717 2 9039
1760004090077 2 9049
1760004090431 2 9059
1760004090788 2 9069
1760004091136 2 9079
1760004091499 2 9089
1760004091872 2 9099
1760004092237 2 9109
1760004092589 2 9119
1760004092950 2 9129
1760004093307 2 9139
1760004093677 2 9149
1760004094023 2 9159
1760004094369 2 9169
1760004094713 2 9179
1760004095067 2 9189
1760004095423 2 9199
1760004095784 2 9209
1760004096146 2 9219
1760004096512 2 9229
1760004096877 2 9239
1760004097241 2 9249
1760004097608 2 9259
1760004097972 2 9269
1760004098342 2 9279
1760004098712 2 9289
1760004099078 2 9299
1760004099445 2 9309
1760004099811 2 9319
1760004100179 2 9329
1760004100546 2 9339
1760004100913 2 9349
1760004101280 2 9359
1760004101652 2 9369
1760004102015 2 9379
1760004102377 2 9389
1760004102735 2 9399
1760004103108 2 9409
1760004103476 2 9419
1760004103848 2 9429
1760004104216 2 9439
1760004104561 2 9449
1760004104884 2 9459
1760004105205 2 9469
1760004105523 2 9479
1760004105840 2 9489
1760004106159 2 9499
1760004106523 2 9509
1760004106895 2 9519
1760004107262 2 9529
1760004107629 2 9539
1760004107996 2 9549
1760004108365 2 9559
1760004108741 2 9569
1760004109111 2 9579
1760004109484 2 9589
1760004109855 2 9599
1760004110226 2 9609
1760004110592 2 9619
1760004110956 2 9629
1760004111318 2 9639
1760004111689 2 9649
1760004112058 2 9659
1760004112433 2 9669
1760004112802 2 9679
1760004113175 2 9689
1760004113549 2 9699
1760004113915 2 9709
1760004114286 2 9719
1760004114651 2 9729
1760004115015 2 9739
1760004115382 2 9749
1760004115749 2 9759
1760004116115 2 9769
1760004116480 2 9779
1760004116847 2 9789
1760004117215 2 9799
1760004117588 2 9809
1760004117957 2 9819
1760004118323 2 9829
1760004118690 2 9839
1760004119057 2 9849
1760004119425 2 9859
1760004119791 2 9869
1760004120156 2 9879
1760004120518 2 9889
1760004120880 2 9899
1760004121242 2 9909
1760004121607 2 9919
1760004121969 2 9929
1760004122341 2 9939
1760004122705 2 9949
1760004123066 2 9959
1760004123442 2 9969
1760004123815 2 9979
1760004124183 2 9989
1760004124551 2 9999
1760004124912 2 10009
1760004125277 2 10019
1760004125639 2 10029
1760004126009 2 10039
1760004126374 2 10049
1760004126738 2 10059
1760004127129 2 10069
1760004127492 2 10079
1760004127854 2 10089
1760004128203 2 10099
1760004128556 2 10109
1760004128922 2 10119
1760004129293 2 10129
1760004129663 2 10139
1760004130032 2 10149
1760004130398 2 10159
1760004130768 2 10169
1760004131133 2 10179
1760004131505 2 10189
1760004131875 2 10199
1760004132243 2 10209
1760004132604 2 10219
1760004132957 2 10229
1760004133325 2 10239
1760004133685 2 10249
1760004134043 2 10259
1760004134399 2 10269
1760004134756 2 10279
1760004135110 2 10289
1760004135464 2 10299
1760004135824 2 10309
1760004136179 2 10319
1760004136533 2 10329
1760004136899 2 10339
1760004137253 2 10349
1760004137607 2 10359
1760004137965 2 10369
1760004138337 2 10379
1760004138694 2 10389
1760004139043 2 10399
1760004139393 2 10409
1760004139740 2 10419
1760004140103 2 10429
1760004140466 2 10439
1760004140828 2 10449
1760004141191 2 10459
1760004141547 2 10469
1760004141908 2 10479
1760004142268 2 10489
1760004142630 2 10499
1760004142999 2 10509
1760004143344 2 10519
1760004143699 2 10529
1760004144055 2 10539
1760004144413 2 10549
1760004144772 2 10559
1760004145134 2 10569
1760004145488 2 10579
1760004145843 2 10589
1760004146198 2 10599
1760004146554 2 10609
1760004146908 2 10619
1760004147263 2 10629
1760004147624 2 10639
1760004147991 2 10649
1760004148352 2 10659
1760004148711 2 10669
1760004149066 2 10679
1760004149422 2 10689
1760004149779 2 10699
1760004150135 2 10709
1760004150492 2 10719
1760004150849 2 10729
1760004151204 2 10739
1760004151559 2 10749
1760004151916 2 10759
1760004152278 2 10769
1760004152641 2 10779
1760004153003 2 10789
1760004153365 2 10799
1760004153727 2 10809
1760004154090 2 10819
1760004154449 2 10829
1760004154811 2 10839
1760004155173 2 10849
1760004155535 2 10859
1760004155896 2 10869
1760004156251 2 10879
1760004156607 2 10889
1760004156959 2 10899
1760004157338 2 10909
1760004157699 2 10919
1760004158050 2 10929
1760004158412 2 10939
1760004158766 2 10949
1760004159117 2 10959
1760004159469 2 10969
1760004159821 2 10979
1760004160173 2 10989
1760004160526 2 10999
1760004160879 2 11009
1760004161243 2 11019
1760004161617 2 11029
1760004161959 2 11039
1760004162317 2 11049
1760004162670 2 11059
1760004163023 2 11069
1760004163387 2 11079
1760004163753 2 11089
1760004164106 2 11099
1760004164465 2 11109
1760004164818 2 11119
1760004165170 2 11129
1760004165531 2 11139
1760004165888 2 11149
1760004166260 2 11159
1760004166612 2 11169
1760004166972 2 11179
1760004167333 2 11189
1760004167690 2 11199
1760004168049 2 11209
1760004168410 2 11219
1760004168769 2 11229
1760004169129 2 11239
1760004169488 2 11249
1760004169847 2 11259
1760004170206 2 11269
1760004170564 2 11279
1760004170924 2 11289
1760004171283 2 11299
1760004171642 2 11309
1760004172000 2 11319
1760004172356 2 11329
1760004172712 2 11339
1760004173067 2 11349
1760004173421 2 11359
1760004173777 2 11369
1760004174132 2 11379
1760004174488 2 11389
1760004174845 2 11399
1760004175212 2 11409
1760004175575 2 11419
1760004175931 2 11429
1760004176285 2 11439
1760004176640 2 11449
1760004176998 2 11459
1760004177354 2 11469
1760004177719 2 11479
1760004178067 2 11489
1760004178418 2 11499
1760004178763 2 11509
1760004179119 2 11519
1760004179481 2 11529
1760004179826 2 11539
1760004180170 2 11549
1760004180515 2 11559
1760004180864 2 11569
1760004181211 2 11579
1760004181560 2 11589
1760004181916 2 11599
1760004182261 2 11609
1760004182605 2 11619
1760004182950 2 11629
1760004183300 2 11639
1760004183645 2 11649
1760004183998 2 11659
1760004184351 2 11669
1760004184703 2 11679
1760004185056 2 11689
1760004185411 2 11699
1760004185762 2 11709
1760004186120 2 11719
1760004186494 2 11729
1760004186857 2 11739
1760004187219 2 11749
1760004187582 2 11759
1760004187948 2 11769
1760004188310 2 11779
1760004188681 2 11789
1760004189050 2 11799
1760004189417 2 11809
1760004189788 2 11819
1760004190158 2 11829
1760004190523 2 11839
1760004190886 2 11849
1760004191258 2 11859
1760004191626 2 11869
1760004191991 2 11879
1760004192348 2 11889
1760004192698 2 11899
1760004193045 2 11909
1760004193407 2 11919
1760004193752 2 11929
1760004194109 2 11939
1760004194465 2 11949
1760004194823 2 11959
1760004195177 2 11969
1760004195535 2 11979
1760004196430 2 11989
1760004196782 2 11999
1760004197132 2 12009
1760004197480 2 12019
1760004197834 2 12029
1760004198183 2 12039
1760004198541 2 12049
1760004198893 2 12059
1760004199237 2 12069
1760004199579 2 12079
1760004199923 2 12089
1760004200273 2 12099
1760004200621 2 12109
1760004209858 2 12116
1760004214575 3 12119
1760004214943 3 12129
1760004215306 3 12139
1760004215685 3 12149
1760004216043 3 12159
1760004216411 3 12169
1760004216782 3 12179
1760004217159 3 12189
1760004217489 3 12199
1760004217829 3 12209
1760004218163 3 12219
1760004218506 3 12229
1760004218846 3 12239
1760004219192 3 12249
1760004219545 3 12259
1760004219899 3 12269
1760004220251 3 12279
1760004220603 3 12289
1760004220986 3 12299
1760004221351 3 12309
1760004221701 3 12319
1760004222047 3 12329
1760004222395 3 12339
1760004222739 3 12349
1760004223099 3 12359
1760004223503 3 12369
1760004223849 3 12379
1760004224196 3 12389
1760004224546 3 12399
1760004224892 3 12409
1760004225239 3 12419
1760004225593 3 12429
1760004225954 3 12439
1760004226301 3 12449
1760004226647 3 12459
1760004226995 3 12469
1760004227341 3 12479
1760004227700 3 12489
1760004228049 3 12499
1760004228402 3 12509
1760004228751 3 12519
1760004229103 3 12529
1760004229464 3 12539
1760004229825 3 12549
1760004230177 3 12559
1760004230527 3 12569
1760004230880 3 12579
1760004231230 3 12589
1760004231586 3 12599
1760004231940 3 12609
1760004232298 3 12619
1760004232649 3 12629
1760004232996 3 12639
1760004233340 3 12649
1760004233686 3 12659
1760004234031 3 12669
1760004234390 3 12679
1760004234741 3 12689
1760004235085 3 12699
1760004235431 3 12709
1760004235775 3 12719
1760004236120 3 12729
1760004236465 3 12739
1760004236820 3 12749
1760004237165 3 12759
1760004237510 3 12769
1760004237853 3 12779
1760004238198 3 12789
1760004238542 3 12799
1760004238896 3 12809
1760004239245 3 12819
1760004239590 3 12829
1760004239934 3 12839
1760004240278 3 12849
1760004240621 3 12859
1760004240975 3 12869
1760004241322 3 12879
1760004241665 3 12889
1760004242010 3 12899
1760004242355 3 12909
1760004242701 3 12919
1760004243045 3 12929
1760004243400 3 12939
1760004243747 3 12949
1760004244092 3 12959
1760004244438 3 12969
1760004244797 3 12979
1760004245145 3 12989
1760004245500 3 12999
1760004245846 3 13009
1760004246190 3 13019
1760004246536 3 13029
1760004246887 3 13039
1760004247245 3 13049
1760004247602 3 13059
1760004247954 3 13069
1760004248303 3 13079
1760004248653 3 13089
1760004249002 3 13099
1760004249359 3 13109
1760004249711 3 13119
1760004250062 3 13129
1760004250418 3 13139
1760004250766 3 13149
1760004251120 3 13159
1760004251496 3 13169
1760004251865 3 13179
1760004252242 3 13189
1760004252606 3 13199
1760004252969 3 13209
1760004253333 3 13219
1760004253699 3 13229
1760004254024 3 13239
1760004254386 3 13249
1760004254744 3 13259
1760004255105 3 13269
1760004255466 3 13279
1760004255823 3 13289
1760004256184 3 13299
1760004256544 3 13309
1760004256915 3 13319
1760004257271 3 13329
1760004257633 3 13339
1760004257993 3 13349
1760004258358 3 13359
1760004258718 3 13369
1760004259079 3 13379
1760004259435 3 13389
1760004259798 3 13399
1760004260168 3 13409
1760004260539 3 13419
1760004260908 3 13429
1760004261284 3 13439
1760004261652 3 13449
1760004262027 3 13459
1760004262404 3 13469
1760004262772 3 13479
1760004263141 3 13489
1760004263514 3 13499
1760004263880 3 13509
1760004264249 3 13519
1760004264618 3 13529
1760004264984 3 13539
1760004265351 3 13549
1760004265729 3 13559
1760004266095 3 13569
1760004266471 3 13579
1760004266839 3 13589
1760004267206 3 13599
1760004267572 3 13609
1760004267952 3 13619
1760004268327 3 13629
1760004268688 3 13639
1760004269053 3 13649
1760004269416 3 13659
1760004269785 3 13669
1760004270150 3 13679
1760004270498 3 13689
1760004270873 3 13699
1760004271258 3 13709
1760004271618 3 13719
1760004271988 3 13729
1760004272349 3 13739
1760004272710 3 13749
1760004273069 3 13759
1760004273429 3 13769
1760004273796 3 13779
1760004274159 3 13789
1760004274523 3 13799
1760004274887 3 13809
1760004275248 3 13819
1760004275618 3 13829
1760004275966 3 13839
1760004276325 3 13849
1760004276690 3 13859
1760004277054 3 13869
1760004277418 3 13879
1760004277790 3 13889
1760004278153 3 13899
1760004278514 3 13909
1760004278872 3 13919
1760004279233 3 13929
1760004279599 3 13939
1760004279964 3 13949
1760004280325 3 13959
1760004280697 3 13969
1760004281063 3 13979
1760004281440 3 13989
1760004281807 3 13999
1760004282170 3 14009
1760004282532 3 14019
1760004282900 3 14029
1760004283282 3 14039
1760004283657 3 14049
1760004284015 3 14059
1760004284385 3 14069
1760004284766 3 14079
1760004285152 3 14089
1760004285519 3 14099
1760004285884 3 14109
1760004286242 3 14119
1760004286621 3 14129
1760004286983 3 14139
1760004287342 3 14149
1760004287716 3 14159
1760004288101 3 14169
1760004288464 3 14179
1760004288839 3 14189
1760004289205 3 14199
1760004289568 3 14209
1760004289932 3 14219
1760004290305 3 14229
1760004290673 3 14239
1760004291037 3 14249
1760004291401 3 14259
1760004291770 3 14269
1760004292146 3 14279
1760004292510 3 14289
1760004292875 3 14299
1760004293242 3 14309
1760004293608 3 14319
1760004293976 3 14329
1760004294344 3 14339
1760004294710 3 14349
1760004295078 3 14359
1760004295445 3 14369
1760004295818 3 14379
1760004296183 3 14389
1760004296547 3 14399
1760004296914 3 14409
1760004297278 3 14419
1760004297648 3 14429
1760004298010 3 14439
1760004298380 3 14449
1760004298757 3 14459
1760004299123 3 14469
1760004299487 3 14479
1760004299920 3 14489
1760004300305 3 14499
1760004300666 3 14509
1760004301023 3 14519
1760004301369 3 14529
1760004301716 3 14539
1760004302060 3 14549
1760004302423 3 14559
1760004302799 3 14569
1760004303168 3 14579
1760004303550 3 14589
1760004303918 3 14599
1760004304296 3 14609
1760004304645 3 14619
1760004305011 3 14629
1760004305386 3 14639
1760004305746 3 14649
1760004306115 3 14659
1760004306478 3 14669
1760004306857 3 14679
1760004307221 3 14689
1760004307589 3 14699
1760004307963 3 14709
1760004308335 3 14719
1760004308712 3 14729
1760004309083 3 14739
1760004309447 3 14749
1760004309809 3 14759
1760004310202 3 14769
1760004310572 3 14779
1760004310930 3 14789
1760004311292 3 14799
1760004311667 3 14809
1760004312038 3 14819
1760004312409 3 14829
1760004312766 3 14839
1760004313134 3 14849
1760004313490 3 14859
1760004313840 3 14869
1760004314202 3 14879
1760004314584 3 14889
1760004314957 3 14899
1760004315317 3 14909
1760004315663 3 14919
1760004316008 3 14929
1760004316366 3 14939
1760004316712 3 14949
1760004317063 3 14959
1760004317406 3 14969
1760004317751 3 14979
1760004318119 3 14989
1760004318469 3 14999
1760004318825 3 15009
1760004319180 3 15019
1760004319556 3 15029
1760004319937 3 15039
1760004320322 3 15049
1760004320682 3 15059
1760004321045 3 15069
1760004321417 3 15079
1760004321783 3 15089
1760004322147 3 15099
1760004322527 3 15109
1760004322900 3 15119
1760004323268 3 15129
1760004323630 3 15139
1760004323995 3 15149
1760004324369 3 15159
1760004324741 3 15169
1760004325096 3 15179
1760004325451 3 15189
1760004325795 3 15199
1760004326144 3 15209
1760004326496 3 15219
1760004326849 3 15229
1760004327201 3 15239
1760004327563 3 15249
1760004327919 3 15259
1760004328267 3 15269
1760004328623 3 15279
1760004328985 3 15289
1760004329339 3 15299
1760004329694 3 15309
1760004330058 3 15319
1760004330430 3 15329
1760004330800 3 15339
1760004331170 3 15349
1760004331535 3 15359
1760004331901 3 15369
1760004332273 3 15379
1760004332642 3 15389
1760004333021 3 15399
1760004333392 3 15409
1760004333764 3 15419
1760004334136 3 15429
1760004334503 3 15439
1760004334866 3 15449
1760004335237 3 15459
1760004335603 3 15469
1760004335966 3 15479
1760004336337 3 15489
1760004336701 3 15499
1760004337065 3 15509
1760004337448 3 15519
1760004337827 3 15529
1760004338204 3 15539
1760004338566 3 15549
1760004338933 3 15559
1760004339322 3 15569
1760004339689 3 15579
1760004340058 3 15589
1760004340422 3 15599
1760004340794 3 15609
1760004341171 3 15619
1760004341540 3 15629
1760004341916 3 15639
1760004342279 3 15649
1760004342663 3 15659
1760004343032 3 15669
1760004343407 3 15679
1760004343775 3 15689
1760004344143 3 15699
1760004344505 3 15709
1760004344898 3 15719
1760004345274 3 15729
1760004345642 3 15739
1760004346005 3 15749
1760004346372 3 15759
1760004346732 3 15769
1760004347113 3 15779
1760004347487 3 15789
1760004347850 3 15799
1760004348208 3 15809
1760004348590 3 15819
1760004348956 3 15829
1760004349318 3 15839
1760004349672 3 15849
1760004350041 3 15859
1760004350419 3 15869
1760004350779 3 15879
1760004351136 3 15889
1760004351505 3 15899
1760004351893 3 15909
1760004352262 3 15919
1760004352632 3 15929
1760004352994 3 15939
1760004353364 3 15949
1760004353738 3 15959
1760004354093 3 15969
1760004354457 3 15979
1760004354847 3 15989
1760004355213 3 15999
1760004355577 3 16009
1760004355943 3 16019
1760004356818 3 16029
1760004357162 3 16039
1760004357506 3 16049
1760004357846 3 16059
1760004358186 3 16069
1760004358556 3 16079
1760004358918 3 16089
1760004359272 3 16099
1760004359631 3 16109
1760004359995 3 16119
1760004360347 3 16129
1760004360707 3 16139
1760004361065 3 16149
1760004370522 3 16155
1760004375497 4 16159
1760004375863 4 16169
1760004376270 4 16179
1760004376643 4 16189
1760004377007 4 16199
1760004377405 4 16209
1760004377818 4 16219
1760004378173 4 16229
1760004378528 4 16239
1760004378887 4 16249
1760004379239 4 16259
1760004379594 4 16269
1760004379947 4 16279
1760004380310 4 16289
1760004380670 4 16299
1760004381044 4 16309
1760004381428 4 16319
1760004381803 4 16329
1760004382168 4 16339
1760004382535 4 16349
1760004382905 4 16359
1760004383281 4 16369
1760004383664 4 16379
1760004384030 4 16389
1760004384408 4 16399
1760004384779 4 16409
1760004385150 4 16419
1760004385665 4 16429
1760004386036 4 16439
1760004386401 4 16449
1760004386769 4 16459
1760004387140 4 16469
1760004387505 4 16479
1760004387871 4 16489
1760004388240 4 16499
1760004388611 4 16509
1760004388975 4 16519
1760004389359 4 16529
1760004389733 4 16539
1760004390085 4 16549
1760004390414 4 16559
1760004390779 4 16569
1760004391143 4 16579
1760004391508 4 16589
1760004391872 4 16599
1760004392246 4 16609
1760004392610 4 16619
1760004392978 4 16629
1760004393342 4 16639
1760004393709 4 16649
1760004394077 4 16659
1760004394447 4 16669
1760004394819 4 16679
1760004395188 4 16689
1760004395556 4 16699
1760004395920 4 16709
1760004396289 4 16719
1760004396653 4 16729
1760004397023 4 16739
1760004397380 4 16749
1760004397729 4 16759
1760004398080 4 16769
1760004398436 4 16779
1760004398798 4 16789
1760004399166 4 16799
1760004399521 4 16809
1760004399850 4 16819
1760004400196 4 16829
1760004400550 4 16839
1760004400893 4 16849
1760004401234 4 16859
1760004401581 4 16869
1760004401933 4 16879
1760004402325 4 16889
1760004402678 4 16899
1760004403032 4 16909
1760004403376 4 16919
1760004403725 4 16929
1760004404071 4 16939
1760004404423 4 16949
1760004404772 4 16959
1760004405129 4 16969
1760004405477 4 16979
1760004405826 4 16989
1760004406181 4 16999
1760004406535 4 17009
1760004406891 4 17019
1760004407236 4 17029
1760004407589 4 17039
1760004407950 4 17049
1760004408313 4 17059
1760004408684 4 17069
1760004409039 4 17079
1760004409401 4 17089
1760004409755 4 17099
1760004410107 4 17109
1760004410466 4 17119
1760004410847 4 17129
1760004411215 4 17139
1760004411593 4 17149
1760004411967 4 17159
1760004412351 4 17169
1760004412725 4 17179
1760004413085 4 17189
1760004413452 4 17199
1760004413827 4 17209
1760004414198 4 17219
1760004414572 4 17229
1760004414941 4 17239
1760004415315 4 17249
1760004415677 4 17259
1760004416048 4 17269
1760004416417 4 17279
1760004416788 4 17289
1760004417171 4 17299
1760004417548 4 17309
1760004417914 4 17319
1760004418287 4 17329
1760004418657 4 17339
1760004419032 4 17349
1760004419395 4 17359
1760004419758 4 17369
1760004420123 4 17379
1760004420489 4 17389
1760004420854 4 17399
1760004421219 4 17409
1760004421586 4 17419
1760004421933 4 17429
1760004422286 4 17439
1760004422634 4 17449
1760004422981 4 17459
1760004423327 4 17469
1760004423679 4 17479
1760004424033 4 17489
1760004424383 4 17499
1760004424726 4 17509
1760004425070 4 17519
1760004425416 4 17529
1760004425766 4 17539
1760004426128 4 17549
1760004426494 4 17559
1760004426858 4 17569
1760004427228 4 17579
1760004427589 4 17589
1760004427959 4 17599
1760004428320 4 17609
1760004428684 4 17619
1760004429048 4 17629
1760004429446 4 17639
1760004429813 4 17649
1760004430178 4 17659
1760004430551 4 17669
1760004430922 4 17679
1760004431299 4 17689
1760004431664 4 17699
1760004432034 4 17709
1760004432401 4 17719
1760004432774 4 17729
1760004433144 4 17739
1760004433519 4 17749
1760004433885 4 17759
1760004434253 4 17769
1760004434625 4 17779
1760004434997 4 17789
1760004435380 4 17799
1760004435748 4 17809
1760004436099 4 17819
1760004436468 4 17829
1760004436837 4 17839
1760004437193 4 17849
1760004437568 4 17859
1760004437938 4 17869
1760004438305 4 17879
1760004438671 4 17889
1760004439042 4 17899
1760004439405 4 17909
1760004439786 4 17919
1760004440163 4 17929
1760004440539 4 17939
1760004440906 4 17949
1760004441279 4 17959
1760004441655 4 17969
1760004442042 4 17979
1760004442410 4 17989
1760004442781 4 17999
1760004443155 4 18009
1760004443524 4 18019
1760004443891 4 18029
1760004444258 4 18039
1760004444631 4 18049
1760004445015 4 18059
1760004445385 4 18069
1760004445760 4 18079
1760004446132 4 18089
1760004446492 4 18099
1760004446848 4 18109
1760004447221 4 18119
1760004447592 4 18129
1760004447972 4 18139
1760004448346 4 18149
1760004448701 4 18159
1760004449052 4 18169
1760004449409 4 18179
1760004449760 4 18189
1760004450063 4 18199
1760004450361 4 18209
1760004450673 4 18219
1760004451042 4 18229
1760004451413 4 18239
1760004451781 4 18249
1760004452166 4 18259
1760004452553 4 18269
1760004452937 4 18279
1760004453309 4 18289
1760004453690 4 18299
1760004454061 4 18309
1760004454430 4 18319
1760004454807 4 18329
1760004455176 4 18339
1760004455549 4 18349
1760004455920 4 18359
1760004456288 4 18369
1760004456648 4 18379
1760004457007 4 18389
1760004457355 4 18399
1760004457700 4 18409
1760004458043 4 18419
1760004458389 4 18429
1760004458732 4 18439
1760004459081 4 18449
1760004459428 4 18459
1760004459779 4 18469
1760004460130 4 18479
1760004460478 4 18489
1760004460821 4 18499
1760004461161 4 18509
1760004461509 4 18519
1760004461868 4 18529
1760004462238 4 18539
1760004462607 4 18549
1760004462980 4 18559
1760004463350 4 18569
1760004463709 4 18579
1760004464065 4 18589
1760004464415 4 18599
1760004464765 4 18609
1760004465111 4 18619
1760004465453 4 18629
1760004465795 4 18639
1760004466139 4 18649
1760004466482 4 18659
1760004466827 4 18669
1760004467172 4 18679
1760004467517 4 18689
1760004467861 4 18699
1760004468211 4 18709
1760004468555 4 18719
1760004468906 4 18729
1760004469256 4 18739
1760004469611 4 18749
1760004469953 4 18759
1760004470299 4 18769
1760004470646 4 18779
1760004470995 4 18789
1760004471349 4 18799
1760004471704 4 18809
1760004472050 4 18819
1760004472395 4 18829
1760004472744 4 18839
1760004473089 4 18849
1760004473436 4 18859
1760004473789 4 18869
1760004474136 4 18879
1760004474477 4 18889
1760004474824 4 18899
1760004475167 4 18909
1760004475516 4 18919
1760004476382 4 18929
1760004476739 4 18939
1760004477085 4 18949
1760004477432 4 18959
1760004477779 4 18969
1760004478125 4 18979
1760004478475 4 18989
1760004478830 4 18999
1760004479190 4 19009
1760004479535 4 19019
1760004479883 4 19029
1760004480229 4 19039
1760004480579 4 19049
1760004480927 4 19059
1760004481288 4 19069
1760004481634 4 19079
1760004481981 4 19089
1760004482328 4 19099
1760004482676 4 19109
1760004483026 4 19119
1760004483381 4 19129
1760004483730 4 19139
1760004484078 4 19149
1760004484426 4 19159
1760004484771 4 19169
1760004485122 4 19179
1760004485475 4 19189
1760004485826 4 19199
1760004486173 4 19209
1760004486526 4 19219
1760004486873 4 19229
1760004487223 4 19239
1760004487570 4 19249
1760004487927 4 19259
1760004488274 4 19269
1760004488622 4 19279
1760004488975 4 19289
1760004489327 4 19299
1760004489679 4 19309
1760004490042 4 19319
1760004490403 4 19329
1760004490756 4 19339
1760004491112 4 19349
1760004491462 4 19359
1760004491817 4 19369
1760004492172 4 19379
1760004492545 4 19389
1760004492917 4 19399
1760004493286 4 19409
1760004493654 4 19419
1760004494025 4 19429
1760004494398 4 19439
1760004494768 4 19449
1760004495150 4 19459
1760004495502 4 19469
1760004495855 4 19479
1760004496216 4 19489
1760004496568 4 19499
1760004496928 4 19509
1760004497282 4 19519
1760004497638 4 19529
1760004497992 4 19539
1760004498339 4 19549
1760004498704 4 19559
1760004499068 4 19569
1760004499422 4 19579
1760004499773 4 19589
1760004500123 4 19599
1760004500480 4 19609
1760004500843 4 19619
1760004501204 4 19629
1760004501564 4 19639
1760004501913 4 19649
1760004502258 4 19659
1760004502607 4 19669
1760004502955 4 19679
1760004503309 4 19689
1760004503655 4 19699
1760004504009 4 19709
1760004504360 4 19719
1760004504712 4 19729
1760004505065 4 19739
1760004505426 4 19749
1760004505790 4 19759
1760004506155 4 19769
1760004506540 4 19779
1760004506911 4 19789
1760004507289 4 19799
1760004507649 4 19809
1760004508017 4 19819
1760004508382 4 19829
1760004508749 4 19839
1760004509119 4 19849
1760004509492 4 19859
1760004509872 4 19869
1760004510242 4 19879
1760004510613 4 19889
1760004510986 4 19899
1760004511356 4 19909
1760004511727 4 19919
1760004512093 4 19929
1760004512467 4 19939
1760004512835 4 19949
1760004513211 4 19959
1760004513579 4 19969
1760004513946 4 19979
1760004514317 4 19989
1760004514675 4 19999
1760004515018 4 20009
1760004515362 4 20019
1760004515715 4 20029
1760004516062 4 20039
1760004516418 4 20049
1760004516770 4 20059
1760004517617 4 20069
1760004517883 4 20079
1760004518111 4 20089
1760004518311 4 20099
1760004518505 4 20109
1760004518701 4 20119
1760004518896 4 20129
1760004519090 4 20139
1760004519285 4 20149
1760004519481 4 20159
1760004519776 4 20169
1760004520090 4 20179
1760004520434 4 20189
1760004530184 4 20194
1760004535446 5 20199
1760004535809 5 20209
1760004536177 5 20219
1760004536543 5 20229
1760004536910 5 20239
1760004537273 5 20249
1760004537697 5 20259
1760004538047 5 20269
1760004538395 5 20279
1760004538744 5 20289
1760004539091 5 20299
1760004539442 5 20309
1760004539787 5 20319
1760004540149 5 20329
1760004540514 5 20339
1760004540876 5 20349
1760004541238 5 20359
1760004541596 5 20369
1760004541959 5 20379
1760004542319 5 20389
1760004542683 5 20399
1760004543083 5 20409
1760004543443 5 20419
1760004543808 5 20429
1760004544176 5 20439
1760004544539 5 20449
1760004544903 5 20459
1760004545265 5 20469
1760004545629 5 20479
1760004545992 5 20489
1760004546353 5 20499
1760004546717 5 20509
1760004547084 5 20519
1760004547446 5 20529
1760004547809 5 20539
1760004548182 5 20549
1760004548544 5 20559
1760004548906 5 20569
1760004549277 5 20579
1760004549644 5 20589
1760004550007 5 20599
1760004550372 5 20609
1760004550736 5 20619
1760004551095 5 20629
1760004551462 5 20639
1760004551823 5 20649
1760004552185 5 20659
1760004552546 5 20669
1760004552905 5 20679
1760004553266 5 20689
1760004553635 5 20699
1760004553999 5 20709
1760004554362 5 20719
1760004554718 5 20729
1760004555085 5 20739
1760004555462 5 20749
1760004555845 5 20759
1760004556216 5 20769
1760004556565 5 20779
1760004556911 5 20789
1760004557255 5 20799
1760004557598 5 20809
1760004557950 5 20819
1760004558306 5 20829
1760004558650 5 20839
1760004558996 5 20849
1760004559339 5 20859
1760004559685 5 20869
1760004560029 5 20879
1760004560382 5 20889
1760004560732 5 20899
1760004561084 5 20909
1760004561440 5 20919
1760004561790 5 20929
1760004562144 5 20939
1760004562515 5 20949
1760004562879 5 20959
1760004563247 5 20969
1760004563615 5 20979
1760004563980 5 20989
1760004564347 5 20999
1760004564715 5 21009
1760004565076 5 21019
1760004565444 5 21029
1760004565813 5 21039
1760004566175 5 21049
1760004566539 5 21059
1760004566914 5 21069
1760004567276 5 21079
1760004567645 5 21089
1760004568023 5 21099
1760004568399 5 21109
1760004568769 5 21119
1760004569147 5 21129
1760004569515 5 21139
1760004569875 5 21149
1760004570254 5 21159
1760004570634 5 21169
1760004571002 5 21179
1760004571373 5 21189
1760004571742 5 21199
1760004572108 5 21209
1760004572477 5 21219
1760004572830 5 21229
1760004573189 5 21239
1760004573543 5 21249
1760004573890 5 21259
1760004574239 5 21269
1760004574589 5 21279
1760004574937 5 21289
1760004575290 5 21299
1760004575645 5 21309
1760004576000 5 21319
1760004576358 5 21329
1760004576693 5 21339
1760004576982 5 21349
1760004577233 5 21359
1760004577523 5 21369
1760004577809 5 21379
1760004578113 5 21389
1760004578466 5 21399
1760004578826 5 21409
1760004579175 5 21419
1760004579543 5 21429
1760004579922 5 21439
1760004580290 5 21449
1760004580673 5 21459
1760004581033 5 21469
1760004581411 5 21479
1760004581780 5 21489
1760004582152 5 21499
1760004582520 5 21509
1760004582892 5 21519
1760004583258 5 21529
1760004583623 5 21539
1760004583987 5 21549
1760004584352 5 21559
1760004584717 5 21569
1760004585090 5 21579
1760004585462 5 21589
1760004585827 5 21599
1760004586194 5 21609
1760004586562 5 21619
1760004586931 5 21629
1760004587309 5 21639
1760004587669 5 21649
1760004588044 5 21659
1760004588408 5 21669
1760004588772 5 21679
1760004589137 5 21689
1760004589504 5 21699
1760004589868 5 21709
1760004590234 5 21719
1760004590597 5 21729
1760004590960 5 21739
1760004591335 5 21749
1760004591707 5 21759
1760004592074 5 21769
1760004592444 5 21779
1760004592809 5 21789
1760004593159 5 21799
1760004593511 5 21809
1760004593861 5 21819
1760004594229 5 21829
1760004594600 5 21839
1760004594967 5 21849
1760004595335 5 21859
1760004595690 5 21869
1760004596043 5 21879
1760004596400 5 21889
1760004596755 5 21899
1760004597117 5 21909
1760004597478 5 21919
1760004597846 5 21929
1760004598212 5 21939
1760004598579 5 21949
1760004598947 5 21959
1760004599324 5 21969
1760004599695 5 21979
1760004600064 5 21989
1760004600433 5 21999
1760004600801 5 22009
1760004601172 5 22019
1760004601545 5 22029
1760004601926 5 22039
1760004602295 5 22049
1760004602667 5 22059
1760004603049 5 22069
1760004603423 5 22079
1760004603797 5 22089
1760004604170 5 22099
1760004604543 5 22109
1760004604917 5 22119
1760004605289 5 22129
1760004605663 5 22139
1760004606061 5 22149
1760004606445 5 22159
1760004606830 5 22169
1760004607197 5 22179
1760004607569 5 22189
1760004607946 5 22199
1760004608313 5 22209
1760004608680 5 22219
1760004609042 5 22229
1760004609410 5 22239
1760004609780 5 22249
1760004610149 5 22259
1760004610518 5 22269
1760004610885 5 22279
1760004611255 5 22289
1760004611642 5 22299
1760004612023 5 22309
1760004612401 5 22319
1760004612775 5 22329
1760004613162 5 22339
1760004613534 5 22349
1760004613913 5 22359
1760004614297 5 22369
1760004614667 5 22379
1760004615036 5 22389
1760004615409 5 22399
1760004615796 5 22409
1760004616176 5 22419
1760004616549 5 22429
1760004616916 5 22439
1760004617282 5 22449
1760004617681 5 22459
1760004618052 5 22469
1760004618423 5 22479
1760004618792 5 22489
1760004619177 5 22499
1760004619553 5 22509
1760004619931 5 22519
1760004620310 5 22529
1760004620687 5 22539
1760004621050 5 22549
1760004621435 5 22559
1760004621823 5 22569
1760004622208 5 22579
1760004622586 5 22589
1760004622961 5 22599
1760004623340 5 22609
1760004623725 5 22619
1760004624113 5 22629
1760004624487 5 22639
1760004624854 5 22649
1760004625238 5 22659
1760004625607 5 22669
1760004625974 5 22679
1760004626344 5 22689
1760004626726 5 22699
1760004627103 5 22709
1760004627475 5 22719
1760004627848 5 22729
1760004628221 5 22739
1760004628599 5 22749
1760004628969 5 22759
1760004629335 5 22769
1760004629708 5 22779
1760004630076 5 22789
1760004630446 5 22799
1760004630812 5 22809
1760004631174 5 22819
1760004631538 5 22829
1760004631908 5 22839
1760004632285 5 22849
1760004632648 5 22859
1760004633024 5 22869
1760004633409 5 22879
1760004633790 5 22889
1760004634168 5 22899
1760004634541 5 22909
1760004634912 5 22919
1760004635291 5 22929
1760004635660 5 22939
1760004636034 5 22949
1760004636396 5 22959
1760004636773 5 22969
1760004637145 5 22979
1760004637516 5 22989
1760004637883 5 22999
1760004638247 5 23009
1760004638608 5 23019
1760004638962 5 23029
1760004639325 5 23039
1760004639686 5 23049
1760004640045 5 23059
1760004640413 5 23069
1760004640770 5 23079
1760004641129 5 23089
1760004641501 5 23099
1760004641872 5 23109
1760004642249 5 23119
1760004642614 5 23129
1760004642978 5 23139
1760004643343 5 23149
1760004643708 5 23159
1760004644083 5 23169
1760004644455 5 23179
1760004644834 5 23189
1760004645215 5 23199
1760004645582 5 23209
1760004645951 5 23219
1760004646320 5 23229
1760004646685 5 23239
1760004647049 5 23249
1760004647416 5 23259
1760004647786 5 23269
1760004648162 5 23279
1760004648535 5 23289
1760004648909 5 23299
1760004649280 5 23309
1760004649663 5 23319
1760004650036 5 23329
1760004650407 5 23339
1760004650778 5 23349
1760004651151 5 23359
1760004651524 5 23369
1760004651899 5 23379
1760004652273 5 23389
1760004652649 5 23399
1760004653018 5 23409
1760004653390 5 23419
1760004653762 5 23429
1760004654140 5 23439
1760004654513 5 23449
1760004654885 5 23459
1760004655255 5 23469
1760004655625 5 23479
1760004656020 5 23489
1760004656419 5 23499
1760004656813 5 23509
1760004657197 5 23519
1760004657592 5 23529
1760004657960 5 23539
1760004658328 5 23549
1760004658695 5 23559
1760004659062 5 23569
1760004659432 5 23579
1760004659810 5 23589
1760004660181 5 23599
1760004660551 5 23609
1760004660924 5 23619
1760004661295 5 23629
1760004661672 5 23639
1760004662047 5 23649
1760004662417 5 23659
1760004662798 5 23669
1760004663177 5 23679
1760004663556 5 23689
1760004663932 5 23699
1760004664304 5 23709
1760004664682 5 23719
1760004665052 5 23729
1760004665421 5 23739
1760004665795 5 23749
1760004666163 5 23759
1760004666535 5 23769
1760004666914 5 23779
1760004667284 5 23789
1760004667661 5 23799
1760004668033 5 23809
1760004668404 5 23819
1760004668776 5 23829
1760004669148 5 23839
1760004669526 5 23849
1760004669899 5 23859
1760004670272 5 23869
1760004670647 5 23879
1760004671017 5 23889
1760004671401 5 23899
1760004671768 5 23909
1760004672124 5 23919
1760004672484 5 23929
1760004672845 5 23939
1760004673206 5 23949
1760004673570 5 23959
1760004673928 5 23969
1760004674287 5 23979
1760004674644 5 23989
1760004674999 5 23999
1760004675356 5 24009
1760004675716 5 24019
1760004676076 5 24029
1760004676432 5 24039
1760004676790 5 24049
1760004677153 5 24059
1760004677508 5 24069
1760004677859 5 24079
1760004678218 5 24089
1760004678574 5 24099
1760004679447 5 24109
1760004679791 5 24119
1760004680135 5 24129
1760004680478 5 24139
1760004680821 5 24149
1760004681164 5 24159
1760004681510 5 24169
1760004681860 5 24179
1760004682212 5 24189
1760004682563 5 24199
1760004682914 5 24209
1760004683257 5 24219
1760004683557 5 24229
1760004692789 5 24233
1760004697875 6 24239
1760004698153 6 24249
1760004698460 6 24259
1760004698808 6 24269
1760004699152 6 24279
1760004699518 6 24289
1760004699908 6 24299
1760004700261 6 24309
1760004700606 6 24319
1760004700951 6 24329
1760004701292 6 24339
1760004701637 6 24349
1760004701983 6 24359
1760004702330 6 24369
1760004702681 6 24379
1760004703033 6 24389
1760004703391 6 24399
1760004703756 6 24409
1760004704114 6 24419
1760004704472 6 24429
1760004704829 6 24439
1760004705185 6 24449
1760004705544 6 24459
1760004705898 6 24469
1760004706256 6 24479
1760004706609 6 24489
1760004706970 6 24499
1760004707326 6 24509
1760004707680 6 24519
1760004708035 6 24529
1760004708406 6 24539
1760004708774 6 24549
1760004709142 6 24559
1760004709494 6 24569
1760004709803 6 24579
1760004710069 6 24589
1760004710298 6 24599
1760004710506 6 24609
1760004710710 6 24619
1760004710918 6 24629
1760004711120 6 24639
1760004711326 6 24649
1760004711530 6 24659
1760004711739 6 24669
1760004711953 6 24679
1760004712255 6 24689
1760004712579 6 24699
1760004712935 6 24709
1760004713292 6 24719
1760004713657 6 24729
1760004714015 6 24739
1760004714367 6 24749
1760004714726 6 24759
1760004715076 6 24769
1760004715438 6 24779
1760004715795 6 24789
1760004716159 6 24799
1760004716512 6 24809
1760004716870 6 24819
1760004717226 6 24829
1760004717555 6 24839
1760004717834 6 24849
1760004718112 6 24859
1760004718436 6 24869
1760004718823 6 24879
1760004719231 6 24889
1760004719596 6 24899
1760004719958 6 24909
1760004720327 6 24919
1760004720689 6 24929
1760004721051 6 24939
1760004721417 6 24949
1760004721785 6 24959
1760004722159 6 24969
1760004722528 6 24979
1760004722895 6 24989
1760004723272 6 24999
1760004723648 6 25009
1760004724017 6 25019
1760004724387 6 25029
1760004724755 6 25039
1760004725123 6 25049
1760004725501 6 25059
1760004725873 6 25069
1760004726247 6 25079
1760004726616 6 25089
1760004726966 6 25099
1760004727314 6 25109
1760004727666 6 25119
1760004728024 6 25129
1760004728393 6 25139
1760004728760 6 25149
1760004729119 6 25159
1760004729478 6 25169
1760004729842 6 25179
1760004730205 6 25189
1760004730569 6 25199
1760004730929 6 25209
1760004731295 6 25219
1760004731656 6 25229
1760004732020 6 25239
1760004732382 6 25249
1760004732749 6 25259
1760004733107 6 25269
1760004733474 6 25279
1760004733833 6 25289
1760004734193 6 25299
1760004734553 6 25309
1760004734913 6 25319
1760004735280 6 25329
1760004735650 6 25339
1760004736011 6 25349
1760004736368 6 25359
1760004736730 6 25369
1760004737092 6 25379
1760004737459 6 25389
1760004737819 6 25399
1760004738187 6 25409
1760004738552 6 25419
1760004738916 6 25429
1760004739280 6 25439
1760004739641 6 25449
1760004740009 6 25459
1760004740380 6 25469
1760004740746 6 25479
1760004741119 6 25489
1760004741493 6 25499
1760004741863 6 25509
1760004742241 6 25519
1760004742609 6 25529
1760004742984 6 25539
1760004743352 6 25549
1760004743724 6 25559
1760004744095 6 25569
1760004744465 6 25579
1760004744839 6 25589
1760004745208 6 25599
1760004745577 6 25609
1760004745945 6 25619
1760004746321 6 25629
1760004746693 6 25639
1760004747068 6 25649
1760004747435 6 25659
1760004747808 6 25669
1760004748161 6 25679
1760004748512 6 25689
1760004748880 6 25699
1760004749253 6 25709
1760004749617 6 25719
1760004749989 6 25729
1760004750354 6 25739
1760004750720 6 25749
1760004751087 6 25759
1760004751455 6 25769
1760004751823 6 25779
1760004752196 6 25789
1760004752575 6 25799
1760004752946 6 25809
1760004753320 6 25819
1760004753697 6 25829
1760004754074 6 25839
1760004754451 6 25849
1760004754828 6 25859
1760004755205 6 25869
1760004755589 6 25879
1760004755964 6 25889
1760004756344 6 25899
1760004756719 6 25909
1760004757097 6 25919
1760004757476 6 25929
1760004757857 6 25939
1760004758240 6 25949
1760004758617 6 25959
1760004758993 6 25969
1760004759366 6 25979
1760004759736 6 25989
1760004760107 6 25999
1760004760486 6 26009
1760004760857 6 26019
1760004761228 6 26029
1760004761595 6 26039
1760004761961 6 26049
1760004762337 6 26059
1760004762704 6 26069
1760004763071 6 26079
1760004763444 6 26089
1760004763812 6 26099
1760004764180 6 26109
1760004764549 6 26119
1760004764925 6 26129
1760004765293 6 26139
1760004765662 6 26149
1760004766029 6 26159
1760004766399 6 26169
1760004766766 6 26179
1760004767144 6 26189
1760004767512 6 26199
1760004767882 6 26209
1760004768250 6 26219
1760004768619 6 26229
1760004768988 6 26239
1760004769360 6 26249
1760004769735 6 26259
1760004770104 6 26269
1760004770473 6 26279
1760004770840 6 26289
1760004771210 6 26299
1760004771579 6 26309
1760004771945 6 26319
1760004772297 6 26329
1760004772651 6 26339
1760004773005 6 26349
1760004773359 6 26359
1760004773714 6 26369
1760004774067 6 26379
1760004774421 6 26389
1760004774775 6 26399
1760004775125 6 26409
1760004775477 6 26419
1760004775837 6 26429
1760004776188 6 26439
1760004776539 6 26449
1760004776892 6 26459
1760004777250 6 26469
1760004777603 6 26479
1760004777957 6 26489
1760004778311 6 26499
1760004778664 6 26509
1760004779020 6 26519
1760004779391 6 26529
1760004779751 6 26539
1760004780114 6 26549
1760004780483 6 26559
1760004780847 6 26569
1760004781208 6 26579
1760004781572 6 26589
1760004781938 6 26599
1760004782312 6 26609
1760004782694 6 26619
1760004783062 6 26629
1760004783432 6 26639
1760004783813 6 26649
1760004784183 6 26659
1760004784544 6 26669
1760004784908 6 26679
1760004785270 6 26689
1760004785629 6 26699
1760004785984 6 26709
1760004786348 6 26719
1760004786703 6 26729
1760004787056 6 26739
1760004787411 6 26749
1760004787765 6 26759
1760004788120 6 26769
1760004788478 6 26779
1760004788838 6 26789
1760004789195 6 26799
1760004789553 6 26809
1760004789916 6 26819
1760004790280 6 26829
1760004790640 6 26839
1760004791004 6 26849
1760004791357 6 26859
1760004791719 6 26869
1760004792081 6 26879
1760004792444 6 26889
1760004792807 6 26899
1760004793175 6 26909
1760004793546 6 26919
1760004793918 6 26929
1760004794286 6 26939
1760004794647 6 26949
1760004794937 6 26959
1760004795254 6 26969
1760004795608 6 26979
1760004795960 6 26989
1760004796314 6 26999
1760004796667 6 27009
1760004797029 6 27019
1760004797391 6 27029
1760004797747 6 27039
1760004798100 6 27049
1760004798455 6 27059
1760004798818 6 27069
1760004799179 6 27079
1760004799532 6 27089
1760004799891 6 27099
1760004800253 6 27109
1760004800610 6 27119
1760004800964 6 27129
1760004801321 6 27139
1760004801674 6 27149
1760004802028 6 27159
1760004802383 6 27169
1760004802736 6 27179
1760004803094 6 27189
1760004803449 6 27199
1760004803812 6 27209
1760004804167 6 27219
1760004804535 6 27229
1760004804890 6 27239
1760004805245 6 27249
1760004805601 6 27259
1760004805966 6 27269
1760004806330 6 27279
1760004806685 6 27289
1760004807041 6 27299
1760004807395 6 27309
1760004807751 6 27319
1760004808108 6 27329
1760004808463 6 27339
1760004808819 6 27349
1760004809174 6 27359
1760004809529 6 27369
1760004809884 6 27379
1760004810240 6 27389
1760004810594 6 27399
1760004810947 6 27409
1760004811300 6 27419
1760004811652 6 27429
1760004812011 6 27439
1760004812319 6 27449
1760004812626 6 27459
1760004812929 6 27469
1760004813293 6 27479
1760004813649 6 27489
1760004814004 6 27499
1760004814360 6 27509
1760004814715 6 27519
1760004815072 6 27529
1760004815427 6 27539
1760004815780 6 27549
1760004816135 6 27559
1760004816488 6 27569
1760004816845 6 27579
1760004817200 6 27589
1760004817555 6 27599
1760004817908 6 27609
1760004818260 6 27619
1760004818617 6 27629
1760004818972 6 27639
1760004819325 6 27649
1760004819677 6 27659
1760004820029 6 27669
1760004820381 6 27679
1760004820735 6 27689
1760004821087 6 27699
1760004821442 6 27709
1760004821794 6 27719
1760004822153 6 27729
1760004822506 6 27739
1760004822859 6 27749
1760004823213 6 27759
1760004823567 6 27769
1760004823922 6 27779
1760004824280 6 27789
1760004824639 6 27799
1760004824999 6 27809
1760004825353 6 27819
1760004825711 6 27829
1760004826069 6 27839
1760004826434 6 27849
1760004826790 6 27859
1760004827150 6 27869
1760004827513 6 27879
1760004827870 6 27889
1760004828225 6 27899
1760004828579 6 27909
1760004828932 6 27919
1760004829287 6 27929
1760004829644 6 27939
1760004830000 6 27949
1760004830357 6 27959
1760004830715 6 27969
1760004831080 6 27979
1760004831441 6 27989
1760004831801 6 27999
1760004832155 6 28009
1760004832509 6 28019
1760004832873 6 28029
1760004833260 6 28039
1760004833626 6 28049
1760004833979 6 28059
1760004834340 6 28069
1760004834692 6 28079
1760004835038 6 28089
1760004835383 6 28099
1760004835727 6 28109
1760004836073 6 28119
1760004836429 6 28129
1760004836783 6 28139
1760004837594 6 28149
1760004837952 6 28159
1760004838316 6 28169
1760004838659 6 28179
1760004839009 6 28189
1760004839357 6 28199
1760004839706 6 28209
1760004840057 6 28219
1760004840407 6 28229
1760004840755 6 28239
1760004841105 6 28249
1760004841455 6 28259
1760004841808 6 28269
1760004848499 6 28272
1760004852575 7 28279
1760004852942 7 28289
1760004853309 7 28299
1760004853665 7 28309
1760004854024 7 28319
1760004854388 7 28329
1760004854766 7 28339
1760004855111 7 28349
1760004855467 7 28359
1760004855825 7 28369
1760004856170 7 28379
1760004856526 7 28389
1760004856877 7 28399
1760004857233 7 28409
1760004857624 7 28419
1760004857982 7 28429
1760004858340 7 28439
1760004858718 7 28449
1760004859084 7 28459
1760004859441 7 28469
1760004859797 7 28479
1760004860153 7 28489
1760004860514 7 28499
1760004860874 7 28509
1760004861233 7 28519
1760004861594 7 28529
1760004861950 7 28539
1760004862308 7 28549
1760004862675 7 28559
1760004863037 7 28569
1760004863393 7 28579
1760004863750 7 28589
1760004864105 7 28599
1760004864462 7 28609
1760004864821 7 28619
1760004865190 7 28629
1760004865553 7 28639
1760004865899 7 28649
1760004866250 7 28659
1760004866592 7 28669
1760004866951 7 28679
1760004867297 7 28689
1760004867642 7 28699
1760004867987 7 28709
1760004868338 7 28719
1760004868684 7 28729
1760004869035 7 28739
1760004869380 7 28749
1760004869728 7 28759
1760004870073 7 28769
1760004870425 7 28779
1760004870773 7 28789
1760004871119 7 28799
1760004871472 7 28809
1760004871828 7 28819
1760004872180 7 28829
1760004872529 7 28839
1760004872881 7 28849
1760004873226 7 28859
1760004873579 7 28869
1760004873925 7 28879
1760004874278 7 28889
1760004874624 7 28899
1760004874975 7 28909
1760004875319 7 28919
1760004875673 7 28929
1760004876018 7 28939
1760004876364 7 28949
1760004876710 7 28959
1760004877062 7 28969
1760004877414 7 28979
1760004877760 7 28989
1760004878113 7 28999
1760004878474 7 29009
1760004878829 7 29019
1760004879178 7 29029
1760004879534 7 29039
1760004879887 7 29049
1760004880240 7 29059
1760004880593 7 29069
1760004880952 7 29079
1760004881306 7 29089
1760004881661 7 29099
1760004882015 7 29109
1760004882374 7 29119
1760004882734 7 29129
1760004883098 7 29139
1760004883464 7 29149
1760004883835 7 29159
1760004884204 7 29169
1760004884572 7 29179
1760004884934 7 29189
1760004885297 7 29199
1760004885674 7 29209
1760004886038 7 29219
1760004886414 7 29229
1760004886781 7 29239
1760004887144 7 29249
1760004887515 7 29259
1760004887884 7 29269
1760004888245 7 29279
1760004888622 7 29289
1760004888989 7 29299
1760004889349 7 29309
1760004889713 7 29319
1760004890076 7 29329
1760004890438 7 29339
1760004890802 7 29349
1760004891167 7 29359
1760004891524 7 29369
1760004891885 7 29379
1760004892248 7 29389
1760004892613 7 29399
1760004892979 7 29409
1760004893345 7 29419
1760004893711 7 29429
1760004894076 7 29439
1760004894443 7 29449
1760004894821 7 29459
1760004895182 7 29469
1760004895551 7 29479
1760004895918 7 29489
1760004896285 7 29499
1760004896655 7 29509
1760004897018 7 29519
1760004897384 7 29529
1760004897751 7 29539
1760004898117 7 29549
1760004898487 7 29559
1760004898861 7 29569
1760004899225 7 29579
1760004899593 7 29589
1760004899961 7 29599
1760004900322 7 29609
1760004900693 7 29619
1760004901065 7 29629
1760004901436 7 29639
1760004901806 7 29649
1760004902166 7 29659
1760004902543 7 29669
1760004902916 7 29679
1760004903282 7 29689
1760004903660 7 29699
1760004904029 7 29709
1760004904399 7 29719
1760004904775 7 29729
1760004905139 7 29739
1760004905509 7 29749
1760004905886 7 29759
1760004906269 7 29769
1760004906644 7 29779
1760004907013 7 29789
1760004907388 7 29799
1760004907770 7 29809
1760004908137 7 29819
1760004908511 7 29829
1760004908879 7 29839
1760004909246 7 29849
1760004909594 7 29859
1760004909948 7 29869
1760004910295 7 29879
1760004910647 7 29889
1760004911007 7 29899
1760004911362 7 29909
1760004911708 7 29919
1760004912059 7 29929
1760004912407 7 29939
1760004912753 7 29949
1760004913111 7 29959
1760004913469 7 29969
1760004913835 7 29979
1760004914203 7 29989
1760004914568 7 29999
1760004914932 7 30009
1760004915297 7 30019
1760004915662 7 30029
1760004916027 7 30039
1760004916400 7 30049
1760004916771 7 30059
1760004917137 7 30069
1760004917503 7 30079
1760004917871 7 30089
1760004918231 7 30099
1760004918593 7 30109
1760004918968 7 30119
1760004919329 7 30129
1760004919691 7 30139
1760004920070 7 30149
1760004920437 7 30159
1760004920800 7 30169
1760004921174 7 30179
1760004921536 7 30189
1760004921899 7 30199
1760004922275 7 30209
1760004922636 7 30219
1760004923001 7 30229
1760004923376 7 30239
1760004923743 7 30249
1760004924112 7 30259
1760004924486 7 30269
1760004924845 7 30279
1760004925215 7 30289
1760004925585 7 30299
1760004925943 7 30309
1760004926323 7 30319
1760004926683 7 30329
1760004927049 7 30339
1760004927412 7 30349
1760004927773 7 30359
1760004928134 7 30369
1760004928494 7 30379
1760004928849 7 30389
1760004929207 7 30399
1760004929567 7 30409
1760004929924 7 30419
1760004930278 7 30429
1760004930633 7 30439
1760004930997 7 30449
1760004931333 7 30459
1760004931664 7 30469
1760004932036 7 30479
1760004932404 7 30489
1760004932773 7 30499
1760004933139 7 30509
1760004933503 7 30519
1760004933876 7 30529
1760004934243 7 30539
1760004934608 7 30549
1760004934976 7 30559
1760004935331 7 30569
1760004935621 7 30579
1760004935942 7 30589
1760004936297 7 30599
1760004936659 7 30609
1760004937022 7 30619
1760004937385 7 30629
1760004937746 7 30639
1760004938117 7 30649
1760004938477 7 30659
1760004938841 7 30669
1760004939206 7 30679
1760004939558 7 30689
1760004939920 7 30699
1760004940279 7 30709
1760004940654 7 30719
1760004941013 7 30729
1760004941380 7 30739
1760004941738 7 30749
1760004942100 7 30759
1760004942464 7 30769
1760004942826 7 30779
1760004943187 7 30789
1760004943559 7 30799
1760004943916 7 30809
1760004944281 7 30819
1760004944645 7 30829
1760004945006 7 30839
1760004945365 7 30849
1760004945728 7 30859
1760004946092 7 30869
1760004946456 7 30879
1760004946818 7 30889
1760004947182 7 30899
1760004947548 7 30909
1760004947911 7 30919
1760004948271 7 30929
1760004948636 7 30939
1760004949001 7 30949
1760004949362 7 30959
1760004949725 7 30969
1760004950094 7 30979
1760004950466 7 30989
1760004950865 7 30999
1760004951243 7 31009
1760004951630 7 31019
1760004952001 7 31029
1760004952377 7 31039
1760004952746 7 31049
1760004953124 7 31059
1760004953485 7 31069
1760004953849 7 31079
1760004954215 7 31089
1760004954579 7 31099
1760004954943 7 31109
1760004955318 7 31119
1760004955687 7 31129
1760004956062 7 31139
1760004956423 7 31149
1760004956785 7 31159
1760004957154 7 31169
1760004957529 7 31179
1760004957903 7 31189
1760004958272 7 31199
1760004958648 7 31209
1760004959017 7 31219
1760004959388 7 31229
1760004959765 7 31239
1760004960139 7 31249
1760004960516 7 31259
1760004960888 7 31269
1760004961257 7 31279
1760004961629 7 31289
1760004961999 7 31299
1760004962377 7 31309
1760004962755 7 31319
1760004963129 7 31329
1760004963494 7 31339
1760004963866 7 31349
1760004964229 7 31359
1760004964595 7 31369
1760004964957 7 31379
1760004965316 7 31389
1760004965694 7 31399
1760004966050 7 31409
1760004966397 7 31419
1760004966738 7 31429
1760004967081 7 31439
1760004967429 7 31449
1760004967774 7 31459
1760004968122 7 31469
1760004968464 7 31479
1760004968810 7 31489
1760004969155 7 31499
1760004969501 7 31509
1760004969877 7 31519
1760004970222 7 31529
1760004970597 7 31539
1760004970963 7 31549
1760004971303 7 31559
1760004971651 7 31569
1760004972004 7 31579
1760004972374 7 31589
1760004972723 7 31599
1760004973080 7 31609
1760004973429 7 31619
1760004973782 7 31629
1760004974146 7 31639
1760004974496 7 31649
1760004974849 7 31659
1760004975200 7 31669
1760004975551 7 31679
1760004975896 7 31689
1760004976245 7 31699
1760004976598 7 31709
1760004976963 7 31719
1760004977318 7 31729
1760004977678 7 31739
1760004978035 7 31749
1760004978389 7 31759
1760004978738 7 31769
1760004979096 7 31779
1760004979444 7 31789
1760004979803 7 31799
1760004980151 7 31809
1760004980497 7 31819
1760004980845 7 31829
1760004981201 7 31839
1760004981559 7 31849
1760004981898 7 31859
1760004982257 7 31869
1760004982610 7 31879
1760004982955 7 31889
1760004983303 7 31899
1760004983665 7 31909
1760004984031 7 31919
1760004984393 7 31929
1760004984762 7 31939
1760004985128 7 31949
1760004985661 7 31959
1760004986032 7 31969
1760004986415 7 31979
1760004986788 7 31989
1760004987160 7 31999
1760004987529 7 32009
1760004987900 7 32019
1760004988279 7 32029
1760004988647 7 32039
1760004989022 7 32049
1760004989389 7 32059
1760004989752 7 32069
1760004990123 7 32079
1760004990478 7 32089
1760004990839 7 32099
1760004991206 7 32109
1760004991570 7 32119
1760004991935 7 32129
1760004992303 7 32139
1760004992669 7 32149
1760004993034 7 32159
1760004993397 7 32169
1760004993766 7 32179
1760004994648 7 32189
1760004995008 7 32199
1760004995373 7 32209
1760004995738 7 32219
1760004996096 7 32229
1760004996457 7 32239
1760004996818 7 32249
1760004997176 7 32259
1760004997538 7 32269
1760004997900 7 32279
1760004998261 7 32289
1760004998624 7 32299
1760004998985 7 32309
1760005008703 7 32311
1760005013624 8 32319
1760005013976 8 32329
1760005014339 8 32339
1760005014720 8 32349
1760005015075 8 32359
1760005015452 8 32369
1760005015854 8 32379
1760005016208 8 32389
1760005016561 8 32399
1760005016916 8 32409
1760005017266 8 32419
1760005017606 8 32429
1760005017952 8 32439
1760005018305 8 32449
1760005018665 8 32459
1760005019030 8 32469
1760005019393 8 32479
1760005019772 8 32489
1760005020145 8 32499
1760005020509 8 32509
1760005020879 8 32519
1760005021252 8 32529
1760005021638 8 32539
1760005022008 8 32549
1760005022390 8 32559
1760005022766 8 32569
1760005023128 8 32579
1760005023497 8 32589
1760005023865 8 32599
1760005024236 8 32609
1760005024607 8 32619
1760005024976 8 32629
1760005025350 8 32639
1760005025721 8 32649
1760005026091 8 32659
1760005026464 8 32669
1760005026841 8 32679
1760005027197 8 32689
1760005027566 8 32699
1760005027926 8 32709
1760005028288 8 32719
1760005028657 8 32729
1760005029024 8 32739
1760005029383 8 32749
1760005029744 8 32759
1760005030113 8 32769
1760005030475 8 32779
1760005030838 8 32789
1760005031201 8 32799
1760005031567 8 32809
1760005031929 8 32819
1760005032301 8 32829
1760005032659 8 32839
1760005033021 8 32849
1760005033387 8 32859
1760005033762 8 32869
1760005034141 8 32879
1760005034509 8 32889
1760005034875 8 32899
1760005035247 8 32909
1760005035617 8 32919
1760005035983 8 32929
1760005036354 8 32939
1760005036718 8 32949
1760005037084 8 32959
1760005037451 8 32969
1760005037818 8 32979
1760005038188 8 32989
1760005038563 8 32999
1760005038948 8 33009
1760005039321 8 33019
1760005039693 8 33029
1760005040064 8 33039
1760005040433 8 33049
1760005040805 8 33059
1760005041188 8 33069
1760005041555 8 33079
1760005041926 8 33089
1760005042296 8 33099
1760005042665 8 33109
1760005043035 8 33119
1760005043402 8 33129
1760005043753 8 33139
1760005044108 8 33149
1760005044461 8 33159
1760005044812 8 33169
1760005045165 8 33179
1760005045524 8 33189
1760005045883 8 33199
1760005046253 8 33209
1760005046613 8 33219
1760005046967 8 33229
1760005047319 8 33239
1760005047689 8 33249
1760005048049 8 33259
1760005048400 8 33269
1760005048755 8 33279
1760005049104 8 33289
1760005049452 8 33299
1760005049800 8 33309
1760005050164 8 33319
1760005050519 8 33329
1760005050896 8 33339
1760005051262 8 33349
1760005051629 8 33359
1760005051998 8 33369
1760005052365 8 33379
1760005052730 8 33389
1760005053099 8 33399
1760005053467 8 33409
1760005053840 8 33419
1760005054207 8 33429
1760005054568 8 33439
1760005054934 8 33449
1760005055300 8 33459
1760005055658 8 33469
1760005056028 8 33479
1760005056388 8 33489
1760005056750 8 33499
1760005057116 8 33509
1760005057487 8 33519
1760005057863 8 33529
1760005058238 8 33539
1760005058604 8 33549
1760005058970 8 33559
1760005059343 8 33569
1760005059708 8 33579
1760005060080 8 33589
1760005060448 8 33599
1760005060822 8 33609
1760005061187 8 33619
1760005061554 8 33629
1760005061918 8 33639
1760005062280 8 33649
1760005062644 8 33659
1760005063010 8 33669
1760005063378 8 33679
1760005063735 8 33689
1760005064107 8 33699
1760005064479 8 33709
1760005064840 8 33719
1760005065217 8 33729
1760005065582 8 33739
1760005065944 8 33749
1760005066320 8 33759
1760005066692 8 33769
1760005067076 8 33779
1760005067447 8 33789
1760005067829 8 33799
1760005068198 8 33809
1760005068562 8 33819
1760005068930 8 33829
1760005069299 8 33839
1760005069667 8 33849
1760005070038 8 33859
1760005070408 8 33869
1760005070774 8 33879
1760005071140 8 33889
1760005071509 8 33899
1760005071869 8 33909
1760005072239 8 33919
1760005072620 8 33929
1760005072996 8 33939
1760005073362 8 33949
1760005073729 8 33959
1760005074102 8 33969
1760005074470 8 33979
1760005074835 8 33989
1760005075202 8 33999
1760005075568 8 34009
1760005075939 8 34019
1760005076305 8 34029
1760005076670 8 34039
1760005077056 8 34049
1760005077434 8 34059
1760005077792 8 34069
1760005078158 8 34079
1760005078548 8 34089
1760005078914 8 34099
1760005079290 8 34109
1760005079656 8 34119
1760005080015 8 34129
1760005080388 8 34139
1760005080763 8 34149
1760005081126 8 34159
1760005081494 8 34169
1760005081870 8 34179
1760005082238 8 34189
1760005082604 8 34199
1760005082968 8 34209
1760005083337 8 34219
1760005083710 8 34229
1760005084076 8 34239
1760005084441 8 34249
1760005084809 8 34259
1760005085188 8 34269
1760005085557 8 34279
1760005085928 8 34289
1760005086311 8 34299
1760005086663 8 34309
1760005087055 8 34319
1760005087431 8 34329
1760005087791 8 34339
1760005088156 8 34349
1760005088532 8 34359
1760005088911 8 34369
1760005089283 8 34379
1760005089671 8 34389
1760005090054 8 34399
1760005090427 8 34409
1760005090803 8 34419
1760005091179 8 34429
1760005091555 8 34439
1760005091928 8 34449
1760005092292 8 34459
1760005092664 8 34469
1760005093055 8 34479
1760005093434 8 34489
1760005093825 8 34499
1760005094218 8 34509
1760005094603 8 34519
1760005094978 8 34529
1760005095347 8 34539
1760005095721 8 34549
1760005096103 8 34559
1760005096478 8 34569
1760005096844 8 34579
1760005097219 8 34589
1760005097615 8 34599
1760005097986 8 34609
1760005098357 8 34619
1760005098747 8 34629
1760005099115 8 34639
1760005099487 8 34649
1760005099860 8 34659
1760005100231 8 34669
1760005100623 8 34679
1760005100995 8 34689
1760005101372 8 34699
1760005101748 8 34709
1760005102121 8 34719
1760005102507 8 34729
1760005102884 8 34739
1760005103262 8 34749
1760005103628 8 34759
1760005104003 8 34769
1760005104376 8 34779
1760005104747 8 34789
1760005105114 8 34799
1760005105489 8 34809
1760005105866 8 34819
1760005106243 8 34829
1760005106621 8 34839
1760005107012 8 34849
1760005107385 8 34859
1760005107765 8 34869
1760005108132 8 34879
1760005108490 8 34889
1760005108842 8 34899
1760005109195 8 34909
1760005109542 8 34919
1760005109891 8 34929
1760005110252 8 34939
1760005110606 8 34949
1760005110962 8 34959
1760005111324 8 34969
1760005111676 8 34979
1760005112029 8 34989
1760005112391 8 34999
1760005112743 8 35009
1760005113108 8 35019
1760005113474 8 35029
1760005113839 8 35039
1760005114190 8 35049
1760005114546 8 35059
1760005114900 8 35069
1760005115267 8 35079
1760005115624 8 35089
1760005115996 8 35099
1760005116357 8 35109
1760005116714 8 35119
1760005117075 8 35129
1760005117431 8 35139
1760005117785 8 35149
1760005118150 8 35159
1760005118512 8 35169
1760005118867 8 35179
1760005119219 8 35189
1760005119579 8 35199
1760005119941 8 35209
1760005120294 8 35219
1760005120650 8 35229
1760005121005 8 35239
1760005121359 8 35249
1760005121715 8 35259
1760005122073 8 35269
1760005122430 8 35279
1760005122796 8 35289
1760005123152 8 35299
1760005123500 8 35309
1760005123855 8 35319
1760005124207 8 35329
1760005124562 8 35339
1760005124911 8 35349
1760005125260 8 35359
1760005125606 8 35369
1760005125952 8 35379
1760005126308 8 35389
1760005126658 8 35399
1760005127008 8 35409
1760005127362 8 35419
1760005127712 8 35429
1760005128058 8 35439
1760005128414 8 35449
1760005128768 8 35459
1760005129124 8 35469
1760005129483 8 35479
1760005129844 8 35489
1760005130199 8 35499
1760005130560 8 35509
1760005130923 8 35519
1760005131275 8 35529
1760005131623 8 35539
1760005131972 8 35549
1760005132325 8 35559
1760005132672 8 35569
1760005133032 8 35579
1760005133388 8 35589
1760005133736 8 35599
1760005134103 8 35609
1760005134456 8 35619
1760005134808 8 35629
1760005135170 8 35639
1760005135528 8 35649
1760005135892 8 35659
1760005136324 8 35669
1760005136769 8 35679
1760005137062 8 35689
1760005137374 8 35699
1760005137686 8 35709
1760005137990 8 35719
1760005138319 8 35729
1760005138642 8 35739
1760005138958 8 35749
1760005139271 8 35759
1760005139587 8 35769
1760005139961 8 35779
1760005140351 8 35789
1760005140729 8 35799
1760005141089 8 35809
1760005141534 8 35819
1760005141891 8 35829
1760005142268 8 35839
1760005142636 8 35849
1760005143000 8 35859
1760005143362 8 35869
1760005143728 8 35879
1760005144113 8 35889
1760005144484 8 35899
1760005144862 8 35909
1760005145242 8 35919
1760005145615 8 35929
1760005145971 8 35939
1760005146344 8 35949
1760005146707 8 35959
1760005147069 8 35969
1760005147428 8 35979
1760005147783 8 35989
1760005148146 8 35999
1760005148527 8 36009
1760005148891 8 36019
1760005149253 8 36029
1760005149608 8 36039
1760005149981 8 36049
1760005150359 8 36059
1760005150721 8 36069
1760005151082 8 36079
1760005151450 8 36089
1760005151830 8 36099
1760005152201 8 36109
1760005152573 8 36119
1760005152951 8 36129
1760005153319 8 36139
1760005153687 8 36149
1760005154051 8 36159
1760005154415 8 36169
1760005154777 8 36179
1760005155152 8 36189
1760005155520 8 36199
1760005155888 8 36209
1760005156258 8 36219
1760005157139 8 36229
1760005157502 8 36239
1760005157866 8 36249
1760005158231 8 36259
1760005158593 8 36269
1760005158956 8 36279
1760005159318 8 36289
1760005159682 8 36299
1760005160051 8 36309
1760005160416 8 36319
1760005160790 8 36329
1760005161156 8 36339
1760005161520 8 36349
1760005171225 8 36350
1760005176391 9 36359
1760005176752 9 36369
1760005177115 9 36379
1760005177490 9 36389
1760005177861 9 36399
1760005178226 9 36409
1760005178609 9 36419
1760005178994 9 36429
1760005179348 9 36439
1760005179704 9 36449
1760005180070 9 36459
1760005180430 9 36469
1760005180794 9 36479
1760005181198 9 36489
1760005181561 9 36499
1760005181928 9 36509
1760005182303 9 36519
1760005182669 9 36529
1760005183038 9 36539
1760005183410 9 36549
1760005183775 9 36559
1760005184167 9 36569
1760005184532 9 36579
1760005184910 9 36589
1760005185274 9 36599
1760005185645 9 36609
1760005186020 9 36619
1760005186388 9 36629
1760005186751 9 36639
1760005187136 9 36649
1760005187508 9 36659
1760005187870 9 36669
1760005188240 9 36679
1760005188608 9 36689
1760005188978 9 36699
1760005189345 9 36709
1760005189717 9 36719
1760005190102 9 36729
1760005190470 9 36739
1760005190838 9 36749
1760005191204 9 36759
1760005191574 9 36769
1760005191959 9 36779
1760005192325 9 36789
1760005192687 9 36799
1760005193059 9 36809
1760005193452 9 36819
1760005193839 9 36829
1760005194219 9 36839
1760005194590 9 36849
1760005194949 9 36859
1760005195319 9 36869
1760005195693 9 36879
1760005196055 9 36889
1760005196425 9 36899
1760005196804 9 36909
1760005197154 9 36919
1760005197515 9 36929
1760005197881 9 36939
1760005198252 9 36949
1760005198617 9 36959
1760005198987 9 36969
1760005199338 9 36979
1760005199697 9 36989
1760005200047 9 36999
1760005200400 9 37009
1760005200746 9 37019
1760005201095 9 37029
1760005201464 9 37039
1760005201829 9 37049
1760005202192 9 37059
1760005202549 9 37069
1760005202914 9 37079
1760005203281 9 37089
1760005203650 9 37099
1760005204011 9 37109
1760005204371 9 37119
1760005204738 9 37129
1760005205105 9 37139
1760005205469 9 37149
1760005205830 9 37159
1760005206200 9 37169
1760005206572 9 37179
1760005206941 9 37189
1760005207306 9 37199
1760005207672 9 37209
1760005208036 9 37219
1760005208387 9 37229
1760005208741 9 37239
1760005209096 9 37249
1760005209440 9 37259
1760005209786 9 37269
1760005210132 9 37279
1760005210475 9 37289
1760005210829 9 37299
1760005211235 9 37309
1760005211597 9 37319
1760005211965 9 37329
1760005212349 9 37339
1760005212748 9 37349
1760005213122 9 37359
1760005213478 9 37369
1760005213827 9 37379
1760005214196 9 37389
1760005214563 9 37399
1760005214932 9 37409
1760005215295 9 37419
1760005215665 9 37429
1760005216012 9 37439
1760005216372 9 37449
1760005216742 9 37459
1760005217105 9 37469
1760005217461 9 37479
1760005217842 9 37489
1760005218208 9 37499
1760005218574 9 37509
1760005218938 9 37519
1760005219301 9 37529
1760005219665 9 37539
1760005220036 9 37549
1760005220403 9 37559
1760005220758 9 37569
1760005221121 9 37579
1760005221483 9 37589
1760005221845 9 37599
1760005222226 9 37609
1760005222589 9 37619
1760005222956 9 37629
1760005223328 9 37639
1760005223701 9 37649
1760005224074 9 37659
1760005224467 9 37669
1760005224843 9 37679
1760005225210 9 37689
1760005225575 9 37699
1760005225932 9 37709
1760005226297 9 37719
1760005226662 9 37729
1760005227031 9 37739
1760005227408 9 37749
1760005227784 9 37759
1760005228163 9 37769
1760005228546 9 37779
1760005228919 9 37789
1760005229314 9 37799
1760005229682 9 37809
1760005230059 9 37819
1760005230419 9 37829
1760005230788 9 37839
1760005231159 9 37849
1760005231523 9 37859
1760005231889 9 37869
1760005232260 9 37879
1760005232652 9 37889
1760005233002 9 37899
1760005233346 9 37909
1760005233692 9 37919
1760005234047 9 37929
1760005234397 9 37939
1760005234745 9 37949
1760005235089 9 37959
1760005235436 9 37969
1760005235784 9 37979
1760005236137 9 37989
1760005236483 9 37999
1760005236830 9 38009
1760005237177 9 38019
1760005237519 9 38029
1760005237873 9 38039
1760005238223 9 38049
1760005238573 9 38059
1760005238922 9 38069
1760005239268 9 38079
1760005239612 9 38089
1760005239961 9 38099
1760005240309 9 38109
1760005240659 9 38119
1760005241001 9 38129
1760005241344 9 38139
1760005241690 9 38149
1760005242041 9 38159
1760005242416 9 38169
1760005242793 9 38179
1760005243163 9 38189
1760005243532 9 38199
1760005243897 9 38209
1760005244264 9 38219
1760005244633 9 38229
1760005245000 9 38239
1760005245360 9 38249
1760005245730 9 38259
1760005246113 9 38269
1760005246481 9 38279
1760005246844 9 38289
1760005247223 9 38299
1760005247623 9 38309
1760005248000 9 38319
1760005248390 9 38329
1760005248790 9 38339
1760005249156 9 38349
1760005249524 9 38359
1760005249885 9 38369
1760005250248 9 38379
1760005250612 9 38389
1760005250981 9 38399
1760005251345 9 38409
1760005251713 9 38419
1760005252071 9 38429
1760005252452 9 38439
1760005252827 9 38449
1760005253193 9 38459
1760005253564 9 38469
1760005253939 9 38479
1760005254309 9 38489
1760005254681 9 38499
1760005255043 9 38509
1760005255421 9 38519
1760005255792 9 38529
1760005256155 9 38539
1760005256522 9 38549
1760005256887 9 38559
1760005257250 9 38569
1760005257608 9 38579
1760005257961 9 38589
1760005258310 9 38599
1760005258659 9 38609
1760005259008 9 38619
1760005259361 9 38629
1760005259736 9 38639
1760005260085 9 38649
1760005260439 9 38659
1760005260790 9 38669
1760005261140 9 38679
1760005261506 9 38689
1760005261873 9 38699
1760005262228 9 38709
1760005262592 9 38719
1760005262943 9 38729
1760005263296 9 38739
1760005263655 9 38749
1760005264004 9 38759
1760005264353 9 38769
1760005264701 9 38779
1760005265054 9 38789
1760005265419 9 38799
1760005265783 9 38809
1760005266136 9 38819
1760005266488 9 38829
1760005266838 9 38839
1760005267206 9 38849
1760005267565 9 38859
1760005267934 9 38869
1760005268283 9 38879
1760005268643 9 38889
1760005269013 9 38899
1760005269365 9 38909
1760005269719 9 38919
1760005270080 9 38929
1760005270437 9 38939
1760005270796 9 38949
1760005271140 9 38959
1760005271489 9 38969
1760005271866 9 38979
1760005272217 9 38989
1760005272574 9 38999
1760005272931 9 39009
1760005273306 9 39019
1760005273655 9 39029
1760005274013 9 39039
1760005274362 9 39049
1760005274723 9 39059
1760005275078 9 39069
1760005275440 9 39079
1760005275795 9 39089
1760005276172 9 39099
1760005276533 9 39109
1760005276891 9 39119
1760005277250 9 39129
1760005277607 9 39139
1760005277966 9 39149
1760005278339 9 39159
1760005278697 9 39169
1760005279055 9 39179
1760005279433 9 39189
1760005279805 9 39199
1760005280166 9 39209
1760005280534 9 39219
1760005280897 9 39229
1760005281260 9 39239
1760005281636 9 39249
1760005282022 9 39259
1760005282391 9 39269
1760005282759 9 39279
1760005283128 9 39289
1760005283490 9 39299
1760005283855 9 39309
1760005284240 9 39319
1760005284603 9 39329
1760005284963 9 39339
1760005285417 9 39349
1760005285867 9 39359
1760005286232 9 39369
1760005286599 9 39379
1760005286970 9 39389
1760005287337 9 39399
1760005287696 9 39409
1760005288074 9 39419
1760005288445 9 39429
1760005288804 9 39439
1760005289154 9 39449
1760005289511 9 39459
1760005289859 9 39469
1760005290204 9 39479
1760005290565 9 39489
1760005290913 9 39499
1760005291262 9 39509
1760005291609 9 39519
1760005291959 9 39529
1760005292310 9 39539
1760005292660 9 39549
1760005293008 9 39559
1760005293361 9 39569
1760005293711 9 39579
1760005294077 9 39589
1760005294427 9 39599
1760005294778 9 39609
1760005295148 9 39619
1760005295530 9 39629
1760005295892 9 39639
1760005296260 9 39649
1760005296630 9 39659
1760005296998 9 39669
1760005297361 9 39679
1760005297730 9 39689
1760005298098 9 39699
1760005298466 9 39709
1760005298830 9 39719
1760005299196 9 39729
1760005299562 9 39739
1760005299929 9 39749
1760005300289 9 39759
1760005300662 9 39769
1760005301040 9 39779
1760005301407 9 39789
1760005301780 9 39799
1760005302153 9 39809
1760005302553 9 39819
1760005302940 9 39829
1760005303305 9 39839
1760005303670 9 39849
1760005304036 9 39859
1760005304403 9 39869
1760005304764 9 39879
1760005305129 9 39889
1760005305498 9 39899
1760005305866 9 39909
1760005306237 9 39919
1760005306594 9 39929
1760005306959 9 39939
1760005307336 9 39949
1760005307692 9 39959
1760005308054 9 39969
1760005308423 9 39979
1760005308792 9 39989
1760005309156 9 39999
1760005309517 9 40009
1760005309885 9 40019
1760005310254 9 40029
1760005310618 9 40039
1760005310979 9 40049
1760005311353 9 40059
1760005311719 9 40069
1760005312081 9 40079
1760005312443 9 40089
1760005312813 9 40099
1760005313183 9 40109
1760005313562 9 40119
1760005313926 9 40129
1760005314291 9 40139
1760005314663 9 40149
1760005315036 9 40159
1760005315401 9 40169
1760005315769 9 40179
1760005316146 9 40189
1760005316536 9 40199
1760005316895 9 40209
1760005317262 9 40219
1760005317634 9 40229
1760005318005 9 40239
1760005318376 9 40249
1760005318747 9 40259
1760005319612 9 40269
1760005319973 9 40279
1760005320328 9 40289
1760005320684 9 40299
1760005321039 9 40309
1760005321395 9 40319
1760005321755 9 40329
1760005322116 9 40339
1760005322468 9 40349
1760005322810 9 40359
1760005323151 9 40369
1760005323490 9 40379
1760005323828 9 40389
1760005333804 9 40389
1760005339955 10 40399
1760005340418 10 40409
1760005340781 10 40419
1760005341133 10 40429
1760005341491 10 40439
1760005341832 10 40449
1760005342166 10 40459
1760005342528 10 40469
1760005342885 10 40479
1760005343252 10 40489
1760005343595 10 40499
1760005343930 10 40509
1760005344272 10 40519
1760005344621 10 40529
1760005344980 10 40539
1760005345334 10 40549
1760005345693 10 40559
1760005346046 10 40569
1760005346375 10 40579
1760005346650 10 40589
1760005346881 10 40599
1760005347164 10 40609
1760005347433 10 40619
1760005347674 10 40629
1760005347945 10 40639
1760005348296 10 40649
1760005348662 10 40659
1760005349037 10 40669
1760005349389 10 40679
1760005349752 10 40689
1760005350101 10 40699
1760005350458 10 40709
1760005350815 10 40719
1760005351176 10 40729
1760005351539 10 40739
1760005351891 10 40749
1760005352248 10 40759
1760005352601 10 40769
1760005352949 10 40779
1760005353270 10 40789
1760005353603 10 40799
1760005353921 10 40809
1760005354212 10 40819
1760005354464 10 40829
1760005354690 10 40839
1760005354897 10 40849
1760005355146 10 40859
1760005355514 10 40869
1760005355869 10 40879
1760005356228 10 40889
1760005356587 10 40899
1760005356950 10 40909
1760005357302 10 40919
1760005357663 10 40929
1760005358021 10 40939
1760005358385 10 40949
1760005358754 10 40959
1760005359124 10 40969
1760005359491 10 40979
1760005359855 10 40989
1760005360211 10 40999
1760005360585 10 41009
1760005360955 10 41019
1760005361330 10 41029
1760005361691 10 41039
1760005362052 10 41049
1760005362414 10 41059
1760005362773 10 41069
1760005363131 10 41079
1760005363486 10 41089
1760005363854 10 41099
1760005364212 10 41109
1760005364575 10 41119
1760005364938 10 41129
1760005365305 10 41139
1760005365672 10 41149
1760005366034 10 41159
1760005366409 10 41169
1760005366774 10 41179
1760005367144 10 41189
1760005367506 10 41199
1760005367876 10 41209
1760005368244 10 41219
1760005368617 10 41229
1760005368978 10 41239
1760005369349 10 41249
1760005369724 10 41259
1760005370095 10 41269
1760005370456 10 41279
1760005370823 10 41289
1760005371186 10 41299
1760005371549 10 41309
1760005371906 10 41319
1760005372270 10 41329
1760005372633 10 41339
1760005372999 10 41349
1760005373360 10 41359
1760005373725 10 41369
1760005374095 10 41379
1760005374460 10 41389
1760005374823 10 41399
1760005375186 10 41409
1760005375545 10 41419
1760005375907 10 41429
1760005376274 10 41439
1760005376631 10 41449
1760005376998 10 41459
1760005377363 10 41469
1760005377725 10 41479
1760005378090 10 41489
1760005378455 10 41499
1760005378818 10 41509
1760005379179 10 41519
1760005379538 10 41529
1760005379907 10 41539
1760005380273 10 41549
1760005380633 10 41559
1760005380993 10 41569
1760005381360 10 41579
1760005381731 10 41589
1760005382091 10 41599
1760005382453 10 41609
1760005382813 10 41619
1760005383173 10 41629
1760005383555 10 41639
1760005383922 10 41649
1760005384292 10 41659
1760005384659 10 41669
1760005385022 10 41679
1760005385389 10 41689
1760005385761 10 41699
1760005386130 10 41709
1760005386494 10 41719
1760005386870 10 41729
1760005387233 10 41739
1760005387600 10 41749
1760005387961 10 41759
1760005388337 10 41769
1760005388701 10 41779
1760005389069 10 41789
1760005389431 10 41799
1760005389802 10 41809
1760005390170 10 41819
1760005390538 10 41829
1760005390904 10 41839
1760005391266 10 41849
1760005391642 10 41859
1760005392006 10 41869
1760005392368 10 41879
1760005392733 10 41889
1760005393098 10 41899
1760005393486 10 41909
1760005393857 10 41919
1760005394229 10 41929
1760005394607 10 41939
1760005394979 10 41949
1760005395352 10 41959
1760005395722 10 41969
1760005396094 10 41979
1760005396460 10 41989
1760005396835 10 41999
1760005397200 10 42009
1760005397573 10 42019
1760005397951 10 42029
1760005398320 10 42039
1760005398690 10 42049
1760005399050 10 42059
1760005399422 10 42069
1760005399786 10 42079
1760005400146 10 42089
1760005400511 10 42099
1760005400874 10 42109
1760005401234 10 42119
1760005401604 10 42129
1760005401983 10 42139
1760005402351 10 42149
1760005402709 10 42159
1760005403070 10 42169
1760005403446 10 42179
1760005403809 10 42189
1760005404173 10 42199
1760005404534 10 42209
1760005404907 10 42219
1760005405283 10 42229
1760005405656 10 42239
1760005406017 10 42249
1760005406390 10 42259
1760005406756 10 42269
1760005407120 10 42279
1760005407481 10 42289
1760005407848 10 42299
1760005408216 10 42309
1760005408593 10 42319
1760005408972 10 42329
1760005409345 10 42339
1760005409712 10 42349
1760005410081 10 42359
1760005410447 10 42369
1760005410819 10 42379
1760005411185 10 42389
1760005411553 10 42399
1760005411920 10 42409
1760005412293 10 42419
1760005412666 10 42429
1760005413035 10 42439
1760005413404 10 42449
1760005413783 10 42459
1760005414154 10 42469
1760005414527 10 42479
1760005414888 10 42489
1760005415258 10 42499
1760005415630 10 42509
1760005416018 10 42519
1760005416382 10 42529
1760005416746 10 42539
1760005417111 10 42549
1760005417484 10 42559
1760005417860 10 42569
1760005418235 10 42579
1760005418613 10 42589
1760005418977 10 42599
1760005419342 10 42609
1760005419706 10 42619
1760005420077 10 42629
1760005420458 10 42639
1760005420828 10 42649
1760005421197 10 42659
1760005421544 10 42669
1760005421902 10 42679
1760005422252 10 42689
1760005422611 10 42699
1760005422978 10 42709
1760005423345 10 42719
1760005423717 10 42729
1760005424084 10 42739
1760005424451 10 42749
1760005424819 10 42759
1760005425185 10 42769
1760005425555 10 42779
1760005425926 10 42789
1760005426294 10 42799
1760005426660 10 42809
1760005427025 10 42819
1760005427389 10 42829
1760005427760 10 42839
1760005428120 10 42849
1760005428480 10 42859
1760005428835 10 42869
1760005429199 10 42879
1760005429562 10 42889
1760005429926 10 42899
1760005430294 10 42909
1760005430658 10 42919
1760005431025 10 42929
1760005431396 10 42939
1760005431760 10 42949
1760005432124 10 42959
1760005432488 10 42969
1760005432861 10 42979
1760005433228 10 42989
1760005433596 10 42999
1760005433957 10 43009
1760005434320 10 43019
1760005434688 10 43029
1760005435052 10 43039
1760005435414 10 43049
1760005435773 10 43059
1760005436140 10 43069
1760005436506 10 43079
1760005436875 10 43089
1760005437241 10 43099
1760005437608 10 43109
1760005437984 10 43119
1760005438350 10 43129
1760005438710 10 43139
1760005439079 10 43149
1760005439445 10 43159
1760005439809 10 43169
1760005440177 10 43179
1760005440543 10 43189
1760005440909 10 43199
1760005441270 10 43209
1760005441645 10 43219
1760005442011 10 43229
1760005442381 10 43239
1760005442742 10 43249
1760005443107 10 43259
1760005443476 10 43269
1760005443845 10 43279
1760005444215 10 43289
1760005444585 10 43299
1760005444958 10 43309
1760005445327 10 43319
1760005445696 10 43329
1760005446065 10 43339
1760005446438 10 43349
1760005446809 10 43359
1760005447179 10 43369
1760005447550 10 43379
1760005447921 10 43389
1760005448293 10 43399
1760005448668 10 43409
1760005449030 10 43419
1760005449379 10 43429
1760005449731 10 43439
1760005450087 10 43449
1760005450436 10 43459
1760005450794 10 43469
1760005451143 10 43479
1760005451511 10 43489
1760005451873 10 43499
1760005452236 10 43509
1760005452618 10 43519
1760005452987 10 43529
1760005453359 10 43539
1760005453723 10 43549
1760005454090 10 43559
1760005454459 10 43569
1760005454827 10 43579
1760005455191 10 43589
1760005455564 10 43599
1760005455937 10 43609
1760005456305 10 43619
1760005456674 10 43629
1760005457037 10 43639
1760005457404 10 43649
1760005457758 10 43659
1760005458105 10 43669
1760005458457 10 43679
1760005458804 10 43689
1760005459154 10 43699
1760005459507 10 43709
1760005459861 10 43719
1760005460209 10 43729
1760005460571 10 43739
1760005460933 10 43749
1760005461287 10 43759
1760005461651 10 43769
1760005462012 10 43779
1760005462381 10 43789
1760005462748 10 43799
1760005463110 10 43809
1760005463468 10 43819
1760005463831 10 43829
1760005464194 10 43839
1760005464563 10 43849
1760005464926 10 43859
1760005465300 10 43869
1760005465667 10 43879
1760005466036 10 43889
1760005466406 10 43899
1760005466773 10 43909
1760005467145 10 43919
1760005467514 10 43929
1760005467887 10 43939
1760005468256 10 43949
1760005468634 10 43959
1760005469004 10 43969
1760005469371 10 43979
1760005469739 10 43989
1760005470102 10 43999
1760005470479 10 44009
1760005470841 10 44019
1760005471207 10 44029
1760005471568 10 44039
1760005471929 10 44049
1760005472305 10 44059
1760005472671 10 44069
1760005473035 10 44079
1760005473398 10 44089
1760005473761 10 44099
1760005474125 10 44109
1760005474487 10 44119
1760005474852 10 44129
1760005475218 10 44139
1760005475587 10 44149
1760005475947 10 44159
1760005476310 10 44169
1760005476681 10 44179
1760005477053 10 44189
1760005477415 10 44199
1760005477778 10 44209
1760005478147 10 44219
1760005478517 10 44229
1760005478882 10 44239
1760005479250 10 44249
1760005479616 10 44259
1760005479979 10 44269
1760005480343 10 44279
1760005480701 10 44289
1760005481071 10 44299
1760005481960 10 44309
1760005482322 10 44319
1760005482685 10 44329
1760005483056 10 44339
1760005483420 10 44349
1760005483785 10 44359
1760005484149 10 44369
1760005484520 10 44379
1760005484893 10 44389
1760005485255 10 44399
1760005485617 10 44409
1760005485978 10 44419
1760005538182 10 44428
1760005543343 11 44429
1760005543692 11 44439
1760005544043 11 44449
1760005544391 11 44459
1760005544750 11 44469
1760005545101 11 44479
1760005545446 11 44489
1760005545853 11 44499
1760005546189 11 44509
1760005546529 11 44519
1760005546866 11 44529
1760005547211 11 44539
1760005547562 11 44549
1760005547927 11 44559
1760005548291 11 44569
1760005548661 11 44579
1760005549042 11 44589
1760005549399 11 44599
1760005549774 11 44609
1760005550148 11 44619
1760005550523 11 44629
1760005550883 11 44639
1760005551236 11 44649
1760005551589 11 44659
1760005551945 11 44669
1760005552316 11 44679
1760005552678 11 44689
1760005553036 11 44699
1760005553400 11 44709
1760005553766 11 44719
1760005554134 11 44729
1760005554496 11 44739
1760005554839 11 44749
1760005555181 11 44759
1760005555526 11 44769
1760005555876 11 44779
1760005556224 11 44789
1760005556571 11 44799
1760005556917 11 44809
1760005557265 11 44819
1760005557623 11 44829
1760005557996 11 44839
1760005558359 11 44849
1760005558724 11 44859
1760005559083 11 44869
1760005559431 11 44879
1760005559747 11 44889
1760005560017 11 44899
1760005560277 11 44909
1760005560553 11 44919
1760005560849 11 44929
1760005561176 11 44939
1760005561554 11 44949
1760005561923 11 44959
1760005562305 11 44969
1760005562682 11 44979
1760005563071 11 44989
1760005563442 11 44999
1760005563824 11 45009
1760005564197 11 45019
1760005564580 11 45029
1760005564964 11 45039
1760005565344 11 45049
1760005565730 11 45059
1760005566100 11 45069
1760005566479 11 45079
1760005566852 11 45089
1760005567228 11 45099
1760005567602 11 45109
1760005567981 11 45119
1760005568347 11 45129
1760005568727 11 45139
1760005569097 11 45149
1760005569473 11 45159
1760005569846 11 45169
1760005570223 11 45179
1760005570590 11 45189
1760005570963 11 45199
1760005571340 11 45209
1760005571717 11 45219
1760005572096 11 45229
1760005572469 11 45239
1760005572844 11 45249
1760005573215 11 45259
1760005573589 11 45269
1760005573959 11 45279
1760005574330 11 45289
1760005574695 11 45299
1760005575065 11 45309
1760005575430 11 45319
1760005575799 11 45329
1760005576164 11 45339
1760005576536 11 45349
1760005576900 11 45359
1760005577267 11 45369
1760005577642 11 45379
1760005578003 11 45389
1760005578351 11 45399
1760005578698 11 45409
1760005579040 11 45419
1760005579382 11 45429
1760005579733 11 45439
1760005580083 11 45449
1760005580434 11 45459
1760005580784 11 45469
1760005581126 11 45479
1760005581469 11 45489
1760005581814 11 45499
1760005582165 11 45509
1760005582510 11 45519
1760005582856 11 45529
1760005583205 11 45539
1760005583555 11 45549
1760005583903 11 45559
1760005584253 11 45569
1760005584602 11 45579
1760005584947 11 45589
1760005585363 11 45599
1760005585767 11 45609
1760005586115 11 45619
1760005586501 11 45629
1760005586856 11 45639
1760005587211 11 45649
1760005587568 11 45659
1760005587925 11 45669
1760005588281 11 45679
1760005588634 11 45689
1760005588995 11 45699
1760005589348 11 45709
1760005589703 11 45719
1760005590062 11 45729
1760005590414 11 45739
1760005590767 11 45749
1760005591118 11 45759
1760005591431 11 45769
1760005591697 11 45779
1760005591926 11 45789
1760005592135 11 45799
1760005592339 11 45809
1760005592542 11 45819
1760005592749 11 45829
1760005592963 11 45839
1760005593175 11 45849
1760005593392 11 45859
1760005593701 11 45869
1760005594031 11 45879
1760005594390 11 45889
1760005594748 11 45899
1760005595109 11 45909
1760005595472 11 45919
1760005595830 11 45929
1760005596200 11 45939
1760005596595 11 45949
1760005596984 11 45959
1760005597359 11 45969
1760005597729 11 45979
1760005598090 11 45989
1760005598442 11 45999
1760005598803 11 46009
1760005599158 11 46019
1760005599513 11 46029
1760005599867 11 46039
1760005600255 11 46049
1760005600626 11 46059
1760005600997 11 46069
1760005601377 11 46079
1760005601756 11 46089
1760005602143 11 46099
1760005602497 11 46109
1760005602853 11 46119
1760005603206 11 46129
1760005603582 11 46139
1760005603941 11 46149
1760005604301 11 46159
1760005604648 11 46169
1760005605002 11 46179
1760005605354 11 46189
1760005605708 11 46199
1760005606065 11 46209
1760005606424 11 46219
1760005606775 11 46229
1760005607125 11 46239
1760005607487 11 46249
1760005607845 11 46259
1760005608196 11 46269
1760005608547 11 46279
1760005608916 11 46289
1760005609283 11 46299
1760005609644 11 46309
1760005610000 11 46319
1760005610378 11 46329
1760005610748 11 46339
1760005611106 11 46349
1760005611461 11 46359
1760005611816 11 46369
1760005612174 11 46379
1760005612536 11 46389
1760005612904 11 46399
1760005613275 11 46409
1760005613620 11 46419
1760005613977 11 46429
1760005614347 11 46439
1760005614719 11 46449
1760005615110 11 46459
1760005615494 11 46469
1760005615874 11 46479
1760005616256 11 46489
1760005616621 11 46499
1760005616993 11 46509
1760005617373 11 46519
1760005617757 11 46529
1760005618131 11 46539
1760005618499 11 46549
1760005618877 11 46559
1760005619263 11 46569
1760005619645 11 46579
1760005620028 11 46589
1760005620394 11 46599
1760005620757 11 46609
1760005621120 11 46619
1760005621485 11 46629
1760005621860 11 46639
1760005622228 11 46649
1760005622595 11 46659
1760005622965 11 46669
1760005623335 11 46679
1760005623701 11 46689
1760005624072 11 46699
1760005624437 11 46709
1760005624807 11 46719
1760005625173 11 46729
1760005625542 11 46739
1760005625904 11 46749
1760005626267 11 46759
1760005626637 11 46769
1760005627003 11 46779
1760005627371 11 46789
1760005627735 11 46799
1760005628108 11 46809
1760005628470 11 46819
1760005628844 11 46829
1760005629215 11 46839
1760005629588 11 46849
1760005629954 11 46859
1760005630327 11 46869
1760005630699 11 46879
1760005631069 11 46889
1760005631441 11 46899
1760005631811 11 46909
1760005632177 11 46919
1760005632547 11 46929
1760005632925 11 46939
1760005633301 11 46949
1760005633677 11 46959
1760005634048 11 46969
1760005634418 11 46979
1760005634786 11 46989
1760005635155 11 46999
1760005635525 11 47009
1760005635890 11 47019
1760005636253 11 47029
1760005636624 11 47039
1760005636999 11 47049
1760005637377 11 47059
1760005637755 11 47069
1760005638130 11 47079
1760005638503 11 47089
1760005638881 11 47099
1760005639251 11 47109
1760005639617 11 47119
1760005639980 11 47129
1760005640347 11 47139
1760005640720 11 47149
1760005641083 11 47159
1760005641455 11 47169
1760005641815 11 47179
1760005642183 11 47189
1760005642553 11 47199
1760005642934 11 47209
1760005643316 11 47219
1760005643694 11 47229
1760005644058 11 47239
1760005644461 11 47249
1760005644855 11 47259
1760005645222 11 47269
1760005645582 11 47279
1760005645944 11 47289
1760005646314 11 47299
1760005646684 11 47309
1760005647054 11 47319
1760005647419 11 47329
1760005647786 11 47339
1760005648160 11 47349
1760005648528 11 47359
1760005648898 11 47369
1760005649274 11 47379
1760005649633 11 47389
1760005649996 11 47399
1760005650367 11 47409
1760005650746 11 47419
1760005651118 11 47429
1760005651490 11 47439
1760005651861 11 47449
1760005652233 11 47459
1760005652602 11 47469
1760005652972 11 47479
1760005653347 11 47489
1760005653718 11 47499
1760005654090 11 47509
1760005654460 11 47519
1760005654831 11 47529
1760005655202 11 47539
1760005655572 11 47549
1760005655947 11 47559
1760005656304 11 47569
1760005656667 11 47579
1760005657045 11 47589
1760005657415 11 47599
1760005657781 11 47609
1760005658145 11 47619
1760005658509 11 47629
1760005658885 11 47639
1760005659251 11 47649
1760005659617 11 47659
1760005659983 11 47669
1760005660352 11 47679
1760005660715 11 47689
1760005661091 11 47699
1760005661476 11 47709
1760005661844 11 47719
1760005662211 11 47729
1760005662584 11 47739
1760005662962 11 47749
1760005663332 11 47759
1760005663703 11 47769
1760005664073 11 47779
1760005664434 11 47789
1760005664821 11 47799
1760005665195 11 47809
1760005665564 11 47819
1760005665926 11 47829
1760005666290 11 47839
1760005666667 11 47849
1760005667032 11 47859
1760005667399 11 47869
1760005667768 11 47879
1760005668131 11 47889
1760005668507 11 47899
1760005668879 11 47909
1760005669250 11 47919
1760005669623 11 47929
1760005670006 11 47939
1760005670378 11 47949
1760005670749 11 47959
1760005671120 11 47969
1760005671493 11 47979
1760005671865 11 47989
1760005672242 11 47999
1760005672617 11 48009
1760005672988 11 48019
1760005673360 11 48029
1760005673732 11 48039
1760005674086 11 48049
1760005674433 11 48059
1760005674791 11 48069
1760005675148 11 48079
1760005675497 11 48089
1760005675843 11 48099
1760005676190 11 48109
1760005676542 11 48119
1760005676891 11 48129
1760005677232 11 48139
1760005677529 11 48149
1760005677882 11 48159
1760005678245 11 48169
1760005678609 11 48179
1760005678964 11 48189
1760005679312 11 48199
1760005679669 11 48209
1760005680021 11 48219
1760005680380 11 48229
1760005680744 11 48239
1760005681103 11 48249
1760005681463 11 48259
1760005681815 11 48269
1760005682169 11 48279
1760005682539 11 48289
1760005682891 11 48299
1760005683248 11 48309
1760005683598 11 48319
1760005683944 11 48329
1760005684295 11 48339
1760005685175 11 48349
1760005685518 11 48359
1760005685861 11 48369
1760005686219 11 48379
1760005686581 11 48389
1760005686943 11 48399
1760005687299 11 48409
1760005687656 11 48419
1760005688013 11 48429
1760005688376 11 48439
1760005688739 11 48449
1760005689098 11 48459
1760005699131 11 48467
1760005704590 12 48469
1760005704879 12 48479
1760005705168 12 48489
1760005705490 12 48499
1760005705840 12 48509
1760005706212 12 48519
1760005706588 12 48529
1760005706981 12 48539
1760005707335 12 48549
1760005707692 12 48559
1760005708044 12 48569
1760005708420 12 48579
1760005708769 12 48589
1760005709127 12 48599
1760005709496 12 48609
1760005709858 12 48619
1760005710232 12 48629
1760005710593 12 48639
1760005710958 12 48649
1760005711325 12 48659
1760005711691 12 48669
1760005712062 12 48679
1760005712433 12 48689
1760005712839 12 48699
1760005713213 12 48709
1760005713585 12 48719
1760005713952 12 48729
1760005714323 12 48739
1760005714695 12 48749
1760005715068 12 48759
1760005715444 12 48769
1760005715812 12 48779
1760005716187 12 48789
1760005716571 12 48799
1760005716946 12 48809
1760005717326 12 48819
1760005717695 12 48829
1760005718074 12 48839
1760005718446 12 48849
1760005718819 12 48859
1760005719192 12 48869
1760005719570 12 48879
1760005719930 12 48889
1760005720302 12 48899
1760005720678 12 48909
1760005721055 12 48919
1760005721442 12 48929
1760005721809 12 48939
1760005722181 12 48949
1760005722560 12 48959
1760005722942 12 48969
1760005723317 12 48979
1760005723675 12 48989
1760005724033 12 48999
1760005724393 12 49009
1760005724749 12 49019
1760005725113 12 49029
1760005725469 12 49039
1760005725821 12 49049
1760005726179 12 49059
1760005726530 12 49069
1760005726880 12 49079
1760005727239 12 49089
1760005727589 12 49099
1760005727939 12 49109
1760005728297 12 49119
1760005728643 12 49129
1760005728992 12 49139
1760005729362 12 49149
1760005729754 12 49159
1760005730125 12 49169
1760005730495 12 49179
1760005730859 12 49189
1760005731225 12 49199
1760005731590 12 49209
1760005731951 12 49219
1760005732312 12 49229
1760005732680 12 49239
1760005733036 12 49249
1760005733404 12 49259
1760005733783 12 49269
1760005734151 12 49279
1760005734511 12 49289
1760005734873 12 49299
1760005735236 12 49309
1760005735599 12 49319
1760005735964 12 49329
1760005736337 12 49339
1760005736697 12 49349
1760005737057 12 49359
1760005737421 12 49369
1760005737791 12 49379
1760005738168 12 49389
1760005738529 12 49399
1760005738891 12 49409
1760005739255 12 49419
1760005739622 12 49429
1760005739986 12 49439
1760005740354 12 49449
1760005740721 12 49459
1760005741087 12 49469
1760005741453 12 49479
1760005741817 12 49489
1760005742185 12 49499
1760005742553 12 49509
1760005742923 12 49519
1760005743287 12 49529
1760005743654 12 49539
1760005744029 12 49549
1760005744397 12 49559
1760005744765 12 49569
1760005745135 12 49579
1760005745500 12 49589
1760005745872 12 49599
1760005746247 12 49609
1760005746611 12 49619
1760005746977 12 49629
1760005747342 12 49639
1760005747709 12 49649
1760005748089 12 49659
1760005748484 12 49669
1760005748842 12 49679
1760005749191 12 49689
1760005749550 12 49699
1760005749907 12 49709
1760005750263 12 49719
1760005750625 12 49729
1760005750985 12 49739
1760005751350 12 49749
1760005751709 12 49759
1760005752067 12 49769
1760005752420 12 49779
1760005752798 12 49789
1760005753186 12 49799
1760005753543 12 49809
1760005753909 12 49819
1760005754275 12 49829
1760005754641 12 49839
1760005755017 12 49849
1760005755388 12 49859
1760005755753 12 49869
1760005756117 12 49879
1760005756483 12 49889
1760005756846 12 49899
1760005757211 12 49909
1760005757578 12 49919
1760005757954 12 49929
1760005758331 12 49939
1760005758708 12 49949
1760005759078 12 49959
1760005759445 12 49969
1760005759814 12 49979
1760005760191 12 49989
1760005760570 12 49999
1760005760940 12 50009
1760005761315 12 50019
1760005761682 12 50029
1760005762048 12 50039
1760005762417 12 50049
1760005762793 12 50059
1760005763156 12 50069
1760005763522 12 50079
1760005763886 12 50089
1760005764246 12 50099
1760005764610 12 50109
1760005764986 12 50119
1760005765364 12 50129
1760005765730 12 50139
1760005766099 12 50149
1760005766459 12 50159
1760005766821 12 50169
1760005767197 12 50179
1760005767566 12 50189
1760005767935 12 50199
1760005768304 12 50209
1760005768665 12 50219
1760005769035 12 50229
1760005769409 12 50239
1760005769778 12 50249
1760005770143 12 50259
1760005770517 12 50269
1760005770897 12 50279
1760005771265 12 50289
1760005771640 12 50299
1760005772026 12 50309
1760005772408 12 50319
1760005772778 12 50329
1760005773162 12 50339
1760005773533 12 50349
1760005773906 12 50359
1760005774292 12 50369
1760005774676 12 50379
1760005775048 12 50389
1760005775415 12 50399
1760005775778 12 50409
1760005776139 12 50419
1760005776499 12 50429
1760005776867 12 50439
1760005777232 12 50449
1760005777592 12 50459
1760005777951 12 50469
1760005778301 12 50479
1760005778652 12 50489
1760005779020 12 50499
1760005779394 12 50509
1760005779781 12 50519
1760005780150 12 50529
1760005780511 12 50539
1760005780884 12 50549
1760005781256 12 50559
1760005781623 12 50569
1760005781986 12 50579
1760005782346 12 50589
1760005782716 12 50599
1760005783092 12 50609
1760005783467 12 50619
1760005783860 12 50629
1760005784255 12 50639
1760005784643 12 50649
1760005785012 12 50659
1760005785396 12 50669
1760005785762 12 50679
1760005786135 12 50689
1760005786513 12 50699
1760005786889 12 50709
1760005787254 12 50719
1760005787617 12 50729
1760005787988 12 50739
1760005788353 12 50749
1760005788715 12 50759
1760005789091 12 50769
1760005789451 12 50779
1760005789812 12 50789
1760005790191 12 50799
1760005790568 12 50809
1760005790933 12 50819
1760005791286 12 50829
1760005791639 12 50839
1760005791991 12 50849
1760005792376 12 50859
1760005792741 12 50869
1760005793105 12 50879
1760005793462 12 50889
1760005793826 12 50899
1760005794194 12 50909
1760005794557 12 50919
1760005794915 12 50929
1760005795270 12 50939
1760005795630 12 50949
1760005795990 12 50959
1760005796363 12 50969
1760005796728 12 50979
1760005797093 12 50989
1760005797458 12 50999
1760005797817 12 51009
1760005798178 12 51019
1760005798541 12 51029
1760005798902 12 51039
1760005799268 12 51049
1760005799620 12 51059
1760005799973 12 51069
1760005800325 12 51079
1760005800682 12 51089
1760005801045 12 51099
1760005801401 12 51109
1760005801750 12 51119
1760005802104 12 51129
1760005802456 12 51139
1760005802812 12 51149
1760005803176 12 51159
1760005803527 12 51169
1760005803880 12 51179
1760005804229 12 51189
1760005804586 12 51199
1760005804944 12 51209
1760005805300 12 51219
1760005805664 12 51229
1760005806016 12 51239
1760005806375 12 51249
1760005806734 12 51259
1760005807093 12 51269
1760005807451 12 51279
1760005807777 12 51289
1760005808051 12 51299
1760005808286 12 51309
1760005808499 12 51319
1760005808717 12 51329
1760005808939 12 51339
1760005809209 12 51349
1760005809592 12 51359
1760005809965 12 51369
1760005810340 12 51379
1760005810717 12 51389
1760005811099 12 51399
1760005811474 12 51409
1760005811859 12 51419
1760005812231 12 51429
1760005812603 12 51439
1760005812981 12 51449
1760005813354 12 51459
1760005813715 12 51469
1760005814075 12 51479
1760005814419 12 51489
1760005814775 12 51499
1760005815131 12 51509
1760005815481 12 51519
1760005815827 12 51529
1760005816178 12 51539
1760005816530 12 51549
1760005816879 12 51559
1760005817242 12 51569
1760005817591 12 51579
1760005817938 12 51589
1760005818287 12 51599
1760005818633 12 51609
1760005818975 12 51619
1760005819324 12 51629
1760005819673 12 51639
1760005820027 12 51649
1760005820378 12 51659
1760005820733 12 51669
1760005821096 12 51679
1760005821459 12 51689
1760005821825 12 51699
1760005822199 12 51709
1760005822564 12 51719
1760005822934 12 51729
1760005823310 12 51739
1760005823678 12 51749
1760005824044 12 51759
1760005824413 12 51769
1760005824785 12 51779
1760005825152 12 51789
1760005825523 12 51799
1760005825897 12 51809
1760005826268 12 51819
1760005826649 12 51829
1760005827017 12 51839
1760005827388 12 51849
1760005827764 12 51859
1760005828145 12 51869
1760005828522 12 51879
1760005828900 12 51889
1760005829268 12 51899
1760005829633 12 51909
1760005829999 12 51919
1760005830372 12 51929
1760005830742 12 51939
1760005831108 12 51949
1760005831484 12 51959
1760005831850 12 51969
1760005832215 12 51979
1760005832581 12 51989
1760005832971 12 51999
1760005833338 12 52009
1760005833705 12 52019
1760005834077 12 52029
1760005834439 12 52039
1760005834789 12 52049
1760005835145 12 52059
1760005835493 12 52069
1760005835853 12 52079
1760005836203 12 52089
1760005836551 12 52099
1760005836901 12 52109
1760005837252 12 52119
1760005837602 12 52129
1760005837968 12 52139
1760005838318 12 52149
1760005838669 12 52159
1760005839021 12 52169
1760005839370 12 52179
1760005839725 12 52189
1760005840079 12 52199
1760005840439 12 52209
1760005840790 12 52219
1760005841141 12 52229
1760005841493 12 52239
1760005841863 12 52249
1760005842233 12 52259
1760005842604 12 52269
1760005842970 12 52279
1760005843338 12 52289
1760005843711 12 52299
1760005844085 12 52309
1760005844451 12 52319
1760005844821 12 52329
1760005845187 12 52339
1760005845552 12 52349
1760005845914 12 52359
1760005846283 12 52369
1760005847157 12 52379
1760005847514 12 52389
1760005847868 12 52399
1760005848222 12 52409
1760005848576 12 52419
1760005848936 12 52429
1760005849297 12 52439
1760005849656 12 52449
1760005850015 12 52459
1760005850375 12 52469
1760005850735 12 52479
1760005851096 12 52489
1760005851454 12 52499
1760005860829 12 52506
1760005866487 13 52509
1760005866841 13 52519
1760005867199 13 52529
1760005867549 13 52539
1760005867904 13 52549
1760005868262 13 52559
1760005868652 13 52569
1760005869016 13 52579
1760005869384 13 52589
1760005869768 13 52599
1760005870124 13 52609
1760005870484 13 52619
1760005870846 13 52629
1760005871215 13 52639
1760005871584 13 52649
1760005871953 13 52659
1760005872329 13 52669
1760005872698 13 52679
1760005873072 13 52689
1760005873445 13 52699
1760005873820 13 52709
1760005874196 13 52719
1760005874571 13 52729
1760005874944 13 52739
1760005875323 13 52749
1760005875693 13 52759
1760005876069 13 52769
1760005876439 13 52779
1760005876809 13 52789
1760005877179 13 52799
1760005877548 13 52809
1760005877924 13 52819
1760005878292 13 52829
1760005878645 13 52839
1760005879009 13 52849
1760005879374 13 52859
1760005879730 13 52869
1760005880098 13 52879
1760005880471 13 52889
1760005880843 13 52899
1760005881219 13 52909
1760005881592 13 52919
1760005881970 13 52929
1760005882341 13 52939
1760005882712 13 52949
1760005883082 13 52959
1760005883456 13 52969
1760005883827 13 52979
1760005884201 13 52989
1760005884580 13 52999
1760005884955 13 53009
1760005885421 13 53019
1760005885856 13 53029
1760005886233 13 53039
1760005886606 13 53049
1760005886984 13 53059
1760005887357 13 53069
1760005887728 13 53079
1760005888098 13 53089
1760005888474 13 53099
1760005888847 13 53109
1760005889222 13 53119
1760005889601 13 53129
1760005889978 13 53139
1760005890350 13 53149
1760005890727 13 53159
1760005891103 13 53169
1760005891477 13 53179
1760005891856 13 53189
1760005892230 13 53199
1760005892605 13 53209
1760005892979 13 53219
1760005893357 13 53229
1760005893733 13 53239
1760005894114 13 53249
1760005894487 13 53259
1760005894865 13 53269
1760005895242 13 53279
1760005895621 13 53289
1760005895997 13 53299
1760005896375 13 53309
1760005896748 13 53319
1760005897124 13 53329
1760005897494 13 53339
1760005897874 13 53349
1760005898253 13 53359
1760005898631 13 53369
1760005899006 13 53379
1760005899382 13 53389
1760005899773 13 53399
1760005900152 13 53409
1760005900537 13 53419
1760005900908 13 53429
1760005901278 13 53439
1760005901649 13 53449
1760005902028 13 53459
1760005902401 13 53469
1760005902772 13 53479
1760005903145 13 53489
1760005903520 13 53499
1760005903896 13 53509
1760005904268 13 53519
1760005904638 13 53529
1760005905012 13 53539
1760005905385 13 53549
1760005905756 13 53559
1760005906125 13 53569
1760005906497 13 53579
1760005906868 13 53589
1760005907240 13 53599
1760005907608 13 53609
1760005907976 13 53619
1760005908349 13 53629
1760005908718 13 53639
1760005909089 13 53649
1760005909459 13 53659
1760005909828 13 53669
1760005910198 13 53679
1760005910574 13 53689
1760005910945 13 53699
1760005911323 13 53709
1760005911694 13 53719
1760005912067 13 53729
1760005912437 13 53739
1760005912808 13 53749
1760005913183 13 53759
1760005913554 13 53769
1760005913925 13 53779
1760005914296 13 53789
1760005914666 13 53799
1760005915041 13 53809
1760005915415 13 53819
1760005915787 13 53829
1760005916160 13 53839
1760005916537 13 53849
1760005916912 13 53859
1760005917288 13 53869
1760005917659 13 53879
1760005918029 13 53889
1760005918399 13 53899
1760005918770 13 53909
1760005919140 13 53919
1760005919522 13 53929
1760005919896 13 53939
1760005920273 13 53949
1760005920645 13 53959
1760005921017 13 53969
1760005921391 13 53979
1760005921771 13 53989
1760005922144 13 53999
1760005922523 13 54009
1760005922896 13 54019
1760005923274 13 54029
1760005923652 13 54039
1760005924029 13 54049
1760005924410 13 54059
1760005924785 13 54069
1760005925163 13 54079
1760005925542 13 54089
1760005925921 13 54099
1760005926299 13 54109
1760005926682 13 54119
1760005927063 13 54129
1760005927445 13 54139
1760005927825 13 54149
1760005928198 13 54159
1760005928569 13 54169
1760005928941 13 54179
1760005929314 13 54189
1760005929695 13 54199
1760005930068 13 54209
1760005930440 13 54219
1760005930815 13 54229
1760005931188 13 54239
1760005931561 13 54249
1760005931936 13 54259
1760005932318 13 54269
1760005932691 13 54279
1760005933066 13 54289
1760005933437 13 54299
1760005933811 13 54309
1760005934186 13 54319
1760005934569 13 54329
1760005934945 13 54339
1760005935319 13 54349
1760005935706 13 54359
1760005936080 13 54369
1760005936462 13 54379
1760005936840 13 54389
1760005937214 13 54399
1760005937594 13 54409
1760005937975 13 54419
1760005938347 13 54429
1760005938724 13 54439
1760005939103 13 54449
1760005939480 13 54459
1760005939852 13 54469
1760005940222 13 54479
1760005940605 13 54489
1760005940981 13 54499
1760005941358 13 54509
1760005941732 13 54519
1760005942110 13 54529
1760005942481 13 54539
1760005942853 13 54549
1760005943223 13 54559
1760005943594 13 54569
1760005943966 13 54579
1760005944341 13 54589
1760005944709 13 54599
1760005945074 13 54609
1760005945447 13 54619
1760005945801 13 54629
1760005946160 13 54639
1760005946529 13 54649
1760005946895 13 54659
1760005947264 13 54669
1760005947635 13 54679
1760005948004 13 54689
1760005948374 13 54699
1760005948743 13 54709
1760005949113 13 54719
1760005949483 13 54729
1760005949855 13 54739
1760005950226 13 54749
1760005950597 13 54759
1760005950965 13 54769
1760005951335 13 54779
1760005951703 13 54789
1760005952071 13 54799
1760005952443 13 54809
1760005952812 13 54819
1760005953181 13 54829
1760005953550 13 54839
1760005953921 13 54849
1760005954289 13 54859
1760005954660 13 54869
1760005955031 13 54879
1760005955403 13 54889
1760005955772 13 54899
1760005956143 13 54909
1760005956515 13 54919
1760005956886 13 54929
1760005957258 13 54939
1760005957629 13 54949
1760005958002 13 54959
1760005958360 13 54969
1760005958717 13 54979
1760005959075 13 54989
1760005959436 13 54999
1760005959798 13 55009
1760005960162 13 55019
1760005960527 13 55029
1760005960890 13 55039
1760005961255 13 55049
1760005961620 13 55059
1760005961987 13 55069
1760005962347 13 55079
1760005962707 13 55089
1760005963070 13 55099
1760005963435 13 55109
1760005963802 13 55119
1760005964166 13 55129
1760005964532 13 55139
1760005964890 13 55149
1760005965209 13 55159
1760005965476 13 55169
1760005965704 13 55179
1760005965917 13 55189
1760005966129 13 55199
1760005966432 13 55209
1760005966766 13 55219
1760005967123 13 55229
1760005967496 13 55239
1760005967874 13 55249
1760005968248 13 55259
1760005968606 13 55269
1760005968960 13 55279
1760005969314 13 55289
1760005969669 13 55299
1760005970025 13 55309
1760005970385 13 55319
1760005970741 13 55329
1760005971092 13 55339
1760005971452 13 55349
1760005971810 13 55359
1760005972173 13 55369
1760005972534 13 55379
1760005972890 13 55389
1760005973244 13 55399
1760005973604 13 55409
1760005973959 13 55419
1760005974319 13 55429
1760005974672 13 55439
1760005975039 13 55449
1760005975408 13 55459
1760005975776 13 55469
1760005976146 13 55479
1760005976513 13 55489
1760005976887 13 55499
1760005977253 13 55509
1760005977634 13 55519
1760005978008 13 55529
1760005978379 13 55539
1760005978749 13 55549
1760005979117 13 55559
1760005979485 13 55569
1760005979857 13 55579
1760005980231 13 55589
1760005980598 13 55599
1760005980980 13 55609
1760005981356 13 55619
1760005981724 13 55629
1760005982095 13 55639
1760005982465 13 55649
1760005982837 13 55659
1760005983220 13 55669
1760005983597 13 55679
1760005983976 13 55689
1760005984348 13 55699
1760005984718 13 55709
1760005985091 13 55719
1760005985473 13 55729
1760005985851 13 55739
1760005986229 13 55749
1760005986605 13 55759
1760005986980 13 55769
1760005987357 13 55779
1760005987739 13 55789
1760005988126 13 55799
1760005988509 13 55809
1760005988892 13 55819
1760005989262 13 55829
1760005989629 13 55839
1760005989998 13 55849
1760005990369 13 55859
1760005990743 13 55869
1760005991121 13 55879
1760005991494 13 55889
1760005991863 13 55899
1760005992234 13 55909
1760005992602 13 55919
1760005992973 13 55929
1760005993346 13 55939
1760005993718 13 55949
1760005994089 13 55959
1760005994461 13 55969
1760005994830 13 55979
1760005995202 13 55989
1760005995576 13 55999
1760005995948 13 56009
1760005996323 13 56019
1760005996696 13 56029
1760005997072 13 56039
1760005997454 13 56049
1760005997837 13 56059
1760005998219 13 56069
1760005998599 13 56079
1760005998980 13 56089
1760005999362 13 56099
1760005999742 13 56109
1760006000117 13 56119
1760006000492 13 56129
1760006000866 13 56139
1760006001243 13 56149
1760006001619 13 56159
1760006001993 13 56169
1760006002367 13 56179
1760006002740 13 56189
1760006003115 13 56199
1760006003488 13 56209
1760006003863 13 56219
1760006004237 13 56229
1760006004607 13 56239
1760006004975 13 56249
1760006005341 13 56259
1760006005708 13 56269
1760006006076 13 56279
1760006006441 13 56289
1760006006806 13 56299
1760006007174 13 56309
1760006007547 13 56319
1760006007918 13 56329
1760006008278 13 56339
1760006008632 13 56349
1760006008986 13 56359
1760006009350 13 56369
1760006009708 13 56379
1760006010063 13 56389
1760006010420 13 56399
1760006010776 13 56409
1760006011645 13 56419
1760006011995 13 56429
1760006012342 13 56439
1760006012690 13 56449
1760006013038 13 56459
1760006013386 13 56469
1760006013737 13 56479
1760006014088 13 56489
1760006014437 13 56499
1760006014787 13 56509
1760006015136 13 56519
1760006015484 13 56529
1760006015831 13 56539
1760006025002 13 56545
1760006029745 14 56549
1760006030124 14 56559
1760006030512 14 56569
1760006030905 14 56579
1760006031296 14 56589
1760006031666 14 56599
1760006032108 14 56609
1760006032473 14 56619
1760006032831 14 56629
1760006033190 14 56639
1760006033549 14 56649
1760006033909 14 56659
1760006034297 14 56669
1760006034657 14 56679
1760006035029 14 56689
1760006035400 14 56699
1760006035768 14 56709
1760006036149 14 56719
1760006036526 14 56729
1760006036903 14 56739
1760006037278 14 56749
1760006037644 14 56759
1760006038023 14 56769
1760006038394 14 56779
1760006038765 14 56789
1760006039148 14 56799
1760006039530 14 56809
1760006039907 14 56819
1760006040290 14 56829
1760006040655 14 56839
1760006041027 14 56849
1760006041400 14 56859
1760006041791 14 56869
1760006042165 14 56879
1760006042538 14 56889
1760006042904 14 56899
1760006043262 14 56909
1760006043630 14 56919
1760006043987 14 56929
1760006044360 14 56939
1760006044728 14 56949
1760006045098 14 56959
1760006045468 14 56969
1760006045836 14 56979
1760006046206 14 56989
1760006046574 14 56999
1760006046942 14 57009
1760006047312 14 57019
1760006047680 14 57029
1760006048055 14 57039
1760006048421 14 57049
1760006048793 14 57059
1760006049164 14 57069
1760006049534 14 57079
1760006049911 14 57089
1760006050270 14 57099
1760006050629 14 57109
1760006050985 14 57119
1760006051338 14 57129
1760006051697 14 57139
1760006052049 14 57149
1760006052409 14 57159
1760006052760 14 57169
1760006053112 14 57179
1760006053463 14 57189
1760006053818 14 57199
1760006054174 14 57209
1760006054526 14 57219
1760006054879 14 57229
1760006055243 14 57239
1760006055597 14 57249
1760006055956 14 57259
1760006056314 14 57269
1760006056670 14 57279
1760006057034 14 57289
1760006057392 14 57299
1760006057753 14 57309
1760006058109 14 57319
1760006058483 14 57329
1760006058847 14 57339
1760006059214 14 57349
1760006059579 14 57359
1760006059935 14 57369
1760006060288 14 57379
1760006060644 14 57389
1760006060998 14 57399
1760006061352 14 57409
1760006061703 14 57419
1760006062073 14 57429
1760006062425 14 57439
1760006062784 14 57449
1760006063140 14 57459
1760006063496 14 57469
1760006063851 14 57479
1760006064207 14 57489
1760006064564 14 57499
1760006064917 14 57509
1760006065273 14 57519
1760006065627 14 57529
1760006065990 14 57539
1760006066352 14 57549
1760006066714 14 57559
1760006067072 14 57569
1760006067438 14 57579
1760006067796 14 57589
1760006068161 14 57599
1760006068522 14 57609
1760006068883 14 57619
1760006069250 14 57629
1760006069622 14 57639
1760006069981 14 57649
1760006070337 14 57659
1760006070709 14 57669
1760006071070 14 57679
1760006071432 14 57689
1760006071794 14 57699
1760006072156 14 57709
1760006072511 14 57719
1760006072881 14 57729
1760006073246 14 57739
1760006073619 14 57749
1760006073983 14 57759
1760006074353 14 57769
1760006074716 14 57779
1760006075079 14 57789
1760006075441 14 57799
1760006075806 14 57809
1760006076177 14 57819
1760006076549 14 57829
1760006076915 14 57839
1760006077280 14 57849
1760006077641 14 57859
1760006078014 14 57869
1760006078381 14 57879
1760006078752 14 57889
1760006079121 14 57899
1760006079491 14 57909
1760006079856 14 57919
1760006080224 14 57929
1760006080596 14 57939
1760006080964 14 57949
1760006081333 14 57959
1760006081708 14 57969
1760006082076 14 57979
1760006082445 14 57989
1760006082817 14 57999
1760006083187 14 58009
1760006083553 14 58019
1760006083908 14 58029
1760006084266 14 58039
1760006084623 14 58049
1760006084987 14 58059
1760006085358 14 58069
1760006085719 14 58079
1760006086090 14 58089
1760006086468 14 58099
1760006086841 14 58109
1760006087214 14 58119
1760006087590 14 58129
1760006087969 14 58139
1760006088352 14 58149
1760006088741 14 58159
1760006089126 14 58169
1760006089503 14 58179
1760006089885 14 58189
1760006090262 14 58199
1760006090635 14 58209
1760006090994 14 58219
1760006091354 14 58229
1760006091710 14 58239
1760006092072 14 58249
1760006092452 14 58259
1760006092831 14 58269
1760006093195 14 58279
1760006093559 14 58289
1760006093921 14 58299
1760006094285 14 58309
1760006094643 14 58319
1760006095009 14 58329
1760006095366 14 58339
1760006095724 14 58349
1760006096094 14 58359
1760006096452 14 58369
1760006096812 14 58379
1760006097170 14 58389
1760006097530 14 58399
1760006097892 14 58409
1760006098250 14 58419
1760006098614 14 58429
1760006098977 14 58439
1760006099336 14 58449
1760006099698 14 58459
1760006100049 14 58469
1760006100405 14 58479
1760006100761 14 58489
1760006101124 14 58499
1760006101474 14 58509
1760006101843 14 58519
1760006102196 14 58529
1760006102551 14 58539
1760006102923 14 58549
1760006103301 14 58559
1760006103666 14 58569
1760006103992 14 58579
1760006104261 14 58589
1760006104493 14 58599
1760006104704 14 58609
1760006105039 14 58619
1760006105365 14 58629
1760006105733 14 58639
1760006106117 14 58649
1760006106477 14 58659
1760006106841 14 58669
1760006107199 14 58679
1760006107560 14 58689
1760006107927 14 58699
1760006108291 14 58709
1760006108660 14 58719
1760006109020 14 58729
1760006109400 14 58739
1760006109766 14 58749
1760006110154 14 58759
1760006110539 14 58769
1760006110904 14 58779
1760006111289 14 58789
1760006111673 14 58799
1760006112038 14 58809
1760006112425 14 58819
1760006112809 14 58829
1760006113178 14 58839
1760006113550 14 58849
1760006113933 14 58859
1760006114292 14 58869
1760006114672 14 58879
1760006115054 14 58889
1760006115410 14 58899
1760006115797 14 58909
1760006116150 14 58919
1760006116509 14 58929
1760006116857 14 58939
1760006117204 14 58949
1760006117553 14 58959
1760006117909 14 58969
1760006118254 14 58979
1760006118608 14 58989
1760006118967 14 58999
1760006119329 14 59009
1760006119682 14 59019
1760006120037 14 59029
1760006120391 14 59039
1760006120744 14 59049
1760006121096 14 59059
1760006121450 14 59069
1760006121800 14 59079
1760006122153 14 59089
1760006122508 14 59099
1760006122859 14 59109
1760006123212 14 59119
1760006123563 14 59129
1760006123916 14 59139
1760006124269 14 59149
1760006124627 14 59159
1760006124979 14 59169
1760006125332 14 59179
1760006125687 14 59189
1760006126040 14 59199
1760006126393 14 59209
1760006126744 14 59219
1760006127107 14 59229
1760006127472 14 59239
1760006127826 14 59249
1760006128185 14 59259
1760006128550 14 59269
1760006128901 14 59279
1760006129253 14 59289
1760006129604 14 59299
1760006129964 14 59309
1760006130316 14 59319
1760006130667 14 59329
1760006131021 14 59339
1760006131374 14 59349
1760006131724 14 59359
1760006132076 14 59369
1760006132437 14 59379
1760006132790 14 59389
1760006133150 14 59399
1760006133503 14 59409
1760006133857 14 59419
1760006134206 14 59429
1760006134562 14 59439
1760006134920 14 59449
1760006135279 14 59459
1760006135603 14 59469
1760006135899 14 59479
1760006136140 14 59489
1760006136363 14 59499
1760006136582 14 59509
1760006136803 14 59519
1760006137024 14 59529
1760006137350 14 59539
1760006137679 14 59549
1760006138032 14 59559
1760006138390 14 59569
1760006138744 14 59579
1760006139096 14 59589
1760006139450 14 59599
1760006139804 14 59609
1760006140158 14 59619
1760006140512 14 59629
1760006140866 14 59639
1760006141221 14 59649
1760006141573 14 59659
1760006141926 14 59669
1760006142280 14 59679
1760006142640 14 59689
1760006142994 14 59699
1760006143349 14 59709
1760006143701 14 59719
1760006144057 14 59729
1760006144411 14 59739
1760006144762 14 59749
1760006145120 14 59759
1760006145480 14 59769
1760006145844 14 59779
1760006146195 14 59789
1760006146550 14 59799
1760006146901 14 59809
1760006147255 14 59819
1760006147608 14 59829
1760006147962 14 59839
1760006148315 14 59849
1760006148675 14 59859
1760006149033 14 59869
1760006149410 14 59879
1760006149823 14 59889
1760006150219 14 59899
1760006150602 14 59909
1760006150980 14 59919
1760006151364 14 59929
1760006151720 14 59939
1760006152074 14 59949
1760006152427 14 59959
1760006152779 14 59969
1760006153132 14 59979
1760006153487 14 59989
1760006153838 14 59999
1760006154193 14 60009
1760006154545 14 60019
1760006154894 14 60029
1760006155241 14 60039
1760006155587 14 60049
1760006155931 14 60059
1760006156256 14 60069
1760006156535 14 60079
1760006156771 14 60089
1760006156978 14 60099
1760006157176 14 60109
1760006157375 14 60119
1760006157571 14 60129
1760006157767 14 60139
1760006157964 14 60149
1760006158162 14 60159
1760006158384 14 60169
1760006158641 14 60179
1760006158905 14 60189
1760006159224 14 60199
1760006159570 14 60209
1760006159916 14 60219
1760006160263 14 60229
1760006160609 14 60239
1760006160956 14 60249
1760006161303 14 60259
1760006161650 14 60269
1760006161996 14 60279
1760006162346 14 60289
1760006162693 14 60299
1760006163047 14 60309
1760006163400 14 60319
1760006163749 14 60329
1760006164102 14 60339
1760006164475 14 60349
1760006164826 14 60359
1760006165159 14 60369
1760006165429 14 60379
1760006165673 14 60389
1760006165877 14 60399
1760006166083 14 60409
1760006166299 14 60419
1760006166501 14 60429
1760006166806 14 60439
1760006167159 14 60449
1760006168043 14 60459
1760006168391 14 60469
1760006168734 14 60479
1760006169080 14 60489
1760006169425 14 60499
1760006169770 14 60509
1760006170116 14 60519
1760006170462 14 60529
1760006170805 14 60539
1760006171151 14 60549
1760006171497 14 60559
1760006171840 14 60569
1760006172182 14 60579
1760006179922 14 60584
1760006185748 15 60589
1760006186158 15 60599
1760006186576 15 60609
1760006186933 15 60619
1760006187328 15 60629
1760006187662 15 60639
1760006188044 15 60649
1760006188375 15 60659
1760006188711 15 60669
1760006189044 15 60679
1760006189384 15 60689
1760006189724 15 60699
1760006190064 15 60709
1760006190424 15 60719
1760006190777 15 60729
1760006191133 15 60739
1760006191491 15 60749
1760006191850 15 60759
1760006192210 15 60769
1760006192564 15 60779
1760006192919 15 60789
1760006193282 15 60799
1760006193641 15 60809
1760006194017 15 60819
1760006194370 15 60829
1760006194711 15 60839
1760006195080 15 60849
1760006195438 15 60859
1760006195802 15 60869
1760006196169 15 60879
1760006196527 15 60889
1760006196885 15 60899
1760006197275 15 60909
1760006197630 15 60919
1760006197987 15 60929
1760006198343 15 60939
1760006198710 15 60949
1760006199073 15 60959
1760006199462 15 60969
1760006199838 15 60979
1760006200228 15 60989
1760006200640 15 60999
1760006201021 15 61009
1760006201421 15 61019
1760006201788 15 61029
1760006202179 15 61039
1760006202537 15 61049
1760006202896 15 61059
1760006203260 15 61069
1760006203638 15 61079
1760006203994 15 61089
1760006204352 15 61099
1760006204707 15 61109
1760006205061 15 61119
1760006205419 15 61129
1760006205769 15 61139
1760006206116 15 61149
1760006206464 15 61159
1760006206808 15 61169
1760006207164 15 61179
1760006207505 15 61189
1760006207815 15 61199
1760006208132 15 61209
1760006208443 15 61219
1760006208750 15 61229
1760006209057 15 61239
1760006209364 15 61249
1760006209673 15 61259
1760006209986 15 61269
1760006210297 15 61279
1760006210603 15 61289
1760006210911 15 61299
1760006211218 15 61309
1760006211524 15 61319
1760006211834 15 61329
1760006212150 15 61339
1760006212456 15 61349
1760006212762 15 61359
1760006213070 15 61369
1760006213377 15 61379
1760006213717 15 61389
1760006214068 15 61399
1760006214419 15 61409
1760006214785 15 61419
1760006215156 15 61429
1760006215542 15 61439
1760006215908 15 61449
1760006216275 15 61459
1760006216643 15 61469
1760006217026 15 61479
1760006217392 15 61489
1760006217723 15 61499
1760006218071 15 61509
1760006218393 15 61519
1760006218736 15 61529
1760006219061 15 61539
1760006219374 15 61549
1760006219684 15 61559
1760006220010 15 61569
1760006220315 15 61579
1760006220679 15 61589
1760006221030 15 61599
1760006221385 15 61609
1760006221738 15 61619
1760006222104 15 61629
1760006222457 15 61639
1760006222811 15 61649
1760006223164 15 61659
1760006223517 15 61669
1760006223873 15 61679
1760006224226 15 61689
1760006224582 15 61699
1760006224937 15 61709
1760006225292 15 61719
1760006225644 15 61729
1760006225998 15 61739
1760006226357 15 61749
1760006226732 15 61759
1760006227090 15 61769
1760006227451 15 61779
1760006227804 15 61789
1760006228158 15 61799
1760006228511 15 61809
1760006228863 15 61819
1760006229218 15 61829
1760006229571 15 61839
1760006229924 15 61849
1760006230277 15 61859
1760006230630 15 61869
1760006230982 15 61879
1760006231336 15 61889
1760006231688 15 61899
1760006232039 15 61909
1760006232403 15 61919
1760006232809 15 61929
1760006233191 15 61939
1760006233542 15 61949
1760006233866 15 61959
1760006234210 15 61969
1760006234536 15 61979
1760006234892 15 61989
1760006235218 15 61999
1760006235559 15 62009
1760006235884 15 62019
1760006236213 15 62029
1760006236558 15 62039
1760006236942 15 62049
1760006237311 15 62059
1760006237669 15 62069
1760006238027 15 62079
1760006238380 15 62089
1760006238733 15 62099
1760006239092 15 62109
1760006239462 15 62119
1760006239815 15 62129
1760006240167 15 62139
1760006240527 15 62149
1760006240880 15 62159
1760006241248 15 62169
1760006241601 15 62179
1760006241954 15 62189
1760006242309 15 62199
1760006242661 15 62209
1760006243015 15 62219
1760006243369 15 62229
1760006243737 15 62239
1760006244090 15 62249
1760006244444 15 62259
1760006244796 15 62269
1760006245149 15 62279
1760006245501 15 62289
1760006245868 15 62299
1760006246224 15 62309
1760006246574 15 62319
1760006246918 15 62329
1760006247264 15 62339
1760006247608 15 62349
1760006247961 15 62359
1760006248315 15 62369
1760006248660 15 62379
1760006249005 15 62389
1760006249349 15 62399
1760006249694 15 62409
1760006250041 15 62419
1760006250393 15 62429
1760006250767 15 62439
1760006251121 15 62449
1760006251481 15 62459
1760006251843 15 62469
1760006252169 15 62479
1760006252500 15 62489
1760006252899 15 62499
1760006253274 15 62509
1760006253666 15 62519
1760006254056 15 62529
1760006254442 15 62539
1760006254834 15 62549
1760006255189 15 62559
1760006255545 15 62569
1760006255899 15 62579
1760006256252 15 62589
1760006256607 15 62599
1760006256958 15 62609
1760006257311 15 62619
1760006257664 15 62629
1760006258018 15 62639
1760006258372 15 62649
1760006258725 15 62659
1760006259076 15 62669
1760006259429 15 62679
1760006259784 15 62689
1760006260136 15 62699
1760006260491 15 62709
1760006260846 15 62719
1760006261198 15 62729
1760006261549 15 62739
1760006261900 15 62749
1760006262251 15 62759
1760006262606 15 62769
1760006262972 15 62779
1760006263327 15 62789
1760006263677 15 62799
1760006264030 15 62809
1760006264381 15 62819
1760006264732 15 62829
1760006265084 15 62839
1760006265449 15 62849
1760006265800 15 62859
1760006266151 15 62869
1760006266500 15 62879
1760006266850 15 62889
1760006267203 15 62899
1760006267574 15 62909
1760006267950 15 62919
1760006268317 15 62929
1760006268691 15 62939
1760006269036 15 62949
1760006269393 15 62959
1760006269675 15 62969
1760006269969 15 62979
1760006270243 15 62989
1760006270531 15 62999
1760006270814 15 63009
1760006271099 15 63019
1760006271384 15 63029
1760006271665 15 63039
1760006271948 15 63049
1760006272218 15 63059
1760006272483 15 63069
1760006272751 15 63079
1760006273022 15 63089
1760006273356 15 63099
1760006273684 15 63109
1760006274008 15 63119
1760006274346 15 63129
1760006274675 15 63139
1760006275002 15 63149
1760006275323 15 63159
1760006275643 15 63169
1760006275965 15 63179
1760006276294 15 63189
1760006276624 15 63199
1760006276951 15 63209
1760006277280 15 63219
1760006277602 15 63229
1760006277924 15 63239
1760006278248 15 63249
1760006278575 15 63259
1760006278903 15 63269
1760006279225 15 63279
1760006279547 15 63289
1760006279868 15 63299
1760006280189 15 63309
1760006280510 15 63319
1760006280831 15 63329
1760006281151 15 63339
1760006281475 15 63349
1760006281796 15 63359
1760006282118 15 63369
1760006282445 15 63379
1760006282767 15 63389
1760006283089 15 63399
1760006283409 15 63409
1760006283731 15 63419
1760006284054 15 63429
1760006284377 15 63439
1760006284700 15 63449
1760006285041 15 63459
1760006285388 15 63469
1760006285747 15 63479
1760006286092 15 63489
1760006286453 15 63499
1760006286791 15 63509
1760006287129 15 63519
1760006287417 15 63529
1760006287727 15 63539
1760006288014 15 63549
1760006288325 15 63559
1760006288644 15 63569
1760006288988 15 63579
1760006289318 15 63589
1760006289673 15 63599
1760006290030 15 63609
1760006290384 15 63619
1760006290740 15 63629
1760006291095 15 63639
1760006291451 15 63649
1760006291805 15 63659
1760006292156 15 63669
1760006292508 15 63679
1760006292859 15 63689
1760006293222 15 63699
1760006293590 15 63709
1760006293929 15 63719
1760006294282 15 63729
1760006294634 15 63739
1760006294988 15 63749
1760006295345 15 63759
1760006295736 15 63769
1760006296097 15 63779
1760006296450 15 63789
1760006296802 15 63799
1760006297154 15 63809
1760006297517 15 63819
1760006297877 15 63829
1760006298231 15 63839
1760006298594 15 63849
1760006298951 15 63859
1760006299309 15 63869
1760006299665 15 63879
1760006300024 15 63889
1760006300400 15 63899
1760006300752 15 63909
1760006301108 15 63919
1760006301464 15 63929
1760006301823 15 63939
1760006302213 15 63949
1760006302601 15 63959
1760006302988 15 63969
1760006303383 15 63979
1760006303782 15 63989
1760006304173 15 63999
1760006304558 15 64009
1760006304922 15 64019
1760006305274 15 64029
1760006305619 15 64039
1760006305971 15 64049
1760006306333 15 64059
1760006306705 15 64069
1760006307065 15 64079
1760006307416 15 64089
1760006307785 15 64099
1760006308130 15 64109
1760006308516 15 64119
1760006308910 15 64129
1760006309293 15 64139
1760006309683 15 64149
1760006310057 15 64159
1760006310432 15 64169
1760006310779 15 64179
1760006311128 15 64189
1760006311486 15 64199
1760006311839 15 64209
1760006312192 15 64219
1760006312551 15 64229
1760006312912 15 64239
1760006313265 15 64249
1760006313621 15 64259
1760006313976 15 64269
1760006314330 15 64279
1760006314690 15 64289
1760006315074 15 64299
1760006315449 15 64309
1760006315808 15 64319
1760006316161 15 64329
1760006316514 15 64339
1760006316867 15 64349
1760006317220 15 64359
1760006317575 15 64369
1760006317929 15 64379
1760006318283 15 64389
1760006318636 15 64399
1760006318998 15 64409
1760006319365 15 64419
1760006319717 15 64429
1760006320068 15 64439
1760006320422 15 64449
1760006320778 15 64459
1760006321132 15 64469
1760006321493 15 64479
1760006321852 15 64489
1760006322669 15 64499
1760006323019 15 64509
1760006323376 15 64519
1760006323751 15 64529
1760006324119 15 64539
1760006324505 15 64549
1760006324893 15 64559
1760006325267 15 64569
1760006325621 15 64579
1760006325967 15 64589
1760006326311 15 64599
1760006326662 15 64609
1760006326955 15 64619
1760006335392 15 64623
1760006339605 16 64629
1760006339959 16 64639
1760006340318 16 64649
1760006340673 16 64659
1760006341031 16 64669
1760006341386 16 64679
1760006341761 16 64689
1760006342103 16 64699
1760006342492 16 64709
1760006342857 16 64719
1760006343202 16 64729
1760006343555 16 64739
1760006343916 16 64749
1760006344270 16 64759
1760006344625 16 64769
1760006344982 16 64779
1760006345345 16 64789
1760006345706 16 64799
1760006346072 16 64809
1760006346440 16 64819
1760006346795 16 64829
1760006347175 16 64839
1760006347579 16 64849
1760006348010 16 64859
1760006348414 16 64869
1760006348800 16 64879
1760006349188 16 64889
1760006349555 16 64899
1760006349925 16 64909
1760006350287 16 64919
1760006350648 16 64929
1760006351023 16 64939
1760006351385 16 64949
1760006351737 16 64959
1760006352091 16 64969
1760006352445 16 64979
1760006352797 16 64989
1760006353148 16 64999
1760006353502 16 65009
1760006353864 16 65019
1760006354217 16 65029
1760006354577 16 65039
1760006354929 16 65049
1760006355282 16 65059
1760006355636 16 65069
1760006355996 16 65079
1760006356348 16 65089
1760006356702 16 65099
1760006357063 16 65109
1760006357417 16 65119
1760006357771 16 65129
1760006358124 16 65139
1760006358485 16 65149
1760006358841 16 65159
1760006359210 16 65169
1760006359567 16 65179
1760006359922 16 65189
1760006360276 16 65199
1760006360638 16 65209
1760006360997 16 65219
1760006361372 16 65229
1760006361726 16 65239
1760006362080 16 65249
1760006362436 16 65259
1760006362798 16 65269
1760006363148 16 65279
1760006363508 16 65289
1760006363863 16 65299
1760006364239 16 65309
1760006364600 16 65319
1760006364969 16 65329
1760006365342 16 65339
1760006365699 16 65349
1760006366081 16 65359
1760006366457 16 65369
1760006366816 16 65379
1760006367177 16 65389
1760006367546 16 65399
1760006367901 16 65409
1760006368258 16 65419
1760006368621 16 65429
1760006368985 16 65439
1760006369346 16 65449
1760006369702 16 65459
1760006370059 16 65469
1760006370428 16 65479
1760006370797 16 65489
1760006371153 16 65499
1760006371512 16 65509
1760006371886 16 65519
1760006372251 16 65529
1760006372608 16 65539
1760006372973 16 65549
1760006373330 16 65559
1760006373702 16 65569
1760006374072 16 65579
1760006374463 16 65589
1760006374834 16 65599
1760006375212 16 65609
1760006375595 16 65619
1760006375968 16 65629
1760006376353 16 65639
1760006376726 16 65649
1760006377107 16 65659
1760006377493 16 65669
1760006377880 16 65679
1760006378253 16 65689
1760006378627 16 65699
1760006379000 16 65709
1760006379382 16 65719
1760006379754 16 65729
1760006380133 16 65739
1760006380519 16 65749
1760006380885 16 65759
1760006381252 16 65769
1760006381617 16 65779
1760006381985 16 65789
1760006382354 16 65799
1760006382729 16 65809
1760006383095 16 65819
1760006383467 16 65829
1760006383837 16 65839
1760006384206 16 65849
1760006384574 16 65859
1760006384944 16 65869
1760006385311 16 65879
1760006385687 16 65889
1760006386054 16 65899
1760006386430 16 65909
1760006386806 16 65919
1760006387182 16 65929
1760006387559 16 65939
1760006387934 16 65949
1760006388310 16 65959
1760006388679 16 65969
1760006389046 16 65979
1760006389415 16 65989
1760006389783 16 65999
1760006390151 16 66009
1760006390529 16 66019
1760006390895 16 66029
1760006391262 16 66039
1760006391630 16 66049
1760006392000 16 66059
1760006392370 16 66069
1760006392740 16 66079
1760006393114 16 66089
1760006393483 16 66099
1760006393857 16 66109
1760006394228 16 66119
1760006394605 16 66129
1760006394982 16 66139
1760006395356 16 66149
1760006395707 16 66159
1760006396057 16 66169
1760006396420 16 66179
1760006396781 16 66189
1760006397136 16 66199
1760006397492 16 66209
1760006397845 16 66219
1760006398198 16 66229
1760006398552 16 66239
1760006398904 16 66249
1760006399258 16 66259
1760006399619 16 66269
1760006399970 16 66279
1760006400327 16 66289
1760006400688 16 66299
1760006401044 16 66309
1760006401404 16 66319
1760006401764 16 66329
1760006402121 16 66339
1760006402478 16 66349
1760006402839 16 66359
1760006403203 16 66369
1760006403563 16 66379
1760006403924 16 66389
1760006404284 16 66399
1760006404644 16 66409
1760006405005 16 66419
1760006405365 16 66429
1760006405725 16 66439
1760006406084 16 66449
1760006406449 16 66459
1760006406811 16 66469
1760006407172 16 66479
1760006407534 16 66489
1760006407898 16 66499
1760006408260 16 66509
1760006408620 16 66519
1760006408981 16 66529
1760006409339 16 66539
1760006409695 16 66549
1760006410052 16 66559
1760006410414 16 66569
1760006410769 16 66579
1760006411124 16 66589
1760006411480 16 66599
1760006411835 16 66609
1760006412200 16 66619
1760006412562 16 66629
1760006412925 16 66639
1760006413291 16 66649
1760006413648 16 66659
1760006414019 16 66669
1760006414396 16 66679
1760006414769 16 66689
1760006415142 16 66699
1760006415515 16 66709
1760006415885 16 66719
1760006416256 16 66729
1760006416630 16 66739
1760006417004 16 66749
1760006417387 16 66759
1760006417759 16 66769
1760006418122 16 66779
1760006418485 16 66789
1760006418855 16 66799
1760006419223 16 66809
1760006419593 16 66819
1760006419959 16 66829
1760006420324 16 66839
1760006420690 16 66849
1760006421054 16 66859
1760006421421 16 66869
1760006421801 16 66879
1760006422156 16 66889
1760006422530 16 66899
1760006422901 16 66909
1760006423271 16 66919
1760006423642 16 66929
1760006424013 16 66939
1760006424385 16 66949
1760006424769 16 66959
1760006425143 16 66969
1760006425516 16 66979
1760006425887 16 66989
1760006426262 16 66999
1760006426638 16 67009
1760006427009 16 67019
1760006427382 16 67029
1760006427755 16 67039
1760006428139 16 67049
1760006428506 16 67059
1760006428877 16 67069
1760006429246 16 67079
1760006429613 16 67089
1760006429997 16 67099
1760006430367 16 67109
1760006430732 16 67119
1760006431100 16 67129
1760006431465 16 67139
1760006431828 16 67149
1760006432193 16 67159
1760006432564 16 67169
1760006432929 16 67179
1760006433305 16 67189
1760006433681 16 67199
1760006434056 16 67209
1760006434442 16 67219
1760006434807 16 67229
1760006435178 16 67239
1760006435551 16 67249
1760006435921 16 67259
1760006436291 16 67269
1760006436685 16 67279
1760006437063 16 67289
1760006437429 16 67299
1760006437801 16 67309
1760006438171 16 67319
1760006438543 16 67329
1760006438912 16 67339
1760006439284 16 67349
1760006439657 16 67359
1760006440014 16 67369
1760006440374 16 67379
1760006440735 16 67389
1760006441103 16 67399
1760006441449 16 67409
1760006441809 16 67419
1760006442167 16 67429
1760006442528 16 67439
1760006442885 16 67449
1760006443245 16 67459
1760006443600 16 67469
1760006443957 16 67479
1760006444334 16 67489
1760006444714 16 67499
1760006445088 16 67509
1760006445463 16 67519
1760006445837 16 67529
1760006446212 16 67539
1760006446592 16 67549
1760006446968 16 67559
1760006447346 16 67569
1760006447722 16 67579
1760006448105 16 67589
1760006448478 16 67599
1760006448844 16 67609
1760006449220 16 67619
1760006449585 16 67629
1760006449959 16 67639
1760006450326 16 67649
1760006450695 16 67659
1760006451062 16 67669
1760006451437 16 67679
1760006451806 16 67689
1760006452172 16 67699
1760006452549 16 67709
1760006452917 16 67719
1760006453287 16 67729
1760006453657 16 67739
1760006454036 16 67749
1760006454405 16 67759
1760006454778 16 67769
1760006455149 16 67779
1760006455522 16 67789
1760006455898 16 67799
1760006456273 16 67809
1760006456650 16 67819
1760006457020 16 67829
1760006457392 16 67839
1760006457766 16 67849
1760006458149 16 67859
1760006458525 16 67869
1760006458901 16 67879
1760006459271 16 67889
1760006459646 16 67899
1760006460014 16 67909
1760006460383 16 67919
1760006460751 16 67929
1760006461127 16 67939
1760006461498 16 67949
1760006461866 16 67959
1760006462237 16 67969
1760006462606 16 67979
1760006462975 16 67989
1760006463346 16 67999
1760006463714 16 68009
1760006464081 16 68019
1760006464449 16 68029
1760006464818 16 68039
1760006465184 16 68049
1760006465555 16 68059
1760006465924 16 68069
1760006466288 16 68079
1760006466655 16 68089
1760006467024 16 68099
1760006467391 16 68109
1760006467757 16 68119
1760006468131 16 68129
1760006468497 16 68139
1760006468864 16 68149
1760006469235 16 68159
1760006469606 16 68169
1760006469975 16 68179
1760006470343 16 68189
1760006470710 16 68199
1760006471081 16 68209
1760006471453 16 68219
1760006471826 16 68229
1760006472196 16 68239
1760006472567 16 68249
1760006472939 16 68259
1760006473310 16 68269
1760006473683 16 68279
1760006474054 16 68289
1760006474423 16 68299
1760006474792 16 68309
1760006475162 16 68319
1760006475530 16 68329
1760006475901 16 68339
1760006476270 16 68349
1760006476645 16 68359
1760006477014 16 68369
1760006477386 16 68379
1760006477760 16 68389
1760006478126 16 68399
1760006478481 16 68409
1760006478837 16 68419
1760006479194 16 68429
1760006479574 16 68439
1760006479968 16 68449
1760006480337 16 68459
1760006480700 16 68469
1760006481049 16 68479
1760006481399 16 68489
1760006481751 16 68499
1760006482108 16 68509
1760006482469 16 68519
1760006482826 16 68529
1760006483699 16 68539
1760006484046 16 68549
1760006484393 16 68559
1760006484741 16 68569
1760006485103 16 68579
1760006485664 16 68589
1760006486001 16 68599
1760006486342 16 68609
1760006486685 16 68619
1760006487028 16 68629
1760006487376 16 68639
1760006487726 16 68649
1760006488083 16 68659
1760006496881 16 68662
1760006502719 17 68669
1760006503073 17 68679
1760006503428 17 68689
1760006503795 17 68699
1760006504141 17 68709
1760006504508 17 68719
1760006504885 17 68729
1760006505255 17 68739
1760006505614 17 68749
1760006505971 17 68759
1760006506347 17 68769
1760006506711 17 68779
1760006507074 17 68789
1760006507441 17 68799
1760006507814 17 68809
1760006508188 17 68819
1760006508564 17 68829
1760006508943 17 68839
1760006509316 17 68849
1760006509685 17 68859
1760006510049 17 68869
1760006510421 17 68879
1760006510795 17 68889
1760006511165 17 68899
1760006511535 17 68909
1760006511936 17 68919
1760006512299 17 68929
1760006512672 17 68939
1760006513058 17 68949
1760006513439 17 68959
1760006513810 17 68969
1760006514183 17 68979
1760006514553 17 68989
1760006514919 17 68999
1760006515286 17 69009
1760006515654 17 69019
1760006516028 17 69029
1760006516396 17 69039
1760006516765 17 69049
1760006517134 17 69059
1760006517508 17 69069
1760006517880 17 69079
1760006518251 17 69089
1760006518628 17 69099
1760006518999 17 69109
1760006519369 17 69119
1760006519741 17 69129
1760006520111 17 69139
1760006520488 17 69149
1760006520858 17 69159
1760006521228 17 69169
1760006521609 17 69179
1760006521978 17 69189
1760006522353 17 69199
1760006522725 17 69209
1760006523104 17 69219
1760006523476 17 69229
1760006523852 17 69239
1760006524224 17 69249
1760006524599 17 69259
1760006524969 17 69269
1760006525342 17 69279
1760006525713 17 69289
1760006526084 17 69299
1760006526454 17 69309
1760006526815 17 69319
1760006527171 17 69329
1760006527532 17 69339
1760006527894 17 69349
1760006528253 17 69359
1760006528613 17 69369
1760006528968 17 69379
1760006529322 17 69389
1760006529680 17 69399
1760006530037 17 69409
1760006530396 17 69419
1760006530753 17 69429
1760006531109 17 69439
1760006531470 17 69449
1760006531827 17 69459
1760006532185 17 69469
1760006532549 17 69479
1760006532920 17 69489
1760006533306 17 69499
1760006533672 17 69509
1760006534039 17 69519
1760006534409 17 69529
1760006534780 17 69539
1760006535148 17 69549
1760006535517 17 69559
1760006535886 17 69569
1760006536253 17 69579
1760006536621 17 69589
1760006536988 17 69599
1760006537363 17 69609
1760006537744 17 69619
1760006538113 17 69629
1760006538484 17 69639
1760006538854 17 69649
1760006539231 17 69659
1760006539606 17 69669
1760006539978 17 69679
1760006540354 17 69689
1760006540732 17 69699
1760006541107 17 69709
1760006541481 17 69719
1760006541865 17 69729
1760006542239 17 69739
1760006542615 17 69749
1760006542993 17 69759
1760006543372 17 69769
1760006543751 17 69779
1760006544138 17 69789
1760006544515 17 69799
1760006544895 17 69809
1760006545266 17 69819
1760006545616 17 69829
1760006545966 17 69839
1760006546324 17 69849
1760006546664 17 69859
1760006547017 17 69869
1760006547372 17 69879
1760006547724 17 69889
1760006548075 17 69899
1760006548443 17 69909
1760006548826 17 69919
1760006549193 17 69929
1760006549557 17 69939
1760006549922 17 69949
1760006550287 17 69959
1760006550660 17 69969
1760006551032 17 69979
1760006551408 17 69989
1760006551792 17 69999
1760006552179 17 70009
1760006552580 17 70019
1760006552958 17 70029
1760006553347 17 70039
1760006553735 17 70049
1760006554109 17 70059
1760006554499 17 70069
1760006554860 17 70079
1760006555218 17 70089
1760006555580 17 70099
1760006555942 17 70109
1760006556305 17 70119
1760006556683 17 70129
1760006557056 17 70139
1760006557423 17 70149
1760006557789 17 70159
1760006558159 17 70169
1760006558526 17 70179
1760006558904 17 70189
1760006559265 17 70199
1760006559638 17 70209
1760006560002 17 70219
1760006560368 17 70229
1760006560732 17 70239
1760006561096 17 70249
1760006561462 17 70259
1760006561826 17 70269
1760006562190 17 70279
1760006562553 17 70289
1760006562915 17 70299
1760006563278 17 70309
1760006563643 17 70319
1760006564008 17 70329
1760006564373 17 70339
1760006564736 17 70349
1760006565099 17 70359
1760006565457 17 70369
1760006565815 17 70379
1760006566177 17 70389
1760006566547 17 70399
1760006566909 17 70409
1760006567276 17 70419
1760006567645 17 70429
1760006568010 17 70439
1760006568384 17 70449
1760006568761 17 70459
1760006569134 17 70469
1760006569510 17 70479
1760006569879 17 70489
1760006570246 17 70499
1760006570615 17 70509
1760006570980 17 70519
1760006571347 17 70529
1760006571715 17 70539
1760006572097 17 70549
1760006572474 17 70559
1760006572847 17 70569
1760006573216 17 70579
1760006573586 17 70589
1760006573953 17 70599
1760006574322 17 70609
1760006574688 17 70619
1760006575061 17 70629
1760006575428 17 70639
1760006575796 17 70649
1760006576178 17 70659
1760006576511 17 70669
1760006576885 17 70679
1760006577257 17 70689
1760006577630 17 70699
1760006578005 17 70709
1760006578378 17 70719
1760006578751 17 70729
1760006579139 17 70739
1760006579526 17 70749
1760006579895 17 70759
1760006580270 17 70769
1760006580641 17 70779
1760006581011 17 70789
1760006581381 17 70799
1760006581776 17 70809
1760006582148 17 70819
1760006582529 17 70829
1760006582914 17 70839
1760006583301 17 70849
1760006583669 17 70859
1760006584044 17 70869
1760006584436 17 70879
1760006584814 17 70889
1760006585197 17 70899
1760006585569 17 70909
1760006585937 17 70919
1760006586305 17 70929
1760006586678 17 70939
1760006587040 17 70949
1760006587408 17 70959
1760006587771 17 70969
1760006588127 17 70979
1760006588483 17 70989
1760006588836 17 70999
1760006589186 17 71009
1760006589543 17 71019
1760006589897 17 71029
1760006590258 17 71039
1760006590607 17 71049
1760006590956 17 71059
1760006591307 17 71069
1760006591657 17 71079
1760006592011 17 71089
1760006592367 17 71099
1760006592730 17 71109
1760006593100 17 71119
1760006593482 17 71129
1760006593853 17 71139
1760006594236 17 71149
1760006594615 17 71159
1760006594993 17 71169
1760006595368 17 71179
1760006595741 17 71189
1760006596119 17 71199
1760006596497 17 71209
1760006596885 17 71219
1760006597279 17 71229
1760006597658 17 71239
1760006598044 17 71249
1760006598422 17 71259
1760006598803 17 71269
1760006599184 17 71279
1760006599561 17 71289
1760006599938 17 71299
1760006600320 17 71309
1760006600697 17 71319
1760006601073 17 71329
1760006601445 17 71339
1760006601816 17 71349
1760006602188 17 71359
1760006602568 17 71369
1760006602953 17 71379
1760006603333 17 71389
1760006603709 17 71399
1760006604084 17 71409
1760006604458 17 71419
1760006604828 17 71429
1760006605206 17 71439
1760006605578 17 71449
1760006605952 17 71459
1760006606335 17 71469
1760006606715 17 71479
1760006607091 17 71489
1760006607459 17 71499
1760006607826 17 71509
1760006608200 17 71519
1760006608570 17 71529
1760006608944 17 71539
1760006609317 17 71549
1760006609685 17 71559
1760006610061 17 71569
1760006610446 17 71579
1760006610817 17 71589
1760006611183 17 71599
1760006611551 17 71609
1760006611920 17 71619
1760006612284 17 71629
1760006612645 17 71639
1760006613007 17 71649
1760006613368 17 71659
1760006613731 17 71669
1760006614092 17 71679
1760006614456 17 71689
1760006614826 17 71699
1760006615207 17 71709
1760006615578 17 71719
1760006615950 17 71729
1760006616320 17 71739
1760006616702 17 71749
1760006617076 17 71759
1760006617465 17 71769
1760006617838 17 71779
1760006618205 17 71789
1760006618571 17 71799
1760006618938 17 71809
1760006619306 17 71819
1760006619676 17 71829
1760006620045 17 71839
1760006620413 17 71849
1760006620780 17 71859
1760006621150 17 71869
1760006621528 17 71879
1760006621901 17 71889
1760006622268 17 71899
1760006622637 17 71909
1760006623002 17 71919
1760006623363 17 71929
1760006623727 17 71939
1760006624081 17 71949
1760006624396 17 71959
1760006624661 17 71969
1760006624901 17 71979
1760006625208 17 71989
1760006625471 17 71999
1760006625814 17 72009
1760006626177 17 72019
1760006626540 17 72029
1760006626898 17 72039
1760006627256 17 72049
1760006627614 17 72059
1760006627976 17 72069
1760006628324 17 72079
1760006628673 17 72089
1760006629024 17 72099
1760006629379 17 72109
1760006629724 17 72119
1760006630072 17 72129
1760006630415 17 72139
1760006630764 17 72149
1760006631113 17 72159
1760006631466 17 72169
1760006631823 17 72179
1760006632187 17 72189
1760006632541 17 72199
1760006632893 17 72209
1760006633242 17 72219
1760006633596 17 72229
1760006633966 17 72239
1760006634336 17 72249
1760006634689 17 72259
1760006635041 17 72269
1760006635393 17 72279
1760006635744 17 72289
1760006636099 17 72299
1760006636458 17 72309
1760006636814 17 72319
1760006637169 17 72329
1760006637523 17 72339
1760006637878 17 72349
1760006638234 17 72359
1760006638590 17 72369
1760006638955 17 72379
1760006639319 17 72389
1760006639688 17 72399
1760006640052 17 72409
1760006640424 17 72419
1760006640787 17 72429
1760006641150 17 72439
1760006641506 17 72449
1760006641870 17 72459
1760006642226 17 72469
1760006642587 17 72479
1760006642958 17 72489
1760006643315 17 72499
1760006643674 17 72509
1760006644037 17 72519
1760006644403 17 72529
1760006644730 17 72539
1760006645009 17 72549
1760006645248 17 72559
1760006645466 17 72569
1760006645968 17 72579
1760006646294 17 72589
1760006646669 17 72599
1760006647019 17 72609
1760006647367 17 72619
1760006647722 17 72629
1760006648076 17 72639
1760006648433 17 72649
1760006648794 17 72659
1760006649155 17 72669
1760006649516 17 72679
1760006649882 17 72689
1760006650242 17 72699
1760006660237 17 72701
1760006665571 18 72709
1760006665946 18 72719
1760006666359 18 72729
1760006666738 18 72739
1760006667097 18 72749
1760006667469 18 72759
1760006667863 18 72769
1760006668218 18 72779
1760006668604 18 72789
1760006668965 18 72799
1760006669332 18 72809
1760006669689 18 72819
1760006670072 18 72829
1760006670446 18 72839
1760006670790 18 72849
1760006671142 18 72859
1760006671522 18 72869
1760006671925 18 72879
1760006672330 18 72889
1760006672711 18 72899
1760006673096 18 72909
1760006673491 18 72919
1760006673879 18 72929
1760006674261 18 72939
1760006674646 18 72949
1760006675043 18 72959
1760006675407 18 72969
1760006675761 18 72979
1760006676143 18 72989
1760006676518 18 72999
1760006676907 18 73009
1760006677269 18 73019
1760006677630 18 73029
1760006678023 18 73039
1760006678395 18 73049
1760006678747 18 73059
1760006679099 18 73069
1760006679447 18 73079
1760006679799 18 73089
1760006680153 18 73099
1760006680506 18 73109
1760006680857 18 73119
1760006681218 18 73129
1760006681590 18 73139
1760006681958 18 73149
1760006682327 18 73159
1760006682712 18 73169
1760006683066 18 73179
1760006683399 18 73189
1760006683768 18 73199
1760006684133 18 73209
1760006684496 18 73219
1760006684865 18 73229
1760006685239 18 73239
1760006685609 18 73249
1760006685977 18 73259
1760006686327 18 73269
1760006686679 18 73279
1760006687033 18 73289
1760006687388 18 73299
1760006687739 18 73309
1760006688105 18 73319
1760006688456 18 73329
1760006688807 18 73339
1760006689159 18 73349
1760006689512 18 73359
1760006689865 18 73369
1760006690215 18 73379
1760006690574 18 73389
1760006690929 18 73399
1760006691292 18 73409
1760006691657 18 73419
1760006692037 18 73429
1760006692410 18 73439
1760006692788 18 73449
1760006693150 18 73459
1760006693513 18 73469
1760006693874 18 73479
1760006694234 18 73489
1760006694595 18 73499
1760006695409 18 73509
1760006695782 18 73519
1760006696154 18 73529
1760006696532 18 73539
1760006696904 18 73549
1760006697287 18 73559
1760006697665 18 73569
1760006698020 18 73579
1760006698386 18 73589
1760006698761 18 73599
1760006699140 18 73609
1760006699514 18 73619
1760006699887 18 73629
1760006700258 18 73639
1760006700635 18 73649
1760006701004 18 73659
1760006701377 18 73669
1760006701743 18 73679
1760006702111 18 73689
1760006702476 18 73699
1760006702844 18 73709
1760006703224 18 73719
1760006703600 18 73729
1760006703979 18 73739
1760006704355 18 73749
1760006704729 18 73759
1760006705107 18 73769
1760006705471 18 73779
1760006705842 18 73789
1760006706210 18 73799
1760006706578 18 73809
1760006706945 18 73819
1760006707312 18 73829
1760006707681 18 73839
1760006708048 18 73849
1760006708419 18 73859
1760006708790 18 73869
1760006709159 18 73879
1760006709528 18 73889
1760006709898 18 73899
1760006710266 18 73909
1760006710641 18 73919
1760006711017 18 73929
1760006711386 18 73939
1760006711755 18 73949
1760006712133 18 73959
1760006712509 18 73969
1760006712881 18 73979
1760006713252 18 73989
1760006713607 18 73999
1760006713963 18 74009
1760006714320 18 74019
1760006714677 18 74029
1760006715011 18 74039
1760006715297 18 74049
1760006715544 18 74059
1760006715759 18 74069
1760006715965 18 74079
1760006716173 18 74089
1760006716391 18 74099
1760006716693 18 74109
1760006717030 18 74119
1760006717390 18 74129
1760006717744 18 74139
1760006718101 18 74149
1760006718470 18 74159
1760006718842 18 74169
1760006719208 18 74179
1760006719579 18 74189
1760006719951 18 74199
1760006720319 18 74209
1760006720688 18 74219
1760006721058 18 74229
1760006721429 18 74239
1760006721797 18 74249
1760006722168 18 74259
1760006722538 18 74269
1760006722907 18 74279
1760006723277 18 74289
1760006723646 18 74299
1760006724017 18 74309
1760006724382 18 74319
1760006724751 18 74329
1760006725119 18 74339
1760006725490 18 74349
1760006725858 18 74359
1760006726226 18 74369
1760006726594 18 74379
1760006726960 18 74389
1760006727329 18 74399
1760006727699 18 74409
1760006728075 18 74419
1760006728444 18 74429
1760006728815 18 74439
1760006729186 18 74449
1760006729558 18 74459
1760006729928 18 74469
1760006730302 18 74479
1760006730672 18 74489
1760006731041 18 74499
1760006731409 18 74509
1760006731779 18 74519
1760006732153 18 74529
1760006732530 18 74539
1760006732907 18 74549
1760006733286 18 74559
1760006733659 18 74569
1760006734025 18 74579
1760006734396 18 74589
1760006734773 18 74599
1760006735143 18 74609
1760006735511 18 74619
1760006735886 18 74629
1760006736255 18 74639
1760006736623 18 74649
1760006736999 18 74659
1760006737371 18 74669
1760006737741 18 74679
1760006738110 18 74689
1760006738488 18 74699
1760006738866 18 74709
1760006739257 18 74719
1760006739634 18 74729
1760006740006 18 74739
1760006740389 18 74749
1760006740765 18 74759
1760006741135 18 74769
1760006741509 18 74779
1760006741880 18 74789
1760006742258 18 74799
1760006742634 18 74809
1760006743007 18 74819
1760006743378 18 74829
1760006743751 18 74839
1760006744126 18 74849
1760006744499 18 74859
1760006744878 18 74869
1760006745257 18 74879
1760006745625 18 74889
1760006745995 18 74899
1760006746379 18 74909
1760006746740 18 74919
1760006747091 18 74929
1760006747449 18 74939
1760006747807 18 74949
1760006748162 18 74959
1760006748514 18 74969
1760006748871 18 74979
1760006749220 18 74989
1760006749521 18 74999
1760006749779 18 75009
1760006750004 18 75019
1760006750211 18 75029
1760006750525 18 75039
1760006750869 18 75049
1760006751237 18 75059
1760006751592 18 75069
1760006751955 18 75079
1760006752310 18 75089
1760006752662 18 75099
1760006753014 18 75109
1760006753376 18 75119
1760006753729 18 75129
1760006754078 18 75139
1760006754431 18 75149
1760006754794 18 75159
1760006755147 18 75169
1760006755509 18 75179
1760006755862 18 75189
1760006756212 18 75199
1760006756570 18 75209
1760006756937 18 75219
1760006757288 18 75229
1760006757652 18 75239
1760006758008 18 75249
1760006758364 18 75259
1760006758728 18 75269
1760006759090 18 75279
1760006759466 18 75289
1760006759838 18 75299
1760006760208 18 75309
1760006760577 18 75319
1760006760945 18 75329
1760006761322 18 75339
1760006761691 18 75349
1760006762067 18 75359
1760006762436 18 75369
1760006762805 18 75379
1760006763176 18 75389
1760006763550 18 75399
1760006763920 18 75409
1760006764295 18 75419
1760006764663 18 75429
1760006765030 18 75439
1760006765398 18 75449
1760006765764 18 75459
1760006766138 18 75469
1760006766512 18 75479
1760006766878 18 75489
1760006767248 18 75499
1760006767615 18 75509
1760006767982 18 75519
1760006768354 18 75529
1760006768728 18 75539
1760006769106 18 75549
1760006769477 18 75559
1760006769846 18 75569
1760006770216 18 75579
1760006770587 18 75589
1760006770962 18 75599
1760006771343 18 75609
1760006771712 18 75619
1760006772083 18 75629
1760006772452 18 75639
1760006772820 18 75649
1760006773190 18 75659
1760006773560 18 75669
1760006773931 18 75679
1760006774308 18 75689
1760006774683 18 75699
1760006775052 18 75709
1760006775424 18 75719
1760006775801 18 75729
1760006776173 18 75739
1760006776550 18 75749
1760006776926 18 75759
1760006777296 18 75769
1760006777664 18 75779
1760006778043 18 75789
1760006778412 18 75799
1760006778782 18 75809
1760006779160 18 75819
1760006779531 18 75829
1760006779909 18 75839
1760006780282 18 75849
1760006780655 18 75859
1760006781027 18 75869
1760006781407 18 75879
1760006781782 18 75889
1760006782153 18 75899
1760006782528 18 75909
1760006782906 18 75919
1760006783279 18 75929
1760006783656 18 75939
1760006784036 18 75949
1760006784412 18 75959
1760006784786 18 75969
1760006785159 18 75979
1760006785690 18 75989
1760006786063 18 75999
1760006786443 18 76009
1760006786816 18 76019
1760006787195 18 76029
1760006787568 18 76039
1760006787942 18 76049
1760006788316 18 76059
1760006788689 18 76069
1760006789064 18 76079
1760006789435 18 76089
1760006789807 18 76099
1760006790181 18 76109
1760006790554 18 76119
1760006790931 18 76129
1760006791323 18 76139
1760006791701 18 76149
1760006792079 18 76159
1760006792459 18 76169
1760006792839 18 76179
1760006793217 18 76189
1760006793595 18 76199
1760006793967 18 76209
1760006794338 18 76219
1760006794709 18 76229
1760006795087 18 76239
1760006795462 18 76249
1760006795835 18 76259
1760006796208 18 76269
1760006796574 18 76279
1760006796943 18 76289
1760006797313 18 76299
1760006797680 18 76309
1760006798049 18 76319
1760006798432 18 76329
1760006798814 18 76339
1760006799192 18 76349
1760006799569 18 76359
1760006799946 18 76369
1760006800318 18 76379
1760006800689 18 76389
1760006801065 18 76399
1760006801443 18 76409
1760006801821 18 76419
1760006802194 18 76429
1760006802568 18 76439
1760006802945 18 76449
1760006803316 18 76459
1760006803685 18 76469
1760006804060 18 76479
1760006804434 18 76489
1760006804804 18 76499
1760006805184 18 76509
1760006805556 18 76519
1760006805931 18 76529
1760006806307 18 76539
1760006806674 18 76549
1760006807046 18 76559
1760006807418 18 76569
1760006807793 18 76579
1760006808166 18 76589
1760006808543 18 76599
1760006808920 18 76609
1760006809802 18 76619
1760006810168 18 76629
1760006810528 18 76639
1760006810889 18 76649
1760006811255 18 76659
1760006811622 18 76669
1760006811990 18 76679
1760006812357 18 76689
1760006812720 18 76699
1760006813079 18 76709
1760006813440 18 76719
1760006813803 18 76729
1760006814167 18 76739
1760006823478 18 76740
1760006828921 19 76749
1760006829294 19 76759
1760006829664 19 76769
1760006830036 19 76779
1760006830404 19 76789
1760006830781 19 76799
1760006831149 19 76809
1760006831508 19 76819
1760006831905 19 76829
1760006832258 19 76839
1760006832618 19 76849
1760006832972 19 76859
1760006833326 19 76869
1760006833729 19 76879
1760006834094 19 76889
1760006834458 19 76899
1760006834821 19 76909
1760006835193 19 76919
1760006835556 19 76929
1760006835922 19 76939
1760006836287 19 76949
1760006836655 19 76959
1760006837021 19 76969
1760006837387 19 76979
1760006837756 19 76989
1760006838132 19 76999
1760006838502 19 77009
1760006838872 19 77019
1760006839242 19 77029
1760006839609 19 77039
1760006839980 19 77049
1760006840348 19 77059
1760006840724 19 77069
1760006841102 19 77079
1760006841473 19 77089
1760006841842 19 77099
1760006842211 19 77109
1760006842580 19 77119
1760006842955 19 77129
1760006843332 19 77139
1760006843708 19 77149
1760006844078 19 77159
1760006844447 19 77169
1760006844816 19 77179
1760006845190 19 77189
1760006845568 19 77199
1760006845940 19 77209
1760006846316 19 77219
1760006846695 19 77229
1760006847063 19 77239
1760006847409 19 77249
1760006847757 19 77259
1760006848114 19 77269
1760006848467 19 77279
1760006848818 19 77289
1760006849167 19 77299
1760006849512 19 77309
1760006849855 19 77319
1760006850209 19 77329
1760006850555 19 77339
1760006850902 19 77349
1760006851247 19 77359
1760006851596 19 77369
1760006851939 19 77379
1760006852285 19 77389
1760006852635 19 77399
1760006852983 19 77409
1760006853331 19 77419
1760006853677 19 77429
1760006854020 19 77439
1760006854362 19 77449
1760006854715 19 77459
1760006855057 19 77469
1760006855407 19 77479
1760006855753 19 77489
1760006856109 19 77499
1760006856471 19 77509
1760006856833 19 77519
1760006857184 19 77529
1760006857538 19 77539
1760006857894 19 77549
1760006858253 19 77559
1760006858606 19 77569
1760006858962 19 77579
1760006859315 19 77589
1760006859676 19 77599
1760006860026 19 77609
1760006860386 19 77619
1760006860736 19 77629
1760006861092 19 77639
1760006861446 19 77649
1760006861797 19 77659
1760006862176 19 77669
1760006862529 19 77679
1760006862893 19 77689
1760006863254 19 77699
1760006863610 19 77709
1760006863964 19 77719
1760006864328 19 77729
1760006864682 19 77739
1760006865042 19 77749
1760006865395 19 77759
1760006865752 19 77769
1760006866107 19 77779
1760006866472 19 77789
1760006866839 19 77799
1760006867196 19 77809
1760006867558 19 77819
1760006867918 19 77829
1760006868280 19 77839
1760006868637 19 77849
1760006868997 19 77859
1760006869360 19 77869
1760006869719 19 77879
1760006870079 19 77889
1760006870436 19 77899
1760006870785 19 77909
1760006871136 19 77919
1760006871486 19 77929
1760006871846 19 77939
1760006872197 19 77949
1760006872548 19 77959
1760006872901 19 77969
1760006873249 19 77979
1760006873602 19 77989
1760006873953 19 77999
1760006874311 19 78009
1760006874668 19 78019
1760006875018 19 78029
1760006875368 19 78039
1760006875730 19 78049
1760006876087 19 78059
1760006876442 19 78069
1760006876795 19 78079
1760006877156 19 78089
1760006877511 19 78099
1760006877862 19 78109
1760006878218 19 78119
1760006878572 19 78129
1760006878936 19 78139
1760006879291 19 78149
1760006879659 19 78159
1760006880019 19 78169
1760006880391 19 78179
1760006880746 19 78189
1760006881106 19 78199
1760006881467 19 78209
1760006881822 19 78219
1760006882175 19 78229
1760006882532 19 78239
1760006882886 19 78249
1760006883240 19 78259
1760006883591 19 78269
1760006883944 19 78279
1760006884299 19 78289
1760006884649 19 78299
1760006885006 19 78309
1760006885356 19 78319
1760006885709 19 78329
1760006886057 19 78339
1760006886407 19 78349
1760006886755 19 78359
1760006887112 19 78369
1760006887463 19 78379
1760006887814 19 78389
1760006888160 19 78399
1760006888509 19 78409
1760006888862 19 78419
1760006889220 19 78429
1760006889577 19 78439
1760006889926 19 78449
1760006890276 19 78459
1760006890624 19 78469
1760006890977 19 78479
1760006891325 19 78489
1760006891683 19 78499
1760006892033 19 78509
1760006892385 19 78519
1760006892734 19 78529
1760006893083 19 78539
1760006893433 19 78549
1760006893788 19 78559
1760006894140 19 78569
1760006894492 19 78579
1760006894842 19 78589
1760006895196 19 78599
1760006895549 19 78609
1760006895898 19 78619
1760006896249 19 78629
1760006896599 19 78639
1760006896962 19 78649
1760006897319 19 78659
1760006897670 19 78669
1760006898014 19 78679
1760006898358 19 78689
1760006898704 19 78699
1760006899054 19 78709
1760006899396 19 78719
1760006899736 19 78729
1760006900084 19 78739
1760006900425 19 78749
1760006900771 19 78759
1760006901125 19 78769
1760006901474 19 78779
1760006901822 19 78789
1760006902176 19 78799
1760006902525 19 78809
1760006902885 19 78819
1760006903243 19 78829
1760006903598 19 78839
1760006903949 19 78849
1760006904301 19 78859
1760006904655 19 78869
1760006905014 19 78879
1760006905367 19 78889
1760006905737 19 78899
1760006906088 19 78909
1760006906444 19 78919
1760006906799 19 78929
1760006907156 19 78939
1760006907511 19 78949
1760006907871 19 78959
1760006908229 19 78969
1760006908584 19 78979
1760006908958 19 78989
1760006909321 19 78999
1760006909684 19 79009
1760006910049 19 79019
1760006910419 19 79029
1760006910777 19 79039
1760006911136 19 79049
1760006911506 19 79059
1760006911865 19 79069
1760006912230 19 79079
1760006912596 19 79089
1760006912954 19 79099
1760006913312 19 79109
1760006913676 19 79119
1760006914028 19 79129
1760006914387 19 79139
1760006914750 19 79149
1760006915119 19 79159
1760006915474 19 79169
1760006915830 19 79179
1760006916191 19 79189
1760006916552 19 79199
1760006916916 19 79209
1760006917287 19 79219
1760006917646 19 79229
1760006918005 19 79239
1760006918366 19 79249
1760006918727 19 79259
1760006919084 19 79269
1760006919448 19 79279
1760006919812 19 79289
1760006920172 19 79299
1760006920533 19 79309
1760006920893 19 79319
1760006921258 19 79329
1760006921631 19 79339
1760006921995 19 79349
1760006922361 19 79359
1760006922725 19 79369
1760006923092 19 79379
1760006923455 19 79389
1760006923820 19 79399
1760006924183 19 79409
1760006924550 19 79419
1760006924925 19 79429
1760006925291 19 79439
1760006925654 19 79449
1760006926018 19 79459
1760006926384 19 79469
1760006926749 19 79479
1760006927124 19 79489
1760006927496 19 79499
1760006927866 19 79509
1760006928243 19 79519
1760006928614 19 79529
1760006928982 19 79539
1760006929352 19 79549
1760006929723 19 79559
1760006930093 19 79569
1760006930462 19 79579
1760006930832 19 79589
1760006931201 19 79599
1760006931573 19 79609
1760006931942 19 79619
1760006932313 19 79629
1760006932683 19 79639
1760006933051 19 79649
1760006933420 19 79659
1760006933788 19 79669
1760006934156 19 79679
1760006934525 19 79689
1760006934895 19 79699
1760006935264 19 79709
1760006935635 19 79719
1760006936001 19 79729
1760006936372 19 79739
1760006936739 19 79749
1760006937111 19 79759
1760006937481 19 79769
1760006937849 19 79779
1760006938217 19 79789
1760006938587 19 79799
1760006938953 19 79809
1760006939323 19 79819
1760006939692 19 79829
1760006940062 19 79839
1760006940432 19 79849
1760006940800 19 79859
1760006941169 19 79869
1760006941538 19 79879
1760006941908 19 79889
1760006942278 19 79899
1760006942648 19 79909
1760006943016 19 79919
1760006943385 19 79929
1760006943752 19 79939
1760006944123 19 79949
1760006944492 19 79959
1760006944861 19 79969
1760006945230 19 79979
1760006945598 19 79989
1760006945965 19 79999
1760006946334 19 80009
1760006946703 19 80019
1760006947072 19 80029
1760006947445 19 80039
1760006947812 19 80049
1760006948182 19 80059
1760006948551 19 80069
1760006948931 19 80079
1760006949301 19 80089
1760006949672 19 80099
1760006950042 19 80109
1760006950410 19 80119
1760006950777 19 80129
1760006951147 19 80139
1760006951517 19 80149
1760006951887 19 80159
1760006952257 19 80169
1760006952625 19 80179
1760006952995 19 80189
1760006953367 19 80199
1760006953741 19 80209
1760006954114 19 80219
1760006954489 19 80229
1760006954861 19 80239
1760006955234 19 80249
1760006955605 19 80259
1760006955985 19 80269
1760006956365 19 80279
1760006956739 19 80289
1760006957113 19 80299
1760006957486 19 80309
1760006957860 19 80319
1760006958248 19 80329
1760006958619 19 80339
1760006958996 19 80349
1760006959369 19 80359
1760006959737 19 80369
1760006960107 19 80379
1760006960477 19 80389
1760006960854 19 80399
1760006961230 19 80409
1760006961601 19 80419
1760006961971 19 80429
1760006962343 19 80439
1760006962713 19 80449
1760006963091 19 80459
1760006963464 19 80469
1760006963835 19 80479
1760006964206 19 80489
1760006964573 19 80499
1760006964942 19 80509
1760006965313 19 80519
1760006965690 19 80529
1760006966066 19 80539
1760006966442 19 80549
1760006966814 19 80559
1760006967186 19 80569
1760006967556 19 80579
1760006967938 19 80589
1760006968322 19 80599
1760006968694 19 80609
1760006969063 19 80619
1760006969434 19 80629
1760006969803 19 80639
1760006970181 19 80649
1760006971058 19 80659
1760006971420 19 80669
1760006971781 19 80679
1760006972144 19 80689
1760006972506 19 80699
1760006972867 19 80709
1760006973228 19 80719
1760006973593 19 80729
1760006973956 19 80739
1760006974318 19 80749
1760006974680 19 80759
1760006975041 19 80769
1760006975404 19 80779
1760006984886 19 80779
1760006989658 20 80789
1760006989947 20 80799
1760006990263 20 80809
1760006990618 20 80819
1760006990987 20 80829
1760006991353 20 80839
1760006991768 20 80849
1760006992119 20 80859
1760006992478 20 80869
1760006992829 20 80879
1760006993179 20 80889
1760006993531 20 80899
1760006993889 20 80909
1760006994262 20 80919
1760006994630 20 80929
1760006994999 20 80939
1760006995365 20 80949
1760006995736 20 80959
1760006996105 20 80969
1760006996474 20 80979
1760006996844 20 80989
1760006997221 20 80999
1760006997592 20 81009
1760006997961 20 81019
1760006998350 20 81029
1760006998727 20 81039
1760006999101 20 81049
1760006999471 20 81059
1760006999847 20 81069
1760007000215 20 81079
1760007000591 20 81089
1760007000958 20 81099
1760007001328 20 81109
1760007001699 20 81119
1760007002072 20 81129
1760007002442 20 81139
1760007002809 20 81149
1760007003177 20 81159
1760007003544 20 81169
1760007003912 20 81179
1760007004280 20 81189
1760007004648 20 81199
1760007005014 20 81209
1760007005387 20 81219
1760007005756 20 81229
1760007006123 20 81239
1760007006489 20 81249
1760007006858 20 81259
1760007007226 20 81269
1760007007595 20 81279
1760007007965 20 81289
1760007008332 20 81299
1760007008700 20 81309
1760007009070 20 81319
1760007009441 20 81329
1760007009808 20 81339
1760007010179 20 81349
1760007010547 20 81359
1760007010913 20 81369
1760007011280 20 81379
1760007011656 20 81389
1760007012024 20 81399
1760007012399 20 81409
1760007012765 20 81419
1760007013150 20 81429
1760007013528 20 81439
1760007013905 20 81449
1760007014283 20 81459
1760007014656 20 81469
1760007015032 20 81479
1760007015398 20 81489
1760007015765 20 81499
1760007016133 20 81509
1760007016504 20 81519
1760007016875 20 81529
1760007017254 20 81539
1760007017622 20 81549
1760007017984 20 81559
1760007018346 20 81569
1760007018711 20 81579
1760007019073 20 81589
1760007019437 20 81599
1760007019803 20 81609
1760007020166 20 81619
1760007020533 20 81629
1760007020900 20 81639
1760007021269 20 81649
1760007021635 20 81659
1760007022005 20 81669
1760007022374 20 81679
1760007022741 20 81689
1760007023108 20 81699
1760007023482 20 81709
1760007023853 20 81719
1760007024226 20 81729
1760007024599 20 81739
1760007024971 20 81749
1760007025349 20 81759
1760007025730 20 81769
1760007026106 20 81779
1760007026478 20 81789
1760007026858 20 81799
1760007027235 20 81809
1760007027604 20 81819
1760007027993 20 81829
1760007028370 20 81839
1760007028745 20 81849
1760007029121 20 81859
1760007029499 20 81869
1760007029880 20 81879
1760007030261 20 81889
1760007030642 20 81899
1760007031018 20 81909
1760007031392 20 81919
1760007031764 20 81929
1760007032139 20 81939
1760007032511 20 81949
1760007032889 20 81959
1760007033265 20 81969
1760007033644 20 81979
1760007034020 20 81989
1760007034395 20 81999
1760007034768 20 82009
1760007035140 20 82019
1760007035517 20 82029
1760007035893 20 82039
1760007036266 20 82049
1760007036634 20 82059
1760007037011 20 82069
1760007037388 20 82079
1760007037763 20 82089
1760007038141 20 82099
1760007038510 20 82109
1760007038885 20 82119
1760007039257 20 82129
1760007039638 20 82139
1760007040021 20 82149
1760007040395 20 82159
1760007040773 20 82169
1760007041144 20 82179
1760007041520 20 82189
1760007041889 20 82199
1760007042258 20 82209
1760007042633 20 82219
1760007043009 20 82229
1760007043390 20 82239
1760007043768 20 82249
1760007044142 20 82259
1760007044518 20 82269
1760007044900 20 82279
1760007045279 20 82289
1760007045648 20 82299
1760007046022 20 82309
1760007046392 20 82319
1760007046762 20 82329
1760007047129 20 82339
1760007047501 20 82349
1760007047869 20 82359
1760007048241 20 82369
1760007048613 20 82379
1760007048985 20 82389
1760007049351 20 82399
1760007049719 20 82409
1760007050091 20 82419
1760007050456 20 82429
1760007050821 20 82439
1760007051186 20 82449
1760007051554 20 82459
1760007051922 20 82469
1760007052289 20 82479
1760007052664 20 82489
1760007053032 20 82499
1760007053400 20 82509
1760007053769 20 82519
1760007054138 20 82529
1760007054509 20 82539
1760007054875 20 82549
1760007055244 20 82559
1760007055613 20 82569
1760007055982 20 82579
1760007056351 20 82589
1760007056724 20 82599
1760007057101 20 82609
1760007057468 20 82619
1760007057838 20 82629
1760007058208 20 82639
1760007058579 20 82649
1760007058950 20 82659
1760007059320 20 82669
1760007059689 20 82679
1760007060061 20 82689
1760007060431 20 82699
1760007060804 20 82709
1760007061173 20 82719
1760007061553 20 82729
1760007061925 20 82739
1760007062296 20 82749
1760007062671 20 82759
1760007063048 20 82769
1760007063422 20 82779
1760007063798 20 82789
1760007064170 20 82799
1760007064544 20 82809
1760007064915 20 82819
1760007065287 20 82829
1760007065659 20 82839
1760007066025 20 82849
1760007066395 20 82859
1760007066762 20 82869
1760007067131 20 82879
1760007067501 20 82889
1760007067869 20 82899
1760007068236 20 82909
1760007068606 20 82919
1760007068978 20 82929
1760007069346 20 82939
1760007069716 20 82949
1760007070086 20 82959
1760007070453 20 82969
1760007070821 20 82979
1760007071192 20 82989
1760007071561 20 82999
1760007071931 20 83009
1760007072301 20 83019
1760007072670 20 83029
1760007073038 20 83039
1760007073413 20 83049
1760007073778 20 83059
1760007074145 20 83069
1760007074512 20 83079
1760007074877 20 83089
1760007075241 20 83099
1760007075606 20 83109
1760007075971 20 83119
1760007076344 20 83129
1760007076718 20 83139
1760007077091 20 83149
1760007077463 20 83159
1760007077841 20 83169
1760007078225 20 83179
1760007078594 20 83189
1760007078966 20 83199
1760007079339 20 83209
1760007079712 20 83219
1760007080083 20 83229
1760007080461 20 83239
1760007080835 20 83249
1760007081206 20 83259
1760007081582 20 83269
1760007081954 20 83279
1760007082325 20 83289
1760007082703 20 83299
1760007083075 20 83309
1760007083444 20 83319
1760007083814 20 83329
1760007084185 20 83339
1760007084558 20 83349
1760007084927 20 83359
1760007085379 20 83369
1760007085822 20 83379
1760007086189 20 83389
1760007086558 20 83399
1760007086926 20 83409
1760007087290 20 83419
1760007087664 20 83429
1760007088032 20 83439
1760007088398 20 83449
1760007088770 20 83459
1760007089141 20 83469
1760007089515 20 83479
1760007089889 20 83489
1760007090262 20 83499
1760007090634 20 83509
1760007091004 20 83519
1760007091378 20 83529
1760007091748 20 83539
1760007092118 20 83549
1760007092490 20 83559
1760007092861 20 83569
1760007093230 20 83579
1760007093602 20 83589
1760007093980 20 83599
1760007094351 20 83609
1760007094724 20 83619
1760007095097 20 83629
1760007095473 20 83639
1760007095843 20 83649
1760007096217 20 83659
1760007096592 20 83669
1760007096969 20 83679
1760007097345 20 83689
1760007097719 20 83699
1760007098090 20 83709
1760007098465 20 83719
1760007098844 20 83729
1760007099213 20 83739
1760007099585 20 83749
1760007099962 20 83759
1760007100333 20 83769
1760007100716 20 83779
1760007101089 20 83789
1760007101459 20 83799
1760007101828 20 83809
1760007102200 20 83819
1760007102580 20 83829
1760007102952 20 83839
1760007103330 20 83849
1760007103702 20 83859
1760007104074 20 83869
1760007104446 20 83879
1760007104821 20 83889
1760007105190 20 83899
1760007105564 20 83909
1760007105947 20 83919
1760007106312 20 83929
1760007106678 20 83939
1760007107036 20 83949
1760007107395 20 83959
1760007107753 20 83969
1760007108116 20 83979
1760007108473 20 83989
1760007108838 20 83999
1760007109195 20 84009
1760007109550 20 84019
1760007109905 20 84029
1760007110279 20 84039
1760007110655 20 84049
1760007111031 20 84059
1760007111407 20 84069
1760007111775 20 84079
1760007112145 20 84089
1760007112517 20 84099
1760007112891 20 84109
1760007113268 20 84119
1760007113642 20 84129
1760007114017 20 84139
1760007114401 20 84149
1760007114774 20 84159
1760007115148 20 84169
1760007115526 20 84179
1760007115898 20 84189
1760007116285 20 84199
1760007116664 20 84209
1760007117043 20 84219
1760007117418 20 84229
1760007117768 20 84239
1760007118120 20 84249
1760007118481 20 84259
1760007118837 20 84269
1760007119188 20 84279
1760007119541 20 84289
1760007119906 20 84299
1760007120300 20 84309
1760007120666 20 84319
1760007121034 20 84329
1760007121402 20 84339
1760007121776 20 84349
1760007122189 20 84359
1760007122579 20 84369
1760007122957 20 84379
1760007123318 20 84389
1760007123684 20 84399
1760007124049 20 84409
1760007124414 20 84419
1760007124776 20 84429
1760007125154 20 84439
1760007125517 20 84449
1760007125882 20 84459
1760007126246 20 84469
1760007126618 20 84479
1760007126993 20 84489
1760007127347 20 84499
1760007127711 20 84509
1760007128087 20 84519
1760007128457 20 84529
1760007128828 20 84539
1760007129198 20 84549
1760007129576 20 84559
1760007129950 20 84569
1760007130323 20 84579
1760007130699 20 84589
1760007131072 20 84599
1760007131428 20 84609
1760007131781 20 84619
1760007132134 20 84629
1760007132498 20 84639
1760007132852 20 84649
1760007133206 20 84659
1760007133558 20 84669
1760007133915 20 84679
1760007134265 20 84689
1760007135130 20 84699
1760007135471 20 84709
1760007135812 20 84719
1760007136152 20 84729
1760007136496 20 84739
1760007136836 20 84749
1760007137179 20 84759
1760007137519 20 84769
1760007137865 20 84779
1760007138206 20 84789
1760007138547 20 84799
1760007138889 20 84809
1760007194708 20 84818
1760007199682 21 84819
1760007200055 21 84829
1760007200430 21 84839
1760007200818 21 84849
1760007201170 21 84859
1760007201528 21 84869
1760007201901 21 84879
1760007202306 21 84889
1760007202666 21 84899
1760007203021 21 84909
1760007203379 21 84919
1760007203744 21 84929
1760007204102 21 84939
1760007204465 21 84949
1760007204841 21 84959
1760007205208 21 84969
1760007205569 21 84979
1760007205933 21 84989
1760007206299 21 84999
1760007206666 21 85009
1760007207041 21 85019
1760007207422 21 85029
1760007207791 21 85039
1760007208149 21 85049
1760007208515 21 85059
1760007208883 21 85069
1760007209242 21 85079
1760007209614 21 85089
1760007209993 21 85099
1760007210371 21 85109
1760007210742 21 85119
1760007211103 21 85129
1760007211472 21 85139
1760007211851 21 85149
1760007212233 21 85159
1760007212626 21 85169
1760007212999 21 85179
1760007213376 21 85189
1760007213776 21 85199
1760007214144 21 85209
1760007214515 21 85219
1760007214888 21 85229
1760007215255 21 85239
1760007215627 21 85249
1760007215997 21 85259
1760007216377 21 85269
1760007216740 21 85279
1760007217110 21 85289
1760007217484 21 85299
1760007217860 21 85309
1760007218237 21 85319
1760007218624 21 85329
1760007219004 21 85339
1760007219383 21 85349
1760007219761 21 85359
1760007220142 21 85369
1760007220535 21 85379
1760007220920 21 85389
1760007221291 21 85399
1760007221668 21 85409
1760007222042 21 85419
1760007222417 21 85429
1760007222779 21 85439
1760007223136 21 85449
1760007223505 21 85459
1760007223853 21 85469
1760007224207 21 85479
1760007224562 21 85489
1760007224911 21 85499
1760007225263 21 85509
1760007225626 21 85519
1760007225975 21 85529
1760007226329 21 85539
1760007226680 21 85549
1760007227042 21 85559
1760007227400 21 85569
1760007227762 21 85579
1760007228124 21 85589
1760007228485 21 85599
1760007228875 21 85609
1760007229241 21 85619
1760007229605 21 85629
1760007229968 21 85639
1760007230334 21 85649
1760007230700 21 85659
1760007231066 21 85669
1760007231432 21 85679
1760007231798 21 85689
1760007232163 21 85699
1760007232528 21 85709
1760007232894 21 85719
1760007233262 21 85729
1760007233625 21 85739
1760007233983 21 85749
1760007234341 21 85759
1760007234696 21 85769
1760007235058 21 85779
1760007235407 21 85789
1760007235757 21 85799
1760007236106 21 85809
1760007236461 21 85819
1760007236813 21 85829
1760007237174 21 85839
1760007237526 21 85849
1760007237886 21 85859
1760007238248 21 85869
1760007238605 21 85879
1760007238958 21 85889
1760007239315 21 85899
1760007239673 21 85909
1760007240030 21 85919
1760007240388 21 85929
1760007240745 21 85939
1760007241103 21 85949
1760007241460 21 85959
1760007241820 21 85969
1760007242176 21 85979
1760007242526 21 85989
1760007242901 21 85999
1760007243309 21 86009
1760007243707 21 86019
1760007244104 21 86029
1760007244470 21 86039
1760007244838 21 86049
1760007245204 21 86059
1760007245584 21 86069
1760007245959 21 86079
1760007246348 21 86089
1760007246740 21 86099
1760007247124 21 86109
1760007247509 21 86119
1760007247884 21 86129
1760007248271 21 86139
1760007248645 21 86149
1760007249015 21 86159
1760007249382 21 86169
1760007249749 21 86179
1760007250112 21 86189
1760007250470 21 86199
1760007250833 21 86209
1760007251202 21 86219
1760007251562 21 86229
1760007251921 21 86239
1760007252279 21 86249
1760007252641 21 86259
1760007253004 21 86269
1760007253364 21 86279
1760007253727 21 86289
1760007254099 21 86299
1760007254470 21 86309
1760007254850 21 86319
1760007255219 21 86329
1760007255591 21 86339
1760007255970 21 86349
1760007256338 21 86359
1760007256707 21 86369
1760007257077 21 86379
1760007257451 21 86389
1760007257827 21 86399
1760007258187 21 86409
1760007258537 21 86419
1760007258904 21 86429
1760007259275 21 86439
1760007259642 21 86449
1760007260013 21 86459
1760007260386 21 86469
1760007260756 21 86479
1760007261122 21 86489
1760007261486 21 86499
1760007261856 21 86509
1760007262234 21 86519
1760007262605 21 86529
1760007262976 21 86539
1760007263346 21 86549
1760007263717 21 86559
1760007264104 21 86569
1760007264497 21 86579
1760007264878 21 86589
1760007265246 21 86599
1760007265637 21 86609
1760007266006 21 86619
1760007266376 21 86629
1760007266745 21 86639
1760007267120 21 86649
1760007267500 21 86659
1760007267870 21 86669
1760007268243 21 86679
1760007268615 21 86689
1760007268987 21 86699
1760007269368 21 86709
1760007269743 21 86719
1760007270135 21 86729
1760007270527 21 86739
1760007270934 21 86749
1760007271329 21 86759
1760007271713 21 86769
1760007272102 21 86779
1760007272486 21 86789
1760007272856 21 86799
1760007273226 21 86809
1760007273589 21 86819
1760007273956 21 86829
1760007274320 21 86839
1760007274678 21 86849
1760007275039 21 86859
1760007275398 21 86869
1760007275757 21 86879
1760007276117 21 86889
1760007276478 21 86899
1760007276839 21 86909
1760007277194 21 86919
1760007277555 21 86929
1760007277920 21 86939
1760007278305 21 86949
1760007278652 21 86959
1760007279004 21 86969
1760007279356 21 86979
1760007279726 21 86989
1760007280091 21 86999
1760007280460 21 87009
1760007280824 21 87019
1760007281189 21 87029
1760007281557 21 87039
1760007281938 21 87049
1760007282313 21 87059
1760007282697 21 87069
1760007283080 21 87079
1760007283451 21 87089
1760007283813 21 87099
1760007284168 21 87109
1760007284525 21 87119
1760007284875 21 87129
1760007285231 21 87139
1760007285580 21 87149
1760007285926 21 87159
1760007286281 21 87169
1760007286634 21 87179
1760007286980 21 87189
1760007287340 21 87199
1760007287692 21 87209
1760007288047 21 87219
1760007288401 21 87229
1760007288751 21 87239
1760007289100 21 87249
1760007289454 21 87259
1760007289805 21 87269
1760007290152 21 87279
1760007290499 21 87289
1760007290849 21 87299
1760007291202 21 87309
1760007291552 21 87319
1760007291908 21 87329
1760007292268 21 87339
1760007292588 21 87349
1760007292873 21 87359
1760007293198 21 87369
1760007293565 21 87379
1760007293919 21 87389
1760007294281 21 87399
1760007294646 21 87409
1760007295008 21 87419
1760007295376 21 87429
1760007295741 21 87439
1760007296108 21 87449
1760007296466 21 87459
1760007296825 21 87469
1760007297177 21 87479
1760007297537 21 87489
1760007297892 21 87499
1760007298252 21 87509
1760007298610 21 87519
1760007298963 21 87529
1760007299313 21 87539
1760007299668 21 87549
1760007300026 21 87559
1760007300385 21 87569
1760007300746 21 87579
1760007301099 21 87589
1760007301443 21 87599
1760007301793 21 87609
1760007302147 21 87619
1760007302500 21 87629
1760007302859 21 87639
1760007303220 21 87649
1760007303572 21 87659
1760007303922 21 87669
1760007304282 21 87679
1760007304632 21 87689
1760007304993 21 87699
1760007305352 21 87709
1760007305714 21 87719
1760007306065 21 87729
1760007306422 21 87739
1760007306789 21 87749
1760007307154 21 87759
1760007307525 21 87769
1760007307884 21 87779
1760007308240 21 87789
1760007308612 21 87799
1760007308979 21 87809
1760007309345 21 87819
1760007309711 21 87829
1760007310065 21 87839
1760007310377 21 87849
1760007310633 21 87859
1760007310905 21 87869
1760007311178 21 87879
1760007311417 21 87889
1760007311634 21 87899
1760007311853 21 87909
1760007312170 21 87919
1760007312525 21 87929
1760007312885 21 87939
1760007313241 21 87949
1760007313591 21 87959
1760007313945 21 87969
1760007314305 21 87979
1760007314663 21 87989
1760007315018 21 87999
1760007315376 21 88009
1760007315734 21 88019
1760007316094 21 88029
1760007316456 21 88039
1760007316814 21 88049
1760007317171 21 88059
1760007317532 21 88069
1760007317889 21 88079
1760007318245 21 88089
1760007318619 21 88099
1760007318989 21 88109
1760007319358 21 88119
1760007319728 21 88129
1760007320098 21 88139
1760007320467 21 88149
1760007320836 21 88159
1760007321202 21 88169
1760007321576 21 88179
1760007321955 21 88189
1760007322338 21 88199
1760007322705 21 88209
1760007323082 21 88219
1760007323453 21 88229
1760007323839 21 88239
1760007324221 21 88249
1760007324603 21 88259
1760007324979 21 88269
1760007325363 21 88279
1760007325750 21 88289
1760007326143 21 88299
1760007326523 21 88309
1760007326902 21 88319
1760007327297 21 88329
1760007327679 21 88339
1760007328068 21 88349
1760007328449 21 88359
1760007328835 21 88369
1760007329235 21 88379
1760007329641 21 88389
1760007330026 21 88399
1760007330400 21 88409
1760007330799 21 88419
1760007331184 21 88429
1760007331570 21 88439
1760007331945 21 88449
1760007332328 21 88459
1760007332712 21 88469
1760007333087 21 88479
1760007333471 21 88489
1760007333856 21 88499
1760007334240 21 88509
1760007334634 21 88519
1760007335016 21 88529
1760007335395 21 88539
1760007335770 21 88549
1760007336145 21 88559
1760007336514 21 88569
1760007336891 21 88579
1760007337271 21 88589
1760007337650 21 88599
1760007338038 21 88609
1760007338424 21 88619
1760007338802 21 88629
1760007339192 21 88639
1760007339577 21 88649
1760007339951 21 88659
1760007340319 21 88669
1760007340695 21 88679
1760007341078 21 88689
1760007341470 21 88699
1760007341852 21 88709
1760007342233 21 88719
1760007342601 21 88729
1760007343475 21 88739
1760007343851 21 88749
1760007344226 21 88759
1760007344593 21 88769
1760007344948 21 88779
1760007345306 21 88789
1760007345681 21 88799
1760007346050 21 88809
1760007346429 21 88819
1760007346794 21 88829
1760007347151 21 88839
1760007347493 21 88849
1760007356835 21 88857
1760007361353 22 88859
1760007361718 22 88869
1760007362104 22 88879
1760007362473 22 88889
1760007362837 22 88899
1760007363213 22 88909
1760007363597 22 88919
1760007364007 22 88929
1760007364363 22 88939
1760007364721 22 88949
1760007365082 22 88959
1760007365438 22 88969
1760007365802 22 88979
1760007366172 22 88989
1760007366547 22 88999
1760007366922 22 89009
1760007367306 22 89019
1760007367692 22 89029
1760007368112 22 89039
1760007368485 22 89049
1760007368858 22 89059
1760007369230 22 89069
1760007369597 22 89079
1760007369968 22 89089
1760007370337 22 89099
1760007370713 22 89109
1760007371077 22 89119
1760007371453 22 89129
1760007371826 22 89139
1760007372190 22 89149
1760007372571 22 89159
1760007372953 22 89169
1760007373336 22 89179
1760007373708 22 89189
1760007374082 22 89199
1760007374452 22 89209
1760007374819 22 89219
1760007375187 22 89229
1760007375557 22 89239
1760007375925 22 89249
1760007376305 22 89259
1760007376692 22 89269
1760007377076 22 89279
1760007377464 22 89289
1760007377849 22 89299
1760007378241 22 89309
1760007378609 22 89319
1760007378982 22 89329
1760007379367 22 89339
1760007379744 22 89349
1760007380125 22 89359
1760007380499 22 89369
1760007380873 22 89379
1760007381256 22 89389
1760007381638 22 89399
1760007382026 22 89409
1760007382418 22 89419
1760007382801 22 89429
1760007383176 22 89439
1760007383550 22 89449
1760007383929 22 89459
1760007384308 22 89469
1760007384685 22 89479
1760007385066 22 89489
1760007385611 22 89499
1760007385990 22 89509
1760007386369 22 89519
1760007386766 22 89529
1760007387195 22 89539
1760007387599 22 89549
1760007387979 22 89559
1760007388369 22 89569
1760007388751 22 89579
1760007389144 22 89589
1760007389536 22 89599
1760007389916 22 89609
1760007390316 22 89619
1760007390715 22 89629
1760007391109 22 89639
1760007391499 22 89649
1760007391906 22 89659
1760007392298 22 89669
1760007392692 22 89679
1760007393088 22 89689
1760007393452 22 89699
1760007393817 22 89709
1760007394201 22 89719
1760007394587 22 89729
1760007394975 22 89739
1760007395364 22 89749
1760007395757 22 89759
1760007396145 22 89769
1760007396536 22 89779
1760007396930 22 89789
1760007397319 22 89799
1760007397704 22 89809
1760007398107 22 89819
1760007398503 22 89829
1760007398896 22 89839
1760007399286 22 89849
1760007399673 22 89859
1760007400074 22 89869
1760007400477 22 89879
1760007400879 22 89889
1760007401285 22 89899
1760007401691 22 89909
1760007402094 22 89919
1760007402471 22 89929
1760007402845 22 89939
1760007403225 22 89949
1760007403621 22 89959
1760007404006 22 89969
1760007404389 22 89979
1760007404769 22 89989
1760007405151 22 89999
1760007405526 22 90009
1760007405917 22 90019
1760007406307 22 90029
1760007406702 22 90039
1760007407100 22 90049
1760007407500 22 90059
1760007407877 22 90069
1760007408246 22 90079
1760007408628 22 90089
1760007409018 22 90099
1760007409411 22 90109
1760007409800 22 90119
1760007410183 22 90129
1760007410572 22 90139
1760007410956 22 90149
1760007411346 22 90159
1760007411743 22 90169
1760007412119 22 90179
1760007412506 22 90189
1760007412898 22 90199
1760007413294 22 90209
1760007413664 22 90219
1760007414034 22 90229
1760007414430 22 90239
1760007414827 22 90249
1760007415200 22 90259
1760007415573 22 90269
1760007415945 22 90279
1760007416315 22 90289
1760007416689 22 90299
1760007417067 22 90309
1760007417449 22 90319
1760007417821 22 90329
1760007418198 22 90339
1760007418570 22 90349
1760007418944 22 90359
1760007419345 22 90369
1760007419728 22 90379
1760007420122 22 90389
1760007420501 22 90399
1760007420851 22 90409
1760007421204 22 90419
1760007421556 22 90429
1760007421915 22 90439
1760007422268 22 90449
1760007422620 22 90459
1760007422971 22 90469
1760007423326 22 90479
1760007423680 22 90489
1760007424037 22 90499
1760007424403 22 90509
1760007424754 22 90519
1760007425111 22 90529
1760007425466 22 90539
1760007425821 22 90549
1760007426179 22 90559
1760007426556 22 90569
1760007426911 22 90579
1760007427277 22 90589
1760007427667 22 90599
1760007428062 22 90609
1760007428462 22 90619
1760007428851 22 90629
1760007429238 22 90639
1760007429614 22 90649
1760007429992 22 90659
1760007430369 22 90669
1760007430740 22 90679
1760007431112 22 90689
1760007431513 22 90699
1760007431906 22 90709
1760007432287 22 90719
1760007432679 22 90729
1760007433090 22 90739
1760007433482 22 90749
1760007433860 22 90759
1760007434234 22 90769
1760007434625 22 90779
1760007435010 22 90789
1760007435386 22 90799
1760007435759 22 90809
1760007436132 22 90819
1760007436502 22 90829
1760007436880 22 90839
1760007437273 22 90849
1760007437643 22 90859
1760007438022 22 90869
1760007438400 22 90879
1760007438785 22 90889
1760007439159 22 90899
1760007439533 22 90909
1760007439921 22 90919
1760007440303 22 90929
1760007440704 22 90939
1760007441086 22 90949
1760007441471 22 90959
1760007441855 22 90969
1760007442245 22 90979
1760007442631 22 90989
1760007443016 22 90999
1760007443403 22 91009
1760007443800 22 91019
1760007444192 22 91029
1760007444574 22 91039
1760007444955 22 91049
1760007445324 22 91059
1760007445696 22 91069
1760007446075 22 91079
1760007446451 22 91089
1760007446842 22 91099
1760007447211 22 91109
1760007447574 22 91119
1760007447958 22 91129
1760007448359 22 91139
1760007448745 22 91149
1760007449126 22 91159
1760007449507 22 91169
1760007449887 22 91179
1760007450280 22 91189
1760007450649 22 91199
1760007451014 22 91209
1760007451405 22 91219
1760007451779 22 91229
1760007452157 22 91239
1760007452532 22 91249
1760007452919 22 91259
1760007453306 22 91269
1760007453688 22 91279
1760007454074 22 91289
1760007454483 22 91299
1760007454879 22 91309
1760007455276 22 91319
1760007455656 22 91329
1760007456053 22 91339
1760007456435 22 91349
1760007456829 22 91359
1760007457204 22 91369
1760007457579 22 91379
1760007457948 22 91389
1760007458330 22 91399
1760007458714 22 91409
1760007459091 22 91419
1760007459484 22 91429
1760007459852 22 91439
1760007460217 22 91449
1760007460579 22 91459
1760007460942 22 91469
1760007461287 22 91479
1760007461646 22 91489
1760007462016 22 91499
1760007462385 22 91509
1760007462763 22 91519
1760007463125 22 91529
1760007463500 22 91539
1760007463871 22 91549
1760007464223 22 91559
1760007464581 22 91569
1760007464950 22 91579
1760007465309 22 91589
1760007465686 22 91599
1760007466041 22 91609
1760007466402 22 91619
1760007466763 22 91629
1760007467124 22 91639
1760007467495 22 91649
1760007467877 22 91659
1760007468246 22 91669
1760007468613 22 91679
1760007468970 22 91689
1760007469338 22 91699
1760007469717 22 91709
1760007470122 22 91719
1760007470492 22 91729
1760007470884 22 91739
1760007471280 22 91749
1760007471633 22 91759
1760007471986 22 91769
1760007472348 22 91779
1760007472707 22 91789
1760007473068 22 91799
1760007473418 22 91809
1760007473766 22 91819
1760007474113 22 91829
1760007474461 22 91839
1760007474807 22 91849
1760007475151 22 91859
1760007475500 22 91869
1760007475862 22 91879
1760007476225 22 91889
1760007476584 22 91899
1760007476949 22 91909
1760007477333 22 91919
1760007477699 22 91929
1760007478098 22 91939
1760007478472 22 91949
1760007478861 22 91959
1760007479234 22 91969
1760007479606 22 91979
1760007479970 22 91989
1760007480334 22 91999
1760007480706 22 92009
1760007481065 22 92019
1760007481429 22 92029
1760007481791 22 92039
1760007482147 22 92049
1760007482502 22 92059
1760007482855 22 92069
1760007483208 22 92079
1760007483564 22 92089
1760007483927 22 92099
1760007484296 22 92109
1760007484671 22 92119
1760007485038 22 92129
1760007485412 22 92139
1760007485784 22 92149
1760007486157 22 92159
1760007486523 22 92169
1760007486891 22 92179
1760007487261 22 92189
1760007487629 22 92199
1760007487997 22 92209
1760007488367 22 92219
1760007488744 22 92229
1760007489109 22 92239
1760007489472 22 92249
1760007489839 22 92259
1760007490204 22 92269
1760007490575 22 92279
1760007490940 22 92289
1760007491304 22 92299
1760007491662 22 92309
1760007492023 22 92319
1760007492385 22 92329
1760007492741 22 92339
1760007493097 22 92349
1760007493452 22 92359
1760007493798 22 92369
1760007494143 22 92379
1760007494490 22 92389
1760007494837 22 92399
1760007495187 22 92409
1760007495549 22 92419
1760007495920 22 92429
1760007496296 22 92439
1760007496677 22 92449
1760007497053 22 92459
1760007497424 22 92469
1760007497791 22 92479
1760007498163 22 92489
1760007498540 22 92499
1760007498911 22 92509
1760007499286 22 92519
1760007499660 22 92529
1760007500034 22 92539
1760007500403 22 92549
1760007500779 22 92559
1760007501144 22 92569
1760007501521 22 92579
1760007501904 22 92589
1760007502286 22 92599
1760007502655 22 92609
1760007503016 22 92619
1760007503390 22 92629
1760007503756 22 92639
1760007504125 22 92649
1760007504499 22 92659
1760007504859 22 92669
1760007505220 22 92679
1760007505580 22 92689
1760007505935 22 92699
1760007506308 22 92709
1760007506683 22 92719
1760007507051 22 92729
1760007507411 22 92739
1760007507775 22 92749
1760007508138 22 92759
1760007508997 22 92769
1760007509359 22 92779
1760007509724 22 92789
1760007510084 22 92799
1760007510448 22 92809
1760007510817 22 92819
1760007511198 22 92829
1760007511591 22 92839
1760007511984 22 92849
1760007512373 22 92859
1760007512764 22 92869
1760007513146 22 92879
1760007513542 22 92889
1760007523803 22 92896
1760007528224 23 92899
1760007528627 23 92909
1760007528997 23 92919
1760007529371 23 92929
1760007529746 23 92939
1760007530141 23 92949
1760007530503 23 92959
1760007530873 23 92969
1760007531218 23 92979
1760007531580 23 92989
1760007531943 23 92999
1760007532321 23 93009
1760007532678 23 93019
1760007533048 23 93029
1760007533422 23 93039
1760007533800 23 93049
1760007534176 23 93059
1760007534564 23 93069
1760007534965 23 93079
1760007535351 23 93089
1760007535729 23 93099
1760007536112 23 93109
1760007536501 23 93119
1760007536895 23 93129
1760007537293 23 93139
1760007537688 23 93149
1760007538078 23 93159
1760007538472 23 93169
1760007538861 23 93179
1760007539237 23 93189
1760007539648 23 93199
1760007540037 23 93209
1760007540427 23 93219
1760007540813 23 93229
1760007541200 23 93239
1760007541588 23 93249
1760007541975 23 93259
1760007542373 23 93269
1760007542760 23 93279
1760007543136 23 93289
1760007543523 23 93299
1760007543910 23 93309
1760007544295 23 93319
1760007544680 23 93329
1760007545073 23 93339
1760007545463 23 93349
1760007545851 23 93359
1760007546240 23 93369
1760007546629 23 93379
1760007547011 23 93389
1760007547393 23 93399
1760007547784 23 93409
1760007548183 23 93419
1760007548582 23 93429
1760007548985 23 93439
1760007549370 23 93449
1760007549764 23 93459
1760007550171 23 93469
1760007550561 23 93479
1760007550948 23 93489
1760007551333 23 93499
1760007551714 23 93509
1760007552085 23 93519
1760007552487 23 93529
1760007552875 23 93539
1760007553267 23 93549
1760007553665 23 93559
1760007554062 23 93569
1760007554441 23 93579
1760007554823 23 93589
1760007555194 23 93599
1760007555574 23 93609
1760007555960 23 93619
1760007556334 23 93629
1760007556711 23 93639
1760007557090 23 93649
1760007557474 23 93659
1760007557859 23 93669
1760007558254 23 93679
1760007558642 23 93689
1760007559021 23 93699
1760007559414 23 93709
1760007559811 23 93719
1760007560195 23 93729
1760007560586 23 93739
1760007560963 23 93749
1760007561338 23 93759
1760007561714 23 93769
1760007562091 23 93779
1760007562483 23 93789
1760007562875 23 93799
1760007563262 23 93809
1760007563645 23 93819
1760007564034 23 93829
1760007564415 23 93839
1760007564804 23 93849
1760007565197 23 93859
1760007565577 23 93869
1760007565948 23 93879
1760007566334 23 93889
1760007566726 23 93899
1760007567126 23 93909
1760007567509 23 93919
1760007567896 23 93929
1760007568284 23 93939
1760007568669 23 93949
1760007569066 23 93959
1760007569454 23 93969
1760007569851 23 93979
1760007570216 23 93989
1760007570582 23 93999
1760007570948 23 94009
1760007571317 23 94019
1760007571710 23 94029
1760007572127 23 94039
1760007572518 23 94049
1760007572929 23 94059
1760007573335 23 94069
1760007573738 23 94079
1760007574139 23 94089
1760007574551 23 94099
1760007574945 23 94109
1760007575349 23 94119
1760007575736 23 94129
1760007576123 23 94139
1760007576527 23 94149
1760007576917 23 94159
1760007577305 23 94169
1760007577698 23 94179
1760007578098 23 94189
1760007578490 23 94199
1760007578870 23 94209
1760007579268 23 94219
1760007579652 23 94229
1760007580051 23 94239
1760007580447 23 94249
1760007580848 23 94259
1760007581248 23 94269
1760007581650 23 94279
1760007582051 23 94289
1760007582455 23 94299
1760007582865 23 94309
1760007583271 23 94319
1760007583656 23 94329
1760007584041 23 94339
1760007584412 23 94349
1760007584796 23 94359
1760007585182 23 94369
1760007585576 23 94379
1760007585969 23 94389
1760007586358 23 94399
1760007586758 23 94409
1760007587139 23 94419
1760007587524 23 94429
1760007587907 23 94439
1760007588278 23 94449
1760007588647 23 94459
1760007589018 23 94469
1760007589396 23 94479
1760007589777 23 94489
1760007590158 23 94499
1760007590537 23 94509
1760007590926 23 94519
1760007591312 23 94529
1760007591674 23 94539
1760007592029 23 94549
1760007592394 23 94559
1760007592760 23 94569
1760007593128 23 94579
1760007593494 23 94589
1760007593871 23 94599
1760007594258 23 94609
1760007594632 23 94619
1760007594993 23 94629
1760007595347 23 94639
1760007595705 23 94649
1760007596065 23 94659
1760007596423 23 94669
1760007596788 23 94679
1760007597158 23 94689
1760007597517 23 94699
1760007597875 23 94709
1760007598230 23 94719
1760007598546 23 94729
1760007598815 23 94739
1760007599118 23 94749
1760007599430 23 94759
1760007599770 23 94769
1760007600143 23 94779
1760007600514 23 94789
1760007600894 23 94799
1760007601277 23 94809
1760007601663 23 94819
1760007602052 23 94829
1760007602443 23 94839
1760007602832 23 94849
1760007603231 23 94859
1760007603620 23 94869
1760007604003 23 94879
1760007604391 23 94889
1760007604776 23 94899
1760007605161 23 94909
1760007605536 23 94919
1760007605907 23 94929
1760007606276 23 94939
1760007606651 23 94949
1760007607035 23 94959
1760007607407 23 94969
1760007607775 23 94979
1760007608162 23 94989
1760007608547 23 94999
1760007608922 23 95009
1760007609296 23 95019
1760007609676 23 95029
1760007610059 23 95039
1760007610432 23 95049
1760007610803 23 95059
1760007611183 23 95069
1760007611565 23 95079
1760007611941 23 95089
1760007612320 23 95099
1760007612692 23 95109
1760007613088 23 95119
1760007613475 23 95129
1760007613857 23 95139
1760007614255 23 95149
1760007614636 23 95159
1760007615006 23 95169
1760007615376 23 95179
1760007615745 23 95189
1760007616114 23 95199
1760007616506 23 95209
1760007616877 23 95219
1760007617251 23 95229
1760007617632 23 95239
1760007618018 23 95249
1760007618392 23 95259
1760007618765 23 95269
1760007619130 23 95279
1760007619506 23 95289
1760007619893 23 95299
1760007620265 23 95309
1760007620631 23 95319
1760007621002 23 95329
1760007621376 23 95339
1760007621740 23 95349
1760007622110 23 95359
1760007622478 23 95369
1760007622840 23 95379
1760007623208 23 95389
1760007623571 23 95399
1760007623929 23 95409
1760007624289 23 95419
1760007624652 23 95429
1760007625018 23 95439
1760007625390 23 95449
1760007625768 23 95459
1760007626153 23 95469
1760007626533 23 95479
1760007626923 23 95489
1760007627293 23 95499
1760007627670 23 95509
1760007628053 23 95519
1760007628438 23 95529
1760007628796 23 95539
1760007629151 23 95549
1760007629507 23 95559
1760007629873 23 95569
1760007630228 23 95579
1760007630584 23 95589
1760007630942 23 95599
1760007631302 23 95609
1760007631664 23 95619
1760007632034 23 95629
1760007632410 23 95639
1760007632810 23 95649
1760007633207 23 95659
1760007633573 23 95669
1760007633932 23 95679
1760007634292 23 95689
1760007634661 23 95699
1760007635031 23 95709
1760007635402 23 95719
1760007635764 23 95729
1760007636135 23 95739
1760007636506 23 95749
1760007636872 23 95759
1760007637232 23 95769
1760007637599 23 95779
1760007637972 23 95789
1760007638345 23 95799
1760007638711 23 95809
1760007639068 23 95819
1760007639428 23 95829
1760007639792 23 95839
1760007640160 23 95849
1760007640530 23 95859
1760007640890 23 95869
1760007641255 23 95879
1760007641625 23 95889
1760007641992 23 95899
1760007642364 23 95909
1760007642734 23 95919
1760007643102 23 95929
1760007643476 23 95939
1760007643839 23 95949
1760007644240 23 95959
1760007644630 23 95969
1760007644998 23 95979
1760007645356 23 95989
1760007645731 23 95999
1760007646111 23 96009
1760007646493 23 96019
1760007646873 23 96029
1760007647252 23 96039
1760007647616 23 96049
1760007647980 23 96059
1760007648340 23 96069
1760007648707 23 96079
1760007649074 23 96089
1760007649445 23 96099
1760007649819 23 96109
1760007650186 23 96119
1760007650559 23 96129
1760007650932 23 96139
1760007651304 23 96149
1760007651678 23 96159
1760007652050 23 96169
1760007652414 23 96179
1760007652774 23 96189
1760007653136 23 96199
1760007653500 23 96209
1760007653879 23 96219
1760007654246 23 96229
1760007654630 23 96239
1760007655004 23 96249
1760007655376 23 96259
1760007655752 23 96269
1760007656127 23 96279
1760007656494 23 96289
1760007656860 23 96299
1760007657222 23 96309
1760007657579 23 96319
1760007657949 23 96329
1760007658322 23 96339
1760007658689 23 96349
1760007659055 23 96359
1760007659427 23 96369
1760007659805 23 96379
1760007660168 23 96389
1760007660537 23 96399
1760007660911 23 96409
1760007661269 23 96419
1760007661641 23 96429
1760007662010 23 96439
1760007662390 23 96449
1760007662757 23 96459
1760007663134 23 96469
1760007663505 23 96479
1760007663878 23 96489
1760007664253 23 96499
1760007664623 23 96509
1760007664994 23 96519
1760007665368 23 96529
1760007665742 23 96539
1760007666115 23 96549
1760007666494 23 96559
1760007666874 23 96569
1760007667250 23 96579
1760007667633 23 96589
1760007668020 23 96599
1760007668407 23 96609
1760007668788 23 96619
1760007669164 23 96629
1760007669532 23 96639
1760007669883 23 96649
1760007670239 23 96659
1760007670586 23 96669
1760007670933 23 96679
1760007671308 23 96689
1760007671720 23 96699
1760007672097 23 96709
1760007672445 23 96719
1760007672790 23 96729
1760007673147 23 96739
1760007673497 23 96749
1760007673857 23 96759
1760007674210 23 96769
1760007674562 23 96779
1760007674916 23 96789
1760007675264 23 96799
1760007676067 23 96809
1760007676386 23 96819
1760007676733 23 96829
1760007677079 23 96839
1760007677445 23 96849
1760007677816 23 96859
1760007678193 23 96869
1760007678574 23 96879
1760007678938 23 96889
1760007679303 23 96899
1760007679671 23 96909
1760007680037 23 96919
1760007680397 23 96929
1760007689552 23 96935
1760007693911 24 96939
1760007694290 24 96949
1760007694662 24 96959
1760007695068 24 96969
1760007695446 24 96979
1760007695832 24 96989
1760007696199 24 96999
1760007696544 24 97009
1760007696877 24 97019
1760007697215 24 97029
1760007697554 24 97039
1760007697895 24 97049
1760007698231 24 97059
1760007698574 24 97069
1760007698943 24 97079
1760007699328 24 97089
1760007699720 24 97099
1760007700114 24 97109
1760007700484 24 97119
1760007700856 24 97129
1760007701221 24 97139
1760007701589 24 97149
1760007701947 24 97159
1760007702304 24 97169
1760007702684 24 97179
1760007703066 24 97189
1760007703445 24 97199
1760007703816 24 97209
1760007704187 24 97219
1760007704567 24 97229
1760007704935 24 97239
1760007705305 24 97249
1760007705664 24 97259
1760007706024 24 97269
1760007706386 24 97279
1760007706750 24 97289
1760007707119 24 97299
1760007707478 24 97309
1760007707846 24 97319
1760007708214 24 97329
1760007708573 24 97339
1760007708954 24 97349
1760007709330 24 97359
1760007709708 24 97369
1760007710084 24 97379
1760007710449 24 97389
1760007710810 24 97399
1760007711174 24 97409
1760007711534 24 97419
1760007711918 24 97429
1760007712308 24 97439
1760007712672 24 97449
1760007713042 24 97459
1760007713418 24 97469
1760007713793 24 97479
1760007714169 24 97489
1760007714539 24 97499
1760007714912 24 97509
1760007715273 24 97519
1760007715642 24 97529
1760007716016 24 97539
1760007716387 24 97549
1760007716777 24 97559
1760007717164 24 97569
1760007717543 24 97579
1760007717915 24 97589
1760007718288 24 97599
1760007718657 24 97609
1760007719020 24 97619
1760007719393 24 97629
1760007719765 24 97639
1760007720141 24 97649
1760007720515 24 97659
1760007720894 24 97669
1760007721286 24 97679
1760007721672 24 97689
1760007722039 24 97699
1760007722402 24 97709
1760007722778 24 97719
1760007723161 24 97729
1760007723530 24 97739
1760007723919 24 97749
1760007724306 24 97759
1760007724676 24 97769
1760007725053 24 97779
1760007725440 24 97789
1760007725806 24 97799
1760007726169 24 97809
1760007726542 24 97819
1760007726918 24 97829
1760007727286 24 97839
1760007727657 24 97849
1760007728033 24 97859
1760007728409 24 97869
1760007728785 24 97879
1760007729161 24 97889
1760007729490 24 97899
1760007729824 24 97909
1760007730167 24 97919
1760007730508 24 97929
1760007730859 24 97939
1760007731202 24 97949
1760007731560 24 97959
1760007731902 24 97969
1760007732252 24 97979
1760007732595 24 97989
1760007732943 24 97999
1760007733295 24 98009
1760007733641 24 98019
1760007734002 24 98029
1760007734395 24 98039
1760007734778 24 98049
1760007735170 24 98059
1760007735533 24 98069
1760007735905 24 98079
1760007736275 24 98089
1760007736641 24 98099
1760007737002 24 98109
1760007737374 24 98119
1760007737760 24 98129
1760007738127 24 98139
1760007738483 24 98149
1760007738837 24 98159
1760007739192 24 98169
1760007739556 24 98179
1760007739915 24 98189
1760007740271 24 98199
1760007740634 24 98209
1760007740998 24 98219
1760007741366 24 98229
1760007741738 24 98239
1760007742104 24 98249
1760007742470 24 98259
1760007742834 24 98269
1760007743210 24 98279
1760007743579 24 98289
1760007743948 24 98299
1760007744320 24 98309
1760007744688 24 98319
1760007745057 24 98329
1760007745424 24 98339
1760007745799 24 98349
1760007746170 24 98359
1760007746542 24 98369
1760007746908 24 98379
1760007747274 24 98389
1760007747640 24 98399
1760007748006 24 98409
1760007748368 24 98419
1760007748733 24 98429
1760007749103 24 98439
1760007749466 24 98449
1760007749826 24 98459
1760007750188 24 98469
1760007750551 24 98479
1760007750911 24 98489
1760007751274 24 98499
1760007751637 24 98509
1760007751993 24 98519
1760007752351 24 98529
1760007752711 24 98539
1760007753073 24 98549
1760007753447 24 98559
1760007753820 24 98569
1760007754195 24 98579
1760007754563 24 98589
1760007754932 24 98599
1760007755309 24 98609
1760007755696 24 98619
1760007756074 24 98629
1760007756463 24 98639
1760007756839 24 98649
1760007757216 24 98659
1760007757597 24 98669
1760007757977 24 98679
1760007758352 24 98689
1760007758735 24 98699
1760007759114 24 98709
1760007759500 24 98719
1760007759878 24 98729
1760007760254 24 98739
1760007760624 24 98749
1760007760984 24 98759
1760007761344 24 98769
1760007761710 24 98779
1760007762071 24 98789
1760007762431 24 98799
1760007762796 24 98809
1760007763159 24 98819
1760007763526 24 98829
1760007763891 24 98839
1760007764242 24 98849
1760007764591 24 98859
1760007764943 24 98869
1760007765300 24 98879
1760007765659 24 98889
1760007766022 24 98899
1760007766399 24 98909
1760007766780 24 98919
1760007767163 24 98929
1760007767535 24 98939
1760007767891 24 98949
1760007768276 24 98959
1760007768669 24 98969
1760007769054 24 98979
1760007769455 24 98989
1760007769839 24 98999
1760007770215 24 99009
1760007770601 24 99019
1760007770995 24 99029
1760007771393 24 99039
1760007771788 24 99049
1760007772181 24 99059
1760007772574 24 99069
1760007772958 24 99079
1760007773357 24 99089
1760007773751 24 99099
1760007774131 24 99109
1760007774506 24 99119
1760007774879 24 99129
1760007775258 24 99139
1760007775646 24 99149
1760007776028 24 99159
1760007776411 24 99169
1760007776781 24 99179
1760007777150 24 99189
1760007777521 24 99199
1760007777905 24 99209
1760007778295 24 99219
1760007778688 24 99229
1760007779082 24 99239
1760007779468 24 99249
1760007779851 24 99259
1760007780244 24 99269
1760007780635 24 99279
1760007781044 24 99289
1760007781448 24 99299
1760007781813 24 99309
1760007782176 24 99319
1760007782537 24 99329
1760007782913 24 99339
1760007783309 24 99349
1760007783700 24 99359
1760007784079 24 99369
1760007784470 24 99379
1760007784857 24 99389
1760007785233 24 99399
1760007785611 24 99409
1760007786010 24 99419
1760007786403 24 99429
1760007786790 24 99439
1760007787176 24 99449
1760007787544 24 99459
1760007787911 24 99469
1760007788301 24 99479
1760007788698 24 99489
1760007789084 24 99499
1760007789489 24 99509
1760007789900 24 99519
1760007790308 24 99529
1760007790706 24 99539
1760007791086 24 99549
1760007791473 24 99559
1760007791861 24 99569
1760007792250 24 99579
1760007792625 24 99589
1760007793000 24 99599
1760007793399 24 99609
1760007793768 24 99619
1760007794146 24 99629
1760007794534 24 99639
1760007794933 24 99649
1760007795332 24 99659
1760007795724 24 99669
1760007796127 24 99679
1760007796528 24 99689
1760007796926 24 99699
1760007797304 24 99709
1760007797680 24 99719
1760007798064 24 99729
1760007798445 24 99739
1760007798825 24 99749
1760007799195 24 99759
1760007799567 24 99769
1760007799940 24 99779
1760007800327 24 99789
1760007800709 24 99799
1760007801105 24 99809
1760007801474 24 99819
1760007801853 24 99829
1760007802249 24 99839
1760007802641 24 99849
1760007803025 24 99859
1760007803409 24 99869
1760007803794 24 99879
1760007804176 24 99889
1760007804561 24 99899
1760007804943 24 99909
1760007805310 24 99919
1760007805667 24 99929
1760007806023 24 99939
1760007806378 24 99949
1760007806746 24 99959
1760007807117 24 99969
1760007807490 24 99979
1760007807868 24 99989
1760007808253 24 99999
1760007808633 24 100009
1760007809007 24 100019
1760007809378 24 100029
1760007809744 24 100039
1760007810112 24 100049
1760007810493 24 100059
1760007810862 24 100069
1760007811230 24 100079
1760007811603 24 100089
1760007811978 24 100099
1760007812368 24 100109
1760007812762 24 100119
1760007813129 24 100129
1760007813499 24 100139
1760007813859 24 100149
1760007814210 24 100159
1760007814559 24 100169
1760007814914 24 100179
1760007815280 24 100189
1760007815663 24 100199
1760007816040 24 100209
1760007816389 24 100219
1760007816679 24 100229
1760007816924 24 100239
1760007817142 24 100249
1760007817441 24 100259
1760007817763 24 100269
1760007818119 24 100279
1760007818473 24 100289
1760007818817 24 100299
1760007819167 24 100309
1760007819519 24 100319
1760007819870 24 100329
1760007820205 24 100339
1760007820562 24 100349
1760007820909 24 100359
1760007821254 24 100369
1760007821633 24 100379
1760007822018 24 100389
1760007822401 24 100399
1760007822804 24 100409
1760007823192 24 100419
1760007823573 24 100429
1760007823946 24 100439
1760007824333 24 100449
1760007824725 24 100459
1760007825107 24 100469
1760007825490 24 100479
1760007825878 24 100489
1760007826269 24 100499
1760007826653 24 100509
1760007827038 24 100519
1760007827424 24 100529
1760007827795 24 100539
1760007828179 24 100549
1760007828559 24 100559
1760007828935 24 100569
1760007829310 24 100579
1760007829668 24 100589
1760007830028 24 100599
1760007830401 24 100609
1760007830763 24 100619
1760007831134 24 100629
1760007831510 24 100639
1760007831887 24 100649
1760007832265 24 100659
1760007832642 24 100669
1760007833012 24 100679
1760007833393 24 100689
1760007833768 24 100699
1760007834154 24 100709
1760007834538 24 100719
1760007834920 24 100729
1760007835298 24 100739
1760007835671 24 100749
1760007836047 24 100759
1760007836424 24 100769
1760007836794 24 100779
1760007837167 24 100789
1760007837537 24 100799
1760007837909 24 100809
1760007838297 24 100819
1760007838681 24 100829
1760007839069 24 100839
1760007839946 24 100849
1760007840305 24 100859
1760007840659 24 100869
1760007841016 24 100879
1760007841378 24 100889
1760007841744 24 100899
1760007842102 24 100909
1760007842464 24 100919
1760007842825 24 100929
1760007843187 24 100939
1760007843553 24 100949
1760007843912 24 100959
1760007844273 24 100969
1760007853485 24 100974
1760007857953 25 100979
1760007858307 25 100989
1760007858667 25 100999
1760007859044 25 101009
1760007859436 25 101019
1760007859796 25 101029
1760007860209 25 101039
1760007860561 25 101049
1760007860915 25 101059
1760007861267 25 101069
1760007861619 25 101079
1760007861973 25 101089
1760007862326 25 101099
1760007862694 25 101109
1760007863068 25 101119
1760007863432 25 101129
1760007863813 25 101139
1760007864199 25 101149
1760007864583 25 101159
1760007864956 25 101169
1760007865339 25 101179
1760007865724 25 101189
1760007866108 25 101199
1760007866478 25 101209
1760007866833 25 101219
1760007867182 25 101229
1760007867541 25 101239
1760007867909 25 101249
1760007868294 25 101259
1760007868716 25 101269
1760007869105 25 101279
1760007869498 25 101289
1760007869865 25 101299
1760007870238 25 101309
1760007870602 25 101319
1760007870976 25 101329
1760007871342 25 101339
1760007871714 25 101349
1760007872089 25 101359
1760007872450 25 101369
1760007872818 25 101379
1760007873187 25 101389
1760007873544 25 101399
1760007873908 25 101409
1760007874264 25 101419
1760007874616 25 101429
1760007874986 25 101439
1760007875362 25 101449
1760007875742 25 101459
1760007876124 25 101469
1760007876503 25 101479
1760007876874 25 101489
1760007877259 25 101499
1760007877632 25 101509
1760007878003 25 101519
1760007878388 25 101529
1760007878771 25 101539
1760007879153 25 101549
1760007879532 25 101559
1760007879914 25 101569
1760007880284 25 101579
1760007880670 25 101589
1760007881051 25 101599
1760007881433 25 101609
1760007881808 25 101619
1760007882175 25 101629
1760007882545 25 101639
1760007882913 25 101649
1760007883297 25 101659
1760007883677 25 101669
1760007884047 25 101679
1760007884438 25 101689
1760007884816 25 101699
1760007885200 25 101709
1760007885572 25 101719
1760007885954 25 101729
1760007886337 25 101739
1760007886716 25 101749
1760007887083 25 101759
1760007887452 25 101769
1760007887818 25 101779
1760007888197 25 101789
1760007888580 25 101799
1760007888946 25 101809
1760007889306 25 101819
1760007889673 25 101829
1760007890040 25 101839
1760007890404 25 101849
1760007890771 25 101859
1760007891140 25 101869
1760007891525 25 101879
1760007891918 25 101889
1760007892323 25 101899
1760007892704 25 101909
1760007893076 25 101919
1760007893448 25 101929
1760007893827 25 101939
1760007894216 25 101949
1760007894649 25 101959
1760007895040 25 101969
1760007895424 25 101979
1760007895798 25 101989
1760007896177 25 101999
1760007896562 25 102009
1760007896930 25 102019
1760007897298 25 102029
1760007897680 25 102039
1760007898055 25 102049
1760007898443 25 102059
1760007898845 25 102069
1760007899234 25 102079
1760007899603 25 102089
1760007899984 25 102099
1760007900361 25 102109
1760007900755 25 102119
1760007901137 25 102129
1760007901522 25 102139
1760007901896 25 102149
1760007902269 25 102159
1760007902648 25 102169
1760007903033 25 102179
1760007903434 25 102189
1760007903821 25 102199
1760007904212 25 102209
1760007904591 25 102219
1760007904976 25 102229
1760007905365 25 102239
1760007905737 25 102249
1760007906104 25 102259
1760007906484 25 102269
1760007906863 25 102279
1760007907246 25 102289
1760007907627 25 102299
1760007908016 25 102309
1760007908403 25 102319
1760007908797 25 102329
1760007909216 25 102339
1760007909617 25 102349
1760007909985 25 102359
1760007910350 25 102369
1760007910726 25 102379
1760007911104 25 102389
1760007911463 25 102399
1760007911865 25 102409
1760007912237 25 102419
1760007912628 25 102429
1760007913013 25 102439
1760007913389 25 102449
1760007913766 25 102459
1760007914134 25 102469
1760007914506 25 102479
1760007914887 25 102489
1760007915266 25 102499
1760007915649 25 102509
1760007916032 25 102519
1760007916439 25 102529
1760007916846 25 102539
1760007917265 25 102549
1760007917673 25 102559
1760007918070 25 102569
1760007918451 25 102579
1760007918829 25 102589
1760007919209 25 102599
1760007919596 25 102609
1760007919992 25 102619
1760007920367 25 102629
1760007920742 25 102639
1760007921106 25 102649
1760007921506 25 102659
1760007921906 25 102669
1760007922271 25 102679
1760007922639 25 102689
1760007923005 25 102699
1760007923374 25 102709
1760007923748 25 102719
1760007924110 25 102729
1760007924480 25 102739
1760007924849 25 102749
1760007925221 25 102759
1760007925612 25 102769
1760007926004 25 102779
1760007926395 25 102789
1760007926773 25 102799
1760007927156 25 102809
1760007927542 25 102819
1760007927922 25 102829
1760007928313 25 102839
1760007928696 25 102849
1760007929093 25 102859
1760007929487 25 102869
1760007929879 25 102879
1760007930266 25 102889
1760007930636 25 102899
1760007931004 25 102909
1760007931368 25 102919
1760007931735 25 102929
1760007932126 25 102939
1760007932514 25 102949
1760007932878 25 102959
1760007933259 25 102969
1760007933635 25 102979
1760007934008 25 102989
1760007934422 25 102999
1760007934804 25 103009
1760007935186 25 103019
1760007935557 25 103029
1760007935925 25 103039
1760007936291 25 103049
1760007936670 25 103059
1760007937038 25 103069
1760007937414 25 103079
1760007937785 25 103089
1760007938151 25 103099
1760007938548 25 103109
1760007938913 25 103119
1760007939271 25 103129
1760007939638 25 103139
1760007940011 25 103149
1760007940376 25 103159
1760007940741 25 103169
1760007941100 25 103179
1760007941467 25 103189
1760007941828 25 103199
1760007942181 25 103209
1760007942533 25 103219
1760007942888 25 103229
1760007943225 25 103239
1760007943595 25 103249
1760007943952 25 103259
1760007944311 25 103269
1760007944672 25 103279
1760007945028 25 103289
1760007945393 25 103299
1760007945772 25 103309
1760007946137 25 103319
1760007946519 25 103329
1760007946893 25 103339
1760007947264 25 103349
1760007947639 25 103359
1760007948008 25 103369
1760007948374 25 103379
1760007948748 25 103389
1760007949122 25 103399
1760007949507 25 103409
1760007949891 25 103419
1760007950270 25 103429
1760007950648 25 103439
1760007951026 25 103449
1760007951403 25 103459
1760007951786 25 103469
1760007952170 25 103479
1760007952552 25 103489
1760007952942 25 103499
1760007953330 25 103509
1760007953728 25 103519
1760007954124 25 103529
1760007954510 25 103539
1760007954901 25 103549
1760007955280 25 103559
1760007955663 25 103569
1760007956041 25 103579
1760007956434 25 103589
1760007956823 25 103599
1760007957213 25 103609
1760007957579 25 103619
1760007957952 25 103629
1760007958350 25 103639
1760007958728 25 103649
1760007959108 25 103659
1760007959498 25 103669
1760007959890 25 103679
1760007960276 25 103689
1760007960661 25 103699
1760007961050 25 103709
1760007961442 25 103719
1760007961824 25 103729
1760007962205 25 103739
1760007962593 25 103749
1760007962969 25 103759
1760007963356 25 103769
1760007963736 25 103779
1760007964110 25 103789
1760007964461 25 103799
1760007964809 25 103809
1760007965156 25 103819
1760007965508 25 103829
1760007965870 25 103839
1760007966224 25 103849
1760007966585 25 103859
1760007966947 25 103869
1760007967304 25 103879
1760007967652 25 103889
1760007968010 25 103899
1760007968356 25 103909
1760007968705 25 103919
1760007969056 25 103929
1760007969406 25 103939
1760007969756 25 103949
1760007970110 25 103959
1760007970471 25 103969
1760007970832 25 103979
1760007971239 25 103989
1760007971622 25 103999
1760007971999 25 104009
1760007972378 25 104019
1760007972747 25 104029
1760007973111 25 104039
1760007973460 25 104049
1760007973805 25 104059
1760007974159 25 104069
1760007974547 25 104079
1760007974917 25 104089
1760007975284 25 104099
1760007975650 25 104109
1760007976000 25 104119
1760007976377 25 104129
1760007976743 25 104139
1760007977121 25 104149
1760007977495 25 104159
1760007977867 25 104169
1760007978253 25 104179
1760007978639 25 104189
1760007979012 25 104199
1760007979383 25 104209
1760007979752 25 104219
1760007980118 25 104229
1760007980495 25 104239
1760007980878 25 104249
1760007981253 25 104259
1760007981641 25 104269
1760007982043 25 104279
1760007982432 25 104289
1760007982834 25 104299
1760007983218 25 104309
1760007983587 25 104319
1760007983966 25 104329
1760007984336 25 104339
1760007984709 25 104349
1760007985084 25 104359
1760007985631 25 104369
1760007986024 25 104379
1760007986416 25 104389
1760007986808 25 104399
1760007987196 25 104409
1760007987588 25 104419
1760007987977 25 104429
1760007988362 25 104439
1760007988746 25 104449
1760007989117 25 104459
1760007989507 25 104469
1760007989883 25 104479
1760007990255 25 104489
1760007990613 25 104499
1760007990976 25 104509
1760007991347 25 104519
1760007991720 25 104529
1760007992093 25 104539
1760007992469 25 104549
1760007992845 25 104559
1760007993208 25 104569
1760007993587 25 104579
1760007993962 25 104589
1760007994358 25 104599
1760007994746 25 104609
1760007995122 25 104619
1760007995498 25 104629
1760007995887 25 104639
1760007996263 25 104649
1760007996646 25 104659
1760007997022 25 104669
1760007997393 25 104679
1760007997771 25 104689
1760007998155 25 104699
1760007998547 25 104709
1760007998930 25 104719
1760007999311 25 104729
1760007999685 25 104739
1760008000071 25 104749
1760008000452 25 104759
1760008000837 25 104769
1760008001202 25 104779
1760008001571 25 104789
1760008001928 25 104799
1760008002289 25 104809
1760008002642 25 104819
1760008002997 25 104829
1760008003353 25 104839
1760008003726 25 104849
1760008004097 25 104859
1760008004465 25 104869
1760008004830 25 104879
1760008005700 25 104889
1760008006072 25 104899
1760008006429 25 104909
1760008006796 25 104919
1760008007161 25 104929
1760008007517 25 104939
1760008007872 25 104949
1760008008237 25 104959
1760008008602 25 104969
1760008008959 25 104979
1760008009317 25 104989
1760008009673 25 104999
1760008010029 25 105009
1760008019495 25 105013
1760008025154 26 105019
1760008025539 26 105029
1760008025928 26 105039
1760008026290 26 105049
1760008026673 26 105059
1760008027062 26 105069
1760008027493 26 105079
1760008027867 26 105089
1760008028233 26 105099
1760008028590 26 105109
1760008028972 26 105119
1760008029339 26 105129
1760008029715 26 105139
1760008030109 26 105149
1760008030496 26 105159
1760008030889 26 105169
1760008031317 26 105179
1760008031707 26 105189
1760008032101 26 105199
1760008032501 26 105209
1760008032900 26 105219
1760008033291 26 105229
1760008033679 26 105239
1760008034052 26 105249
1760008034434 26 105259
1760008034820 26 105269
1760008035197 26 105279
1760008035582 26 105289
1760008035949 26 105299
1760008036321 26 105309
1760008036700 26 105319
1760008037098 26 105329
1760008037492 26 105339
1760008037876 26 105349
1760008038260 26 105359
1760008038660 26 105369
1760008039052 26 105379
1760008039439 26 105389
1760008039826 26 105399
1760008040218 26 105409
1760008040606 26 105419
1760008041003 26 105429
1760008041390 26 105439
1760008041769 26 105449
1760008042153 26 105459
1760008042540 26 105469
1760008042924 26 105479
1760008043299 26 105489
1760008043683 26 105499
1760008044065 26 105509
1760008044458 26 105519
1760008044839 26 105529
1760008045218 26 105539
1760008045594 26 105549
1760008045975 26 105559
1760008046352 26 105569
1760008046724 26 105579
1760008047094 26 105589
1760008047460 26 105599
1760008047835 26 105609
1760008048206 26 105619
1760008048590 26 105629
1760008048956 26 105639
1760008049332 26 105649
1760008049707 26 105659
1760008050095 26 105669
1760008050478 26 105679
1760008050842 26 105689
1760008051215 26 105699
1760008051610 26 105709
1760008052009 26 105719
1760008052401 26 105729
1760008052798 26 105739
1760008053181 26 105749
1760008053566 26 105759
1760008053953 26 105769
1760008054343 26 105779
1760008054716 26 105789
1760008055100 26 105799
1760008055482 26 105809
1760008055859 26 105819
1760008056272 26 105829
1760008056655 26 105839
1760008057040 26 105849
1760008057416 26 105859
1760008057819 26 105869
1760008058208 26 105879
1760008058578 26 105889
1760008058951 26 105899
1760008059348 26 105909
1760008059709 26 105919
1760008060075 26 105929
1760008060444 26 105939
1760008060824 26 105949
1760008061201 26 105959
1760008061582 26 105969
1760008061955 26 105979
1760008062325 26 105989
1760008062701 26 105999
1760008063077 26 106009
1760008063461 26 106019
1760008063842 26 106029
1760008064218 26 106039
1760008064598 26 106049
1760008064985 26 106059
1760008065367 26 106069
1760008065753 26 106079
1760008066130 26 106089
1760008066507 26 106099
1760008066884 26 106109
1760008067252 26 106119
1760008067621 26 106129
1760008067985 26 106139
1760008068366 26 106149
1760008068747 26 106159
1760008069124 26 106169
1760008069509 26 106179
1760008069900 26 106189
1760008070300 26 106199
1760008070675 26 106209
1760008071050 26 106219
1760008071423 26 106229
1760008071801 26 106239
1760008072179 26 106249
1760008072566 26 106259
1760008072941 26 106269
1760008073317 26 106279
1760008073692 26 106289
1760008074078 26 106299
1760008074443 26 106309
1760008074797 26 106319
1760008075158 26 106329
1760008075512 26 106339
1760008075864 26 106349
1760008076211 26 106359
1760008076575 26 106369
1760008076943 26 106379
1760008077317 26 106389
1760008077668 26 106399
1760008078022 26 106409
1760008078387 26 106419
1760008078748 26 106429
1760008079113 26 106439
1760008079482 26 106449
1760008079840 26 106459
1760008080197 26 106469
1760008080566 26 106479
1760008080947 26 106489
1760008081320 26 106499
1760008081712 26 106509
1760008082079 26 106519
1760008082445 26 106529
1760008082812 26 106539
1760008083178 26 106549
1760008083577 26 106559
1760008083965 26 106569
1760008084340 26 106579
1760008084710 26 106589
1760008085085 26 106599
1760008085455 26 106609
1760008085831 26 106619
1760008086206 26 106629
1760008086577 26 106639
1760008086949 26 106649
1760008087315 26 106659
1760008087689 26 106669
1760008088069 26 106679
1760008088449 26 106689
1760008088804 26 106699
1760008089171 26 106709
1760008089548 26 106719
1760008089931 26 106729
1760008090326 26 106739
1760008090703 26 106749
1760008091069 26 106759
1760008091454 26 106769
1760008091825 26 106779
1760008092187 26 106789
1760008092557 26 106799
1760008092922 26 106809
1760008093301 26 106819
1760008093675 26 106829
1760008094059 26 106839
1760008094427 26 106849
1760008094791 26 106859
1760008095158 26 106869
1760008095521 26 106879
1760008095882 26 106889
1760008096249 26 106899
1760008096622 26 106909
1760008096983 26 106919
1760008097352 26 106929
1760008097707 26 106939
1760008098072 26 106949
1760008098428 26 106959
1760008098786 26 106969
1760008099140 26 106979
1760008099500 26 106989
1760008099864 26 106999
1760008100232 26 107009
1760008100601 26 107019
1760008100964 26 107029
1760008101326 26 107039
1760008101678 26 107049
1760008102035 26 107059
1760008102394 26 107069
1760008102756 26 107079
1760008103125 26 107089
1760008103481 26 107099
1760008103803 26 107109
1760008104168 26 107119
1760008104531 26 107129
1760008104899 26 107139
1760008105267 26 107149
1760008105665 26 107159
1760008106028 26 107169
1760008106408 26 107179
1760008106816 26 107189
1760008107208 26 107199
1760008107604 26 107209
1760008107989 26 107219
1760008108369 26 107229
1760008108749 26 107239
1760008109129 26 107249
1760008109495 26 107259
1760008109857 26 107269
1760008110223 26 107279
1760008110577 26 107289
1760008110931 26 107299
1760008111285 26 107309
1760008111642 26 107319
1760008112002 26 107329
1760008112358 26 107339
1760008112723 26 107349
1760008113089 26 107359
1760008113466 26 107369
1760008113858 26 107379
1760008114239 26 107389
1760008114613 26 107399
1760008114976 26 107409
1760008115338 26 107419
1760008115703 26 107429
1760008116078 26 107439
1760008116456 26 107449
1760008116832 26 107459
1760008117215 26 107469
1760008117593 26 107479
1760008117970 26 107489
1760008118357 26 107499
1760008118744 26 107509
1760008119110 26 107519
1760008119477 26 107529
1760008119841 26 107539
1760008120224 26 107549
1760008120593 26 107559
1760008120965 26 107569
1760008121333 26 107579
1760008121734 26 107589
1760008122114 26 107599
1760008122496 26 107609
1760008122878 26 107619
1760008123253 26 107629
1760008123634 26 107639
1760008124007 26 107649
1760008124391 26 107659
1760008124772 26 107669
1760008125165 26 107679
1760008125548 26 107689
1760008125920 26 107699
1760008126293 26 107709
1760008126659 26 107719
1760008127049 26 107729
1760008127441 26 107739
1760008127834 26 107749
1760008128229 26 107759
1760008128620 26 107769
1760008128980 26 107779
1760008129344 26 107789
1760008129715 26 107799
1760008130078 26 107809
1760008130441 26 107819
1760008130811 26 107829
1760008131187 26 107839
1760008131549 26 107849
1760008131907 26 107859
1760008132275 26 107869
1760008132621 26 107879
1760008132985 26 107889
1760008133358 26 107899
1760008133722 26 107909
1760008134082 26 107919
1760008134466 26 107929
1760008134825 26 107939
1760008135192 26 107949
1760008135569 26 107959
1760008135936 26 107969
1760008136298 26 107979
1760008136674 26 107989
1760008137038 26 107999
1760008137407 26 108009
1760008137772 26 108019
1760008138141 26 108029
1760008138508 26 108039
1760008138881 26 108049
1760008139246 26 108059
1760008139620 26 108069
1760008140005 26 108079
1760008140379 26 108089
1760008140781 26 108099
1760008141164 26 108109
1760008141549 26 108119
1760008141939 26 108129
1760008142317 26 108139
1760008142707 26 108149
1760008143073 26 108159
1760008143434 26 108169
1760008143839 26 108179
1760008144257 26 108189
1760008144626 26 108199
1760008145001 26 108209
1760008145374 26 108219
1760008145763 26 108229
1760008146164 26 108239
1760008146572 26 108249
1760008146944 26 108259
1760008147322 26 108269
1760008147702 26 108279
1760008148083 26 108289
1760008148485 26 108299
1760008148874 26 108309
1760008149252 26 108319
1760008149626 26 108329
1760008150005 26 108339
1760008150386 26 108349
1760008150775 26 108359
1760008151157 26 108369
1760008151531 26 108379
1760008151928 26 108389
1760008152316 26 108399
1760008152716 26 108409
1760008153108 26 108419
1760008153496 26 108429
1760008153889 26 108439
1760008154275 26 108449
1760008154652 26 108459
1760008155030 26 108469
1760008155419 26 108479
1760008155793 26 108489
1760008156162 26 108499
1760008156538 26 108509
1760008156906 26 108519
1760008157281 26 108529
1760008157656 26 108539
1760008158049 26 108549
1760008158455 26 108559
1760008158864 26 108569
1760008159264 26 108579
1760008159658 26 108589
1760008160047 26 108599
1760008160450 26 108609
1760008160835 26 108619
1760008161209 26 108629
1760008161585 26 108639
1760008161965 26 108649
1760008162352 26 108659
1760008162724 26 108669
1760008163095 26 108679
1760008163481 26 108689
1760008163864 26 108699
1760008164251 26 108709
1760008164632 26 108719
1760008165004 26 108729
1760008165381 26 108739
1760008165753 26 108749
1760008166143 26 108759
1760008166535 26 108769
1760008166937 26 108779
1760008167322 26 108789
1760008167709 26 108799
1760008168105 26 108809
1760008168503 26 108819
1760008168881 26 108829
1760008169257 26 108839
1760008169654 26 108849
1760008170032 26 108859
1760008170425 26 108869
1760008170804 26 108879
1760008171180 26 108889
1760008171554 26 108899
1760008171920 26 108909
1760008172287 26 108919
1760008173121 26 108929
1760008173489 26 108939
1760008173855 26 108949
1760008174224 26 108959
1760008174593 26 108969
1760008174968 26 108979
1760008175331 26 108989
1760008175697 26 108999
1760008176058 26 109009
1760008176425 26 109019
1760008176783 26 109029
1760008177149 26 109039
1760008177517 26 109049
1760008188131 26 109052
1760008194171 27 109059
1760008194465 27 109069
1760008194772 27 109079
1760008195141 27 109089
1760008195559 27 109099
1760008195907 27 109109
1760008196285 27 109119
1760008196633 27 109129
1760008196983 27 109139
1760008197347 27 109149
1760008197707 27 109159
1760008198071 27 109169
1760008198439 27 109179
1760008198809 27 109189
1760008199176 27 109199
1760008199538 27 109209
1760008199915 27 109219
1760008200293 27 109229
1760008200678 27 109239
1760008201047 27 109249
1760008201416 27 109259
1760008201786 27 109269
1760008202167 27 109279
1760008202546 27 109289
1760008202940 27 109299
1760008203308 27 109309
1760008203686 27 109319
1760008204065 27 109329
1760008204446 27 109339
1760008204829 27 109349
1760008205213 27 109359
1760008205600 27 109369
1760008205966 27 109379
1760008206343 27 109389
1760008206739 27 109399
1760008207109 27 109409
1760008207476 27 109419
1760008207856 27 109429
1760008208248 27 109439
1760008208650 27 109449
1760008209041 27 109459
1760008209431 27 109469
1760008209822 27 109479
1760008210211 27 109489
1760008210589 27 109499
1760008210980 27 109509
1760008211354 27 109519
1760008211724 27 109529
1760008212093 27 109539
1760008212465 27 109549
1760008212834 27 109559
1760008213226 27 109569
1760008213602 27 109579
1760008213981 27 109589
1760008214365 27 109599
1760008214753 27 109609
1760008215140 27 109619
1760008215533 27 109629
1760008215915 27 109639
1760008216293 27 109649
1760008216668 27 109659
1760008217039 27 109669
1760008217413 27 109679
1760008217799 27 109689
1760008218174 27 109699
1760008218552 27 109709
1760008218924 27 109719
1760008219311 27 109729
1760008219685 27 109739
1760008220051 27 109749
1760008220408 27 109759
1760008220760 27 109769
1760008221146 27 109779
1760008221501 27 109789
1760008221849 27 109799
1760008222224 27 109809
1760008222586 27 109819
1760008222952 27 109829
1760008223308 27 109839
1760008223667 27 109849
1760008224033 27 109859
1760008224412 27 109869
1760008224792 27 109879
1760008225179 27 109889
1760008225552 27 109899
1760008225940 27 109909
1760008226316 27 109919
1760008226699 27 109929
1760008227086 27 109939
1760008227468 27 109949
1760008227829 27 109959
1760008228201 27 109969
1760008228567 27 109979
1760008228940 27 109989
1760008229311 27 109999
1760008229672 27 110009
1760008230050 27 110019
1760008230434 27 110029
1760008230813 27 110039
1760008231196 27 110049
1760008231571 27 110059
1760008231954 27 110069
1760008232338 27 110079
1760008232710 27 110089
1760008233072 27 110099
1760008233440 27 110109
1760008233808 27 110119
1760008234176 27 110129
1760008234549 27 110139
1760008234927 27 110149
1760008235303 27 110159
1760008235673 27 110169
1760008236049 27 110179
1760008236433 27 110189
1760008236815 27 110199
1760008237193 27 110209
1760008237578 27 110219
1760008237956 27 110229
1760008238329 27 110239
1760008238717 27 110249
1760008239125 27 110259
1760008239519 27 110269
1760008239889 27 110279
1760008240258 27 110289
1760008240651 27 110299
1760008241006 27 110309
1760008241374 27 110319
1760008241725 27 110329
1760008242067 27 110339
1760008242420 27 110349
1760008242794 27 110359
1760008243167 27 110369
1760008243571 27 110379
1760008243958 27 110389
1760008244319 27 110399
1760008244661 27 110409
1760008245034 27 110419
1760008245415 27 110429
1760008245764 27 110439
1760008246138 27 110449
1760008246519 27 110459
1760008246893 27 110469
1760008247267 27 110479
1760008247640 27 110489
1760008248043 27 110499
1760008248439 27 110509
1760008248806 27 110519
1760008249177 27 110529
1760008249537 27 110539
1760008249898 27 110549
1760008250273 27 110559
1760008250654 27 110569
1760008251034 27 110579
1760008251388 27 110589
1760008251750 27 110599
1760008252112 27 110609
1760008252469 27 110619
1760008252841 27 110629
1760008253205 27 110639
1760008253570 27 110649
1760008253943 27 110659
1760008254316 27 110669
1760008254709 27 110679
1760008255119 27 110689
1760008255500 27 110699
1760008255892 27 110709
1760008256269 27 110719
1760008256612 27 110729
1760008256955 27 110739
1760008257301 27 110749
1760008257644 27 110759
1760008257986 27 110769
1760008258328 27 110779
1760008258672 27 110789
1760008259017 27 110799
1760008259365 27 110809
1760008259711 27 110819
1760008260055 27 110829
1760008260400 27 110839
1760008260747 27 110849
1760008261096 27 110859
1760008261447 27 110869
1760008261797 27 110879
1760008262143 27 110889
1760008262493 27 110899
1760008262843 27 110909
1760008263194 27 110919
1760008263545 27 110929
1760008263898 27 110939
1760008264247 27 110949
1760008264597 27 110959
1760008264964 27 110969
1760008265333 27 110979
1760008265705 27 110989
1760008266072 27 110999
1760008266438 27 111009
1760008266808 27 111019
1760008267184 27 111029
1760008267553 27 111039
1760008267922 27 111049
1760008268287 27 111059
1760008268650 27 111069
1760008269016 27 111079
1760008269390 27 111089
1760008269755 27 111099
1760008270119 27 111109
1760008270486 27 111119
1760008270852 27 111129
1760008271215 27 111139
1760008271591 27 111149
1760008271955 27 111159
1760008272316 27 111169
1760008272683 27 111179
1760008273046 27 111189
1760008273401 27 111199
1760008273775 27 111209
1760008274147 27 111219
1760008274516 27 111229
1760008274887 27 111239
1760008275257 27 111249
1760008275642 27 111259
1760008276031 27 111269
1760008276414 27 111279
1760008276812 27 111289
1760008277210 27 111299
1760008277602 27 111309
1760008277995 27 111319
1760008278380 27 111329
1760008278762 27 111339
1760008279139 27 111349
1760008279509 27 111359
1760008279887 27 111369
1760008280260 27 111379
1760008280622 27 111389
1760008280979 27 111399
1760008281334 27 111409
1760008281689 27 111419
1760008282045 27 111429
1760008282399 27 111439
1760008282752 27 111449
1760008283117 27 111459
1760008283478 27 111469
1760008283837 27 111479
1760008284194 27 111489
1760008284557 27 111499
1760008284938 27 111509
1760008285401 27 111519
1760008285855 27 111529
1760008286243 27 111539
1760008286628 27 111549
1760008287008 27 111559
1760008287388 27 111569
1760008287787 27 111579
1760008288162 27 111589
1760008288544 27 111599
1760008288925 27 111609
1760008289293 27 111619
1760008289672 27 111629
1760008290073 27 111639
1760008290475 27 111649
1760008290882 27 111659
1760008291292 27 111669
1760008291692 27 111679
1760008292098 27 111689
1760008292479 27 111699
1760008292862 27 111709
1760008293252 27 111719
1760008293644 27 111729
1760008294033 27 111739
1760008294418 27 111749
1760008294817 27 111759
1760008295191 27 111769
1760008295572 27 111779
1760008295949 27 111789
1760008296338 27 111799
1760008296724 27 111809
1760008297109 27 111819
1760008297491 27 111829
1760008297846 27 111839
1760008298200 27 111849
1760008298564 27 111859
1760008298932 27 111869
1760008299296 27 111879
1760008299671 27 111889
1760008300016 27 111899
1760008300364 27 111909
1760008300726 27 111919
1760008301106 27 111929
1760008301480 27 111939
1760008301865 27 111949
1760008302250 27 111959
1760008302656 27 111969
1760008303033 27 111979
1760008303416 27 111989
1760008303793 27 111999
1760008304192 27 112009
1760008304585 27 112019
1760008304980 27 112029
1760008305366 27 112039
1760008305763 27 112049
1760008306166 27 112059
1760008306569 27 112069
1760008306971 27 112079
1760008307355 27 112089
1760008307756 27 112099
1760008308138 27 112109
1760008308524 27 112119
1760008308906 27 112129
1760008309280 27 112139
1760008309654 27 112149
1760008310026 27 112159
1760008310407 27 112169
1760008310783 27 112179
1760008311165 27 112189
1760008311551 27 112199
1760008311939 27 112209
1760008312328 27 112219
1760008312729 27 112229
1760008313134 27 112239
1760008313530 27 112249
1760008313896 27 112259
1760008314274 27 112269
1760008314653 27 112279
1760008315039 27 112289
1760008315441 27 112299
1760008315831 27 112309
1760008316216 27 112319
1760008316602 27 112329
1760008316993 27 112339
1760008317382 27 112349
1760008317755 27 112359
1760008318139 27 112369
1760008318532 27 112379
1760008318921 27 112389
1760008319320 27 112399
1760008319705 27 112409
1760008320086 27 112419
1760008320461 27 112429
1760008320837 27 112439
1760008321212 27 112449
1760008321605 27 112459
1760008321988 27 112469
1760008322383 27 112479
1760008322779 27 112489
1760008323184 27 112499
1760008323574 27 112509
1760008323968 27 112519
1760008324355 27 112529
1760008324743 27 112539
1760008325129 27 112549
1760008325512 27 112559
1760008325888 27 112569
1760008326264 27 112579
1760008326648 27 112589
1760008327028 27 112599
1760008327407 27 112609
1760008327784 27 112619
1760008328167 27 112629
1760008328551 27 112639
1760008328928 27 112649
1760008329288 27 112659
1760008329653 27 112669
1760008330004 27 112679
1760008330353 27 112689
1760008330704 27 112699
1760008331058 27 112709
1760008331423 27 112719
1760008331793 27 112729
1760008332175 27 112739
1760008332552 27 112749
1760008332934 27 112759
1760008333325 27 112769
1760008333721 27 112779
1760008334108 27 112789
1760008334462 27 112799
1760008334817 27 112809
1760008335171 27 112819
1760008335523 27 112829
1760008335876 27 112839
1760008336234 27 112849
1760008336600 27 112859
1760008336980 27 112869
1760008337360 27 112879
1760008337734 27 112889
1760008338115 27 112899
1760008338502 27 112909
1760008338876 27 112919
1760008339255 27 112929
1760008339627 27 112939
1760008339999 27 112949
1760008340395 27 112959
1760008341244 27 112969
1760008341615 27 112979
1760008341979 27 112989
1760008342347 27 112999
1760008342713 27 113009
1760008343080 27 113019
1760008343457 27 113029
1760008343842 27 113039
1760008344220 27 113049
1760008344598 27 113059
1760008344973 27 113069
1760008345351 27 113079
1760008345735 27 113089
1760008356572 27 113091
1760008362415 28 113099
1760008362807 28 113109
1760008363218 28 113119
1760008363587 28 113129
1760008363972 28 113139
1760008364354 28 113149
1760008364740 28 113159
1760008365109 28 113169
1760008365465 28 113179
1760008365829 28 113189
1760008366216 28 113199
1760008366619 28 113209
1760008366976 28 113219
1760008367358 28 113229
1760008367755 28 113239
1760008368150 28 113249
1760008368534 28 113259
1760008368928 28 113269
1760008369323 28 113279
1760008369699 28 113289
1760008370079 28 113299
1760008370431 28 113309
1760008370789 28 113319
1760008371124 28 113329
1760008371448 28 113339
1760008371789 28 113349
1760008372150 28 113359
1760008372542 28 113369
1760008372949 28 113379
1760008373345 28 113389
1760008373729 28 113399
1760008374127 28 113409
1760008374498 28 113419
1760008374863 28 113429
1760008375237 28 113439
1760008375608 28 113449
1760008375994 28 113459
1760008376375 28 113469
1760008376754 28 113479
1760008377131 28 113489
1760008377504 28 113499
1760008377875 28 113509
1760008378249 28 113519
1760008378631 28 113529
1760008379004 28 113539
1760008379376 28 113549
1760008379747 28 113559
1760008380134 28 113569
1760008380514 28 113579
1760008380894 28 113589
1760008381278 28 113599
1760008381672 28 113609
1760008382068 28 113619
1760008382440 28 113629
1760008382813 28 113639
1760008383191 28 113649
1760008383571 28 113659
1760008383941 28 113669
1760008384309 28 113679
1760008384681 28 113689
1760008385069 28 113699
1760008385446 28 113709
1760008385827 28 113719
1760008386202 28 113729
1760008386572 28 113739
1760008386948 28 113749
1760008387326 28 113759
1760008387698 28 113769
1760008388068 28 113779
1760008388450 28 113789
1760008388816 28 113799
1760008389184 28 113809
1760008389559 28 113819
1760008389934 28 113829
1760008390336 28 113839
1760008390733 28 113849
1760008391116 28 113859
1760008391485 28 113869
1760008391858 28 113879
1760008392250 28 113889
1760008392642 28 113899
1760008393028 28 113909
1760008393415 28 113919
1760008393804 28 113929
1760008394203 28 113939
1760008394597 28 113949
1760008394992 28 113959
1760008395388 28 113969
1760008395773 28 113979
1760008396168 28 113989
1760008396559 28 113999
1760008396952 28 114009
1760008397341 28 114019
1760008397725 28 114029
1760008398121 28 114039
1760008398510 28 114049
1760008398898 28 114059
1760008399281 28 114069
1760008399658 28 114079
1760008400046 28 114089
1760008400417 28 114099
1760008400784 28 114109
1760008401158 28 114119
1760008401535 28 114129
1760008401906 28 114139
1760008402284 28 114149
1760008402661 28 114159
1760008403041 28 114169
1760008403421 28 114179
1760008403791 28 114189
1760008404167 28 114199
1760008404550 28 114209
1760008404933 28 114219
1760008405315 28 114229
1760008405698 28 114239
1760008406081 28 114249
1760008406465 28 114259
1760008406857 28 114269
1760008407247 28 114279
1760008407618 28 114289
1760008407996 28 114299
1760008408375 28 114309
1760008408753 28 114319
1760008409131 28 114329
1760008409510 28 114339
1760008409889 28 114349
1760008410265 28 114359
1760008410654 28 114369
1760008411040 28 114379
1760008411432 28 114389
1760008411831 28 114399
1760008412225 28 114409
1760008412602 28 114419
1760008412974 28 114429
1760008413352 28 114439
1760008413727 28 114449
1760008414105 28 114459
1760008414484 28 114469
1760008414867 28 114479
1760008415246 28 114489
1760008415632 28 114499
1760008416019 28 114509
1760008416384 28 114519
1760008416742 28 114529
1760008417105 28 114539
1760008417476 28 114549
1760008417836 28 114559
1760008418195 28 114569
1760008418567 28 114579
1760008418935 28 114589
1760008419303 28 114599
1760008419666 28 114609
1760008420026 28 114619
1760008420378 28 114629
1760008420753 28 114639
1760008421126 28 114649
1760008421484 28 114659
1760008421854 28 114669
1760008422206 28 114679
1760008422555 28 114689
1760008422902 28 114699
1760008423263 28 114709
1760008423631 28 114719
1760008423987 28 114729
1760008424375 28 114739
1760008424754 28 114749
1760008425129 28 114759
1760008425504 28 114769
1760008425882 28 114779
1760008426263 28 114789
1760008426652 28 114799
1760008427042 28 114809
1760008427410 28 114819
1760008427780 28 114829
1760008428155 28 114839
1760008428530 28 114849
1760008428906 28 114859
1760008429272 28 114869
1760008429651 28 114879
1760008430023 28 114889
1760008430393 28 114899
1760008430771 28 114909
1760008431144 28 114919
1760008431510 28 114929
1760008431901 28 114939
1760008432289 28 114949
1760008432671 28 114959
1760008433047 28 114969
1760008433422 28 114979
1760008433795 28 114989
1760008434164 28 114999
1760008434573 28 115009
1760008434949 28 115019
1760008435313 28 115029
1760008435673 28 115039
1760008436036 28 115049
1760008436414 28 115059
1760008436787 28 115069
1760008437161 28 115079
1760008437539 28 115089
1760008437915 28 115099
1760008438290 28 115109
1760008438691 28 115119
1760008439065 28 115129
1760008439435 28 115139
1760008439815 28 115149
1760008440198 28 115159
1760008440579 28 115169
1760008440952 28 115179
1760008441328 28 115189
1760008441712 28 115199
1760008442101 28 115209
1760008442492 28 115219
1760008442881 28 115229
1760008443251 28 115239
1760008443620 28 115249
1760008444016 28 115259
1760008444389 28 115269
1760008444771 28 115279
1760008445149 28 115289
1760008445533 28 115299
1760008445894 28 115309
1760008446261 28 115319
1760008446648 28 115329
1760008447031 28 115339
1760008447412 28 115349
1760008447777 28 115359
1760008448150 28 115369
1760008448518 28 115379
1760008448884 28 115389
1760008449262 28 115399
1760008449647 28 115409
1760008450016 28 115419
1760008450383 28 115429
1760008450756 28 115439
1760008451126 28 115449
1760008451496 28 115459
1760008451871 28 115469
1760008452239 28 115479
1760008452608 28 115489
1760008452990 28 115499
1760008453359 28 115509
1760008453742 28 115519
1760008454116 28 115529
1760008454499 28 115539
1760008454873 28 115549
1760008455243 28 115559
1760008455619 28 115569
1760008455986 28 115579
1760008456372 28 115589
1760008456755 28 115599
1760008457137 28 115609
1760008457514 28 115619
1760008457889 28 115629
1760008458274 28 115639
1760008458647 28 115649
1760008459019 28 115659
1760008459383 28 115669
1760008459762 28 115679
1760008460133 28 115689
1760008460494 28 115699
1760008460859 28 115709
1760008461226 28 115719
1760008461583 28 115729
1760008461927 28 115739
1760008462275 28 115749
1760008462622 28 115759
1760008462993 28 115769
1760008463374 28 115779
1760008463736 28 115789
1760008464096 28 115799
1760008464463 28 115809
1760008464841 28 115819
1760008465212 28 115829
1760008465593 28 115839
1760008465964 28 115849
1760008466335 28 115859
1760008466711 28 115869
1760008467086 28 115879
1760008467460 28 115889
1760008467832 28 115899
1760008468208 28 115909
1760008468576 28 115919
1760008468941 28 115929
1760008469319 28 115939
1760008469684 28 115949
1760008470059 28 115959
1760008470443 28 115969
1760008470818 28 115979
1760008471195 28 115989
1760008471578 28 115999
1760008471957 28 116009
1760008472339 28 116019
1760008472707 28 116029
1760008473086 28 116039
1760008473457 28 116049
1760008473824 28 116059
1760008474192 28 116069
1760008474592 28 116079
1760008475002 28 116089
1760008475377 28 116099
1760008475752 28 116109
1760008476122 28 116119
1760008476498 28 116129
1760008476860 28 116139
1760008477221 28 116149
1760008477587 28 116159
1760008477965 28 116169
1760008478340 28 116179
1760008478710 28 116189
1760008479089 28 116199
1760008479472 28 116209
1760008479851 28 116219
1760008480225 28 116229
1760008480587 28 116239
1760008480951 28 116249
1760008481315 28 116259
1760008481684 28 116269
1760008482053 28 116279
1760008482424 28 116289
1760008482793 28 116299
1760008483157 28 116309
1760008483536 28 116319
1760008483912 28 116329
1760008484304 28 116339
1760008484698 28 116349
1760008485094 28 116359
1760008485472 28 116369
1760008485843 28 116379
1760008486214 28 116389
1760008486588 28 116399
1760008486955 28 116409
1760008487326 28 116419
1760008487706 28 116429
1760008488096 28 116439
1760008488480 28 116449
1760008488844 28 116459
1760008489220 28 116469
1760008489588 28 116479
1760008489957 28 116489
1760008490337 28 116499
1760008490724 28 116509
1760008491106 28 116519
1760008491479 28 116529
1760008491863 28 116539
1760008492247 28 116549
1760008492640 28 116559
1760008493030 28 116569
1760008493411 28 116579
1760008493785 28 116589
1760008494168 28 116599
1760008494555 28 116609
1760008494933 28 116619
1760008495311 28 116629
1760008495683 28 116639
1760008496050 28 116649
1760008496423 28 116659
1760008496793 28 116669
1760008497166 28 116679
1760008497536 28 116689
1760008497905 28 116699
1760008498280 28 116709
1760008498655 28 116719
1760008499025 28 116729
1760008499408 28 116739
1760008499787 28 116749
1760008500187 28 116759
1760008500568 28 116769
1760008500956 28 116779
1760008501334 28 116789
1760008501724 28 116799
1760008502119 28 116809
1760008502496 28 116819
1760008502885 28 116829
1760008503270 28 116839
1760008503662 28 116849
1760008504046 28 116859
1760008504429 28 116869
1760008504804 28 116879
1760008505176 28 116889
1760008505553 28 116899
1760008505936 28 116909
1760008506309 28 116919
1760008506700 28 116929
1760008507077 28 116939
1760008507457 28 116949
1760008507844 28 116959
1760008508226 28 116969
1760008508623 28 116979
1760008509015 28 116989
1760008509410 28 116999
1760008510268 28 117009
1760008510645 28 117019
1760008511026 28 117029
1760008511399 28 117039
1760008511771 28 117049
1760008512139 28 117059
1760008512512 28 117069
1760008512888 28 117079
1760008513290 28 117089
1760008513681 28 117099
1760008514066 28 117109
1760008514449 28 117119
1760008514830 28 117129
1760008524604 28 117130
1760008529558 29 117139
1760008529928 29 117149
1760008530305 29 117159
1760008530674 29 117169
1760008531052 29 117179
1760008531440 29 117189
1760008531838 29 117199
1760008532219 29 117209
1760008532624 29 117219
1760008533008 29 117229
1760008533381 29 117239
1760008533749 29 117249
1760008534121 29 117259
1760008534495 29 117269
1760008534881 29 117279
1760008535254 29 117289
1760008535610 29 117299
1760008535962 29 117309
1760008536318 29 117319
1760008536696 29 117329
1760008537085 29 117339
1760008537464 29 117349
1760008537838 29 117359
1760008538216 29 117369
1760008538583 29 117379
1760008538955 29 117389
1760008539334 29 117399
1760008539715 29 117409
1760008540098 29 117419
1760008540491 29 117429
1760008540902 29 117439
1760008541282 29 117449
1760008541659 29 117459
1760008542029 29 117469
1760008542392 29 117479
1760008542760 29 117489
1760008543131 29 117499
1760008543499 29 117509
1760008543866 29 117519
1760008544246 29 117529
1760008544631 29 117539
1760008545016 29 117549
1760008545399 29 117559
1760008545784 29 117569
1760008546172 29 117579
1760008546558 29 117589
1760008546943 29 117599
1760008547331 29 117609
1760008547713 29 117619
1760008548100 29 117629
1760008548491 29 117639
1760008548877 29 117649
1760008549262 29 117659
1760008549650 29 117669
1760008550048 29 117679
1760008550435 29 117689
1760008550824 29 117699
1760008551212 29 117709
1760008551591 29 117719
1760008551973 29 117729
1760008552364 29 117739
1760008552752 29 117749
1760008553149 29 117759
1760008553533 29 117769
1760008553912 29 117779
1760008554297 29 117789
1760008554714 29 117799
1760008555122 29 117809
1760008555523 29 117819
1760008555916 29 117829
1760008556310 29 117839
1760008556721 29 117849
1760008557123 29 117859
1760008557520 29 117869
1760008557898 29 117879
1760008558298 29 117889
1760008558671 29 117899
1760008559057 29 117909
1760008559436 29 117919
1760008559812 29 117929
1760008560191 29 117939
1760008560563 29 117949
1760008560945 29 117959
1760008561330 29 117969
1760008561718 29 117979
1760008562104 29 117989
1760008562490 29 117999
1760008562882 29 118009
1760008563263 29 118019
1760008563643 29 118029
1760008564030 29 118039
1760008564413 29 118049
1760008564791 29 118059
1760008565172 29 118069
1760008565561 29 118079
1760008565955 29 118089
1760008566339 29 118099
1760008566732 29 118109
1760008567121 29 118119
1760008567504 29 118129
1760008567880 29 118139
1760008568275 29 118149
1760008568665 29 118159
1760008569052 29 118169
1760008569433 29 118179
1760008569809 29 118189
1760008570184 29 118199
1760008570563 29 118209
1760008570933 29 118219
1760008571307 29 118229
1760008571705 29 118239
1760008572088 29 118249
1760008572467 29 118259
1760008572855 29 118269
1760008573223 29 118279
1760008573617 29 118289
1760008574015 29 118299
1760008574388 29 118309
1760008574774 29 118319
1760008575155 29 118329
1760008575525 29 118339
1760008575908 29 118349
1760008576285 29 118359
1760008576672 29 118369
1760008577073 29 118379
1760008577456 29 118389
1760008577823 29 118399
1760008578186 29 118409
1760008578554 29 118419
1760008578922 29 118429
1760008579291 29 118439
1760008579673 29 118449
1760008580062 29 118459
1760008580429 29 118469
1760008580799 29 118479
1760008581170 29 118489
1760008581540 29 118499
1760008581922 29 118509
1760008582290 29 118519
1760008582663 29 118529
1760008583036 29 118539
1760008583417 29 118549
1760008583794 29 118559
1760008584175 29 118569
1760008584558 29 118579
1760008584930 29 118589
1760008585389 29 118599
1760008585865 29 118609
1760008586256 29 118619
1760008586626 29 118629
1760008587004 29 118639
1760008587362 29 118649
1760008587720 29 118659
1760008588084 29 118669
1760008588454 29 118679
1760008588826 29 118689
1760008589195 29 118699
1760008589573 29 118709
1760008589934 29 118719
1760008590293 29 118729
1760008590655 29 118739
1760008591016 29 118749
1760008591393 29 118759
1760008591769 29 118769
1760008592164 29 118779
1760008592545 29 118789
1760008592929 29 118799
1760008593312 29 118809
1760008593694 29 118819
1760008594076 29 118829
1760008594456 29 118839
1760008594844 29 118849
1760008595224 29 118859
1760008595616 29 118869
1760008596015 29 118879
1760008596413 29 118889
1760008596789 29 118899
1760008597163 29 118909
1760008597539 29 118919
1760008597914 29 118929
1760008598293 29 118939
1760008598673 29 118949
1760008599054 29 118959
1760008599431 29 118969
1760008599815 29 118979
1760008600197 29 118989
1760008600578 29 118999
1760008600957 29 119009
1760008601339 29 119019
1760008601725 29 119029
1760008602099 29 119039
1760008602469 29 119049
1760008602854 29 119059
1760008603218 29 119069
1760008603582 29 119079
1760008603947 29 119089
1760008604313 29 119099
1760008604678 29 119109
1760008605045 29 119119
1760008605420 29 119129
1760008605792 29 119139
1760008606160 29 119149
1760008606543 29 119159
1760008606924 29 119169
1760008607301 29 119179
1760008607682 29 119189
1760008608068 29 119199
1760008608454 29 119209
1760008608840 29 119219
1760008609213 29 119229
1760008609589 29 119239
1760008609962 29 119249
1760008610335 29 119259
1760008610716 29 119269
1760008611095 29 119279
1760008611474 29 119289
1760008611856 29 119299
1760008612255 29 119309
1760008612650 29 119319
1760008613046 29 119329
1760008613438 29 119339
1760008613818 29 119349
1760008614182 29 119359
1760008614553 29 119369
1760008614908 29 119379
1760008615260 29 119389
1760008615639 29 119399
1760008616020 29 119409
1760008616400 29 119419
1760008616795 29 119429
1760008617187 29 119439
1760008617576 29 119449
1760008617962 29 119459
1760008618346 29 119469
1760008618733 29 119479
1760008619116 29 119489
1760008619492 29 119499
1760008619868 29 119509
1760008620242 29 119519
1760008620617 29 119529
1760008621001 29 119539
1760008621404 29 119549
1760008621810 29 119559
1760008622198 29 119569
1760008622580 29 119579
1760008622961 29 119589
1760008623354 29 119599
1760008623742 29 119609
1760008624132 29 119619
1760008624509 29 119629
1760008624893 29 119639
1760008625264 29 119649
1760008625645 29 119659
1760008626012 29 119669
1760008626391 29 119679
1760008626764 29 119689
1760008627138 29 119699
1760008627530 29 119709
1760008627907 29 119719
1760008628282 29 119729
1760008628646 29 119739
1760008629014 29 119749
1760008629381 29 119759
1760008629749 29 119769
1760008630122 29 119779
1760008630495 29 119789
1760008630875 29 119799
1760008631271 29 119809
1760008631649 29 119819
1760008632037 29 119829
1760008632447 29 119839
1760008632834 29 119849
1760008633218 29 119859
1760008633597 29 119869
1760008633976 29 119879
1760008634353 29 119889
1760008634733 29 119899
1760008635110 29 119909
1760008635490 29 119919
1760008635872 29 119929
1760008636240 29 119939
1760008636609 29 119949
1760008636979 29 119959
1760008637389 29 119969
1760008637777 29 119979
1760008638163 29 119989
1760008638552 29 119999
1760008638935 29 120009
1760008639325 29 120019
1760008639707 29 120029
1760008640085 29 120039
1760008640470 29 120049
1760008640848 29 120059
1760008641227 29 120069
1760008641610 29 120079
1760008641990 29 120089
1760008642386 29 120099
1760008642758 29 120109
1760008643122 29 120119
1760008643489 29 120129
1760008643866 29 120139
1760008644249 29 120149
1760008644632 29 120159
1760008645014 29 120169
1760008645392 29 120179
1760008645786 29 120189
1760008646167 29 120199
1760008646558 29 120209
1760008646952 29 120219
1760008647335 29 120229
1760008647729 29 120239
1760008648103 29 120249
1760008648480 29 120259
1760008648855 29 120269
1760008649226 29 120279
1760008649604 29 120289
1760008649988 29 120299
1760008650371 29 120309
1760008650753 29 120319
1760008651132 29 120329
1760008651513 29 120339
1760008651894 29 120349
1760008652277 29 120359
1760008652657 29 120369
1760008653048 29 120379
1760008653427 29 120389
1760008653812 29 120399
1760008654195 29 120409
1760008654575 29 120419
1760008654950 29 120429
1760008655319 29 120439
1760008655686 29 120449
1760008656051 29 120459
1760008656432 29 120469
1760008656807 29 120479
1760008657170 29 120489
1760008657532 29 120499
1760008657885 29 120509
1760008658239 29 120519
1760008658607 29 120529
1760008658977 29 120539
1760008659345 29 120549
1760008659714 29 120559
1760008660098 29 120569
1760008660483 29 120579
1760008660853 29 120589
1760008661217 29 120599
1760008661592 29 120609
1760008661958 29 120619
1760008662318 29 120629
1760008662678 29 120639
1760008663044 29 120649
1760008663431 29 120659
1760008663815 29 120669
1760008664201 29 120679
1760008664576 29 120689
1760008664953 29 120699
1760008665341 29 120709
1760008665711 29 120719
1760008666086 29 120729
1760008666458 29 120739
1760008666819 29 120749
1760008667180 29 120759
1760008667545 29 120769
1760008667892 29 120779
1760008668249 29 120789
1760008668612 29 120799
1760008668962 29 120809
1760008669310 29 120819
1760008669666 29 120829
1760008670052 29 120839
1760008670427 29 120849
1760008670807 29 120859
1760008671180 29 120869
1760008671560 29 120879
1760008671948 29 120889
1760008672324 29 120899
1760008672708 29 120909
1760008673095 29 120919
1760008673481 29 120929
1760008673870 29 120939
1760008674264 29 120949
1760008674637 29 120959
1760008675016 29 120969
1760008675401 29 120979
1760008675779 29 120989
1760008676151 29 120999
1760008676522 29 121009
1760008676897 29 121019
1760008677285 29 121029
1760008677667 29 121039
1760008678516 29 121049
1760008678917 29 121059
1760008679295 29 121069
1760008679683 29 121079
1760008680051 29 121089
1760008680434 29 121099
1760008680810 29 121109
1760008681198 29 121119
1760008681569 29 121129
1760008681949 29 121139
1760008682329 29 121149
1760008682704 29 121159
1760008683080 29 121169
1760008691165 29 121169
1760008696473 30 121179
1760008696866 30 121189
1760008697258 30 121199
1760008697646 30 121209
1760008698035 30 121219
1760008698382 30 121229
1760008698843 30 121239
1760008699203 30 121249
1760008699574 30 121259
1760008699938 30 121269
1760008700300 30 121279
1760008700701 30 121289
1760008701083 30 121299
1760008701460 30 121309
1760008701838 30 121319
1760008702218 30 121329
1760008702601 30 121339
1760008702983 30 121349
1760008703364 30 121359
1760008703741 30 121369
1760008704119 30 121379
1760008704513 30 121389
1760008704897 30 121399
1760008705287 30 121409
1760008705673 30 121419
1760008706065 30 121429
1760008706453 30 121439
1760008706832 30 121449
1760008707220 30 121459
1760008707603 30 121469
1760008707985 30 121479
1760008708367 30 121489
1760008708749 30 121499
1760008709124 30 121509
1760008709491 30 121519
1760008709867 30 121529
1760008710236 30 121539
1760008710605 30 121549
1760008710977 30 121559
1760008711342 30 121569
1760008711708 30 121579
1760008712075 30 121589
1760008712443 30 121599
1760008712807 30 121609
1760008713187 30 121619
1760008713572 30 121629
1760008713952 30 121639
1760008714334 30 121649
1760008714733 30 121659
1760008715114 30 121669
1760008715510 30 121679
1760008715895 30 121689
1760008716263 30 121699
1760008716627 30 121709
1760008717003 30 121719
1760008717361 30 121729
1760008717715 30 121739
1760008718072 30 121749
1760008718423 30 121759
1760008718774 30 121769
1760008719143 30 121779
1760008719510 30 121789
1760008719859 30 121799
1760008720216 30 121809
1760008720580 30 121819
1760008720939 30 121829
1760008721308 30 121839
1760008721668 30 121849
1760008722024 30 121859
1760008722375 30 121869
1760008722738 30 121879
1760008723095 30 121889
1760008723450 30 121899
1760008723809 30 121909
1760008724168 30 121919
1760008724539 30 121929
1760008724927 30 121939
1760008725308 30 121949
1760008725672 30 121959
1760008726057 30 121969
1760008726426 30 121979
1760008726805 30 121989
1760008727195 30 121999
1760008727588 30 122009
1760008727978 30 122019
1760008728366 30 122029
1760008728758 30 122039
1760008729153 30 122049
1760008729540 30 122059
1760008729922 30 122069
1760008730320 30 122079
1760008730697 30 122089
1760008731072 30 122099
1760008731461 30 122109
1760008731843 30 122119
1760008732211 30 122129
1760008732580 30 122139
1760008732961 30 122149
1760008733339 30 122159
1760008733725 30 122169
1760008734128 30 122179
1760008734504 30 122189
1760008734877 30 122199
1760008735249 30 122209
1760008735626 30 122219
1760008736007 30 122229
1760008736378 30 122239
1760008736755 30 122249
1760008737129 30 122259
1760008737502 30 122269
1760008737871 30 122279
1760008738238 30 122289
1760008738616 30 122299
1760008738993 30 122309
1760008739363 30 122319
1760008739733 30 122329
1760008740103 30 122339
1760008740472 30 122349
1760008740844 30 122359
1760008741221 30 122369
1760008741604 30 122379
1760008741985 30 122389
1760008742363 30 122399
1760008742741 30 122409
1760008743103 30 122419
1760008743465 30 122429
1760008743817 30 122439
1760008744175 30 122449
1760008744530 30 122459
1760008744882 30 122469
1760008745234 30 122479
1760008745597 30 122489
1760008745950 30 122499
1760008746308 30 122509
1760008746665 30 122519
1760008747022 30 122529
1760008747377 30 122539
1760008747737 30 122549
1760008748095 30 122559
1760008748456 30 122569
1760008748818 30 122579
1760008749172 30 122589
1760008749531 30 122599
1760008749887 30 122609
1760008750255 30 122619
1760008750611 30 122629
1760008750967 30 122639
1760008751324 30 122649
1760008751677 30 122659
1760008752032 30 122669
1760008752395 30 122679
1760008752750 30 122689
1760008753103 30 122699
1760008753456 30 122709
1760008753806 30 122719
1760008754153 30 122729
1760008754503 30 122739
1760008754864 30 122749
1760008755221 30 122759
1760008755582 30 122769
1760008755967 30 122779
1760008756323 30 122789
1760008756674 30 122799
1760008757029 30 122809
1760008757382 30 122819
1760008757731 30 122829
1760008758089 30 122839
1760008758449 30 122849
1760008758793 30 122859
1760008759165 30 122869
1760008759528 30 122879
1760008759895 30 122889
1760008760260 30 122899
1760008760636 30 122909
1760008761010 30 122919
1760008761391 30 122929
1760008761768 30 122939
1760008762154 30 122949
1760008762538 30 122959
1760008762921 30 122969
1760008763298 30 122979
1760008763683 30 122989
1760008764065 30 122999
1760008764450 30 123009
1760008764828 30 123019
1760008765216 30 123029
1760008765595 30 123039
1760008765974 30 123049
1760008766348 30 123059
1760008766726 30 123069
1760008767102 30 123079
1760008767477 30 123089
1760008767872 30 123099
1760008768321 30 123109
1760008768697 30 123119
1760008769076 30 123129
1760008769450 30 123139
1760008769826 30 123149
1760008770204 30 123159
1760008770569 30 123169
1760008770952 30 123179
1760008771328 30 123189
1760008771708 30 123199
1760008772085 30 123209
1760008772458 30 123219
1760008772850 30 123229
1760008773241 30 123239
1760008773626 30 123249
1760008774010 30 123259
1760008774411 30 123269
1760008774802 30 123279
1760008775177 30 123289
1760008775535 30 123299
1760008775900 30 123309
1760008776269 30 123319
1760008776631 30 123329
1760008776987 30 123339
1760008777347 30 123349
1760008777705 30 123359
1760008778075 30 123369
1760008778435 30 123379
1760008778805 30 123389
1760008779156 30 123399
1760008779504 30 123409
1760008779855 30 123419
1760008780204 30 123429
1760008780562 30 123439
1760008780924 30 123449
1760008781278 30 123459
1760008781642 30 123469
1760008782000 30 123479
1760008782359 30 123489
1760008782717 30 123499
1760008783062 30 123509
1760008783409 30 123519
1760008783762 30 123529
1760008784109 30 123539
1760008784456 30 123549
1760008784808 30 123559
1760008785159 30 123569
1760008785511 30 123579
1760008785859 30 123589
1760008786217 30 123599
1760008786567 30 123609
1760008786913 30 123619
1760008787262 30 123629
1760008787620 30 123639
1760008787981 30 123649
1760008788336 30 123659
1760008788656 30 123669
1760008788924 30 123679
1760008789154 30 123689
1760008789369 30 123699
1760008789676 30 123709
1760008790009 30 123719
1760008790354 30 123729
1760008790708 30 123739
1760008791065 30 123749
1760008791433 30 123759
1760008791786 30 123769
1760008792140 30 123779
1760008792487 30 123789
1760008792836 30 123799
1760008793211 30 123809
1760008793567 30 123819
1760008793922 30 123829
1760008794278 30 123839
1760008794637 30 123849
1760008794994 30 123859
1760008795404 30 123869
1760008795786 30 123879
1760008796168 30 123889
1760008796543 30 123899
1760008796934 30 123909
1760008797321 30 123919
1760008797714 30 123929
1760008798092 30 123939
1760008798479 30 123949
1760008798868 30 123959
1760008799262 30 123969
1760008799643 30 123979
1760008800030 30 123989
1760008800413 30 123999
1760008800781 30 124009
1760008801153 30 124019
1760008801520 30 124029
1760008801893 30 124039
1760008802291 30 124049
1760008802659 30 124059
1760008803027 30 124069
1760008803395 30 124079
1760008803770 30 124089
1760008804142 30 124099
1760008804525 30 124109
1760008804884 30 124119
1760008805261 30 124129
1760008805627 30 124139
1760008805992 30 124149
1760008806371 30 124159
1760008806748 30 124169
1760008807118 30 124179
1760008807489 30 124189
1760008807880 30 124199
1760008808254 30 124209
1760008808650 30 124219
1760008809039 30 124229
1760008809412 30 124239
1760008809788 30 124249
1760008810169 30 124259
1760008810560 30 124269
1760008810932 30 124279
1760008811319 30 124289
1760008811697 30 124299
1760008812090 30 124309
1760008812469 30 124319
1760008812847 30 124329
1760008813237 30 124339
1760008813597 30 124349
1760008813962 30 124359
1760008814340 30 124369
1760008814713 30 124379
1760008815084 30 124389
1760008815481 30 124399
1760008815874 30 124409
1760008816258 30 124419
1760008816649 30 124429
1760008817032 30 124439
1760008817412 30 124449
1760008817807 30 124459
1760008818199 30 124469
1760008818580 30 124479
1760008818985 30 124489
1760008819375 30 124499
1760008819759 30 124509
1760008820158 30 124519
1760008820562 30 124529
1760008820946 30 124539
1760008821335 30 124549
1760008821732 30 124559
1760008822119 30 124569
1760008822507 30 124579
1760008822895 30 124589
1760008823286 30 124599
1760008823679 30 124609
1760008824065 30 124619
1760008824425 30 124629
1760008824785 30 124639
1760008825137 30 124649
1760008825489 30 124659
1760008825836 30 124669
1760008826185 30 124679
1760008826544 30 124689
1760008826892 30 124699
1760008827252 30 124709
1760008827611 30 124719
1760008827974 30 124729
1760008828336 30 124739
1760008828693 30 124749
1760008829044 30 124759
1760008829402 30 124769
1760008829761 30 124779
1760008830144 30 124789
1760008830529 30 124799
1760008830915 30 124809
1760008831287 30 124819
1760008831645 30 124829
1760008832014 30 124839
1760008832387 30 124849
1760008832764 30 124859
1760008833142 30 124869
1760008833525 30 124879
1760008833912 30 124889
1760008834291 30 124899
1760008834664 30 124909
1760008835034 30 124919
1760008835406 30 124929
1760008835767 30 124939
1760008836131 30 124949
1760008836526 30 124959
1760008836900 30 124969
1760008837270 30 124979
1760008837643 30 124989
1760008838023 30 124999
1760008838412 30 125009
1760008838783 30 125019
1760008839147 30 125029
1760008839532 30 125039
1760008839937 30 125049
1760008840339 30 125059
1760008840725 30 125069
1760008841105 30 125079
1760008841981 30 125089
1760008842349 30 125099
1760008842710 30 125109
1760008843070 30 125119
1760008843440 30 125129
1760008843822 30 125139
1760008844191 30 125149
1760008844570 30 125159
1760008844943 30 125169
1760008845319 30 125179
1760008845695 30 125189
1760008846070 30 125199
1760008900049 30 125208
1760008904411 31 125209
1760008904806 31 125219
1760008905190 31 125229
1760008905571 31 125239
1760008905948 31 125249
1760008906320 31 125259
1760008906713 31 125269
1760008907112 31 125279
1760008907475 31 125289
1760008907839 31 125299
1760008908201 31 125309
1760008908586 31 125319
1760008908948 31 125329
1760008909309 31 125339
1760008909676 31 125349
1760008910044 31 125359
1760008910425 31 125369
1760008910830 31 125379
1760008911202 31 125389
1760008911570 31 125399
1760008911941 31 125409
1760008912326 31 125419
1760008912721 31 125429
1760008913119 31 125439
1760008913497 31 125449
1760008913872 31 125459
1760008914251 31 125469
1760008914633 31 125479
1760008915014 31 125489
1760008915384 31 125499
1760008915753 31 125509
1760008916123 31 125519
1760008916488 31 125529
1760008916866 31 125539
1760008917232 31 125549
1760008917617 31 125559
1760008917991 31 125569
1760008918379 31 125579
1760008918754 31 125589
1760008919142 31 125599
1760008919509 31 125609
1760008919882 31 125619
1760008920260 31 125629
1760008920639 31 125639
1760008921028 31 125649
1760008921417 31 125659
1760008921812 31 125669
1760008922202 31 125679
1760008922599 31 125689
1760008922990 31 125699
1760008923384 31 125709
1760008923762 31 125719
1760008924150 31 125729
1760008924534 31 125739
1760008924919 31 125749
1760008925308 31 125759
1760008925709 31 125769
1760008926043 31 125779
1760008926403 31 125789
1760008926787 31 125799
1760008927161 31 125809
1760008927540 31 125819
1760008927932 31 125829
1760008928322 31 125839
1760008928710 31 125849
1760008929104 31 125859
1760008929490 31 125869
1760008929882 31 125879
1760008930263 31 125889
1760008930652 31 125899
1760008931025 31 125909
1760008931399 31 125919
1760008931789 31 125929
1760008932175 31 125939
1760008932564 31 125949
1760008932949 31 125959
1760008933332 31 125969
1760008933707 31 125979
1760008934090 31 125989
1760008934465 31 125999
1760008934838 31 126009
1760008935210 31 126019
1760008935591 31 126029
1760008935957 31 126039
1760008936327 31 126049
1760008936700 31 126059
1760008937079 31 126069
1760008937469 31 126079
1760008937859 31 126089
1760008938251 31 126099
1760008938649 31 126109
1760008939015 31 126119
1760008939402 31 126129
1760008939786 31 126139
1760008940184 31 126149
1760008940566 31 126159
1760008940956 31 126169
1760008941324 31 126179
1760008941687 31 126189
1760008942058 31 126199
1760008942427 31 126209
1760008942783 31 126219
1760008943147 31 126229
1760008943519 31 126239
1760008943885 31 126249
1760008944275 31 126259
1760008944656 31 126269
1760008945027 31 126279
1760008945399 31 126289
1760008945773 31 126299
1760008946154 31 126309
1760008946534 31 126319
1760008946959 31 126329
1760008947339 31 126339
1760008947715 31 126349
1760008948088 31 126359
1760008948483 31 126369
1760008948863 31 126379
1760008949258 31 126389
1760008949640 31 126399
1760008950016 31 126409
1760008950389 31 126419
1760008950768 31 126429
1760008951145 31 126439
1760008951529 31 126449
1760008951907 31 126459
1760008952288 31 126469
1760008952662 31 126479
1760008953047 31 126489
1760008953421 31 126499
1760008953789 31 126509
1760008954162 31 126519
1760008954539 31 126529
1760008954912 31 126539
1760008955294 31 126549
1760008955665 31 126559
1760008956033 31 126569
1760008956391 31 126579
1760008956765 31 126589
1760008957141 31 126599
1760008957514 31 126609
1760008957882 31 126619
1760008958256 31 126629
1760008958619 31 126639
1760008959000 31 126649
1760008959385 31 126659
1760008959760 31 126669
1760008960143 31 126679
1760008960521 31 126689
1760008960894 31 126699
1760008961285 31 126709
1760008961671 31 126719
1760008962063 31 126729
1760008962433 31 126739
1760008962818 31 126749
1760008963183 31 126759
1760008963554 31 126769
1760008963929 31 126779
1760008964293 31 126789
1760008964677 31 126799
1760008965035 31 126809
1760008965389 31 126819
1760008965744 31 126829
1760008966112 31 126839
1760008966484 31 126849
1760008966853 31 126859
1760008967233 31 126869
1760008967607 31 126879
1760008967970 31 126889
1760008968346 31 126899
1760008968720 31 126909
1760008969093 31 126919
1760008969464 31 126929
1760008969840 31 126939
1760008970209 31 126949
1760008970573 31 126959
1760008970942 31 126969
1760008971310 31 126979
1760008971660 31 126989
1760008972023 31 126999
1760008972393 31 127009
1760008972764 31 127019
1760008973147 31 127029
1760008973528 31 127039
1760008973919 31 127049
1760008974303 31 127059
1760008974683 31 127069
1760008975070 31 127079
1760008975461 31 127089
1760008975838 31 127099
1760008976220 31 127109
1760008976602 31 127119
1760008976980 31 127129
1760008977358 31 127139
1760008977735 31 127149
1760008978120 31 127159
1760008978508 31 127169
1760008978894 31 127179
1760008979277 31 127189
1760008979661 31 127199
1760008980055 31 127209
1760008980425 31 127219
1760008980802 31 127229
1760008981184 31 127239
1760008981559 31 127249
1760008981937 31 127259
1760008982324 31 127269
1760008982706 31 127279
1760008983088 31 127289
1760008983479 31 127299
1760008983864 31 127309
1760008984261 31 127319
1760008984649 31 127329
1760008985033 31 127339
1760008985440 31 127349
1760008985860 31 127359
1760008986266 31 127369
1760008986659 31 127379
1760008987072 31 127389
1760008987450 31 127399
1760008987821 31 127409
1760008988224 31 127419
1760008988598 31 127429
1760008988979 31 127439
1760008989377 31 127449
1760008989761 31 127459
1760008990148 31 127469
1760008990536 31 127479
1760008990922 31 127489
1760008991298 31 127499
1760008991692 31 127509
1760008992075 31 127519
1760008992455 31 127529
1760008992836 31 127539
1760008993225 31 127549
1760008993616 31 127559
1760008993999 31 127569
1760008994379 31 127579
1760008994760 31 127589
1760008995145 31 127599
1760008995525 31 127609
1760008995897 31 127619
1760008996270 31 127629
1760008996650 31 127639
1760008997032 31 127649
1760008997411 31 127659
1760008997795 31 127669
1760008998189 31 127679
1760008998567 31 127689
1760008998950 31 127699
1760008999352 31 127709
1760008999734 31 127719
1760009000131 31 127729
1760009000523 31 127739
1760009000918 31 127749
1760009001289 31 127759
1760009001663 31 127769
1760009002033 31 127779
1760009002406 31 127789
1760009002789 31 127799
1760009003159 31 127809
1760009003507 31 127819
1760009003855 31 127829
1760009004212 31 127839
1760009004587 31 127849
1760009004966 31 127859
1760009005343 31 127869
1760009005720 31 127879
1760009006113 31 127889
1760009006477 31 127899
1760009006825 31 127909
1760009007172 31 127919
1760009007520 31 127929
1760009007875 31 127939
1760009008231 31 127949
1760009008590 31 127959
1760009008943 31 127969
1760009009298 31 127979
1760009009658 31 127989
1760009010012 31 127999
1760009010372 31 128009
1760009010734 31 128019
1760009011093 31 128029
1760009011459 31 128039
1760009011818 31 128049
1760009012178 31 128059
1760009012535 31 128069
1760009012887 31 128079
1760009013251 31 128089
1760009013601 31 128099
1760009013966 31 128109
1760009014354 31 128119
1760009014733 31 128129
1760009015117 31 128139
1760009015504 31 128149
1760009015893 31 128159
1760009016268 31 128169
1760009016640 31 128179
1760009016999 31 128189
1760009017355 31 128199
1760009017712 31 128209
1760009018078 31 128219
1760009018441 31 128229
1760009018801 31 128239
1760009019161 31 128249
1760009019541 31 128259
1760009019911 31 128269
1760009020288 31 128279
1760009020658 31 128289
1760009021027 31 128299
1760009021397 31 128309
1760009021765 31 128319
1760009022124 31 128329
1760009022484 31 128339
1760009022847 31 128349
1760009023211 31 128359
1760009023579 31 128369
1760009023945 31 128379
1760009024314 31 128389
1760009024684 31 128399
1760009025056 31 128409
1760009025434 31 128419
1760009025806 31 128429
1760009026177 31 128439
1760009026548 31 128449
1760009026917 31 128459
1760009027292 31 128469
1760009027667 31 128479
1760009028039 31 128489
1760009028413 31 128499
1760009028783 31 128509
1760009029154 31 128519
1760009029525 31 128529
1760009029887 31 128539
1760009030251 31 128549
1760009030620 31 128559
1760009030979 31 128569
1760009031340 31 128579
1760009031693 31 128589
1760009032051 31 128599
1760009032410 31 128609
1760009032762 31 128619
1760009033122 31 128629
1760009033481 31 128639
1760009033839 31 128649
1760009034196 31 128659
1760009034553 31 128669
1760009034905 31 128679
1760009035258 31 128689
1760009035608 31 128699
1760009035957 31 128709
1760009036302 31 128719
1760009036650 31 128729
1760009037018 31 128739
1760009037364 31 128749
1760009037706 31 128759
1760009038050 31 128769
1760009038398 31 128779
1760009038741 31 128789
1760009039086 31 128799
1760009039430 31 128809
1760009039774 31 128819
1760009040119 31 128829
1760009040464 31 128839
1760009040810 31 128849
1760009041159 31 128859
1760009041509 31 128869
1760009041867 31 128879
1760009042213 31 128889
1760009042560 31 128899
1760009042905 31 128909
1760009043248 31 128919
1760009043598 31 128929
1760009043947 31 128939
1760009044303 31 128949
1760009044664 31 128959
1760009045020 31 128969
1760009045346 31 128979
1760009045624 31 128989
1760009045861 31 128999
1760009046099 31 129009
1760009046342 31 129019
1760009046617 31 129029
1760009046840 31 129039
1760009047045 31 129049
1760009047365 31 129059
1760009047716 31 129069
1760009048067 31 129079
1760009048413 31 129089
1760009048763 31 129099
1760009049109 31 129109
1760009049456 31 129119
1760009050253 31 129129
1760009050594 31 129139
1760009050935 31 129149
1760009051277 31 129159
1760009051619 31 129169
1760009051961 31 129179
1760009052307 31 129189
1760009052658 31 129199
1760009053010 31 129209
1760009053364 31 129219
1760009053712 31 129229
1760009054059 31 129239
1760009064009 31 129247
1760009068644 32 129249
1760009068978 32 129259
1760009069364 32 129269
1760009069754 32 129279
1760009070145 32 129289
1760009070544 32 129299
1760009070926 32 129309
1760009071343 32 129319
1760009071693 32 129329
1760009072057 32 129339
1760009072418 32 129349
1760009072789 32 129359
1760009073152 32 129369
1760009073521 32 129379
1760009073881 32 129389
1760009074242 32 129399
1760009074627 32 129409
1760009074998 32 129419
1760009075375 32 129429
1760009075750 32 129439
1760009076130 32 129449
1760009076515 32 129459
1760009076917 32 129469
1760009077327 32 129479
1760009077704 32 129489
1760009078081 32 129499
1760009078469 32 129509
1760009078836 32 129519
1760009079210 32 129529
1760009079579 32 129539
1760009079971 32 129549
1760009080369 32 129559
1760009080753 32 129569
1760009081137 32 129579
1760009081510 32 129589
1760009081902 32 129599
1760009082282 32 129609
1760009082661 32 129619
1760009083042 32 129629
1760009083426 32 129639
1760009083804 32 129649
1760009084190 32 129659
1760009084566 32 129669
1760009084942 32 129679
1760009085313 32 129689
1760009085687 32 129699
1760009086063 32 129709
1760009086444 32 129719
1760009086828 32 129729
1760009087220 32 129739
1760009087608 32 129749
1760009087979 32 129759
1760009088369 32 129769
1760009088762 32 129779
1760009089127 32 129789
1760009089506 32 129799
1760009089878 32 129809
1760009090253 32 129819
1760009090635 32 129829
1760009091021 32 129839
1760009091398 32 129849
1760009091778 32 129859
1760009092175 32 129869
1760009092551 32 129879
1760009092938 32 129889
1760009093308 32 129899
1760009093684 32 129909
1760009094079 32 129919
1760009094444 32 129929
1760009094822 32 129939
1760009095197 32 129949
1760009095568 32 129959
1760009095933 32 129969
1760009096308 32 129979
1760009096689 32 129989
1760009097067 32 129999
1760009097433 32 130009
1760009097812 32 130019
1760009098187 32 130029
1760009098573 32 130039
1760009098956 32 130049
1760009099344 32 130059
1760009099726 32 130069
1760009100097 32 130079
1760009100482 32 130089
1760009100849 32 130099
1760009101222 32 130109
1760009101586 32 130119
1760009101993 32 130129
1760009102361 32 130139
1760009102724 32 130149
1760009103074 32 130159
1760009103445 32 130169
1760009103832 32 130179
1760009104181 32 130189
1760009104557 32 130199
1760009104920 32 130209
1760009105302 32 130219
1760009105669 32 130229
1760009106038 32 130239
1760009106413 32 130249
1760009106784 32 130259
1760009107148 32 130269
1760009107521 32 130279
1760009107894 32 130289
1760009108270 32 130299
1760009108651 32 130309
1760009109021 32 130319
1760009109391 32 130329
1760009109763 32 130339
1760009110127 32 130349
1760009110484 32 130359
1760009110845 32 130369
1760009111225 32 130379
1760009111596 32 130389
1760009111969 32 130399
1760009112340 32 130409
1760009112709 32 130419
1760009113089 32 130429
1760009113471 32 130439
1760009113850 32 130449
1760009114218 32 130459
1760009114588 32 130469
1760009114960 32 130479
1760009115339 32 130489
1760009115705 32 130499
1760009116071 32 130509
1760009116441 32 130519
1760009116810 32 130529
1760009117180 32 130539
1760009117557 32 130549
1760009117937 32 130559
1760009118325 32 130569
1760009118694 32 130579
1760009119061 32 130589
1760009119430 32 130599
1760009119808 32 130609
1760009120183 32 130619
1760009120549 32 130629
1760009120927 32 130639
1760009121303 32 130649
1760009121683 32 130659
1760009122049 32 130669
1760009122423 32 130679
1760009122793 32 130689
1760009123159 32 130699
1760009123541 32 130709
1760009123906 32 130719
1760009124280 32 130729
1760009124654 32 130739
1760009125030 32 130749
1760009125401 32 130759
1760009125731 32 130769
1760009126070 32 130779
1760009126387 32 130789
1760009126702 32 130799
1760009127036 32 130809
1760009127425 32 130819
1760009127819 32 130829
1760009128212 32 130839
1760009128544 32 130849
1760009128875 32 130859
1760009129220 32 130869
1760009129549 32 130879
1760009129873 32 130889
1760009130270 32 130899
1760009130669 32 130909
1760009131057 32 130919
1760009131458 32 130929
1760009131849 32 130939
1760009132237 32 130949
1760009132606 32 130959
1760009132984 32 130969
1760009133364 32 130979
1760009133741 32 130989
1760009134114 32 130999
1760009134496 32 131009
1760009134899 32 131019
1760009135281 32 131029
1760009135673 32 131039
1760009136067 32 131049
1760009136457 32 131059
1760009136845 32 131069
1760009137236 32 131079
1760009137618 32 131089
1760009137997 32 131099
1760009138370 32 131109
1760009138727 32 131119
1760009139090 32 131129
1760009139475 32 131139
1760009139879 32 131149
1760009140290 32 131159
1760009140681 32 131169
1760009141065 32 131179
1760009141463 32 131189
1760009141857 32 131199
1760009142260 32 131209
1760009142653 32 131219
1760009143048 32 131229
1760009143434 32 131239
1760009143807 32 131249
1760009144182 32 131259
1760009144554 32 131269
1760009144950 32 131279
1760009145330 32 131289
1760009145710 32 131299
1760009146094 32 131309
1760009146477 32 131319
1760009146872 32 131329
1760009147257 32 131339
1760009147646 32 131349
1760009148032 32 131359
1760009148412 32 131369
1760009148784 32 131379
1760009149139 32 131389
1760009149481 32 131399
1760009149828 32 131409
1760009150173 32 131419
1760009150520 32 131429
1760009150874 32 131439
1760009151235 32 131449
1760009151604 32 131459
1760009151965 32 131469
1760009152332 32 131479
1760009152699 32 131489
1760009153051 32 131499
1760009153416 32 131509
1760009153775 32 131519
1760009154128 32 131529
1760009154480 32 131539
1760009154841 32 131549
1760009155211 32 131559
1760009155569 32 131569
1760009155930 32 131579
1760009156287 32 131589
1760009156648 32 131599
1760009157001 32 131609
1760009157363 32 131619
1760009157717 32 131629
1760009158075 32 131639
1760009158422 32 131649
1760009158771 32 131659
1760009159115 32 131669
1760009159466 32 131679
1760009159813 32 131689
1760009160172 32 131699
1760009160516 32 131709
1760009160860 32 131719
1760009161210 32 131729
1760009161556 32 131739
1760009161900 32 131749
1760009162250 32 131759
1760009162600 32 131769
1760009162956 32 131779
1760009163301 32 131789
1760009163649 32 131799
1760009163999 32 131809
1760009164355 32 131819
1760009164715 32 131829
1760009165069 32 131839
1760009165427 32 131849
1760009165788 32 131859
1760009166144 32 131869
1760009166510 32 131879
1760009166867 32 131889
1760009167240 32 131899
1760009167607 32 131909
1760009167977 32 131919
1760009168360 32 131929
1760009168741 32 131939
1760009169114 32 131949
1760009169496 32 131959
1760009169877 32 131969
1760009170254 32 131979
1760009170639 32 131989
1760009171026 32 131999
1760009171406 32 132009
1760009171779 32 132019
1760009172158 32 132029
1760009172530 32 132039
1760009172907 32 132049
1760009173288 32 132059
1760009173656 32 132069
1760009174041 32 132079
1760009174422 32 132089
1760009174794 32 132099
1760009175157 32 132109
1760009175527 32 132119
1760009175901 32 132129
1760009176274 32 132139
1760009176650 32 132149
1760009177035 32 132159
1760009177409 32 132169
1760009177764 32 132179
1760009178134 32 132189
1760009178490 32 132199
1760009178859 32 132209
1760009179233 32 132219
1760009179595 32 132229
1760009179961 32 132239
1760009180325 32 132249
1760009180685 32 132259
1760009181044 32 132269
1760009181396 32 132279
1760009181747 32 132289
1760009182093 32 132299
1760009182443 32 132309
1760009182790 32 132319
1760009183145 32 132329
1760009183504 32 132339
1760009183859 32 132349
1760009184214 32 132359
1760009184576 32 132369
1760009184893 32 132379
1760009185180 32 132389
1760009185705 32 132399
1760009186074 32 132409
1760009186450 32 132419
1760009186832 32 132429
1760009187204 32 132439
1760009187585 32 132449
1760009187963 32 132459
1760009188339 32 132469
1760009188705 32 132479
1760009189063 32 132489
1760009189440 32 132499
1760009189815 32 132509
1760009190180 32 132519
1760009190554 32 132529
1760009190930 32 132539
1760009191305 32 132549
1760009191680 32 132559
1760009192064 32 132569
1760009192450 32 132579
1760009192831 32 132589
1760009193210 32 132599
1760009193591 32 132609
1760009193964 32 132619
1760009194335 32 132629
1760009194713 32 132639
1760009195090 32 132649
1760009195456 32 132659
1760009195819 32 132669
1760009196196 32 132679
1760009196575 32 132689
1760009196958 32 132699
1760009197350 32 132709
1760009197730 32 132719
1760009198117 32 132729
1760009198488 32 132739
1760009198882 32 132749
1760009199273 32 132759
1760009199674 32 132769
1760009200041 32 132779
1760009200411 32 132789
1760009200782 32 132799
1760009201159 32 132809
1760009201539 32 132819
1760009201933 32 132829
1760009202310 32 132839
1760009202662 32 132849
1760009203014 32 132859
1760009203366 32 132869
1760009203714 32 132879
1760009204061 32 132889
1760009204422 32 132899
1760009204773 32 132909
1760009205143 32 132919
1760009205506 32 132929
1760009205870 32 132939
1760009206239 32 132949
1760009206617 32 132959
1760009206993 32 132969
1760009207350 32 132979
1760009207728 32 132989
1760009208112 32 132999
1760009208478 32 133009
1760009208830 32 133019
1760009209205 32 133029
1760009209585 32 133039
1760009209961 32 133049
1760009210321 32 133059
1760009210680 32 133069
1760009211036 32 133079
1760009211396 32 133089
1760009211760 32 133099
1760009212117 32 133109
1760009212497 32 133119
1760009212872 32 133129
1760009213257 32 133139
1760009213649 32 133149
1760009214514 32 133159
1760009214865 32 133169
1760009215213 32 133179
1760009215557 32 133189
1760009215900 32 133199
1760009216243 32 133209
1760009216589 32 133219
1760009216969 32 133229
1760009217342 32 133239
1760009217716 32 133249
1760009218099 32 133259
1760009218468 32 133269
1760009218841 32 133279
1760009228293 32 133286
1760009232871 33 133289
1760009233237 33 133299
1760009233598 33 133309
1760009233946 33 133319
1760009234297 33 133329
1760009234668 33 133339
1760009235003 33 133349
1760009235379 33 133359
1760009235715 33 133369
1760009236052 33 133379
1760009236395 33 133389
1760009236734 33 133399
1760009237077 33 133409
1760009237457 33 133419
1760009237808 33 133429
1760009238171 33 133439
1760009238524 33 133449
1760009238876 33 133459
1760009239232 33 133469
1760009239583 33 133479
1760009239933 33 133489
1760009240289 33 133499
1760009240642 33 133509
1760009240993 33 133519
1760009241363 33 133529
1760009241747 33 133539
1760009242130 33 133549
1760009242502 33 133559
1760009242910 33 133569
1760009243342 33 133579
1760009243732 33 133589
1760009244134 33 133599
1760009244523 33 133609
1760009244920 33 133619
1760009245321 33 133629
1760009245685 33 133639
1760009246051 33 133649
1760009246440 33 133659
1760009246817 33 133669
1760009247201 33 133679
1760009247579 33 133689
1760009247957 33 133699
1760009248339 33 133709
1760009248727 33 133719
1760009249106 33 133729
1760009249493 33 133739
1760009249880 33 133749
1760009250257 33 133759
1760009250654 33 133769
1760009251036 33 133779
1760009251426 33 133789
1760009251802 33 133799
1760009252177 33 133809
1760009252552 33 133819
1760009252936 33 133829
1760009253314 33 133839
1760009253690 33 133849
1760009254092 33 133859
1760009254483 33 133869
1760009254885 33 133879
1760009255251 33 133889
1760009255612 33 133899
1760009255976 33 133909
1760009256375 33 133919
1760009256754 33 133929
1760009257116 33 133939
1760009257481 33 133949
1760009257868 33 133959
1760009258242 33 133969
1760009258600 33 133979
1760009258964 33 133989
1760009259329 33 133999
1760009259704 33 134009
1760009260071 33 134019
1760009260433 33 134029
1760009260815 33 134039
1760009261196 33 134049
1760009261583 33 134059
1760009261960 33 134069
1760009262335 33 134079
1760009262701 33 134089
1760009263064 33 134099
1760009263458 33 134109
1760009263825 33 134119
1760009264195 33 134129
1760009264564 33 134139
1760009264933 33 134149
1760009265308 33 134159
1760009265667 33 134169
1760009266028 33 134179
1760009266400 33 134189
1760009266754 33 134199
1760009267113 33 134209
1760009267474 33 134219
1760009267832 33 134229
1760009268196 33 134239
1760009268558 33 134249
1760009268923 33 134259
1760009269284 33 134269
1760009269664 33 134279
1760009270022 33 134289
1760009270369 33 134299
1760009270715 33 134309
1760009271061 33 134319
1760009271411 33 134329
1760009271770 33 134339
1760009272135 33 134349
1760009272482 33 134359
1760009272833 33 134369
1760009273200 33 134379
1760009273560 33 134389
1760009273919 33 134399
1760009274280 33 134409
1760009274642 33 134419
1760009275006 33 134429
1760009275379 33 134439
1760009275750 33 134449
1760009276121 33 134459
1760009276491 33 134469
1760009276845 33 134479
1760009277190 33 134489
1760009277537 33 134499
1760009277886 33 134509
1760009278233 33 134519
1760009278580 33 134529
1760009278933 33 134539
1760009279279 33 134549
1760009279625 33 134559
1760009279977 33 134569
1760009280338 33 134579
1760009280698 33 134589
1760009281054 33 134599
1760009281416 33 134609
1760009281763 33 134619
1760009282124 33 134629
1760009282482 33 134639
1760009282838 33 134649
1760009283200 33 134659
1760009283572 33 134669
1760009283936 33 134679
1760009284304 33 134689
1760009284668 33 134699
1760009285027 33 134709
1760009285390 33 134719
1760009285752 33 134729
1760009286118 33 134739
1760009286485 33 134749
1760009286832 33 134759
1760009287180 33 134769
1760009287526 33 134779
1760009287873 33 134789
1760009288228 33 134799
1760009288579 33 134809
1760009288931 33 134819
1760009289294 33 134829
1760009289658 33 134839
1760009290030 33 134849
1760009290373 33 134859
1760009290656 33 134869
1760009290984 33 134879
1760009291378 33 134889
1760009291753 33 134899
1760009292122 33 134909
1760009292483 33 134919
1760009292854 33 134929
1760009293279 33 134939
1760009293657 33 134949
1760009294016 33 134959
1760009294415 33 134969
1760009294784 33 134979
1760009295156 33 134989
1760009295547 33 134999
1760009295959 33 135009
1760009296327 33 135019
1760009296726 33 135029
1760009297132 33 135039
1760009297504 33 135049
1760009297880 33 135059
1760009298305 33 135069
1760009298687 33 135079
1760009299060 33 135089
1760009299427 33 135099
1760009299809 33 135109
1760009300175 33 135119
1760009300536 33 135129
1760009300901 33 135139
1760009301262 33 135149
1760009301620 33 135159
1760009301970 33 135169
1760009302317 33 135179
1760009302663 33 135189
1760009303015 33 135199
1760009303373 33 135209
1760009303730 33 135219
1760009304083 33 135229
1760009304438 33 135239
1760009304787 33 135249
1760009305138 33 135259
1760009305487 33 135269
1760009305840 33 135279
1760009306198 33 135289
1760009306550 33 135299
1760009306900 33 135309
1760009307251 33 135319
1760009307600 33 135329
1760009307954 33 135339
1760009308328 33 135349
1760009308684 33 135359
1760009309037 33 135369
1760009309389 33 135379
1760009309740 33 135389
1760009310090 33 135399
1760009310444 33 135409
1760009310800 33 135419
1760009311155 33 135429
1760009311531 33 135439
1760009311895 33 135449
1760009312264 33 135459
1760009312637 33 135469
1760009313017 33 135479
1760009313385 33 135489
1760009313740 33 135499
1760009314095 33 135509
1760009314453 33 135519
1760009314808 33 135529
1760009315180 33 135539
1760009315537 33 135549
1760009315885 33 135559
1760009316237 33 135569
1760009316591 33 135579
1760009316944 33 135589
1760009317299 33 135599
1760009317662 33 135609
1760009318025 33 135619
1760009318385 33 135629
1760009318742 33 135639
1760009319100 33 135649
1760009319470 33 135659
1760009319861 33 135669
1760009320259 33 135679
1760009320640 33 135689
1760009321014 33 135699
1760009321399 33 135709
1760009321777 33 135719
1760009322142 33 135729
1760009322515 33 135739
1760009322893 33 135749
1760009323272 33 135759
1760009323653 33 135769
1760009324023 33 135779
1760009324395 33 135789
1760009324769 33 135799
1760009325144 33 135809
1760009325522 33 135819
1760009325902 33 135829
1760009326274 33 135839
1760009326645 33 135849
1760009327020 33 135859
1760009327403 33 135869
1760009327825 33 135879
1760009328192 33 135889
1760009328535 33 135899
1760009328881 33 135909
1760009329227 33 135919
1760009329571 33 135929
1760009329918 33 135939
1760009330274 33 135949
1760009330625 33 135959
1760009330976 33 135969
1760009331328 33 135979
1760009331679 33 135989
1760009332034 33 135999
1760009332389 33 136009
1760009332748 33 136019
1760009333102 33 136029
1760009333466 33 136039
1760009333824 33 136049
1760009334182 33 136059
1760009334548 33 136069
1760009334910 33 136079
1760009335272 33 136089
1760009335633 33 136099
1760009335986 33 136109
1760009336333 33 136119
1760009336699 33 136129
1760009337052 33 136139
1760009337413 33 136149
1760009337769 33 136159
1760009338136 33 136169
1760009338510 33 136179
1760009338872 33 136189
1760009339234 33 136199
1760009339601 33 136209
1760009339986 33 136219
1760009340359 33 136229
1760009340728 33 136239
1760009341103 33 136249
1760009341473 33 136259
1760009341842 33 136269
1760009342213 33 136279
1760009342585 33 136289
1760009342958 33 136299
1760009343330 33 136309
1760009343701 33 136319
1760009344073 33 136329
1760009344454 33 136339
1760009344823 33 136349
1760009345184 33 136359
1760009345557 33 136369
1760009345934 33 136379
1760009346331 33 136389
1760009346701 33 136399
1760009347075 33 136409
1760009347450 33 136419
1760009347820 33 136429
1760009348193 33 136439
1760009348570 33 136449
1760009348939 33 136459
1760009349305 33 136469
1760009349671 33 136479
1760009350036 33 136489
1760009350408 33 136499
1760009350772 33 136509
1760009351138 33 136519
1760009351508 33 136529
1760009351873 33 136539
1760009352240 33 136549
1760009352613 33 136559
1760009352981 33 136569
1760009353362 33 136579
1760009353732 33 136589
1760009354105 33 136599
1760009354482 33 136609
1760009354855 33 136619
1760009355225 33 136629
1760009355597 33 136639
1760009355970 33 136649
1760009356343 33 136659
1760009356715 33 136669
1760009357086 33 136679
1760009357463 33 136689
1760009357839 33 136699
1760009358220 33 136709
1760009358597 33 136719
1760009358981 33 136729
1760009359352 33 136739
1760009359719 33 136749
1760009360066 33 136759
1760009360411 33 136769
1760009360762 33 136779
1760009361116 33 136789
1760009361490 33 136799
1760009361851 33 136809
1760009362225 33 136819
1760009362612 33 136829
1760009362985 33 136839
1760009363381 33 136849
1760009363751 33 136859
1760009364142 33 136869
1760009364512 33 136879
1760009364870 33 136889
1760009365238 33 136899
1760009365609 33 136909
1760009365978 33 136919
1760009366349 33 136929
1760009366717 33 136939
1760009367087 33 136949
1760009367466 33 136959
1760009367833 33 136969
1760009368205 33 136979
1760009368586 33 136989
1760009368954 33 136999
1760009369331 33 137009
1760009369708 33 137019
1760009370086 33 137029
1760009370464 33 137039
1760009370842 33 137049
1760009371220 33 137059
1760009371600 33 137069
1760009371978 33 137079
1760009372354 33 137089
1760009372732 33 137099
1760009373111 33 137109
1760009373491 33 137119
1760009373870 33 137129
1760009374251 33 137139
1760009374628 33 137149
1760009375008 33 137159
1760009375402 33 137169
1760009375786 33 137179
1760009376163 33 137189
1760009377045 33 137199
1760009377416 33 137209
1760009377786 33 137219
1760009378159 33 137229
1760009378534 33 137239
1760009378910 33 137249
1760009379280 33 137259
1760009379649 33 137269
1760009380021 33 137279
1760009380393 33 137289
1760009380764 33 137299
1760009381133 33 137309
1760009381510 33 137319
1760009391382 33 137325
1760009396975 34 137329
1760009397342 34 137339
1760009397731 34 137349
1760009398104 34 137359
1760009398485 34 137369
1760009398851 34 137379
1760009399237 34 137389
1760009399613 34 137399
1760009399993 34 137409
1760009400357 34 137419
1760009400727 34 137429
1760009401095 34 137439
1760009401470 34 137449
1760009401843 34 137459
1760009402249 34 137469
1760009402639 34 137479
1760009403045 34 137489
1760009403451 34 137499
1760009403848 34 137509
1760009404246 34 137519
1760009404636 34 137529
1760009405027 34 137539
1760009405406 34 137549
1760009405782 34 137559
1760009406149 34 137569
1760009406521 34 137579
1760009406893 34 137589
1760009407261 34 137599
1760009407619 34 137609
1760009407978 34 137619
1760009408379 34 137629
1760009408747 34 137639
1760009409111 34 137649
1760009409480 34 137659
1760009409842 34 137669
1760009410212 34 137679
1760009410585 34 137689
1760009410941 34 137699
1760009411290 34 137709
1760009411641 34 137719
1760009411995 34 137729
1760009412346 34 137739
1760009412704 34 137749
1760009413076 34 137759
1760009413436 34 137769
1760009413801 34 137779
1760009414166 34 137789
1760009414533 34 137799
1760009414907 34 137809
1760009415274 34 137819
1760009415646 34 137829
1760009416031 34 137839
1760009416402 34 137849
1760009416764 34 137859
1760009417141 34 137869
1760009417499 34 137879
1760009417861 34 137889
1760009418227 34 137899
1760009418605 34 137909
1760009418975 34 137919
1760009419330 34 137929
1760009419697 34 137939
1760009420061 34 137949
1760009420422 34 137959
1760009420783 34 137969
1760009421150 34 137979
1760009421503 34 137989
1760009421863 34 137999
1760009422213 34 138009
1760009422569 34 138019
1760009422932 34 138029
1760009423302 34 138039
1760009423659 34 138049
1760009424019 34 138059
1760009424388 34 138069
1760009424749 34 138079
1760009425107 34 138089
1760009425464 34 138099
1760009425828 34 138109
1760009426197 34 138119
1760009426561 34 138129
1760009426920 34 138139
1760009427272 34 138149
1760009427623 34 138159
1760009427986 34 138169
1760009428342 34 138179
1760009428702 34 138189
1760009429065 34 138199
1760009429422 34 138209
1760009429777 34 138219
1760009430136 34 138229
1760009430496 34 138239
1760009430849 34 138249
1760009431214 34 138259
1760009431573 34 138269
1760009431929 34 138279
1760009432304 34 138289
1760009432674 34 138299
1760009433045 34 138309
1760009433419 34 138319
1760009433795 34 138329
1760009434167 34 138339
1760009434548 34 138349
1760009434932 34 138359
1760009435309 34 138369
1760009435700 34 138379
1760009436058 34 138389
1760009436429 34 138399
1760009436805 34 138409
1760009437164 34 138419
1760009437526 34 138429
1760009437886 34 138439
1760009438249 34 138449
1760009438619 34 138459
1760009438982 34 138469
1760009439348 34 138479
1760009439714 34 138489
1760009440079 34 138499
1760009440448 34 138509
1760009440819 34 138519
1760009441189 34 138529
1760009441559 34 138539
1760009441924 34 138549
1760009442286 34 138559
1760009442656 34 138569
1760009443029 34 138579
1760009443403 34 138589
1760009443775 34 138599
1760009444141 34 138609
1760009444511 34 138619
1760009444879 34 138629
1760009445258 34 138639
1760009445642 34 138649
1760009446006 34 138659
1760009446374 34 138669
1760009446749 34 138679
1760009447122 34 138689
1760009447500 34 138699
1760009447879 34 138709
1760009448244 34 138719
1760009448620 34 138729
1760009448983 34 138739
1760009449350 34 138749
1760009449717 34 138759
1760009450087 34 138769
1760009450461 34 138779
1760009450835 34 138789
1760009451192 34 138799
1760009451559 34 138809
1760009451915 34 138819
1760009452273 34 138829
1760009452632 34 138839
1760009452992 34 138849
1760009453391 34 138859
1760009453805 34 138869
1760009454170 34 138879
1760009454557 34 138889
1760009454923 34 138899
1760009455303 34 138909
1760009455689 34 138919
1760009456080 34 138929
1760009456448 34 138939
1760009456841 34 138949
1760009457222 34 138959
1760009457580 34 138969
1760009457943 34 138979
1760009458310 34 138989
1760009458673 34 138999
1760009459042 34 139009
1760009459414 34 139019
1760009459789 34 139029
1760009460160 34 139039
1760009460537 34 139049
1760009460915 34 139059
1760009461267 34 139069
1760009461615 34 139079
1760009461960 34 139089
1760009462306 34 139099
1760009462655 34 139109
1760009463027 34 139119
1760009463380 34 139129
1760009463754 34 139139
1760009464129 34 139149
1760009464506 34 139159
1760009464889 34 139169
1760009465267 34 139179
1760009465647 34 139189
1760009466025 34 139199
1760009466394 34 139209
1760009466768 34 139219
1760009467143 34 139229
1760009467520 34 139239
1760009467898 34 139249
1760009468260 34 139259
1760009468626 34 139269
1760009469000 34 139279
1760009469375 34 139289
1760009469743 34 139299
1760009470135 34 139309
1760009470491 34 139319
1760009470859 34 139329
1760009471232 34 139339
1760009471619 34 139349
1760009471997 34 139359
1760009472393 34 139369
1760009472805 34 139379
1760009473213 34 139389
1760009473603 34 139399
1760009474002 34 139409
1760009474393 34 139419
1760009474779 34 139429
1760009475162 34 139439
1760009475559 34 139449
1760009475956 34 139459
1760009476341 34 139469
1760009476749 34 139479
1760009477162 34 139489
1760009477581 34 139499
1760009477937 34 139509
1760009478324 34 139519
1760009478687 34 139529
1760009479072 34 139539
1760009479444 34 139549
1760009479802 34 139559
1760009480161 34 139569
1760009480532 34 139579
1760009480904 34 139589
1760009481262 34 139599
1760009481624 34 139609
1760009481989 34 139619
1760009482356 34 139629
1760009482728 34 139639
1760009483112 34 139649
1760009483481 34 139659
1760009483854 34 139669
1760009484225 34 139679
1760009484596 34 139689
1760009484995 34 139699
1760009485586 34 139709
1760009485983 34 139719
1760009486354 34 139729
1760009486723 34 139739
1760009487097 34 139749
1760009487468 34 139759
1760009487840 34 139769
1760009488211 34 139779
1760009488592 34 139789
1760009488965 34 139799
1760009489337 34 139809
1760009489714 34 139819
1760009490102 34 139829
1760009490458 34 139839
1760009490823 34 139849
1760009491202 34 139859
1760009491577 34 139869
1760009491952 34 139879
1760009492326 34 139889
1760009492702 34 139899
1760009493080 34 139909
1760009493461 34 139919
1760009493842 34 139929
1760009494232 34 139939
1760009494617 34 139949
1760009494990 34 139959
1760009495367 34 139969
1760009495758 34 139979
1760009496145 34 139989
1760009496530 34 139999
1760009496933 34 140009
1760009497314 34 140019
1760009497699 34 140029
1760009498081 34 140039
1760009498483 34 140049
1760009498879 34 140059
1760009499270 34 140069
1760009499659 34 140079
1760009500048 34 140089
1760009500436 34 140099
1760009500832 34 140109
1760009501202 34 140119
1760009501570 34 140129
1760009501954 34 140139
1760009502345 34 140149
1760009502754 34 140159
1760009503143 34 140169
1760009503526 34 140179
1760009503916 34 140189
1760009504288 34 140199
1760009504698 34 140209
1760009505085 34 140219
1760009505452 34 140229
1760009505814 34 140239
1760009506177 34 140249
1760009506559 34 140259
1760009506923 34 140269
1760009507279 34 140279
1760009507639 34 140289
1760009508003 34 140299
1760009508368 34 140309
1760009508733 34 140319
1760009509097 34 140329
1760009509469 34 140339
1760009509850 34 140349
1760009510220 34 140359
1760009510588 34 140369
1760009510948 34 140379
1760009511317 34 140389
1760009511697 34 140399
1760009512070 34 140409
1760009512438 34 140419
1760009512814 34 140429
1760009513198 34 140439
1760009513575 34 140449
1760009513961 34 140459
1760009514335 34 140469
1760009514718 34 140479
1760009515105 34 140489
1760009515488 34 140499
1760009515865 34 140509
1760009516243 34 140519
1760009516628 34 140529
1760009517008 34 140539
1760009517379 34 140549
1760009517746 34 140559
1760009518113 34 140569
1760009518479 34 140579
1760009518847 34 140589
1760009519216 34 140599
1760009519585 34 140609
1760009519956 34 140619
1760009520325 34 140629
1760009520695 34 140639
1760009521067 34 140649
1760009521437 34 140659
1760009521818 34 140669
1760009522190 34 140679
1760009522571 34 140689
1760009522948 34 140699
1760009523308 34 140709
1760009523677 34 140719
1760009524048 34 140729
1760009524417 34 140739
1760009524787 34 140749
1760009525167 34 140759
1760009525546 34 140769
1760009525940 34 140779
1760009526319 34 140789
1760009526699 34 140799
1760009527075 34 140809
1760009527450 34 140819
1760009527835 34 140829
1760009528230 34 140839
1760009528614 34 140849
1760009529007 34 140859
1760009529415 34 140869
1760009529882 34 140879
1760009530302 34 140889
1760009530694 34 140899
1760009531128 34 140909
1760009531568 34 140919
1760009531989 34 140929
1760009532402 34 140939
1760009532812 34 140949
1760009533214 34 140959
1760009533607 34 140969
1760009534002 34 140979
1760009534371 34 140989
1760009534751 34 140999
1760009535132 34 141009
1760009535534 34 141019
1760009535967 34 141029
1760009536357 34 141039
1760009536749 34 141049
1760009537148 34 141059
1760009537537 34 141069
1760009537957 34 141079
1760009538387 34 141089
1760009538822 34 141099
1760009539252 34 141109
1760009539668 34 141119
1760009540069 34 141129
1760009540480 34 141139
1760009540874 34 141149
1760009541252 34 141159
1760009541618 34 141169
1760009542011 34 141179
1760009542377 34 141189
1760009542740 34 141199
1760009543102 34 141209
1760009543455 34 141219
1760009543810 34 141229
1760009544664 34 141239
1760009545047 34 141249
1760009545423 34 141259
1760009545778 34 141269
1760009546124 34 141279
1760009546470 34 141289
1760009546815 34 141299
1760009547162 34 141309
1760009547515 34 141319
1760009547871 34 141329
1760009548232 34 141339
1760009548589 34 141349
1760009548944 34 141359
1760009558370 34 141364
1760009563261 35 141369
1760009563587 35 141379
1760009563956 35 141389
1760009564325 35 141399
1760009564691 35 141409
1760009565106 35 141419
1760009565517 35 141429
1760009565874 35 141439
1760009566238 35 141449
1760009566608 35 141459
1760009566963 35 141469
1760009567324 35 141479
1760009567704 35 141489
1760009568084 35 141499
1760009568470 35 141509
1760009568874 35 141519
1760009569276 35 141529
1760009569676 35 141539
1760009570092 35 141549
1760009570542 35 141559
1760009570956 35 141569
1760009571395 35 141579
1760009571839 35 141589
1760009572312 35 141599
1760009572781 35 141609
1760009573220 35 141619
1760009573648 35 141629
1760009574074 35 141639
1760009574510 35 141649
1760009574910 35 141659
1760009575328 35 141669
1760009575748 35 141679
1760009576183 35 141689
1760009576604 35 141699
1760009577026 35 141709
1760009577457 35 141719
1760009577872 35 141729
1760009578292 35 141739
1760009578726 35 141749
1760009579148 35 141759
1760009579568 35 141769
1760009579991 35 141779
1760009580446 35 141789
1760009580895 35 141799
1760009581359 35 141809
1760009581825 35 141819
1760009582332 35 141829
1760009582803 35 141839
1760009583255 35 141849
1760009583679 35 141859
1760009584103 35 141869
1760009584568 35 141879
1760009584942 35 141889
1760009585396 35 141899
1760009585835 35 141909
1760009586232 35 141919
1760009586671 35 141929
1760009587108 35 141939
1760009587510 35 141949
1760009587950 35 141959
1760009588336 35 141969
1760009588739 35 141979
1760009589104 35 141989
1760009589477 35 141999
1760009589858 35 142009
1760009590222 35 142019
1760009590602 35 142029
1760009590966 35 142039
1760009591328 35 142049
1760009591703 35 142059
1760009592089 35 142069
1760009592485 35 142079
1760009592855 35 142089
1760009593232 35 142099
1760009593619 35 142109
1760009593984 35 142119
1760009594350 35 142129
1760009594716 35 142139
1760009595077 35 142149
1760009595468 35 142159
1760009595865 35 142169
1760009596249 35 142179
1760009596652 35 142189
1760009597048 35 142199
1760009597418 35 142209
1760009597788 35 142219
1760009598158 35 142229
1760009598527 35 142239
1760009598895 35 142249
1760009599265 35 142259
1760009599632 35 142269
1760009599999 35 142279
1760009600367 35 142289
1760009600745 35 142299
1760009601119 35 142309
1760009601490 35 142319
1760009601881 35 142329
1760009602269 35 142339
1760009602622 35 142349
1760009602970 35 142359
1760009603340 35 142369
1760009603708 35 142379
1760009604067 35 142389
1760009604419 35 142399
1760009604779 35 142409
1760009605152 35 142419
1760009605506 35 142429
1760009605857 35 142439
1760009606218 35 142449
1760009606581 35 142459
1760009606935 35 142469
1760009607298 35 142479
1760009607672 35 142489
1760009608062 35 142499
1760009608447 35 142509
1760009608825 35 142519
1760009609213 35 142529
1760009609596 35 142539
1760009609977 35 142549
1760009610346 35 142559
1760009610718 35 142569
1760009611088 35 142579
1760009611453 35 142589
1760009611819 35 142599
1760009612195 35 142609
1760009612554 35 142619
1760009612910 35 142629
1760009613276 35 142639
1760009613647 35 142649
1760009614019 35 142659
1760009614435 35 142669
1760009614802 35 142679
1760009615167 35 142689
1760009615529 35 142699
1760009615894 35 142709
1760009616261 35 142719
1760009616639 35 142729
1760009617005 35 142739
1760009617368 35 142749
1760009617740 35 142759
1760009618122 35 142769
1760009618503 35 142779
1760009618888 35 142789
1760009619261 35 142799
1760009619635 35 142809
1760009620012 35 142819
1760009620402 35 142829
1760009620798 35 142839
1760009621189 35 142849
1760009621578 35 142859
1760009621992 35 142869
1760009622415 35 142879
1760009622836 35 142889
1760009623265 35 142899
1760009623692 35 142909
1760009624119 35 142919
1760009624530 35 142929
1760009624955 35 142939
1760009625417 35 142949
1760009625832 35 142959
1760009626268 35 142969
1760009626682 35 142979
1760009627116 35 142989
1760009627537 35 142999
1760009627981 35 143009
1760009628388 35 143019
1760009628800 35 143029
1760009629236 35 143039
1760009629654 35 143049
1760009630055 35 143059
1760009630462 35 143069
1760009630902 35 143079
1760009631339 35 143089
1760009631751 35 143099
1760009632164 35 143109
1760009632573 35 143119
1760009633024 35 143129
1760009633452 35 143139
1760009633843 35 143149
1760009634228 35 143159
1760009634598 35 143169
1760009635004 35 143179
1760009635430 35 143189
1760009635858 35 143199
1760009636284 35 143209
1760009636700 35 143219
1760009637119 35 143229
1760009637534 35 143239
1760009637943 35 143249
1760009638424 35 143259
1760009638880 35 143269
1760009639240 35 143279
1760009639632 35 143289
1760009640058 35 143299
1760009640467 35 143309
1760009640872 35 143319
1760009641313 35 143329
1760009641755 35 143339
1760009642153 35 143349
1760009642577 35 143359
1760009643011 35 143369
1760009643424 35 143379
1760009643824 35 143389
1760009644205 35 143399
1760009644605 35 143409
1760009644981 35 143419
1760009645424 35 143429
1760009645857 35 143439
1760009646320 35 143449
1760009646788 35 143459
1760009647306 35 143469
1760009647762 35 143479
1760009648204 35 143489
1760009648653 35 143499
1760009649135 35 143509
1760009649584 35 143519
1760009650026 35 143529
1760009650448 35 143539
1760009650857 35 143549
1760009651288 35 143559
1760009651728 35 143569
1760009652169 35 143579
1760009652635 35 143589
1760009653102 35 143599
1760009653527 35 143609
1760009653981 35 143619
1760009654423 35 143629
1760009654847 35 143639
1760009655299 35 143649
1760009655720 35 143659
1760009656225 35 143669
1760009656664 35 143679
1760009657172 35 143689
1760009657590 35 143699
1760009658032 35 143709
1760009658482 35 143719
1760009658908 35 143729
1760009659429 35 143739
1760009659968 35 143749
1760009660423 35 143759
1760009660888 35 143769
1760009661321 35 143779
1760009661766 35 143789
1760009662193 35 143799
1760009662652 35 143809
1760009663114 35 143819
1760009663516 35 143829
1760009663903 35 143839
1760009664270 35 143849
1760009664673 35 143859
1760009665056 35 143869
1760009665421 35 143879
1760009665796 35 143889
1760009666178 35 143899
1760009666543 35 143909
1760009666916 35 143919
1760009667280 35 143929
1760009667656 35 143939
1760009668032 35 143949
1760009668403 35 143959
1760009668804 35 143969
1760009669200 35 143979
1760009669567 35 143989
1760009669931 35 143999
1760009670291 35 144009
1760009670649 35 144019
1760009671008 35 144029
1760009671366 35 144039
1760009671726 35 144049
1760009672083 35 144059
1760009672440 35 144069
1760009672804 35 144079
1760009673176 35 144089
1760009673534 35 144099
1760009673898 35 144109
1760009674271 35 144119
1760009674646 35 144129
1760009675022 35 144139
1760009675392 35 144149
1760009675767 35 144159
1760009676139 35 144169
1760009676514 35 144179
1760009676887 35 144189
1760009677271 35 144199
1760009677649 35 144209
1760009678028 35 144219
1760009678403 35 144229
1760009678778 35 144239
1760009679133 35 144249
1760009679493 35 144259
1760009679848 35 144269
1760009680204 35 144279
1760009680553 35 144289
1760009680898 35 144299
1760009681242 35 144309
1760009681595 35 144319
1760009681945 35 144329
1760009682302 35 144339
1760009682650 35 144349
1760009682998 35 144359
1760009683352 35 144369
1760009683729 35 144379
1760009684135 35 144389
1760009684568 35 144399
1760009684969 35 144409
1760009685410 35 144419
1760009685816 35 144429
1760009686257 35 144439
1760009686638 35 144449
1760009687041 35 144459
1760009687461 35 144469
1760009687916 35 144479
1760009688338 35 144489
1760009688763 35 144499
1760009689192 35 144509
1760009689623 35 144519
1760009690029 35 144529
1760009690428 35 144539
1760009690849 35 144549
1760009691249 35 144559
1760009691672 35 144569
1760009692093 35 144579
1760009692518 35 144589
1760009692951 35 144599
1760009693381 35 144609
1760009693794 35 144619
1760009694211 35 144629
1760009694606 35 144639
1760009695034 35 144649
1760009695436 35 144659
1760009695835 35 144669
1760009696218 35 144679
1760009696621 35 144689
1760009697030 35 144699
1760009697419 35 144709
1760009697819 35 144719
1760009698211 35 144729
1760009698605 35 144739
1760009699027 35 144749
1760009699432 35 144759
1760009699855 35 144769
1760009700262 35 144779
1760009700669 35 144789
1760009701070 35 144799
1760009701462 35 144809
1760009701911 35 144819
1760009702397 35 144829
1760009702820 35 144839
1760009703321 35 144849
1760009703787 35 144859
1760009704251 35 144869
1760009704668 35 144879
1760009705085 35 144889
1760009705527 35 144899
1760009705950 35 144909
1760009706389 35 144919
1760009706872 35 144929
1760009707308 35 144939
1760009707761 35 144949
1760009708183 35 144959
1760009708628 35 144969
1760009709110 35 144979
1760009709615 35 144989
1760009710060 35 144999
1760009710581 35 145009
1760009711121 35 145019
1760009711556 35 145029
1760009712016 35 145039
1760009712460 35 145049
1760009712908 35 145059
1760009713374 35 145069
1760009713829 35 145079
1760009714275 35 145089
1760009714713 35 145099
1760009715168 35 145109
1760009715643 35 145119
1760009716115 35 145129
1760009716552 35 145139
1760009716966 35 145149
1760009717382 35 145159
1760009717809 35 145169
1760009718247 35 145179
1760009718676 35 145189
1760009719104 35 145199
1760009719536 35 145209
1760009720013 35 145219
1760009720430 35 145229
1760009720864 35 145239
1760009721291 35 145249
1760009721781 35 145259
1760009722172 35 145269
1760009723083 35 145279
1760009723527 35 145289
1760009723958 35 145299
1760009724423 35 145309
1760009724842 35 145319
1760009725265 35 145329
1760009725658 35 145339
1760009726102 35 145349
1760009726500 35 145359
1760009726938 35 145369
1760009727340 35 145379
1760009727715 35 145389
1760009728098 35 145399
1760009737743 35 145403
1760009743728 36 145409
1760009744093 36 145419
1760009744460 36 145429
1760009744811 36 145439
1760009745196 36 145449
1760009745594 36 145459
1760009746381 36 145469
1760009746764 36 145479
1760009747143 36 145489
1760009747518 36 145499
1760009747910 36 145509
1760009748291 36 145519
1760009748674 36 145529
1760009749075 36 145539
1760009749491 36 145549
1760009749922 36 145559
1760009750336 36 145569
1760009750792 36 145579
1760009751254 36 145589
1760009751684 36 145599
1760009752097 36 145609
1760009752536 36 145619
1760009752989 36 145629
1760009753402 36 145639
1760009753861 36 145649
1760009754707 36 145659
1760009755123 36 145669
1760009755564 36 145679
1760009755995 36 145689
1760009756411 36 145699
1760009756819 36 145709
1760009757247 36 145719
1760009757666 36 145729
1760009758119 36 145739
1760009758515 36 145749
1760009758930 36 145759
1760009759355 36 145769
1760009759795 36 145779
1760009760212 36 145789
1760009760656 36 145799
1760009761076 36 145809
1760009761492 36 145819
1760009761914 36 145829
1760009762354 36 145839
1760009762773 36 145849
1760009763219 36 145859
1760009763672 36 145869
1760009764107 36 145879
1760009764564 36 145889
1760009765017 36 145899
1760009765468 36 145909
1760009765916 36 145919
1760009766352 36 145929
1760009766793 36 145939
1760009767274 36 145949
1760009767705 36 145959
1760009768207 36 145969
1760009768669 36 145979
1760009769118 36 145989
1760009769545 36 145999
1760009769985 36 146009
1760009770421 36 146019
1760009770817 36 146029
1760009771248 36 146039
1760009771689 36 146049
1760009772128 36 146059
1760009772558 36 146069
1760009772985 36 146079
1760009773463 36 146089
1760009773918 36 146099
1760009774347 36 146109
1760009774801 36 146119
1760009775231 36 146129
1760009775691 36 146139
1760009776119 36 146149
1760009776538 36 146159
1760009776979 36 146169
1760009777410 36 146179
1760009777844 36 146189
1760009778304 36 146199
1760009778782 36 146209
1760009779207 36 146219
1760009779630 36 146229
1760009780057 36 146239
1760009780477 36 146249
1760009780940 36 146259
1760009781415 36 146269
1760009781839 36 146279
1760009782261 36 146289
1760009782720 36 146299
1760009783197 36 146309
1760009783691 36 146319
1760009784125 36 146329
1760009784507 36 146339
1760009784915 36 146349
1760009785409 36 146359
1760009785896 36 146369
1760009786314 36 146379
1760009786708 36 146389
1760009787121 36 146399
1760009787541 36 146409
1760009788047 36 146419
1760009788479 36 146429
1760009788929 36 146439
1760009789309 36 146449
1760009789730 36 146459
1760009790116 36 146469
1760009790522 36 146479
1760009790935 36 146489
1760009791336 36 146499
1760009791708 36 146509
1760009792072 36 146519
1760009792435 36 146529
1760009792810 36 146539
1760009793173 36 146549
1760009793537 36 146559
1760009793902 36 146569
1760009794272 36 146579
1760009794639 36 146589
1760009795002 36 146599
1760009795365 36 146609
1760009795731 36 146619
1760009796110 36 146629
1760009796474 36 146639
1760009796838 36 146649
1760009797190 36 146659
1760009797554 36 146669
1760009797921 36 146679
1760009798286 36 146689
1760009798652 36 146699
1760009799027 36 146709
1760009799390 36 146719
1760009799758 36 146729
1760009800135 36 146739
1760009800514 36 146749
1760009800895 36 146759
1760009801270 36 146769
1760009801653 36 146779
1760009802035 36 146789
1760009802425 36 146799
1760009802802 36 146809
1760009803192 36 146819
1760009803570 36 146829
1760009803946 36 146839
1760009804322 36 146849
1760009804702 36 146859
1760009805069 36 146869
1760009805437 36 146879
1760009805807 36 146889
1760009806179 36 146899
1760009806543 36 146909
1760009806908 36 146919
1760009807278 36 146929
1760009807634 36 146939
1760009807996 36 146949
1760009808355 36 146959
1760009808711 36 146969
1760009809076 36 146979
1760009809433 36 146989
1760009809794 36 146999
1760009810165 36 147009
1760009810529 36 147019
1760009810910 36 147029
1760009811290 36 147039
1760009811669 36 147049
1760009812053 36 147059
1760009812435 36 147069
1760009812826 36 147079
1760009813242 36 147089
1760009813634 36 147099
1760009814039 36 147109
1760009814432 36 147119
1760009814827 36 147129
1760009815230 36 147139
1760009815637 36 147149
1760009816054 36 147159
1760009816475 36 147169
1760009816888 36 147179
1760009817335 36 147189
1760009817789 36 147199
1760009818223 36 147209
1760009818644 36 147219
1760009819074 36 147229
1760009819481 36 147239
1760009819896 36 147249
1760009820310 36 147259
1760009820747 36 147269
1760009821100 36 147279
1760009821521 36 147289
1760009821943 36 147299
1760009822387 36 147309
1760009822812 36 147319
1760009823237 36 147329
1760009823606 36 147339
1760009823989 36 147349
1760009824364 36 147359
1760009824756 36 147369
1760009825157 36 147379
1760009825557 36 147389
1760009825935 36 147399
1760009826321 36 147409
1760009826714 36 147419
1760009827130 36 147429
1760009827527 36 147439
1760009827927 36 147449
1760009828312 36 147459
1760009828729 36 147469
1760009829144 36 147479
1760009829582 36 147489
1760009830020 36 147499
1760009830460 36 147509
1760009830855 36 147519
1760009831282 36 147529
1760009831721 36 147539
1760009832146 36 147549
1760009832601 36 147559
1760009833048 36 147569
1760009833489 36 147579
1760009833923 36 147589
1760009834362 36 147599
1760009834817 36 147609
1760009835282 36 147619
1760009835727 36 147629
1760009836175 36 147639
1760009836575 36 147649
1760009836993 36 147659
1760009837486 36 147669
1760009837951 36 147679
1760009838442 36 147689
1760009838878 36 147699
1760009839322 36 147709
1760009839751 36 147719
1760009840220 36 147729
1760009840707 36 147739
1760009841163 36 147749
1760009841593 36 147759
1760009842028 36 147769
1760009842461 36 147779
1760009842930 36 147789
1760009843356 36 147799
1760009843781 36 147809
1760009844202 36 147819
1760009844659 36 147829
1760009845081 36 147839
1760009845539 36 147849
1760009845955 36 147859
1760009846349 36 147869
1760009846737 36 147879
1760009847119 36 147889
1760009847496 36 147899
1760009847901 36 147909
1760009848329 36 147919
1760009848754 36 147929
1760009849187 36 147939
1760009849609 36 147949
1760009850050 36 147959
1760009850456 36 147969
1760009850890 36 147979
1760009851359 36 147989
1760009851803 36 147999
1760009852147 36 148009
1760009852591 36 148019
1760009853064 36 148029
1760009853526 36 148039
1760009853943 36 148049
1760009854389 36 148059
1760009854809 36 148069
1760009855209 36 148079
1760009855576 36 148089
1760009855948 36 148099
1760009856313 36 148109
1760009856694 36 148119
1760009857090 36 148129
1760009857477 36 148139
1760009857868 36 148149
1760009858246 36 148159
1760009858611 36 148169
1760009858973 36 148179
1760009859337 36 148189
1760009859693 36 148199
1760009860059 36 148209
1760009860420 36 148219
1760009860788 36 148229
1760009861155 36 148239
1760009861512 36 148249
1760009861875 36 148259
1760009862236 36 148269
1760009862617 36 148279
1760009863005 36 148289
1760009863375 36 148299
1760009863758 36 148309
1760009864139 36 148319
1760009864512 36 148329
1760009864885 36 148339
1760009865253 36 148349
1760009865622 36 148359
1760009865988 36 148369
1760009866359 36 148379
1760009866733 36 148389
1760009867108 36 148399
1760009867481 36 148409
1760009867853 36 148419
1760009868226 36 148429
1760009868589 36 148439
1760009868949 36 148449
1760009869310 36 148459
1760009869674 36 148469
1760009870037 36 148479
1760009870394 36 148489
1760009870753 36 148499
1760009871115 36 148509
1760009871480 36 148519
1760009871848 36 148529
1760009872226 36 148539
1760009872599 36 148549
1760009872983 36 148559
1760009873359 36 148569
1760009873735 36 148579
1760009874127 36 148589
1760009874548 36 148599
1760009874958 36 148609
1760009875377 36 148619
1760009875783 36 148629
1760009876220 36 148639
1760009876649 36 148649
1760009877072 36 148659
1760009877500 36 148669
1760009877922 36 148679
1760009878368 36 148689
1760009878793 36 148699
1760009879236 36 148709
1760009879656 36 148719
1760009880059 36 148729
1760009880465 36 148739
1760009880844 36 148749
1760009881266 36 148759
1760009881681 36 148769
1760009882079 36 148779
1760009882469 36 148789
1760009882855 36 148799
1760009883261 36 148809
1760009883649 36 148819
1760009884043 36 148829
1760009884456 36 148839
1760009884877 36 148849
1760009885292 36 148859
1760009885727 36 148869
1760009886171 36 148879
1760009886591 36 148889
1760009887016 36 148899
1760009887445 36 148909
1760009887885 36 148919
1760009888328 36 148929
1760009888759 36 148939
1760009889166 36 148949
1760009889569 36 148959
1760009889978 36 148969
1760009890399 36 148979
1760009890831 36 148989
1760009891301 36 148999
1760009891724 36 149009
1760009892172 36 149019
1760009892638 36 149029
1760009893086 36 149039
1760009893573 36 149049
1760009894007 36 149059
1760009894453 36 149069
1760009894894 36 149079
1760009895346 36 149089
1760009895783 36 149099
1760009896204 36 149109
1760009896643 36 149119
1760009897103 36 149129
1760009897503 36 149139
1760009897874 36 149149
1760009898255 36 149159
1760009898669 36 149169
1760009899105 36 149179
1760009899474 36 149189
1760009899843 36 149199
1760009900211 36 149209
1760009900583 36 149219
1760009900956 36 149229
1760009901320 36 149239
1760009901692 36 149249
1760009902057 36 149259
1760009902429 36 149269
1760009902801 36 149279
1760009903174 36 149289
1760009903545 36 149299
1760009903917 36 149309
1760009904796 36 149319
1760009905153 36 149329
1760009905509 36 149339
1760009905866 36 149349
1760009906221 36 149359
1760009906579 36 149369
1760009906937 36 149379
1760009907294 36 149389
1760009907651 36 149399
1760009908013 36 149409
1760009908372 36 149419
1760009908731 36 149429
1760009909097 36 149439
1760009918769 36 149442
1760009924397 37 149449
1760009924765 37 149459
1760009925141 37 149469
1760009925508 37 149479
1760009925881 37 149489
1760009926242 37 149499
1760009926649 37 149509
1760009926987 37 149519
1760009927334 37 149529
1760009927670 37 149539
1760009928012 37 149549
1760009928350 37 149559
1760009928695 37 149569
1760009929045 37 149579
1760009929400 37 149589
1760009929751 37 149599
1760009930110 37 149609
1760009930478 37 149619
1760009930846 37 149629
1760009931218 37 149639
1760009931585 37 149649
1760009931950 37 149659
1760009932304 37 149669
1760009932671 37 149679
1760009933036 37 149689
1760009933392 37 149699
1760009933754 37 149709
1760009934107 37 149719
1760009934458 37 149729
1760009934810 37 149739
1760009935179 37 149749
1760009935546 37 149759
1760009935914 37 149769
1760009936267 37 149779
1760009936631 37 149789
1760009936986 37 149799
1760009937349 37 149809
1760009937717 37 149819
1760009938083 37 149829
1760009938414 37 149839
1760009938697 37 149849
1760009938938 37 149859
1760009939150 37 149869
1760009939362 37 149879
1760009939575 37 149889
1760009939787 37 149899
1760009940008 37 149909
1760009940312 37 149919
1760009940649 37 149929
1760009941003 37 149939
1760009941375 37 149949
1760009941735 37 149959
1760009942100 37 149969
1760009942466 37 149979
1760009942795 37 149989
1760009943155 37 149999
1760009943516 37 150009
1760009943875 37 150019
1760009944233 37 150029
1760009944590 37 150039
1760009944947 37 150049
1760009945305 37 150059
1760009945669 37 150069
1760009946036 37 150079
1760009946406 37 150089
1760009946787 37 150099
1760009947156 37 150109
1760009947531 37 150119
1760009947900 37 150129
1760009948271 37 150139
1760009948639 37 150149
1760009949016 37 150159
1760009949386 37 150169
1760009949754 37 150179
1760009950124 37 150189
1760009950494 37 150199
1760009950863 37 150209
1760009951234 37 150219
1760009951606 37 150229
1760009951974 37 150239
1760009952344 37 150249
1760009952715 37 150259
1760009953085 37 150269
1760009953459 37 150279
1760009953847 37 150289
1760009954228 37 150299
1760009954600 37 150309
1760009954971 37 150319
1760009955345 37 150329
1760009955712 37 150339
1760009956077 37 150349
1760009956437 37 150359
1760009956797 37 150369
1760009957170 37 150379
1760009957544 37 150389
1760009957915 37 150399
1760009958284 37 150409
1760009958705 37 150419
1760009959074 37 150429
1760009959442 37 150439
1760009959812 37 150449
1760009960183 37 150459
1760009960557 37 150469
1760009960937 37 150479
1760009961307 37 150489
1760009961678 37 150499
1760009962046 37 150509
1760009962415 37 150519
1760009962786 37 150529
1760009963159 37 150539
1760009963530 37 150549
1760009963894 37 150559
1760009964278 37 150569
1760009964643 37 150579
1760009965005 37 150589
1760009965370 37 150599
1760009965733 37 150609
1760009966100 37 150619
1760009966467 37 150629
1760009966840 37 150639
1760009967211 37 150649
1760009967560 37 150659
1760009967915 37 150669
1760009968270 37 150679
1760009968625 37 150689
1760009968978 37 150699
1760009969332 37 150709
1760009969688 37 150719
1760009970050 37 150729
1760009970414 37 150739
1760009970780 37 150749
1760009971146 37 150759
1760009971511 37 150769
1760009971877 37 150779
1760009972240 37 150789
1760009972603 37 150799
1760009972969 37 150809
1760009973344 37 150819
1760009973721 37 150829
1760009974092 37 150839
1760009974461 37 150849
1760009974832 37 150859
1760009975202 37 150869
1760009975571 37 150879
1760009975942 37 150889
1760009976317 37 150899
1760009976694 37 150909
1760009977053 37 150919
1760009977406 37 150929
1760009977757 37 150939
1760009978111 37 150949
1760009978466 37 150959
1760009978824 37 150969
1760009979180 37 150979
1760009979546 37 150989
1760009979924 37 150999
1760009980305 37 151009
1760009980677 37 151019
1760009981051 37 151029
1760009981426 37 151039
1760009981795 37 151049
1760009982168 37 151059
1760009982538 37 151069
1760009982911 37 151079
1760009983294 37 151089
1760009983657 37 151099
1760009984041 37 151109
1760009984438 37 151119
1760009984812 37 151129
1760009985178 37 151139
1760009985548 37 151149
1760009985920 37 151159
1760009986304 37 151169
1760009986682 37 151179
1760009987073 37 151189
1760009987462 37 151199
1760009987851 37 151209
1760009988236 37 151219
1760009988599 37 151229
1760009988959 37 151239
1760009989324 37 151249
1760009989697 37 151259
1760009990070 37 151269
1760009990443 37 151279
1760009990831 37 151289
1760009991235 37 151299
1760009991626 37 151309
1760009992015 37 151319
1760009992398 37 151329
1760009992768 37 151339
1760009993151 37 151349
1760009993520 37 151359
1760009993889 37 151369
1760009994257 37 151379
1760009994628 37 151389
1760009995000 37 151399
1760009995370 37 151409
1760009995746 37 151419
1760009996122 37 151429
1760009996493 37 151439
1760009996872 37 151449
1760009997253 37 151459
1760009997633 37 151469
1760009998016 37 151479
1760009998390 37 151489
1760009998760 37 151499
1760009999129 37 151509
1760009999493 37 151519
1760009999858 37 151529
1760010000234 37 151539
1760010000618 37 151549
1760010000993 37 151559
1760010001365 37 151569
1760010001742 37 151579
1760010002121 37 151589
1760010002495 37 151599
1760010002870 37 151609
1760010003249 37 151619
1760010003631 37 151629
1760010004007 37 151639
1760010004382 37 151649
1760010004765 37 151659
1760010005150 37 151669
1760010005529 37 151679
1760010005934 37 151689
1760010006324 37 151699
1760010006706 37 151709
1760010007073 37 151719
1760010007430 37 151729
1760010007801 37 151739
1760010008171 37 151749
1760010008529 37 151759
1760010008886 37 151769
1760010009244 37 151779
1760010009608 37 151789
1760010009982 37 151799
1760010010337 37 151809
1760010010700 37 151819
1760010011071 37 151829
1760010011439 37 151839
1760010011809 37 151849
1760010012177 37 151859
1760010012532 37 151869
1760010012900 37 151879
1760010013286 37 151889
1760010013656 37 151899
1760010014030 37 151909
1760010014395 37 151919
1760010014754 37 151929
1760010015111 37 151939
1760010015487 37 151949
1760010015863 37 151959
1760010016229 37 151969
1760010016601 37 151979
1760010016971 37 151989
1760010017340 37 151999
1760010017723 37 152009
1760010018096 37 152019
1760010018465 37 152029
1760010018836 37 152039
1760010019211 37 152049
1760010019584 37 152059
1760010019953 37 152069
1760010020321 37 152079
1760010020688 37 152089
1760010021051 37 152099
1760010021420 37 152109
1760010021788 37 152119
1760010022154 37 152129
1760010022521 37 152139
1760010022886 37 152149
1760010023255 37 152159
1760010023625 37 152169
1760010023999 37 152179
1760010024370 37 152189
1760010024741 37 152199
1760010025108 37 152209
1760010025479 37 152219
1760010025847 37 152229
1760010026222 37 152239
1760010026590 37 152249
1760010026961 37 152259
1760010027332 37 152269
1760010027705 37 152279
1760010028089 37 152289
1760010028460 37 152299
1760010028815 37 152309
1760010029166 37 152319
1760010029526 37 152329
1760010029876 37 152339
1760010030242 37 152349
1760010030599 37 152359
1760010030958 37 152369
1760010031313 37 152379
1760010031679 37 152389
1760010032045 37 152399
1760010032402 37 152409
1760010032783 37 152419
1760010033140 37 152429
1760010033503 37 152439
1760010033864 37 152449
1760010034246 37 152459
1760010034619 37 152469
1760010034999 37 152479
1760010035372 37 152489
1760010035749 37 152499
1760010036121 37 152509
1760010036496 37 152519
1760010036864 37 152529
1760010037239 37 152539
1760010037614 37 152549
1760010037986 37 152559
1760010038355 37 152569
1760010038753 37 152579
1760010039108 37 152589
1760010039457 37 152599
1760010039804 37 152609
1760010040152 37 152619
1760010040502 37 152629
1760010040852 37 152639
1760010041201 37 152649
1760010041554 37 152659
1760010041904 37 152669
1760010042252 37 152679
1760010042602 37 152689
1760010042953 37 152699
1760010043311 37 152709
1760010043680 37 152719
1760010044047 37 152729
1760010044414 37 152739
1760010044780 37 152749
1760010045148 37 152759
1760010045516 37 152769
1760010045889 37 152779
1760010046256 37 152789
1760010046620 37 152799
1760010046986 37 152809
1760010047351 37 152819
1760010047725 37 152829
1760010048107 37 152839
1760010048487 37 152849
1760010048852 37 152859
1760010049217 37 152869
1760010049569 37 152879
1760010049930 37 152889
1760010050298 37 152899
1760010050669 37 152909
1760010051041 37 152919
1760010051414 37 152929
1760010051773 37 152939
1760010052132 37 152949
1760010052487 37 152959
1760010052842 37 152969
1760010053209 37 152979
1760010053573 37 152989
1760010053934 37 152999
1760010054289 37 153009
1760010054644 37 153019
1760010055003 37 153029
1760010055358 37 153039
1760010055719 37 153049
1760010056081 37 153059
1760010056446 37 153069
1760010056806 37 153079
1760010057161 37 153089
1760010057525 37 153099
1760010057887 37 153109
1760010058243 37 153119
1760010058610 37 153129
1760010058980 37 153139
1760010059352 37 153149
1760010059724 37 153159
1760010060098 37 153169
1760010060467 37 153179
1760010060874 37 153189
1760010061282 37 153199
1760010061693 37 153209
1760010062071 37 153219
1760010062442 37 153229
1760010062823 37 153239
1760010063206 37 153249
1760010063577 37 153259
1760010063948 37 153269
1760010064330 37 153279
1760010064712 37 153289
1760010065097 37 153299
1760010065484 37 153309
1760010065856 37 153319
1760010066225 37 153329
1760010066601 37 153339
1760010066971 37 153349
1760010067835 37 153359
1760010068199 37 153369
1760010068564 37 153379
1760010068925 37 153389
1760010069284 37 153399
1760010069641 37 153409
1760010070000 37 153419
1760010070361 37 153429
1760010070725 37 153439
1760010071087 37 153449
1760010071453 37 153459
1760010071826 37 153469
1760010072201 37 153479
1760010080352 37 153481
1760010085274 38 153489
1760010085791 38 153499
1760010086156 38 153509
1760010086512 38 153519
1760010086902 38 153529
1760010087292 38 153539
1760010087694 38 153549
1760010088129 38 153559
1760010088513 38 153569
1760010088900 38 153579
1760010089292 38 153589
1760010089666 38 153599
1760010090028 38 153609
1760010090443 38 153619
1760010090809 38 153629
1760010091173 38 153639
1760010091559 38 153649
1760010091965 38 153659
1760010092344 38 153669
1760010092742 38 153679
1760010093119 38 153689
1760010093486 38 153699
1760010093873 38 153709
1760010094236 38 153719
1760010094596 38 153729
1760010094981 38 153739
1760010095342 38 153749
1760010095714 38 153759
1760010096106 38 153769
1760010096484 38 153779
1760010096856 38 153789
1760010097221 38 153799
1760010097591 38 153809
1760010097971 38 153819
1760010098340 38 153829
1760010098715 38 153839
1760010099091 38 153849
1760010099452 38 153859
1760010099839 38 153869
1760010100219 38 153879
1760010100594 38 153889
1760010100972 38 153899
1760010101358 38 153909
1760010101722 38 153919
1760010102087 38 153929
1760010102451 38 153939
1760010102819 38 153949
1760010103186 38 153959
1760010103551 38 153969
1760010103916 38 153979
1760010104280 38 153989
1760010104638 38 153999
1760010104999 38 154009
1760010105359 38 154019
1760010105715 38 154029
1760010106061 38 154039
1760010106363 38 154049
1760010106694 38 154059
1760010107065 38 154069
1760010107425 38 154079
1760010107783 38 154089
1760010108142 38 154099
1760010108496 38 154109
1760010108862 38 154119
1760010109222 38 154129
1760010109590 38 154139
1760010109959 38 154149
1760010110329 38 154159
1760010110691 38 154169
1760010111055 38 154179
1760010111419 38 154189
1760010111787 38 154199
1760010112148 38 154209
1760010112519 38 154219
1760010112897 38 154229
1760010113272 38 154239
1760010113657 38 154249
1760010114047 38 154259
1760010114434 38 154269
1760010114818 38 154279
1760010115196 38 154289
1760010115584 38 154299
1760010115980 38 154309
1760010116362 38 154319
1760010116748 38 154329
1760010117116 38 154339
1760010117505 38 154349
1760010117893 38 154359
1760010118292 38 154369
1760010118727 38 154379
1760010119163 38 154389
1760010119596 38 154399
1760010120026 38 154409
1760010120456 38 154419
1760010120861 38 154429
1760010121273 38 154439
1760010121653 38 154449
1760010122035 38 154459
1760010122402 38 154469
1760010122772 38 154479
1760010123165 38 154489
1760010123582 38 154499
1760010123973 38 154509
1760010124349 38 154519
1760010124730 38 154529
1760010125117 38 154539
1760010125493 38 154549
1760010125877 38 154559
1760010126237 38 154569
1760010126645 38 154579
1760010127022 38 154589
1760010127409 38 154599
1760010127800 38 154609
1760010128195 38 154619
1760010128564 38 154629
1760010128955 38 154639
1760010129324 38 154649
1760010129680 38 154659
1760010130050 38 154669
1760010130404 38 154679
1760010130765 38 154689
1760010131139 38 154699
1760010131509 38 154709
1760010131879 38 154719
1760010132250 38 154729
1760010132621 38 154739
1760010132982 38 154749
1760010133366 38 154759
1760010133736 38 154769
1760010134112 38 154779
1760010134485 38 154789
1760010134855 38 154799
1760010135227 38 154809
1760010135606 38 154819
1760010135981 38 154829
1760010136355 38 154839
1760010136728 38 154849
1760010137102 38 154859
1760010137478 38 154869
1760010137859 38 154879
1760010138235 38 154889
1760010138608 38 154899
1760010138986 38 154909
1760010139362 38 154919
1760010139730 38 154929
1760010140102 38 154939
1760010140476 38 154949
1760010140839 38 154959
1760010141211 38 154969
1760010141580 38 154979
1760010141956 38 154989
1760010142322 38 154999
1760010142690 38 155009
1760010143076 38 155019
1760010143447 38 155029
1760010143818 38 155039
1760010144192 38 155049
1760010144558 38 155059
1760010144925 38 155069
1760010145301 38 155079
1760010145679 38 155089
1760010146048 38 155099
1760010146416 38 155109
1760010146793 38 155119
1760010147165 38 155129
1760010147539 38 155139
1760010147913 38 155149
1760010148304 38 155159
1760010148715 38 155169
1760010149112 38 155179
1760010149524 38 155189
1760010149937 38 155199
1760010150346 38 155209
1760010150767 38 155219
1760010151175 38 155229
1760010151586 38 155239
1760010151999 38 155249
1760010152382 38 155259
1760010152760 38 155269
1760010153166 38 155279
1760010153600 38 155289
1760010154022 38 155299
1760010154432 38 155309
1760010154821 38 155319
1760010155216 38 155329
1760010155592 38 155339
1760010155988 38 155349
1760010156369 38 155359
1760010156765 38 155369
1760010157153 38 155379
1760010157560 38 155389
1760010157960 38 155399
1760010158380 38 155409
1760010158757 38 155419
1760010159144 38 155429
1760010159557 38 155439
1760010159952 38 155449
1760010160335 38 155459
1760010160702 38 155469
1760010161064 38 155479
1760010161441 38 155489
1760010161806 38 155499
1760010162172 38 155509
1760010162554 38 155519
1760010162912 38 155529
1760010163302 38 155539
1760010163678 38 155549
1760010164046 38 155559
1760010164415 38 155569
1760010164783 38 155579
1760010165146 38 155589
1760010165505 38 155599
1760010165863 38 155609
1760010166226 38 155619
1760010166597 38 155629
1760010166967 38 155639
1760010167343 38 155649
1760010167721 38 155659
1760010168105 38 155669
1760010168473 38 155679
1760010168839 38 155689
1760010169217 38 155699
1760010169597 38 155709
1760010169962 38 155719
1760010170337 38 155729
1760010170718 38 155739
1760010171094 38 155749
1760010171483 38 155759
1760010171860 38 155769
1760010172231 38 155779
1760010172610 38 155789
1760010172984 38 155799
1760010173364 38 155809
1760010173738 38 155819
1760010174138 38 155829
1760010174518 38 155839
1760010174890 38 155849
1760010175269 38 155859
1760010175648 38 155869
1760010176031 38 155879
1760010176405 38 155889
1760010176780 38 155899
1760010177154 38 155909
1760010177532 38 155919
1760010177899 38 155929
1760010178270 38 155939
1760010178651 38 155949
1760010179034 38 155959
1760010179416 38 155969
1760010179791 38 155979
1760010180161 38 155989
1760010180530 38 155999
1760010180905 38 156009
1760010181281 38 156019
1760010181651 38 156029
1760010182030 38 156039
1760010182408 38 156049
1760010182780 38 156059
1760010183152 38 156069
1760010183512 38 156079
1760010183866 38 156089
1760010184228 38 156099
1760010184602 38 156109
1760010184976 38 156119
1760010185354 38 156129
1760010185737 38 156139
1760010186112 38 156149
1760010186498 38 156159
1760010186886 38 156169
1760010187284 38 156179
1760010187686 38 156189
1760010188109 38 156199
1760010188492 38 156209
1760010188884 38 156219
1760010189309 38 156229
1760010189737 38 156239
1760010190182 38 156249
1760010190606 38 156259
1760010191048 38 156269
1760010191491 38 156279
1760010191933 38 156289
1760010192352 38 156299
1760010192758 38 156309
1760010193179 38 156319
1760010193556 38 156329
1760010193932 38 156339
1760010194325 38 156349
1760010194650 38 156359
1760010194959 38 156369
1760010195283 38 156379
1760010195661 38 156389
1760010196057 38 156399
1760010196449 38 156409
1760010196905 38 156419
1760010197301 38 156429
1760010197679 38 156439
1760010198090 38 156449
1760010198550 38 156459
1760010199024 38 156469
1760010199442 38 156479
1760010199831 38 156489
1760010200230 38 156499
1760010200621 38 156509
1760010200999 38 156519
1760010201388 38 156529
1760010201789 38 156539
1760010202184 38 156549
1760010202517 38 156559
1760010202819 38 156569
1760010203229 38 156579
1760010203629 38 156589
1760010204031 38 156599
1760010204415 38 156609
1760010204805 38 156619
1760010205184 38 156629
1760010205475 38 156639
1760010205818 38 156649
1760010206257 38 156659
1760010206683 38 156669
1760010207086 38 156679
1760010207491 38 156689
1760010207890 38 156699
1760010208304 38 156709
1760010208716 38 156719
1760010209146 38 156729
1760010209523 38 156739
1760010209892 38 156749
1760010210267 38 156759
1760010210642 38 156769
1760010211014 38 156779
1760010211392 38 156789
1760010211764 38 156799
1760010212135 38 156809
1760010212500 38 156819
1760010212871 38 156829
1760010213237 38 156839
1760010213609 38 156849
1760010213980 38 156859
1760010214353 38 156869
1760010214712 38 156879
1760010215072 38 156889
1760010215435 38 156899
1760010215801 38 156909
1760010216173 38 156919
1760010216547 38 156929
1760010216920 38 156939
1760010217293 38 156949
1760010217668 38 156959
1760010218080 38 156969
1760010218433 38 156979
1760010218795 38 156989
1760010219186 38 156999
1760010219574 38 157009
1760010219948 38 157019
1760010220325 38 157029
1760010220700 38 157039
1760010221075 38 157049
1760010221457 38 157059
1760010221849 38 157069
1760010222261 38 157079
1760010222661 38 157089
1760010223057 38 157099
1760010223433 38 157109
1760010223825 38 157119
1760010224212 38 157129
1760010224577 38 157139
1760010224939 38 157149
1760010225319 38 157159
1760010225709 38 157169
1760010226086 38 157179
1760010226468 38 157189
1760010226858 38 157199
1760010227250 38 157209
1760010227636 38 157219
1760010228012 38 157229
1760010228384 38 157239
1760010228756 38 157249
1760010229128 38 157259
1760010229497 38 157269
1760010229868 38 157279
1760010230255 38 157289
1760010230622 38 157299
1760010230986 38 157309
1760010231359 38 157319
1760010231732 38 157329
1760010232100 38 157339
1760010232475 38 157349
1760010232842 38 157359
1760010233221 38 157369
1760010233593 38 157379
1760010233965 38 157389
1760010234797 38 157399
1760010235166 38 157409
1760010235534 38 157419
1760010235911 38 157429
1760010236313 38 157439
1760010236707 38 157449
1760010237066 38 157459
1760010237439 38 157469
1760010237814 38 157479
1760010238191 38 157489
1760010238565 38 157499
1760010238933 38 157509
1760010239310 38 157519
1760010248743 38 157520
1760010253492 39 157529
1760010253906 39 157539
1760010254318 39 157549
1760010254745 39 157559
1760010255137 39 157569
1760010255551 39 157579
1760010256016 39 157589
1760010256436 39 157599
1760010256846 39 157609
1760010257242 39 157619
1760010257644 39 157629
1760010258045 39 157639
1760010258469 39 157649
1760010258889 39 157659
1760010259305 39 157669
1760010259737 39 157679
1760010260176 39 157689
1760010260624 39 157699
1760010261081 39 157709
1760010261532 39 157719
1760010261893 39 157729
1760010262337 39 157739
1760010262785 39 157749
1760010263227 39 157759
1760010263657 39 157769
1760010264103 39 157779
1760010264527 39 157789
1760010264972 39 157799
1760010265400 39 157809
1760010265805 39 157819
1760010266237 39 157829
1760010266666 39 157839
1760010267112 39 157849
1760010267521 39 157859
1760010267960 39 157869
1760010268369 39 157879
1760010268786 39 157889
1760010269223 39 157899
1760010269691 39 157909
1760010270152 39 157919
1760010270628 39 157929
1760010271051 39 157939
1760010271488 39 157949
1760010271897 39 157959
1760010272301 39 157969
1760010272708 39 157979
1760010273150 39 157989
1760010273588 39 157999
1760010274042 39 158009
1760010274496 39 158019
1760010274976 39 158029
1760010275430 39 158039
1760010275910 39 158049
1760010276521 39 158059
1760010276983 39 158069
1760010277462 39 158079
1760010277942 39 158089
1760010278487 39 158099
1760010278925 39 158109
1760010279373 39 158119
1760010279768 39 158129
1760010280162 39 158139
1760010280554 39 158149
1760010280936 39 158159
1760010281293 39 158169
1760010281723 39 158179
1760010282095 39 158189
1760010282559 39 158199
1760010282997 39 158209
1760010283447 39 158219
1760010283873 39 158229
1760010284334 39 158239
1760010284731 39 158249
1760010285157 39 158259
1760010285560 39 158269
1760010285941 39 158279
1760010286332 39 158289
1760010286706 39 158299
1760010287078 39 158309
1760010287470 39 158319
1760010287855 39 158329
1760010288240 39 158339
1760010288610 39 158349
1760010289004 39 158359
1760010289365 39 158369
1760010289723 39 158379
1760010290076 39 158389
1760010290428 39 158399
1760010290780 39 158409
1760010291135 39 158419
1760010291494 39 158429
1760010291850 39 158439
1760010292211 39 158449
1760010292575 39 158459
1760010292934 39 158469
1760010293291 39 158479
1760010293635 39 158489
1760010293979 39 158499
1760010294327 39 158509
1760010294672 39 158519
1760010295050 39 158529
1760010295402 39 158539
1760010295752 39 158549
1760010296103 39 158559
1760010296457 39 158569
1760010296806 39 158579
1760010297170 39 158589
1760010297534 39 158599
1760010297889 39 158609
1760010298239 39 158619
1760010298593 39 158629
1760010298942 39 158639
1760010299288 39 158649
1760010299635 39 158659
1760010299983 39 158669
1760010300333 39 158679
1760010300681 39 158689
1760010301036 39 158699
1760010301389 39 158709
1760010301734 39 158719
1760010302080 39 158729
1760010302429 39 158739
1760010302774 39 158749
1760010303129 39 158759
1760010303479 39 158769
1760010303833 39 158779
1760010304185 39 158789
1760010304532 39 158799
1760010304881 39 158809
1760010305249 39 158819
1760010305604 39 158829
1760010305959 39 158839
1760010306314 39 158849
1760010306668 39 158859
1760010307024 39 158869
1760010307377 39 158879
1760010307735 39 158889
1760010308102 39 158899
1760010308454 39 158909
1760010308817 39 158919
1760010309178 39 158929
1760010309532 39 158939
1760010309886 39 158949
1760010310245 39 158959
1760010310600 39 158969
1760010310958 39 158979
1760010311314 39 158989
1760010311675 39 158999
1760010312032 39 159009
1760010312408 39 159019
1760010312779 39 159029
1760010313174 39 159039
1760010313570 39 159049
1760010313966 39 159059
1760010314342 39 159069
1760010314706 39 159079
1760010315063 39 159089
1760010315418 39 159099
1760010315779 39 159109
1760010316141 39 159119
1760010316517 39 159129
1760010316905 39 159139
1760010317292 39 159149
1760010317661 39 159159
1760010318037 39 159169
1760010318428 39 159179
1760010318829 39 159189
1760010319199 39 159199
1760010319604 39 159209
1760010319999 39 159219
1760010320412 39 159229
1760010320837 39 159239
1760010321219 39 159249
1760010321605 39 159259
1760010321995 39 159269
1760010322382 39 159279
1760010322748 39 159289
1760010323088 39 159299
1760010323507 39 159309
1760010323918 39 159319
1760010324333 39 159329
1760010324746 39 159339
1760010325165 39 159349
1760010325579 39 159359
1760010326006 39 159369
1760010326434 39 159379
1760010326843 39 159389
1760010327288 39 159399
1760010327695 39 159409
1760010328116 39 159419
1760010328509 39 159429
1760010328893 39 159439
1760010329320 39 159449
1760010329732 39 159459
1760010330156 39 159469
1760010330565 39 159479
1760010331019 39 159489
1760010331449 39 159499
1760010331877 39 159509
1760010332286 39 159519
1760010332712 39 159529
1760010333142 39 159539
1760010333594 39 159549
1760010334027 39 159559
1760010334454 39 159569
1760010334891 39 159579
1760010335306 39 159589
1760010335717 39 159599
1760010336146 39 159609
1760010336570 39 159619
1760010337042 39 159629
1760010337492 39 159639
1760010337922 39 159649
1760010338360 39 159659
1760010338723 39 159669
1760010339167 39 159679
1760010339617 39 159689
1760010340034 39 159699
1760010340428 39 159709
1760010340854 39 159719
1760010341264 39 159729
1760010341678 39 159739
1760010342097 39 159749
1760010342467 39 159759
1760010342857 39 159769
1760010343229 39 159779
1760010343628 39 159789
1760010344011 39 159799
1760010344394 39 159809
1760010344760 39 159819
1760010345132 39 159829
1760010345498 39 159839
1760010345865 39 159849
1760010346232 39 159859
1760010346606 39 159869
1760010346961 39 159879
1760010347314 39 159889
1760010347660 39 159899
1760010348024 39 159909
1760010348375 39 159919
1760010348724 39 159929
1760010349079 39 159939
1760010349430 39 159949
1760010349778 39 159959
1760010350124 39 159969
1760010350475 39 159979
1760010350827 39 159989
1760010351185 39 159999
1760010351547 39 160009
1760010351964 39 160019
1760010352346 39 160029
1760010352720 39 160039
1760010353098 39 160049
1760010353444 39 160059
1760010353789 39 160069
1760010354137 39 160079
1760010354485 39 160089
1760010354848 39 160099
1760010355208 39 160109
1760010355577 39 160119
1760010355949 39 160129
1760010356325 39 160139
1760010356725 39 160149
1760010357073 39 160159
1760010357418 39 160169
1760010357763 39 160179
1760010358123 39 160189
1760010358474 39 160199
1760010358830 39 160209
1760010359182 39 160219
1760010359533 39 160229
1760010359887 39 160239
1760010360254 39 160249
1760010360615 39 160259
1760010360988 39 160269
1760010361330 39 160279
1760010361688 39 160289
1760010362046 39 160299
1760010362410 39 160309
1760010362775 39 160319
1760010363142 39 160329
1760010363511 39 160339
1760010363880 39 160349
1760010364255 39 160359
1760010364628 39 160369
1760010365003 39 160379
1760010365373 39 160389
1760010365744 39 160399
1760010366127 39 160409
1760010366512 39 160419
1760010366885 39 160429
1760010367251 39 160439
1760010367625 39 160449
1760010367999 39 160459
1760010368381 39 160469
1760010368747 39 160479
1760010369099 39 160489
1760010369454 39 160499
1760010369817 39 160509
1760010370179 39 160519
1760010370557 39 160529
1760010370931 39 160539
1760010371324 39 160549
1760010371689 39 160559
1760010372040 39 160569
1760010372395 39 160579
1760010372762 39 160589
1760010373138 39 160599
1760010373525 39 160609
1760010373895 39 160619
1760010374265 39 160629
1760010374633 39 160639
1760010375000 39 160649
1760010375368 39 160659
1760010375741 39 160669
1760010376108 39 160679
1760010376477 39 160689
1760010376841 39 160699
1760010377227 39 160709
1760010377595 39 160719
1760010377968 39 160729
1760010378339 39 160739
1760010378708 39 160749
1760010379071 39 160759
1760010379433 39 160769
1760010379800 39 160779
1760010380159 39 160789
1760010380527 39 160799
1760010380878 39 160809
1760010381240 39 160819
1760010381606 39 160829
1760010381990 39 160839
1760010382366 39 160849
1760010382742 39 160859
1760010383115 39 160869
1760010383501 39 160879
1760010383869 39 160889
1760010384238 39 160899
1760010384612 39 160909
1760010384980 39 160919
1760010385464 39 160929
1760010385893 39 160939
1760010386260 39 160949
1760010386625 39 160959
1760010386999 39 160969
1760010387388 39 160979
1760010387766 39 160989
1760010388131 39 160999
1760010388501 39 161009
1760010388861 39 161019
1760010389234 39 161029
1760010389597 39 161039
1760010389961 39 161049
1760010390324 39 161059
1760010390689 39 161069
1760010391057 39 161079
1760010391424 39 161089
1760010391786 39 161099
1760010392144 39 161109
1760010392505 39 161119
1760010392870 39 161129
1760010393240 39 161139
1760010393601 39 161149
1760010393962 39 161159
1760010394323 39 161169
1760010394679 39 161179
1760010395042 39 161189
1760010395410 39 161199
1760010395768 39 161209
1760010396128 39 161219
1760010396495 39 161229
1760010396848 39 161239
1760010397201 39 161249
1760010397569 39 161259
1760010397930 39 161269
1760010398282 39 161279
1760010398647 39 161289
1760010399010 39 161299
1760010399372 39 161309
1760010399728 39 161319
1760010400094 39 161329
1760010400490 39 161339
1760010400857 39 161349
1760010401215 39 161359
1760010401575 39 161369
1760010401936 39 161379
1760010402294 39 161389
1760010402651 39 161399
1760010403045 39 161409
1760010403430 39 161419
1760010403794 39 161429
1760010404637 39 161439
1760010404998 39 161449
1760010405364 39 161459
1760010405728 39 161469
1760010406091 39 161479
1760010406455 39 161489
1760010406845 39 161499
1760010407192 39 161509
1760010407538 39 161519
1760010407888 39 161529
1760010408277 39 161539
1760010408642 39 161549
1760010409004 39 161559
1760010418635 39 161559
1760010423612 40 161569
1760010423901 40 161579
1760010424209 40 161589
1760010424585 40 161599
1760010424954 40 161609
1760010425329 40 161619
1760010425759 40 161629
1760010426123 40 161639
1760010426486 40 161649
1760010426847 40 161659
1760010427202 40 161669
1760010427567 40 161679
1760010427972 40 161689
1760010428341 40 161699
1760010428711 40 161709
1760010429088 40 161719
1760010429460 40 161729
1760010429830 40 161739
1760010430202 40 161749
1760010430577 40 161759
1760010430947 40 161769
1760010431323 40 161779
1760010431702 40 161789
1760010432120 40 161799
1760010432495 40 161809
1760010432877 40 161819
1760010433244 40 161829
1760010433616 40 161839
1760010433966 40 161849
1760010434332 40 161859
1760010434709 40 161869
1760010435079 40 161879
1760010435457 40 161889
1760010435827 40 161899
1760010436196 40 161909
1760010436564 40 161919
1760010436929 40 161929
1760010437302 40 161939
1760010437679 40 161949
1760010438064 40 161959
1760010438441 40 161969
1760010438814 40 161979
1760010439182 40 161989
1760010439554 40 161999
1760010439935 40 162009
1760010440288 40 162019
1760010440645 40 162029
1760010441000 40 162039
1760010441352 40 162049
1760010441721 40 162059
1760010442078 40 162069
1760010442436 40 162079
1760010442798 40 162089
1760010443160 40 162099
1760010443519 40 162109
1760010443880 40 162119
1760010444239 40 162129
1760010444596 40 162139
1760010444962 40 162149
1760010445339 40 162159
1760010445698 40 162169
1760010446054 40 162179
1760010446421 40 162189
1760010446781 40 162199
1760010447136 40 162209
1760010447500 40 162219
1760010447869 40 162229
1760010448233 40 162239
1760010448610 40 162249
1760010448984 40 162259
1760010449348 40 162269
1760010449711 40 162279
1760010450076 40 162289
1760010450452 40 162299
1760010450827 40 162309
1760010451197 40 162319
1760010451560 40 162329
1760010451913 40 162339
1760010452266 40 162349
1760010452617 40 162359
1760010452986 40 162369
1760010453378 40 162379
1760010453774 40 162389
1760010454165 40 162399
1760010454540 40 162409
1760010454914 40 162419
1760010455303 40 162429
1760010455694 40 162439
1760010456062 40 162449
1760010456424 40 162459
1760010456792 40 162469
1760010457153 40 162479
1760010457522 40 162489
1760010457896 40 162499
1760010458246 40 162509
1760010458607 40 162519
1760010458956 40 162529
1760010459303 40 162539
1760010459651 40 162549
1760010460006 40 162559
1760010460356 40 162569
1760010460705 40 162579
1760010461060 40 162589
1760010461416 40 162599
1760010461765 40 162609
1760010462131 40 162619
1760010462489 40 162629
1760010462843 40 162639
1760010463205 40 162649
1760010463560 40 162659
1760010463911 40 162669
1760010464262 40 162679
1760010464624 40 162689
1760010464983 40 162699
1760010465336 40 162709
1760010465689 40 162719
1760010466041 40 162729
1760010466396 40 162739
1760010466751 40 162749
1760010467121 40 162759
1760010467478 40 162769
1760010467837 40 162779
1760010468243 40 162789
1760010468649 40 162799
1760010469041 40 162809
1760010469415 40 162819
1760010469791 40 162829
1760010470169 40 162839
1760010470541 40 162849
1760010470920 40 162859
1760010471299 40 162869
1760010471668 40 162879
1760010472028 40 162889
1760010472389 40 162899
1760010472748 40 162909
1760010473104 40 162919
1760010473461 40 162929
1760010473811 40 162939
1760010474166 40 162949
1760010474526 40 162959
1760010474875 40 162969
1760010475222 40 162979
1760010475581 40 162989
1760010475932 40 162999
1760010476283 40 163009
1760010476631 40 163019
1760010476996 40 163029
1760010477377 40 163039
1760010477740 40 163049
1760010478099 40 163059
1760010478465 40 163069
1760010478828 40 163079
1760010479200 40 163089
1760010479568 40 163099
1760010479936 40 163109
1760010480311 40 163119
1760010480744 40 163129
1760010481182 40 163139
1760010481565 40 163149
1760010481953 40 163159
1760010482326 40 163169
1760010482735 40 163179
1760010483147 40 163189
1760010483520 40 163199
1760010483896 40 163209
1760010484281 40 163219
1760010484668 40 163229
1760010485048 40 163239
1760010485433 40 163249
1760010485793 40 163259
1760010486154 40 163269
1760010486495 40 163279
1760010486849 40 163289
1760010487208 40 163299
1760010487569 40 163309
1760010487926 40 163319
1760010488283 40 163329
1760010488653 40 163339
1760010489023 40 163349
1760010489396 40 163359
1760010489769 40 163369
1760010490146 40 163379
1760010490500 40 163389
1760010490848 40 163399
1760010491192 40 163409
1760010491547 40 163419
1760010491901 40 163429
1760010492256 40 163439
1760010492608 40 163449
1760010492980 40 163459
1760010493351 40 163469
1760010493724 40 163479
1760010494089 40 163489
1760010494442 40 163499
1760010494801 40 163509
1760010495166 40 163519
1760010495529 40 163529
1760010495906 40 163539
1760010496277 40 163549
1760010496648 40 163559
1760010497020 40 163569
1760010497396 40 163579
1760010497771 40 163589
1760010498154 40 163599
1760010498529 40 163609
1760010498898 40 163619
1760010499276 40 163629
1760010499637 40 163639
1760010500025 40 163649
1760010500392 40 163659
1760010500758 40 163669
1760010501118 40 163679
1760010501492 40 163689
1760010501877 40 163699
1760010502248 40 163709
1760010502612 40 163719
1760010502990 40 163729
1760010503358 40 163739
1760010503727 40 163749
1760010504096 40 163759
1760010504477 40 163769
1760010504849 40 163779
1760010505216 40 163789
1760010505582 40 163799
1760010505951 40 163809
1760010506323 40 163819
1760010506702 40 163829
1760010507073 40 163839
1760010507445 40 163849
1760010507815 40 163859
1760010508186 40 163869
1760010508574 40 163879
1760010508993 40 163889
1760010509407 40 163899
1760010509857 40 163909
1760010510259 40 163919
1760010510643 40 163929
1760010511010 40 163939
1760010511420 40 163949
1760010511817 40 163959
1760010512200 40 163969
1760010512609 40 163979
1760010513020 40 163989
1760010513424 40 163999
1760010513806 40 164009
1760010514171 40 164019
1760010514537 40 164029
1760010514917 40 164039
1760010515286 40 164049
1760010515653 40 164059
1760010516021 40 164069
1760010516389 40 164079
1760010516760 40 164089
1760010517124 40 164099
1760010517483 40 164109
1760010517847 40 164119
1760010518218 40 164129
1760010518587 40 164139
1760010518975 40 164149
1760010519352 40 164159
1760010519724 40 164169
1760010520096 40 164179
1760010520471 40 164189
1760010520845 40 164199
1760010521222 40 164209
1760010521602 40 164219
1760010521989 40 164229
1760010522373 40 164239
1760010522803 40 164249
1760010523192 40 164259
1760010523565 40 164269
1760010523944 40 164279
1760010524325 40 164289
1760010524697 40 164299
1760010525077 40 164309
1760010525460 40 164319
1760010525839 40 164329
1760010526216 40 164339
1760010526596 40 164349
1760010526974 40 164359
1760010527351 40 164369
1760010527724 40 164379
1760010528089 40 164389
1760010528461 40 164399
1760010528841 40 164409
1760010529208 40 164419
1760010529577 40 164429
1760010529945 40 164439
1760010530327 40 164449
1760010530708 40 164459
1760010531071 40 164469
1760010531426 40 164479
1760010531796 40 164489
1760010532159 40 164499
1760010532531 40 164509
1760010532894 40 164519
1760010533279 40 164529
1760010533668 40 164539
1760010534034 40 164549
1760010534393 40 164559
1760010534771 40 164569
1760010535151 40 164579
1760010535518 40 164589
1760010535885 40 164599
1760010536251 40 164609
1760010536620 40 164619
1760010537002 40 164629
1760010537379 40 164639
1760010537772 40 164649
1760010538192 40 164659
1760010538621 40 164669
1760010539081 40 164679
1760010539496 40 164689
1760010539874 40 164699
1760010540297 40 164709
1760010540701 40 164719
1760010541097 40 164729
1760010541495 40 164739
1760010541909 40 164749
1760010542281 40 164759
1760010542654 40 164769
1760010543042 40 164779
1760010543443 40 164789
1760010543844 40 164799
1760010544236 40 164809
1760010544627 40 164819
1760010545012 40 164829
1760010545394 40 164839
1760010545800 40 164849
1760010546222 40 164859
1760010546697 40 164869
1760010547085 40 164879
1760010547529 40 164889
1760010547927 40 164899
1760010548351 40 164909
1760010548750 40 164919
1760010549160 40 164929
1760010549527 40 164939
1760010549902 40 164949
1760010550270 40 164959
1760010550642 40 164969
1760010551017 40 164979
1760010551399 40 164989
1760010551785 40 164999
1760010552164 40 165009
1760010552540 40 165019
1760010552913 40 165029
1760010553296 40 165039
1760010553689 40 165049
1760010554069 40 165059
1760010554455 40 165069
1760010554833 40 165079
1760010555211 40 165089
1760010555591 40 165099
1760010555979 40 165109
1760010556367 40 165119
1760010556754 40 165129
1760010557139 40 165139
1760010557521 40 165149
1760010557902 40 165159
1760010558288 40 165169
1760010558684 40 165179
1760010559066 40 165189
1760010559452 40 165199
1760010559831 40 165209
1760010560210 40 165219
1760010560592 40 165229
1760010560978 40 165239
1760010561360 40 165249
1760010561747 40 165259
1760010562127 40 165269
1760010562502 40 165279
1760010562876 40 165289
1760010563250 40 165299
1760010563620 40 165309
1760010563994 40 165319
1760010564365 40 165329
1760010564733 40 165339
1760010565094 40 165349
1760010565454 40 165359
1760010565824 40 165369
1760010566190 40 165379
1760010566556 40 165389
1760010566921 40 165399
1760010567284 40 165409
1760010567645 40 165419
1760010568013 40 165429
1760010568383 40 165439
1760010568749 40 165449
1760010569124 40 165459
1760010569500 40 165469
1760010570348 40 165479
1760010570711 40 165489
1760010571075 40 165499
1760010571470 40 165509
1760010571850 40 165519
1760010572228 40 165529
1760010572610 40 165539
1760010573016 40 165549
1760010573444 40 165559
1760010573887 40 165569
1760010574339 40 165579
1760010574784 40 165589
1760010632091 40 165598
1760010637032 41 165599
1760010637394 41 165609
1760010637857 41 165619
1760010638317 41 165629
1760010638772 41 165639
1760010639227 41 165649
1760010639674 41 165659
1760010640212 41 165669
1760010640684 41 165679
1760010641154 41 165689
1760010641572 41 165699
1760010641988 41 165709
1760010642436 41 165719
1760010642866 41 165729
1760010643249 41 165739
1760010643648 41 165749
1760010644090 41 165759
1760010644605 41 165769
1760010645105 41 165779
1760010645527 41 165789
1760010645955 41 165799
1760010646451 41 165809
1760010646938 41 165819
1760010647325 41 165829
1760010647851 41 165839
1760010648342 41 165849
1760010648801 41 165859
1760010649243 41 165869
1760010649686 41 165879
1760010650094 41 165889
1760010650482 41 165899
1760010650851 41 165909
1760010651233 41 165919
1760010651610 41 165929
1760010651972 41 165939
1760010652334 41 165949
1760010652707 41 165959
1760010653086 41 165969
1760010653472 41 165979
1760010653856 41 165989
1760010654233 41 165999
1760010654618 41 166009
1760010654997 41 166019
1760010655380 41 166029
1760010655760 41 166039
1760010656139 41 166049
1760010656510 41 166059
1760010656885 41 166069
1760010657254 41 166079
1760010657625 41 166089
1760010657997 41 166099
1760010658377 41 166109
1760010658747 41 166119
1760010659121 41 166129
1760010659495 41 166139
1760010659870 41 166149
1760010660246 41 166159
1760010660621 41 166169
1760010661003 41 166179
1760010661380 41 166189
1760010661756 41 166199
1760010662132 41 166209
1760010662506 41 166219
1760010662880 41 166229
1760010663259 41 166239
1760010663632 41 166249
1760010664006 41 166259
1760010664369 41 166269
1760010664733 41 166279
1760010665095 41 166289
1760010665461 41 166299
1760010665825 41 166309
1760010666190 41 166319
1760010666553 41 166329
1760010666913 41 166339
1760010667277 41 166349
1760010667647 41 166359
1760010668025 41 166369
1760010668399 41 166379
1760010668770 41 166389
1760010669137 41 166399
1760010669502 41 166409
1760010669867 41 166419
1760010670238 41 166429
1760010670616 41 166439
1760010670996 41 166449
1760010671375 41 166459
1760010671757 41 166469
1760010672132 41 166479
1760010672503 41 166489
1760010672886 41 166499
1760010673292 41 166509
1760010673685 41 166519
1760010674083 41 166529
1760010674471 41 166539
1760010674869 41 166549
1760010675262 41 166559
1760010675678 41 166569
1760010676138 41 166579
1760010676627 41 166589
1760010677039 41 166599
1760010677430 41 166609
1760010677743 41 166619
1760010678036 41 166629
1760010678335 41 166639
1760010678633 41 166649
1760010678939 41 166659
1760010679310 41 166669
1760010679630 41 166679
1760010680032 41 166689
1760010680389 41 166699
1760010680794 41 166709
1760010681220 41 166719
1760010681627 41 166729
1760010682031 41 166739
1760010682469 41 166749
1760010682907 41 166759
1760010683361 41 166769
1760010683833 41 166779
1760010684324 41 166789
1760010684759 41 166799
1760010685208 41 166809
1760010685753 41 166819
1760010686181 41 166829
1760010686575 41 166839
1760010687024 41 166849
1760010687439 41 166859
1760010687875 41 166869
1760010688331 41 166879
1760010688769 41 166889
1760010689225 41 166899
1760010689658 41 166909
1760010690095 41 166919
1760010690512 41 166929
1760010690929 41 166939
1760010691350 41 166949
1760010691762 41 166959
1760010692195 41 166969
1760010692625 41 166979
1760010693039 41 166989
1760010693452 41 166999
1760010693871 41 167009
1760010694288 41 167019
1760010694691 41 167029
1760010695077 41 167039
1760010695496 41 167049
1760010695895 41 167059
1760010696420 41 167069
1760010696927 41 167079
1760010697429 41 167089
1760010697864 41 167099
1760010698331 41 167109
1760010698863 41 167119
1760010699321 41 167129
1760010699694 41 167139
1760010700017 41 167149
1760010700408 41 167159
1760010700878 41 167169
1760010701286 41 167179
1760010701680 41 167189
1760010702117 41 167199
1760010702574 41 167209
1760010703025 41 167219
1760010703482 41 167229
1760010703907 41 167239
1760010704332 41 167249
1760010704734 41 167259
1760010705118 41 167269
1760010705496 41 167279
1760010705920 41 167289
1760010706338 41 167299
1760010706698 41 167309
1760010707091 41 167319
1760010707464 41 167329
1760010707754 41 167339
1760010708109 41 167349
1760010708525 41 167359
1760010708945 41 167369
1760010709342 41 167379
1760010709768 41 167389
1760010710180 41 167399
1760010710569 41 167409
1760010710974 41 167419
1760010711368 41 167429
1760010711752 41 167439
1760010712138 41 167449
1760010712539 41 167459
1760010712910 41 167469
1760010713298 41 167479
1760010713672 41 167489
1760010714072 41 167499
1760010714460 41 167509
1760010714857 41 167519
1760010715257 41 167529
1760010715674 41 167539
1760010716143 41 167549
1760010716557 41 167559
1760010716929 41 167569
1760010717292 41 167579
1760010717704 41 167589
1760010718126 41 167599
1760010718572 41 167609
1760010718984 41 167619
1760010719400 41 167629
1760010719816 41 167639
1760010720237 41 167649
1760010720645 41 167659
1760010721052 41 167669
1760010721437 41 167679
1760010721816 41 167689
1760010722214 41 167699
1760010722603 41 167709
1760010723012 41 167719
1760010723389 41 167729
1760010723780 41 167739
1760010724172 41 167749
1760010724592 41 167759
1760010725049 41 167769
1760010725442 41 167779
1760010725865 41 167789
1760010726253 41 167799
1760010726638 41 167809
1760010727015 41 167819
1760010727437 41 167829
1760010727881 41 167839
1760010728339 41 167849
1760010728822 41 167859
1760010729234 41 167869
1760010729664 41 167879
1760010730105 41 167889
1760010730487 41 167899
1760010730885 41 167909
1760010731338 41 167919
1760010731783 41 167929
1760010732226 41 167939
1760010732667 41 167949
1760010733086 41 167959
1760010733525 41 167969
1760010733955 41 167979
1760010734367 41 167989
1760010734798 41 167999
1760010735192 41 168009
1760010735591 41 168019
1760010735987 41 168029
1760010736409 41 168039
1760010736740 41 168049
1760010737142 41 168059
1760010737573 41 168069
1760010738011 41 168079
1760010738372 41 168089
1760010738808 41 168099
1760010739310 41 168109
1760010739769 41 168119
1760010740163 41 168129
1760010740669 41 168139
1760010741257 41 168149
1760010741741 41 168159
1760010742262 41 168169
1760010742750 41 168179
1760010743344 41 168189
1760010743879 41 168199
1760010744321 41 168209
1760010744743 41 168219
1760010745147 41 168229
1760010745507 41 168239
1760010745872 41 168249
1760010746240 41 168259
1760010746629 41 168269
1760010747009 41 168279
1760010747380 41 168289
1760010747737 41 168299
1760010748102 41 168309
1760010748464 41 168319
1760010748830 41 168329
1760010749188 41 168339
1760010749559 41 168349
1760010749926 41 168359
1760010750288 41 168369
1760010750646 41 168379
1760010751007 41 168389
1760010751371 41 168399
1760010751724 41 168409
1760010752096 41 168419
1760010752464 41 168429
1760010752825 41 168439
1760010753185 41 168449
1760010753559 41 168459
1760010753937 41 168469
1760010754316 41 168479
1760010754685 41 168489
1760010755061 41 168499
1760010755431 41 168509
1760010755798 41 168519
1760010756168 41 168529
1760010756535 41 168539
1760010756903 41 168549
1760010757273 41 168559
1760010757650 41 168569
1760010758019 41 168579
1760010758388 41 168589
1760010758755 41 168599
1760010759122 41 168609
1760010759491 41 168619
1760010759865 41 168629
1760010760234 41 168639
1760010760601 41 168649
1760010760968 41 168659
1760010761336 41 168669
1760010761710 41 168679
1760010762072 41 168689
1760010762444 41 168699
1760010762810 41 168709
1760010763178 41 168719
1760010763538 41 168729
1760010763909 41 168739
1760010764283 41 168749
1760010764651 41 168759
1760010765009 41 168769
1760010765376 41 168779
1760010765742 41 168789
1760010766108 41 168799
1760010766475 41 168809
1760010766835 41 168819
1760010767203 41 168829
1760010767569 41 168839
1760010767935 41 168849
1760010768305 41 168859
1760010768678 41 168869
1760010769045 41 168879
1760010769415 41 168889
1760010769782 41 168899
1760010770154 41 168909
1760010770536 41 168919
1760010770912 41 168929
1760010771291 41 168939
1760010771666 41 168949
1760010772045 41 168959
1760010772433 41 168969
1760010772851 41 168979
1760010773268 41 168989
1760010773679 41 168999
1760010774129 41 169009
1760010774541 41 169019
1760010774873 41 169029
1760010775186 41 169039
1760010775589 41 169049
1760010775980 41 169059
1760010776369 41 169069
1760010776804 41 169079
1760010777216 41 169089
1760010777611 41 169099
1760010778012 41 169109
1760010778445 41 169119
1760010778897 41 169129
1760010779371 41 169139
1760010779820 41 169149
1760010780279 41 169159
1760010780704 41 169169
1760010781134 41 169179
1760010781580 41 169189
1760010782005 41 169199
1760010782417 41 169209
1760010782843 41 169219
1760010783246 41 169229
1760010783650 41 169239
1760010784040 41 169249
1760010784444 41 169259
1760010784847 41 169269
1760010785249 41 169279
1760010785649 41 169289
1760010786071 41 169299
1760010786473 41 169309
1760010786953 41 169319
1760010787385 41 169329
1760010787779 41 169339
1760010788184 41 169349
1760010788619 41 169359
1760010789017 41 169369
1760010789426 41 169379
1760010789837 41 169389
1760010790283 41 169399
1760010790720 41 169409
1760010791124 41 169419
1760010791533 41 169429
1760010791950 41 169439
1760010792386 41 169449
1760010792799 41 169459
1760010793288 41 169469
1760010793728 41 169479
1760010794186 41 169489
1760010794629 41 169499
1760010795101 41 169509
1760010796055 41 169519
1760010796482 41 169529
1760010796906 41 169539
1760010797392 41 169549
1760010797870 41 169559
1760010798330 41 169569
1760010798815 41 169579
1760010799270 41 169589
1760010799713 41 169599
1760010800172 41 169609
1760010800623 41 169619
1760010801037 41 169629
1760010811762 41 169637
1760010816438 42 169639
1760010816873 42 169649
1760010817277 42 169659
1760010817697 42 169669
1760010818090 42 169679
1760010818459 42 169689
1760010818859 42 169699
1760010819218 42 169709
1760010819575 42 169719
1760010819924 42 169729
1760010820282 42 169739
1760010820674 42 169749
1760010821047 42 169759
1760010821424 42 169769
1760010821810 42 169779
1760010822209 42 169789
1760010822605 42 169799
1760010823038 42 169809
1760010823436 42 169819
1760010823855 42 169829
1760010824271 42 169839
1760010824649 42 169849
1760010825054 42 169859
1760010825472 42 169869
1760010825905 42 169879
1760010826302 42 169889
1760010826713 42 169899
1760010827152 42 169909
1760010827582 42 169919
1760010827978 42 169929
1760010828392 42 169939
1760010828817 42 169949
1760010829265 42 169959
1760010829664 42 169969
1760010830080 42 169979
1760010830494 42 169989
1760010830937 42 169999
1760010831356 42 170009
1760010831771 42 170019
1760010832186 42 170029
1760010832576 42 170039
1760010832972 42 170049
1760010833385 42 170059
1760010833823 42 170069
1760010834246 42 170079
1760010834670 42 170089
1760010835081 42 170099
1760010835491 42 170109
1760010835918 42 170119
1760010836310 42 170129
1760010836732 42 170139
1760010837170 42 170149
1760010837574 42 170159
1760010838007 42 170169
1760010838404 42 170179
1760010838825 42 170189
1760010839231 42 170199
1760010839658 42 170209
1760010840078 42 170219
1760010840505 42 170229
1760010840955 42 170239
1760010841392 42 170249
1760010841810 42 170259
1760010842151 42 170269
1760010842573 42 170279
1760010842958 42 170289
1760010843385 42 170299
1760010843810 42 170309
1760010844255 42 170319
1760010844705 42 170329
1760010845105 42 170339
1760010845451 42 170349
1760010845827 42 170359
1760010846278 42 170369
1760010846776 42 170379
1760010847254 42 170389
1760010847734 42 170399
1760010848196 42 170409
1760010848669 42 170419
1760010849128 42 170429
1760010849588 42 170439
1760010850073 42 170449
1760010850524 42 170459
1760010850984 42 170469
1760010851500 42 170479
1760010851960 42 170489
1760010852411 42 170499
1760010852868 42 170509
1760010853342 42 170519
1760010853818 42 170529
1760010854305 42 170539
1760010854760 42 170549
1760010855215 42 170559
1760010855683 42 170569
1760010856111 42 170579
1760010856554 42 170589
1760010857051 42 170599
1760010857541 42 170609
1760010858018 42 170619
1760010858520 42 170629
1760010859035 42 170639
1760010859566 42 170649
1760010860192 42 170659
1760010860787 42 170669
1760010861267 42 170679
1760010861717 42 170689
1760010862230 42 170699
1760010862694 42 170709
1760010863176 42 170719
1760010863700 42 170729
1760010864158 42 170739
1760010864616 42 170749
1760010865013 42 170759
1760010865432 42 170769
1760010865830 42 170779
1760010866233 42 170789
1760010866629 42 170799
1760010867078 42 170809
1760010867530 42 170819
1760010867970 42 170829
1760010868443 42 170839
1760010868956 42 170849
1760010869480 42 170859
1760010869969 42 170869
1760010870422 42 170879
1760010870880 42 170889
1760010871342 42 170899
1760010871771 42 170909
1760010872242 42 170919
1760010872692 42 170929
1760010873163 42 170939
1760010873610 42 170949
1760010874061 42 170959
1760010874484 42 170969
1760010874929 42 170979
1760010875397 42 170989
1760010875863 42 170999
1760010876347 42 171009
1760010876834 42 171019
1760010877253 42 171029
1760010877691 42 171039
1760010878145 42 171049
1760010878626 42 171059
1760010879081 42 171069
1760010879578 42 171079
1760010880069 42 171089
1760010880529 42 171099
1760010880980 42 171109
1760010881484 42 171119
1760010881964 42 171129
1760010882430 42 171139
1760010882862 42 171149
1760010883337 42 171159
1760010883778 42 171169
1760010884217 42 171179
1760010884652 42 171189
1760010885072 42 171199
1760010885461 42 171209
1760010885899 42 171219
1760010886303 42 171229
1760010886759 42 171239
1760010887167 42 171249
1760010887599 42 171259
1760010888084 42 171269
1760010888548 42 171279
1760010889074 42 171289
1760010889529 42 171299
1760010889955 42 171309
1760010890394 42 171319
1760010890841 42 171329
1760010891319 42 171339
1760010891884 42 171349
1760010892397 42 171359
1760010892861 42 171369
1760010893284 42 171379
1760010893707 42 171389
1760010894138 42 171399
1760010894572 42 171409
1760010895041 42 171419
1760010895492 42 171429
1760010895907 42 171439
1760010896310 42 171449
1760010896752 42 171459
1760010897183 42 171469
1760010897637 42 171479
1760010898099 42 171489
1760010898527 42 171499
1760010898947 42 171509
1760010899374 42 171519
1760010899859 42 171529
1760010900294 42 171539
1760010900737 42 171549
1760010901180 42 171559
1760010901629 42 171569
1760010902063 42 171579
1760010902512 42 171589
1760010902949 42 171599
1760010903470 42 171609
1760010903920 42 171619
1760010904387 42 171629
1760010904797 42 171639
1760010905262 42 171649
1760010905713 42 171659
1760010906226 42 171669
1760010906724 42 171679
1760010907195 42 171689
1760010907681 42 171699
1760010908117 42 171709
1760010908605 42 171719
1760010909097 42 171729
1760010909662 42 171739
1760010910108 42 171749
1760010910578 42 171759
1760010911019 42 171769
1760010911430 42 171779
1760010911828 42 171789
1760010912283 42 171799
1760010912798 42 171809
1760010913380 42 171819
1760010913950 42 171829
1760010914561 42 171839
1760010915080 42 171849
1760010915678 42 171859
1760010916160 42 171869
1760010916577 42 171879
1760010916965 42 171889
1760010917354 42 171899
1760010917729 42 171909
1760010918101 42 171919
1760010918464 42 171929
1760010918831 42 171939
1760010919207 42 171949
1760010919577 42 171959
1760010919952 42 171969
1760010920332 42 171979
1760010920708 42 171989
1760010921075 42 171999
1760010921462 42 172009
1760010921830 42 172019
1760010922196 42 172029
1760010922570 42 172039
1760010922943 42 172049
1760010923326 42 172059
1760010923704 42 172069
1760010924070 42 172079
1760010924437 42 172089
1760010924802 42 172099
1760010925169 42 172109
1760010925542 42 172119
1760010925917 42 172129
1760010926293 42 172139
1760010926667 42 172149
1760010927029 42 172159
1760010927392 42 172169
1760010927755 42 172179
1760010928117 42 172189
1760010928482 42 172199
1760010928848 42 172209
1760010929210 42 172219
1760010929567 42 172229
1760010929927 42 172239
1760010930291 42 172249
1760010930663 42 172259
1760010931033 42 172269
1760010931402 42 172279
1760010931764 42 172289
1760010932129 42 172299
1760010932517 42 172309
1760010932904 42 172319
1760010933267 42 172329
1760010933629 42 172339
1760010933985 42 172349
1760010934343 42 172359
1760010934705 42 172369
1760010935070 42 172379
1760010935443 42 172389
1760010935808 42 172399
1760010936165 42 172409
1760010936527 42 172419
1760010936888 42 172429
1760010937262 42 172439
1760010937607 42 172449
1760010937966 42 172459
1760010938328 42 172469
1760010938683 42 172479
1760010939043 42 172489
1760010939409 42 172499
1760010939763 42 172509
1760010940114 42 172519
1760010940467 42 172529
1760010940813 42 172539
1760010941161 42 172549
1760010941513 42 172559
1760010941878 42 172569
1760010942242 42 172579
1760010942605 42 172589
1760010942957 42 172599
1760010943326 42 172609
1760010943692 42 172619
1760010944061 42 172629
1760010944436 42 172639
1760010944798 42 172649
1760010945160 42 172659
1760010945519 42 172669
1760010945878 42 172679
1760010946238 42 172689
1760010946603 42 172699
1760010946967 42 172709
1760010947333 42 172719
1760010947696 42 172729
1760010948052 42 172739
1760010948409 42 172749
1760010948775 42 172759
1760010949141 42 172769
1760010949506 42 172779
1760010949872 42 172789
1760010950235 42 172799
1760010950601 42 172809
1760010950965 42 172819
1760010951363 42 172829
1760010951778 42 172839
1760010952176 42 172849
1760010952566 42 172859
1760010952948 42 172869
1760010953339 42 172879
1760010953717 42 172889
1760010954102 42 172899
1760010954483 42 172909
1760010954868 42 172919
1760010955249 42 172929
1760010955632 42 172939
1760010956015 42 172949
1760010956402 42 172959
1760010956777 42 172969
1760010957135 42 172979
1760010957508 42 172989
1760010957879 42 172999
1760010958255 42 173009
1760010958627 42 173019
1760010959007 42 173029
1760010959381 42 173039
1760010959756 42 173049
1760010960132 42 173059
1760010960506 42 173069
1760010960879 42 173079
1760010961259 42 173089
1760010961633 42 173099
1760010962008 42 173109
1760010962384 42 173119
1760010962760 42 173129
1760010963137 42 173139
1760010963514 42 173149
1760010963893 42 173159
1760010964261 42 173169
1760010964629 42 173179
1760010964998 42 173189
1760010965366 42 173199
1760010965739 42 173209
1760010966108 42 173219
1760010966476 42 173229
1760010966851 42 173239
1760010967225 42 173249
1760010967598 42 173259
1760010967969 42 173269
1760010968341 42 173279
1760010968713 42 173289
1760010969086 42 173299
1760010969461 42 173309
1760010969840 42 173319
1760010970206 42 173329
1760010970573 42 173339
1760010970941 42 173349
1760010971304 42 173359
1760010971658 42 173369
1760010972014 42 173379
1760010972370 42 173389
1760010972727 42 173399
1760010973088 42 173409
1760010973467 42 173419
1760010973824 42 173429
1760010974179 42 173439
1760010974532 42 173449
1760010974889 42 173459
1760010975248 42 173469
1760010975606 42 173479
1760010975964 42 173489
1760010976327 42 173499
1760010976697 42 173509
1760010977058 42 173519
1760010977419 42 173529
1760010977787 42 173539
1760010978661 42 173549
1760010979014 42 173559
1760010979364 42 173569
1760010979722 42 173579
1760010980067 42 173589
1760010980411 42 173599
1760010980757 42 173609
1760010981102 42 173619
1760010981454 42 173629
1760010981804 42 173639
1760010982150 42 173649
1760010982496 42 173659
1760010982841 42 173669
1760010992952 42 173676
1760010998749 43 173679
1760010999121 43 173689
1760010999499 43 173699
1760010999872 43 173709
1760011000258 43 173719
1760011000622 43 173729
1760011001028 43 173739
1760011001446 43 173749
1760011001804 43 173759
1760011002169 43 173769
1760011002533 43 173779
1760011002897 43 173789
1760011003258 43 173799
1760011003622 43 173809
1760011003989 43 173819
1760011004355 43 173829
1760011004722 43 173839
1760011005088 43 173849
1760011005454 43 173859
1760011005848 43 173869
1760011006210 43 173879
1760011006574 43 173889
1760011006952 43 173899
1760011007330 43 173909
1760011007708 43 173919
1760011008088 43 173929
1760011008469 43 173939
1760011008841 43 173949
1760011009223 43 173959
1760011009601 43 173969
1760011009975 43 173979
1760011010345 43 173989
1760011010722 43 173999
1760011011079 43 174009
1760011011440 43 174019
1760011011804 43 174029
1760011012164 43 174039
1760011012523 43 174049
1760011012883 43 174059
1760011013247 43 174069
1760011013600 43 174079
1760011013963 43 174089
1760011014316 43 174099
1760011014672 43 174109
1760011015026 43 174119
1760011015384 43 174129
1760011015741 43 174139
1760011016102 43 174149
1760011016469 43 174159
1760011016831 43 174169
1760011017191 43 174179
1760011017558 43 174189
1760011017916 43 174199
1760011018278 43 174209
1760011018644 43 174219
1760011019010 43 174229
1760011019378 43 174239
1760011019740 43 174249
1760011020104 43 174259
1760011020463 43 174269
1760011020825 43 174279
1760011021182 43 174289
1760011021543 43 174299
1760011021899 43 174309
1760011022258 43 174319
1760011022616 43 174329
1760011022979 43 174339
1760011023341 43 174349
1760011023703 43 174359
1760011024065 43 174369
1760011024395 43 174379
1760011024681 43 174389
1760011024924 43 174399
1760011025136 43 174409
1760011025368 43 174419
1760011025637 43 174429
1760011025910 43 174439
1760011026211 43 174449
1760011026562 43 174459
1760011026915 43 174469
1760011027268 43 174479
1760011027619 43 174489
1760011027970 43 174499
1760011028326 43 174509
1760011028703 43 174519
1760011029073 43 174529
1760011029444 43 174539
1760011029816 43 174549
1760011030187 43 174559
1760011030557 43 174569
1760011030931 43 174579
1760011031303 43 174589
1760011031682 43 174599
1760011032056 43 174609
1760011032428 43 174619
1760011032810 43 174629
1760011033185 43 174639
1760011033559 43 174649
1760011033929 43 174659
1760011034301 43 174669
1760011034676 43 174679
1760011035057 43 174689
1760011035427 43 174699
1760011035800 43 174709
1760011036170 43 174719
1760011036550 43 174729
1760011036924 43 174739
1760011037302 43 174749
1760011037684 43 174759
1760011038065 43 174769
1760011038438 43 174779
1760011038808 43 174789
1760011039177 43 174799
1760011039547 43 174809
1760011039925 43 174819
1760011040303 43 174829
1760011040683 43 174839
1760011041055 43 174849
1760011041425 43 174859
1760011041801 43 174869
1760011042188 43 174879
1760011042565 43 174889
1760011042948 43 174899
1760011043323 43 174909
1760011043698 43 174919
1760011044073 43 174929
1760011044446 43 174939
1760011044821 43 174949
1760011045198 43 174959
1760011045566 43 174969
1760011045934 43 174979
1760011046302 43 174989
1760011046671 43 174999
1760011047043 43 175009
1760011047410 43 175019
1760011047788 43 175029
1760011048156 43 175039
1760011048528 43 175049
1760011048900 43 175059
1760011049280 43 175069
1760011049653 43 175079
1760011050035 43 175089
1760011050406 43 175099
1760011050778 43 175109
1760011051153 43 175119
1760011051527 43 175129
1760011051909 43 175139
1760011052285 43 175149
1760011052661 43 175159
1760011053042 43 175169
1760011053421 43 175179
1760011053798 43 175189
1760011054194 43 175199
1760011054566 43 175209
1760011054950 43 175219
1760011055322 43 175229
1760011055694 43 175239
1760011056065 43 175249
1760011056440 43 175259
1760011056814 43 175269
1760011057189 43 175279
1760011057562 43 175289
1760011057944 43 175299
1760011058317 43 175309
1760011058690 43 175319
1760011059069 43 175329
1760011059444 43 175339
1760011059821 43 175349
1760011060198 43 175359
1760011060571 43 175369
1760011060945 43 175379
1760011061320 43 175389
1760011061698 43 175399
1760011062086 43 175409
1760011062459 43 175419
1760011062832 43 175429
1760011063206 43 175439
1760011063585 43 175449
1760011063970 43 175459
1760011064346 43 175469
1760011064762 43 175479
1760011065161 43 175489
1760011065512 43 175499
1760011065867 43 175509
1760011066215 43 175519
1760011066564 43 175529
1760011066912 43 175539
1760011067264 43 175549
1760011067616 43 175559
1760011067979 43 175569
1760011068333 43 175579
1760011068686 43 175589
1760011069037 43 175599
1760011069405 43 175609
1760011069756 43 175619
1760011070111 43 175629
1760011070471 43 175639
1760011070831 43 175649
1760011071181 43 175659
1760011071537 43 175669
1760011071899 43 175679
1760011072257 43 175689
1760011072630 43 175699
1760011072994 43 175709
1760011073353 43 175719
1760011073710 43 175729
1760011074068 43 175739
1760011074439 43 175749
1760011074802 43 175759
1760011075163 43 175769
1760011075524 43 175779
1760011075883 43 175789
1760011076242 43 175799
1760011076609 43 175809
1760011076991 43 175819
1760011077392 43 175829
1760011077762 43 175839
1760011078138 43 175849
1760011078513 43 175859
1760011078890 43 175869
1760011079278 43 175879
1760011079658 43 175889
1760011080043 43 175899
1760011080419 43 175909
1760011080790 43 175919
1760011081164 43 175929
1760011081551 43 175939
1760011081933 43 175949
1760011082306 43 175959
1760011082689 43 175969
1760011083070 43 175979
1760011083451 43 175989
1760011083825 43 175999
1760011084192 43 176009
1760011084560 43 176019
1760011084928 43 176029
1760011085300 43 176039
1760011085680 43 176049
1760011086050 43 176059
1760011086417 43 176069
1760011086787 43 176079
1760011087154 43 176089
1760011087523 43 176099
1760011087895 43 176109
1760011088273 43 176119
1760011088641 43 176129
1760011089010 43 176139
1760011089377 43 176149
1760011089749 43 176159
1760011090120 43 176169
1760011090499 43 176179
1760011090886 43 176189
1760011091261 43 176199
1760011091641 43 176209
1760011092023 43 176219
1760011092411 43 176229
1760011092791 43 176239
1760011093167 43 176249
1760011093543 43 176259
1760011093916 43 176269
1760011094290 43 176279
1760011094649 43 176289
1760011095003 43 176299
1760011095357 43 176309
1760011095719 43 176319
1760011096083 43 176329
1760011096436 43 176339
1760011096789 43 176349
1760011097142 43 176359
1760011097499 43 176369
1760011097860 43 176379
1760011098218 43 176389
1760011098572 43 176399
1760011098931 43 176409
1760011099295 43 176419
1760011099658 43 176429
1760011100017 43 176439
1760011100367 43 176449
1760011100719 43 176459
1760011101070 43 176469
1760011101439 43 176479
1760011101809 43 176489
1760011102180 43 176499
1760011102556 43 176509
1760011102928 43 176519
1760011103303 43 176529
1760011103679 43 176539
1760011104056 43 176549
1760011104439 43 176559
1760011104815 43 176569
1760011105190 43 176579
1760011105565 43 176589
1760011105937 43 176599
1760011106308 43 176609
1760011106679 43 176619
1760011107060 43 176629
1760011107436 43 176639
1760011107808 43 176649
1760011108181 43 176659
1760011108555 43 176669
1760011108930 43 176679
1760011109309 43 176689
1760011109694 43 176699
1760011110068 43 176709
1760011110444 43 176719
1760011110816 43 176729
1760011111190 43 176739
1760011111565 43 176749
1760011111952 43 176759
1760011112325 43 176769
1760011112705 43 176779
1760011113143 43 176789
1760011113523 43 176799
1760011113888 43 176809
1760011114247 43 176819
1760011114614 43 176829
1760011114974 43 176839
1760011115339 43 176849
1760011115701 43 176859
1760011116065 43 176869
1760011116442 43 176879
1760011116815 43 176889
1760011117183 43 176899
1760011117557 43 176909
1760011117936 43 176919
1760011118319 43 176929
1760011118678 43 176939
1760011119051 43 176949
1760011119421 43 176959
1760011119791 43 176969
1760011120172 43 176979
1760011120546 43 176989
1760011120923 43 176999
1760011121302 43 177009
1760011121671 43 177019
1760011122040 43 177029
1760011122412 43 177039
1760011122785 43 177049
1760011123156 43 177059
1760011123533 43 177069
1760011123903 43 177079
1760011124270 43 177089
1760011124647 43 177099
1760011125024 43 177109
1760011125394 43 177119
1760011125757 43 177129
1760011126129 43 177139
1760011126505 43 177149
1760011126877 43 177159
1760011127251 43 177169
1760011127621 43 177179
1760011127993 43 177189
1760011128371 43 177199
1760011128747 43 177209
1760011129115 43 177219
1760011129488 43 177229
1760011129872 43 177239
1760011130248 43 177249
1760011130618 43 177259
1760011130998 43 177269
1760011131369 43 177279
1760011131739 43 177289
1760011132110 43 177299
1760011132485 43 177309
1760011132853 43 177319
1760011133227 43 177329
1760011133596 43 177339
1760011133966 43 177349
1760011134336 43 177359
1760011134714 43 177369
1760011135084 43 177379
1760011135456 43 177389
1760011135831 43 177399
1760011136205 43 177409
1760011136587 43 177419
1760011136963 43 177429
1760011137344 43 177439
1760011137717 43 177449
1760011138096 43 177459
1760011138480 43 177469
1760011138860 43 177479
1760011139242 43 177489
1760011139625 43 177499
1760011139999 43 177509
1760011140380 43 177519
1760011140759 43 177529
1760011141136 43 177539
1760011141520 43 177549
1760011141904 43 177559
1760011142283 43 177569
1760011142661 43 177579
1760011143533 43 177589
1760011143897 43 177599
1760011144261 43 177609
1760011144623 43 177619
1760011144985 43 177629
1760011145347 43 177639
1760011145709 43 177649
1760011146075 43 177659
1760011146441 43 177669
1760011146807 43 177679
1760011147174 43 177689
1760011147540 43 177699
1760011147908 43 177709
1760011157910 43 177715
1760011163177 44 177719
1760011163555 44 177729
1760011163927 44 177739
1760011164303 44 177749
1760011164679 44 177759
1760011165068 44 177769
1760011165485 44 177779
1760011165838 44 177789
1760011166193 44 177799
1760011166555 44 177809
1760011166914 44 177819
1760011167270 44 177829
1760011167628 44 177839
1760011167996 44 177849
1760011168369 44 177859
1760011168735 44 177869
1760011169110 44 177879
1760011169479 44 177889
1760011169852 44 177899
1760011170227 44 177909
1760011170599 44 177919
1760011170973 44 177929
1760011171345 44 177939
1760011171711 44 177949
1760011172082 44 177959
1760011172454 44 177969
1760011172823 44 177979
1760011173195 44 177989
1760011173564 44 177999
1760011173933 44 178009
1760011174300 44 178019
1760011174671 44 178029
1760011175043 44 178039
1760011175410 44 178049
1760011175781 44 178059
1760011176149 44 178069
1760011176518 44 178079
1760011176889 44 178089
1760011177268 44 178099
1760011177642 44 178109
1760011178016 44 178119
1760011178386 44 178129
1760011178760 44 178139
1760011179131 44 178149
1760011179502 44 178159
1760011179870 44 178169
1760011180237 44 178179
1760011180604 44 178189
1760011180969 44 178199
1760011181336 44 178209
1760011181708 44 178219
1760011182077 44 178229
1760011182442 44 178239
1760011182811 44 178249
1760011183179 44 178259
1760011183549 44 178269
1760011183920 44 178279
1760011184292 44 178289
1760011184666 44 178299
1760011185038 44 178309
1760011185410 44 178319
1760011185782 44 178329
1760011186162 44 178339
1760011186543 44 178349
1760011186930 44 178359
1760011187307 44 178369
1760011187685 44 178379
1760011188061 44 178389
1760011188464 44 178399
1760011188839 44 178409
1760011189208 44 178419
1760011189578 44 178429
1760011189963 44 178439
1760011190328 44 178449
1760011190710 44 178459
1760011191087 44 178469
1760011191466 44 178479
1760011191836 44 178489
1760011192209 44 178499
1760011192587 44 178509
1760011192967 44 178519
1760011193341 44 178529
1760011193724 44 178539
1760011194092 44 178549
1760011194473 44 178559
1760011194847 44 178569
1760011195231 44 178579
1760011195591 44 178589
1760011195972 44 178599
1760011196351 44 178609
1760011196739 44 178619
1760011197123 44 178629
1760011197503 44 178639
1760011197879 44 178649
1760011198253 44 178659
1760011198634 44 178669
1760011199017 44 178679
1760011199384 44 178689
1760011199747 44 178699
1760011200110 44 178709
1760011200493 44 178719
1760011200841 44 178729
1760011201201 44 178739
1760011201567 44 178749
1760011201932 44 178759
1760011202293 44 178769
1760011202664 44 178779
1760011203029 44 178789
1760011203412 44 178799
1760011203795 44 178809
1760011204167 44 178819
1760011204533 44 178829
1760011204901 44 178839
1760011205266 44 178849
1760011205639 44 178859
1760011206008 44 178869
1760011206376 44 178879
1760011206746 44 178889
1760011207113 44 178899
1760011207486 44 178909
1760011207866 44 178919
1760011208247 44 178929
1760011208610 44 178939
1760011208987 44 178949
1760011209363 44 178959
1760011209734 44 178969
1760011210105 44 178979
1760011210476 44 178989
1760011210857 44 178999
1760011211220 44 179009
1760011211588 44 179019
1760011211956 44 179029
1760011212321 44 179039
1760011212688 44 179049
1760011213080 44 179059
1760011213458 44 179069
1760011213837 44 179079
1760011214212 44 179089
1760011214587 44 179099
1760011214967 44 179109
1760011215354 44 179119
1760011215730 44 179129
1760011216098 44 179139
1760011216473 44 179149
1760011216850 44 179159
1760011217223 44 179169
1760011217604 44 179179
1760011217980 44 179189
1760011218358 44 179199
1760011218736 44 179209
1760011219112 44 179219
1760011219486 44 179229
1760011219865 44 179239
1760011220244 44 179249
1760011220621 44 179259
1760011220998 44 179269
1760011221375 44 179279
1760011221753 44 179289
1760011222136 44 179299
1760011222506 44 179309
1760011222882 44 179319
1760011223253 44 179329
1760011223622 44 179339
1760011223996 44 179349
1760011224368 44 179359
1760011224741 44 179369
1760011225117 44 179379
1760011225496 44 179389
1760011225871 44 179399
1760011226245 44 179409
1760011226628 44 179419
1760011227002 44 179429
1760011227378 44 179439
1760011227752 44 179449
1760011228156 44 179459
1760011228528 44 179469
1760011228897 44 179479
1760011229263 44 179489
1760011229629 44 179499
1760011229996 44 179509
1760011230363 44 179519
1760011230728 44 179529
1760011231096 44 179539
1760011231462 44 179549
1760011231829 44 179559
1760011232198 44 179569
1760011232574 44 179579
1760011232954 44 179589
1760011233337 44 179599
1760011233715 44 179609
1760011234094 44 179619
1760011234472 44 179629
1760011234851 44 179639
1760011235230 44 179649
1760011235606 44 179659
1760011235983 44 179669
1760011236362 44 179679
1760011236741 44 179689
1760011237111 44 179699
1760011237482 44 179709
1760011237856 44 179719
1760011238229 44 179729
1760011238606 44 179739
1760011238984 44 179749
1760011239360 44 179759
1760011239736 44 179769
1760011240122 44 179779
1760011240494 44 179789
1760011240864 44 179799
1760011241233 44 179809
1760011241608 44 179819
1760011241981 44 179829
1760011242357 44 179839
1760011242730 44 179849
1760011243105 44 179859
1760011243485 44 179869
1760011243865 44 179879
1760011244237 44 179889
1760011244615 44 179899
1760011244988 44 179909
1760011245371 44 179919
1760011245751 44 179929
1760011246123 44 179939
1760011246506 44 179949
1760011246883 44 179959
1760011247261 44 179969
1760011247636 44 179979
1760011248017 44 179989
1760011248401 44 179999
1760011248782 44 180009
1760011249156 44 180019
1760011249538 44 180029
1760011249913 44 180039
1760011250296 44 180049
1760011250677 44 180059
1760011251059 44 180069
1760011251439 44 180079
1760011251833 44 180089
1760011252213 44 180099
1760011252590 44 180109
1760011252978 44 180119
1760011253360 44 180129
1760011253743 44 180139
1760011254121 44 180149
1760011254504 44 180159
1760011254886 44 180169
1760011255276 44 180179
1760011255659 44 180189
1760011256046 44 180199
1760011256412 44 180209
1760011256781 44 180219
1760011257148 44 180229
1760011257514 44 180239
1760011257879 44 180249
1760011258247 44 180259
1760011258616 44 180269
1760011258991 44 180279
1760011259360 44 180289
1760011259737 44 180299
1760011260108 44 180309
1760011260480 44 180319
1760011260850 44 180329
1760011261220 44 180339
1760011261598 44 180349
1760011261975 44 180359
1760011262347 44 180369
1760011262717 44 180379
1760011263088 44 180389
1760011263458 44 180399
1760011263835 44 180409
1760011264206 44 180419
1760011264578 44 180429
1760011264948 44 180439
1760011265319 44 180449
1760011265688 44 180459
1760011266059 44 180469
1760011266437 44 180479
1760011266815 44 180489
1760011267187 44 180499
1760011267560 44 180509
1760011267930 44 180519
1760011268301 44 180529
1760011268699 44 180539
1760011269079 44 180549
1760011269447 44 180559
1760011269815 44 180569
1760011270187 44 180579
1760011270559 44 180589
1760011270931 44 180599
1760011271302 44 180609
1760011271678 44 180619
1760011272049 44 180629
1760011272422 44 180639
1760011272793 44 180649
1760011273173 44 180659
1760011273568 44 180669
1760011273927 44 180679
1760011274296 44 180689
1760011274666 44 180699
1760011275039 44 180709
1760011275411 44 180719
1760011275786 44 180729
1760011276156 44 180739
1760011276531 44 180749
1760011276907 44 180759
1760011277286 44 180769
1760011277665 44 180779
1760011278046 44 180789
1760011278419 44 180799
1760011278792 44 180809
1760011279165 44 180819
1760011279536 44 180829
1760011279915 44 180839
1760011280291 44 180849
1760011280670 44 180859
1760011281047 44 180869
1760011281422 44 180879
1760011281798 44 180889
1760011282174 44 180899
1760011282551 44 180909
1760011282932 44 180919
1760011283310 44 180929
1760011283685 44 180939
1760011284062 44 180949
1760011284439 44 180959
1760011284817 44 180969
1760011285204 44 180979
1760011285757 44 180989
1760011286133 44 180999
1760011286514 44 181009
1760011286882 44 181019
1760011287238 44 181029
1760011287593 44 181039
1760011287965 44 181049
1760011288329 44 181059
1760011288694 44 181069
1760011289061 44 181079
1760011289424 44 181089
1760011289781 44 181099
1760011290147 44 181109
1760011290504 44 181119
1760011290863 44 181129
1760011291220 44 181139
1760011291585 44 181149
1760011291946 44 181159
1760011292307 44 181169
1760011292674 44 181179
1760011293037 44 181189
1760011293398 44 181199
1760011293759 44 181209
1760011294124 44 181219
1760011294488 44 181229
1760011294859 44 181239
1760011295217 44 181249
1760011295572 44 181259
1760011295930 44 181269
1760011296289 44 181279
1760011296645 44 181289
1760011297010 44 181299
1760011297382 44 181309
1760011297747 44 181319
1760011298112 44 181329
1760011298471 44 181339
1760011298838 44 181349
1760011299194 44 181359
1760011299551 44 181369
1760011299909 44 181379
1760011300266 44 181389
1760011300623 44 181399
1760011300982 44 181409
1760011301340 44 181419
1760011301703 44 181429
1760011302072 44 181439
1760011302443 44 181449
1760011302810 44 181459
1760011303171 44 181469
1760011303528 44 181479
1760011303885 44 181489
1760011304250 44 181499
1760011304614 44 181509
1760011304973 44 181519
1760011305329 44 181529
1760011305687 44 181539
1760011306043 44 181549
1760011306413 44 181559
1760011306766 44 181569
1760011307136 44 181579
1760011307490 44 181589
1760011307849 44 181599
1760011308205 44 181609
1760011308563 44 181619
1760011309412 44 181629
1760011309767 44 181639
1760011310120 44 181649
1760011310474 44 181659
1760011310827 44 181669
1760011311182 44 181679
1760011311537 44 181689
1760011311890 44 181699
1760011312243 44 181709
1760011312594 44 181719
1760011312947 44 181729
1760011313299 44 181739
1760011313653 44 181749
1760011324969 44 181754
1760011331150 45 181759
1760011331508 45 181769
1760011331876 45 181779
1760011332239 45 181789
1760011332599 45 181799
1760011332967 45 181809
1760011333338 45 181819
1760011333685 45 181829
1760011334064 45 181839
1760011334449 45 181849
1760011334825 45 181859
1760011335179 45 181869
1760011335533 45 181879
1760011335891 45 181889
1760011336256 45 181899
1760011336620 45 181909
1760011336987 45 181919
1760011337356 45 181929
1760011337735 45 181939
1760011338109 45 181949
1760011338477 45 181959
1760011338847 45 181969
1760011339217 45 181979
1760011339588 45 181989
1760011339950 45 181999
1760011340314 45 182009
1760011340667 45 182019
1760011341020 45 182029
1760011341375 45 182039
1760011341735 45 182049
1760011342095 45 182059
1760011342484 45 182069
1760011342862 45 182079
1760011343242 45 182089
1760011343620 45 182099
1760011344004 45 182109
1760011344382 45 182119
1760011344762 45 182129
1760011345138 45 182139
1760011345517 45 182149
1760011345900 45 182159
1760011346287 45 182169
1760011346678 45 182179
1760011347057 45 182189
1760011347440 45 182199
1760011347823 45 182209
1760011348213 45 182219
1760011348597 45 182229
1760011348973 45 182239
1760011349350 45 182249
1760011349734 45 182259
1760011350113 45 182269
1760011350498 45 182279
1760011350879 45 182289
1760011351260 45 182299
1760011351649 45 182309
1760011352034 45 182319
1760011352413 45 182329
1760011352784 45 182339
1760011353158 45 182349
1760011353531 45 182359
1760011353912 45 182369
1760011354283 45 182379
1760011354657 45 182389
1760011355029 45 182399
1760011355405 45 182409
1760011355788 45 182419
1760011356177 45 182429
1760011356562 45 182439
1760011356941 45 182449
1760011357319 45 182459
1760011357699 45 182469
1760011358084 45 182479
1760011358471 45 182489
1760011358846 45 182499
1760011359212 45 182509
1760011359580 45 182519
1760011359950 45 182529
1760011360315 45 182539
1760011360678 45 182549
1760011361042 45 182559
1760011361410 45 182569
1760011361776 45 182579
1760011362145 45 182589
1760011362511 45 182599
1760011362877 45 182609
1760011363244 45 182619
1760011363610 45 182629
1760011363977 45 182639
1760011364344 45 182649
1760011364713 45 182659
1760011365080 45 182669
1760011365445 45 182679
1760011365812 45 182689
1760011366180 45 182699
1760011366554 45 182709
1760011366930 45 182719
1760011367305 45 182729
1760011367676 45 182739
1760011368046 45 182749
1760011368426 45 182759
1760011368804 45 182769
1760011369181 45 182779
1760011369557 45 182789
1760011369932 45 182799
1760011370310 45 182809
1760011370691 45 182819
1760011371071 45 182829
1760011371453 45 182839
1760011371840 45 182849
1760011372210 45 182859
1760011372580 45 182869
1760011372950 45 182879
1760011373325 45 182889
1760011373695 45 182899
1760011374066 45 182909
1760011374441 45 182919
1760011374817 45 182929
1760011375195 45 182939
1760011375572 45 182949
1760011375945 45 182959
1760011376315 45 182969
1760011376688 45 182979
1760011377062 45 182989
1760011377438 45 182999
1760011377815 45 183009
1760011378190 45 183019
1760011378566 45 183029
1760011378945 45 183039
1760011379321 45 183049
1760011379698 45 183059
1760011380074 45 183069
1760011380449 45 183079
1760011380822 45 183089
1760011381196 45 183099
1760011381575 45 183109
1760011381958 45 183119
1760011382341 45 183129
1760011382728 45 183139
1760011383114 45 183149
1760011383501 45 183159
1760011383884 45 183169
1760011384258 45 183179
1760011384608 45 183189
1760011384961 45 183199
1760011385316 45 183209
1760011385667 45 183219
1760011386043 45 183229
1760011386422 45 183239
1760011386801 45 183249
1760011387181 45 183259
1760011387556 45 183269
1760011387929 45 183279
1760011388299 45 183289
1760011388673 45 183299
1760011389045 45 183309
1760011389416 45 183319
1760011389797 45 183329
1760011390175 45 183339
1760011390547 45 183349
1760011390924 45 183359
1760011391303 45 183369
1760011391679 45 183379
1760011392051 45 183389
1760011392431 45 183399
1760011392803 45 183409
1760011393181 45 183419
1760011393557 45 183429
1760011393930 45 183439
1760011394301 45 183449
1760011394671 45 183459
1760011395041 45 183469
1760011395411 45 183479
1760011395782 45 183489
1760011396153 45 183499
1760011396526 45 183509
1760011396897 45 183519
1760011397268 45 183529
1760011397637 45 183539
1760011398007 45 183549
1760011398378 45 183559
1760011398749 45 183569
1760011399119 45 183579
1760011399491 45 183589
1760011399860 45 183599
1760011400232 45 183609
1760011400604 45 183619
1760011400972 45 183629
1760011401348 45 183639
1760011401717 45 183649
1760011402088 45 183659
1760011402460 45 183669
1760011402833 45 183679
1760011403205 45 183689
1760011403580 45 183699
1760011403954 45 183709
1760011404329 45 183719
1760011404709 45 183729
1760011405087 45 183739
1760011405464 45 183749
1760011405839 45 183759
1760011406218 45 183769
1760011406600 45 183779
1760011406988 45 183789
1760011407370 45 183799
1760011407752 45 183809
1760011408147 45 183819
1760011408548 45 183829
1760011408962 45 183839
1760011409360 45 183849
1760011409763 45 183859
1760011410169 45 183869
1760011410567 45 183879
1760011410940 45 183889
1760011411310 45 183899
1760011411679 45 183909
1760011412050 45 183919
1760011412418 45 183929
1760011412785 45 183939
1760011413157 45 183949
1760011413526 45 183959
1760011413897 45 183969
1760011414266 45 183979
1760011414637 45 183989
1760011415008 45 183999
1760011415413 45 184009
1760011415825 45 184019
1760011416224 45 184029
1760011416635 45 184039
1760011417012 45 184049
1760011417387 45 184059
1760011417758 45 184069
1760011418130 45 184079
1760011418502 45 184089
1760011418877 45 184099
1760011419250 45 184109
1760011419624 45 184119
1760011419995 45 184129
1760011420372 45 184139
1760011420746 45 184149
1760011421120 45 184159
1760011421503 45 184169
1760011421883 45 184179
1760011422256 45 184189
1760011422637 45 184199
1760011423027 45 184209
1760011423412 45 184219
1760011423787 45 184229
1760011424163 45 184239
1760011424541 45 184249
1760011424917 45 184259
1760011425294 45 184269
1760011425668 45 184279
1760011426048 45 184289
1760011426416 45 184299
1760011426785 45 184309
1760011427163 45 184319
1760011427534 45 184329
1760011427905 45 184339
1760011428284 45 184349
1760011428657 45 184359
1760011429027 45 184369
1760011429400 45 184379
1760011429771 45 184389
1760011430144 45 184399
1760011430527 45 184409
1760011430908 45 184419
1760011431284 45 184429
1760011431664 45 184439
1760011432053 45 184449
1760011432429 45 184459
1760011432814 45 184469
1760011433202 45 184479
1760011433584 45 184489
1760011433962 45 184499
1760011434343 45 184509
1760011434723 45 184519
1760011435097 45 184529
1760011435475 45 184539
1760011435851 45 184549
1760011436224 45 184559
1760011436606 45 184569
1760011436985 45 184579
1760011437360 45 184589
1760011437742 45 184599
1760011438122 45 184609
1760011438500 45 184619
1760011438879 45 184629
1760011439265 45 184639
1760011439643 45 184649
1760011440021 45 184659
1760011440401 45 184669
1760011440780 45 184679
1760011441158 45 184689
1760011441536 45 184699
1760011441921 45 184709
1760011442299 45 184719
1760011442674 45 184729
1760011443057 45 184739
1760011443434 45 184749
1760011443809 45 184759
1760011444193 45 184769
1760011444568 45 184779
1760011444952 45 184789
1760011445327 45 184799
1760011445706 45 184809
1760011446089 45 184819
1760011446473 45 184829
1760011446855 45 184839
1760011447233 45 184849
1760011447613 45 184859
1760011447988 45 184869
1760011448361 45 184879
1760011448734 45 184889
1760011449110 45 184899
1760011449481 45 184909
1760011449861 45 184919
1760011450241 45 184929
1760011450611 45 184939
1760011450984 45 184949
1760011451359 45 184959
1760011451734 45 184969
1760011452108 45 184979
1760011452490 45 184989
1760011452874 45 184999
1760011453263 45 185009
1760011453634 45 185019
1760011453997 45 185029
1760011454353 45 185039
1760011454706 45 185049
1760011455075 45 185059
1760011455444 45 185069
1760011455825 45 185079
1760011456200 45 185089
1760011456579 45 185099
1760011456957 45 185109
1760011457333 45 185119
1760011457713 45 185129
1760011458099 45 185139
1760011458480 45 185149
1760011458853 45 185159
1760011459226 45 185169
1760011459600 45 185179
1760011459976 45 185189
1760011460339 45 185199
1760011460707 45 185209
1760011461076 45 185219
1760011461461 45 185229
1760011461838 45 185239
1760011462212 45 185249
1760011462586 45 185259
1760011462968 45 185269
1760011463342 45 185279
1760011463720 45 185289
1760011464096 45 185299
1760011464469 45 185309
1760011464845 45 185319
1760011465223 45 185329
1760011465603 45 185339
1760011465971 45 185349
1760011466339 45 185359
1760011466718 45 185369
1760011467089 45 185379
1760011467464 45 185389
1760011467836 45 185399
1760011468208 45 185409
1760011468581 45 185419
1760011468957 45 185429
1760011469329 45 185439
1760011469701 45 185449
1760011470073 45 185459
1760011470451 45 185469
1760011470821 45 185479
1760011471193 45 185489
1760011471565 45 185499
1760011471936 45 185509
1760011472316 45 185519
1760011472687 45 185529
1760011473057 45 185539
1760011473427 45 185549
1760011473797 45 185559
1760011474165 45 185569
1760011474539 45 185579
1760011474907 45 185589
1760011475282 45 185599
1760011475650 45 185609
1760011476020 45 185619
1760011476396 45 185629
1760011476762 45 185639
1760011477133 45 185649
1760011477502 45 185659
1760011478360 45 185669
1760011478722 45 185679
1760011479083 45 185689
1760011479442 45 185699
1760011479810 45 185709
1760011480178 45 185719
1760011480544 45 185729
1760011480910 45 185739
1760011481278 45 185749
1760011481643 45 185759
1760011482009 45 185769
1760011482377 45 185779
1760011482744 45 185789
1760011493224 45 185793
1760011498590 46 185799
1760011498938 46 185809
1760011499288 46 185819
1760011499639 46 185829
1760011499988 46 185839
1760011500351 46 185849
1760011500733 46 185859
1760011501071 46 185869
1760011501406 46 185879
1760011501750 46 185889
1760011502108 46 185899
1760011502445 46 185909
1760011502784 46 185919
1760011503131 46 185929
1760011503505 46 185939
1760011503853 46 185949
1760011504206 46 185959
1760011504554 46 185969
1760011504912 46 185979
1760011505264 46 185989
1760011505615 46 185999
1760011505963 46 186009
1760011506317 46 186019
1760011506667 46 186029
1760011507017 46 186039
1760011507375 46 186049
1760011507731 46 186059
1760011508091 46 186069
1760011508484 46 186079
1760011508837 46 186089
1760011509187 46 186099
1760011509540 46 186109
1760011509896 46 186119
1760011510254 46 186129
1760011510612 46 186139
1760011510966 46 186149
1760011511318 46 186159
1760011511675 46 186169
1760011512032 46 186179
1760011512387 46 186189
1760011512741 46 186199
1760011513097 46 186209
1760011513451 46 186219
1760011513804 46 186229
1760011514159 46 186239
1760011514515 46 186249
1760011514870 46 186259
1760011515225 46 186269
1760011515584 46 186279
1760011515940 46 186289
1760011516314 46 186299
1760011516684 46 186309
1760011517053 46 186319
1760011517425 46 186329
1760011517795 46 186339
1760011518158 46 186349
1760011518523 46 186359
1760011518897 46 186369
1760011519255 46 186379
1760011519613 46 186389
1760011519966 46 186399
1760011520366 46 186409
1760011520722 46 186419
1760011521081 46 186429
1760011521443 46 186439
1760011521809 46 186449
1760011522174 46 186459
1760011522540 46 186469
1760011522907 46 186479
1760011523279 46 186489
1760011523651 46 186499
1760011524025 46 186509
1760011524404 46 186519
1760011524787 46 186529
1760011525164 46 186539
1760011525539 46 186549
1760011525913 46 186559
1760011526288 46 186569
1760011526670 46 186579
1760011527050 46 186589
1760011527427 46 186599
1760011527801 46 186609
1760011528184 46 186619
1760011528561 46 186629
1760011528932 46 186639
1760011529303 46 186649
1760011529680 46 186659
1760011530051 46 186669
1760011530423 46 186679
1760011530791 46 186689
1760011531162 46 186699
1760011531545 46 186709
1760011531923 46 186719
1760011532296 46 186729
1760011532665 46 186739
1760011533051 46 186749
1760011533434 46 186759
1760011533807 46 186769
1760011534187 46 186779
1760011534569 46 186789
1760011534946 46 186799
1760011535329 46 186809
1760011535704 46 186819
1760011536090 46 186829
1760011536478 46 186839
1760011536852 46 186849
1760011537225 46 186859
1760011537598 46 186869
1760011537981 46 186879
1760011538358 46 186889
1760011538737 46 186899
1760011539114 46 186909
1760011539495 46 186919
1760011539868 46 186929
1760011540257 46 186939
1760011540636 46 186949
1760011541017 46 186959
1760011541389 46 186969
1760011541764 46 186979
1760011542139 46 186989
1760011542518 46 186999
1760011542902 46 187009
1760011543276 46 187019
1760011543652 46 187029
1760011544026 46 187039
1760011544410 46 187049
1760011544792 46 187059
1760011545178 46 187069
1760011545549 46 187079
1760011545915 46 187089
1760011546281 46 187099
1760011546657 46 187109
1760011547037 46 187119
1760011547406 46 187129
1760011547776 46 187139
1760011548133 46 187149
1760011548488 46 187159
1760011548845 46 187169
1760011549208 46 187179
1760011549559 46 187189
1760011549914 46 187199
1760011550282 46 187209
1760011550639 46 187219
1760011550997 46 187229
1760011551357 46 187239
1760011551716 46 187249
1760011552064 46 187259
1760011552416 46 187269
1760011552765 46 187279
1760011553114 46 187289
1760011553469 46 187299
1760011553820 46 187309
1760011554169 46 187319
1760011554520 46 187329
1760011554875 46 187339
1760011555219 46 187349
1760011555562 46 187359
1760011555906 46 187369
1760011556252 46 187379
1760011556604 46 187389
1760011556997 46 187399
1760011557372 46 187409
1760011557760 46 187419
1760011558162 46 187429
1760011558545 46 187439
1760011558935 46 187449
1760011559317 46 187459
1760011559699 46 187469
1760011560086 46 187479
1760011560451 46 187489
1760011560817 46 187499
1760011561187 46 187509
1760011561558 46 187519
1760011561930 46 187529
1760011562301 46 187539
1760011562673 46 187549
1760011563041 46 187559
1760011563413 46 187569
1760011563784 46 187579
1760011564157 46 187589
1760011564530 46 187599
1760011564903 46 187609
1760011565284 46 187619
1760011565657 46 187629
1760011566029 46 187639
1760011566402 46 187649
1760011566784 46 187659
1760011567160 46 187669
1760011567536 46 187679
1760011567914 46 187689
1760011568288 46 187699
1760011568672 46 187709
1760011569048 46 187719
1760011569426 46 187729
1760011569807 46 187739
1760011570188 46 187749
1760011570570 46 187759
1760011570956 46 187769
1760011571341 46 187779
1760011571725 46 187789
1760011572108 46 187799
1760011572490 46 187809
1760011572865 46 187819
1760011573243 46 187829
1760011573623 46 187839
1760011573985 46 187849
1760011574347 46 187859
1760011574709 46 187869
1760011575081 46 187879
1760011575459 46 187889
1760011575840 46 187899
1760011576215 46 187909
1760011576591 46 187919
1760011577013 46 187929
1760011577458 46 187939
1760011577857 46 187949
1760011578272 46 187959
1760011578677 46 187969
1760011579058 46 187979
1760011579457 46 187989
1760011579839 46 187999
1760011580225 46 188009
1760011580609 46 188019
1760011581009 46 188029
1760011581391 46 188039
1760011581788 46 188049
1760011582202 46 188059
1760011582607 46 188069
1760011583016 46 188079
1760011583392 46 188089
1760011583761 46 188099
1760011584133 46 188109
1760011584498 46 188119
1760011584863 46 188129
1760011585259 46 188139
1760011585787 46 188149
1760011586155 46 188159
1760011586527 46 188169
1760011586917 46 188179
1760011587274 46 188189
1760011587640 46 188199
1760011588011 46 188209
1760011588386 46 188219
1760011588762 46 188229
1760011589144 46 188239
1760011589516 46 188249
1760011589878 46 188259
1760011590236 46 188269
1760011590591 46 188279
1760011590950 46 188289
1760011591320 46 188299
1760011591685 46 188309
1760011592046 46 188319
1760011592398 46 188329
1760011592756 46 188339
1760011593109 46 188349
1760011593465 46 188359
1760011593818 46 188369
1760011594169 46 188379
1760011594518 46 188389
1760011594876 46 188399
1760011595229 46 188409
1760011595586 46 188419
1760011595945 46 188429
1760011596297 46 188439
1760011596648 46 188449
1760011597000 46 188459
1760011597352 46 188469
1760011597703 46 188479
1760011598060 46 188489
1760011598417 46 188499
1760011598770 46 188509
1760011599125 46 188519
1760011599482 46 188529
1760011599837 46 188539
1760011600193 46 188549
1760011600570 46 188559
1760011600945 46 188569
1760011601305 46 188579
1760011601619 46 188589
1760011601974 46 188599
1760011602336 46 188609
1760011602709 46 188619
1760011603078 46 188629
1760011603443 46 188639
1760011603793 46 188649
1760011604162 46 188659
1760011604524 46 188669
1760011604842 46 188679
1760011605198 46 188689
1760011605550 46 188699
1760011605906 46 188709
1760011606274 46 188719
1760011606630 46 188729
1760011606995 46 188739
1760011607361 46 188749
1760011607719 46 188759
1760011608081 46 188769
1760011608439 46 188779
1760011608809 46 188789
1760011609178 46 188799
1760011609540 46 188809
1760011609856 46 188819
1760011610204 46 188829
1760011610560 46 188839
1760011610928 46 188849
1760011611289 46 188859
1760011611645 46 188869
1760011612012 46 188879
1760011612369 46 188889
1760011612723 46 188899
1760011613088 46 188909
1760011613448 46 188919
1760011613803 46 188929
1760011614167 46 188939
1760011614523 46 188949
1760011614882 46 188959
1760011615239 46 188969
1760011615604 46 188979
1760011615974 46 188989
1760011616352 46 188999
1760011616723 46 189009
1760011617098 46 189019
1760011617474 46 189029
1760011617854 46 189039
1760011618226 46 189049
1760011618602 46 189059
1760011618979 46 189069
1760011619355 46 189079
1760011619728 46 189089
1760011620104 46 189099
1760011620483 46 189109
1760011620853 46 189119
1760011621224 46 189129
1760011621594 46 189139
1760011621965 46 189149
1760011622339 46 189159
1760011622719 46 189169
1760011623101 46 189179
1760011623482 46 189189
1760011623868 46 189199
1760011624258 46 189209
1760011624641 46 189219
1760011625018 46 189229
1760011625401 46 189239
1760011625780 46 189249
1760011626167 46 189259
1760011626545 46 189269
1760011626928 46 189279
1760011627302 46 189289
1760011627680 46 189299
1760011628072 46 189309
1760011628444 46 189319
1760011628829 46 189329
1760011629209 46 189339
1760011629585 46 189349
1760011629964 46 189359
1760011630340 46 189369
1760011630723 46 189379
1760011631104 46 189389
1760011631506 46 189399
1760011631884 46 189409
1760011632271 46 189419
1760011632644 46 189429
1760011633015 46 189439
1760011633389 46 189449
1760011633762 46 189459
1760011634134 46 189469
1760011634507 46 189479
1760011634881 46 189489
1760011635259 46 189499
1760011635629 46 189509
1760011636007 46 189519
1760011636384 46 189529
1760011636754 46 189539
1760011637125 46 189549
1760011637496 46 189559
1760011637865 46 189569
1760011638250 46 189579
1760011638623 46 189589
1760011638994 46 189599
1760011639367 46 189609
1760011639739 46 189619
1760011640118 46 189629
1760011640504 46 189639
1760011640885 46 189649
1760011641257 46 189659
1760011641628 46 189669
1760011642003 46 189679
1760011642372 46 189689
1760011642743 46 189699
1760011643610 46 189709
1760011643970 46 189719
1760011644335 46 189729
1760011644701 46 189739
1760011645067 46 189749
1760011645433 46 189759
1760011645798 46 189769
1760011646164 46 189779
1760011646535 46 189789
1760011646908 46 189799
1760011647283 46 189809
1760011647650 46 189819
1760011647998 46 189829
1760011657631 46 189832
1760011662767 47 189839
1760011663092 47 189849
1760011663443 47 189859
1760011663751 47 189869
1760011664082 47 189879
1760011664418 47 189889
1760011664788 47 189899
1760011665098 47 189909
1760011665422 47 189919
1760011665799 47 189929
1760011666179 47 189939
1760011666542 47 189949
1760011666908 47 189959
1760011667286 47 189969
1760011667660 47 189979
1760011668035 47 189989
1760011668413 47 189999
1760011668796 47 190009
1760011669135 47 190019
1760011669493 47 190029
1760011669876 47 190039
1760011670263 47 190049
1760011670643 47 190059
1760011671026 47 190069
1760011671406 47 190079
1760011671784 47 190089
1760011672166 47 190099
1760011672544 47 190109
1760011672925 47 190119
1760011673312 47 190129
1760011673688 47 190139
1760011674070 47 190149
1760011674453 47 190159
1760011674835 47 190169
1760011675218 47 190179
1760011675602 47 190189
1760011675980 47 190199
1760011676366 47 190209
1760011676754 47 190219
1760011677142 47 190229
1760011677530 47 190239
1760011677911 47 190249
1760011678293 47 190259
1760011678678 47 190269
1760011679062 47 190279
1760011679441 47 190289
1760011679821 47 190299
1760011680202 47 190309
1760011680587 47 190319
1760011680965 47 190329
1760011681341 47 190339
1760011681714 47 190349
1760011682093 47 190359
1760011682472 47 190369
1760011682851 47 190379
1760011683230 47 190389
1760011683612 47 190399
1760011683995 47 190409
1760011684375 47 190419
1760011684751 47 190429
1760011685130 47 190439
1760011685514 47 190449
1760011685896 47 190459
1760011686270 47 190469
1760011686644 47 190479
1760011687027 47 190489
1760011687408 47 190499
1760011687788 47 190509
1760011688177 47 190519
1760011688554 47 190529
1760011688927 47 190539
1760011689302 47 190549
1760011689676 47 190559
1760011690090 47 190569
1760011690473 47 190579
1760011690854 47 190589
1760011691230 47 190599
1760011691604 47 190609
1760011691986 47 190619
1760011692362 47 190629
1760011692742 47 190639
1760011693123 47 190649
1760011693510 47 190659
1760011693889 47 190669
1760011694266 47 190679
1760011694643 47 190689
1760011695019 47 190699
1760011695393 47 190709
1760011695770 47 190719
1760011696142 47 190729
1760011696516 47 190739
1760011696890 47 190749
1760011697261 47 190759
1760011697644 47 190769
1760011698055 47 190779
1760011698467 47 190789
1760011698845 47 190799
1760011699224 47 190809
1760011699598 47 190819
1760011700008 47 190829
1760011700381 47 190839
1760011700759 47 190849
1760011701134 47 190859
1760011701518 47 190869
1760011701899 47 190879
1760011702276 47 190889
1760011702657 47 190899
1760011703040 47 190909
1760011703428 47 190919
1760011703812 47 190929
1760011704187 47 190939
1760011704565 47 190949
1760011704950 47 190959
1760011705324 47 190969
1760011705698 47 190979
1760011706076 47 190989
1760011706465 47 190999
1760011706831 47 191009
1760011707201 47 191019
1760011707577 47 191029
1760011707940 47 191039
1760011708315 47 191049
1760011708689 47 191059
1760011709065 47 191069
1760011709439 47 191079
1760011709810 47 191089
1760011710183 47 191099
1760011710559 47 191109
1760011710940 47 191119
1760011711320 47 191129
1760011711696 47 191139
1760011712065 47 191149
1760011712431 47 191159
1760011712806 47 191169
1760011713174 47 191179
1760011713546 47 191189
1760011713918 47 191199
1760011714289 47 191209
1760011714659 47 191219
1760011715038 47 191229
1760011715423 47 191239
1760011715794 47 191249
1760011716162 47 191259
1760011716532 47 191269
1760011716901 47 191279
1760011717270 47 191289
1760011717645 47 191299
1760011718022 47 191309
1760011718396 47 191319
1760011718768 47 191329
1760011719137 47 191339
1760011719509 47 191349
1760011719887 47 191359
1760011720266 47 191369
1760011720638 47 191379
1760011721010 47 191389
1760011721384 47 191399
1760011721761 47 191409
1760011722133 47 191419
1760011722504 47 191429
1760011722887 47 191439
1760011723261 47 191449
1760011723640 47 191459
1760011724016 47 191469
1760011724408 47 191479
1760011724792 47 191489
1760011725175 47 191499
1760011725556 47 191509
1760011725928 47 191519
1760011726298 47 191529
1760011726671 47 191539
1760011727045 47 191549
1760011727418 47 191559
1760011727800 47 191569
1760011728177 47 191579
1760011728550 47 191589
1760011728921 47 191599
1760011729294 47 191609
1760011729666 47 191619
1760011730046 47 191629
1760011730426 47 191639
1760011730804 47 191649
1760011731183 47 191659
1760011731575 47 191669
1760011731952 47 191679
1760011732331 47 191689
1760011732709 47 191699
1760011733082 47 191709
1760011733455 47 191719
1760011733829 47 191729
1760011734214 47 191739
1760011734588 47 191749
1760011734961 47 191759
1760011735337 47 191769
1760011735724 47 191779
1760011736107 47 191789
1760011736502 47 191799
1760011736886 47 191809
1760011737270 47 191819
1760011737660 47 191829
1760011738040 47 191839
1760011738420 47 191849
1760011738800 47 191859
1760011739180 47 191869
1760011739562 47 191879
1760011739942 47 191889
1760011740324 47 191899
1760011740706 47 191909
1760011741090 47 191919
1760011741476 47 191929
1760011741861 47 191939
1760011742245 47 191949
1760011742632 47 191959
1760011743016 47 191969
1760011743402 47 191979
1760011743788 47 191989
1760011744171 47 191999
1760011744557 47 192009
1760011744941 47 192019
1760011745325 47 192029
1760011745705 47 192039
1760011746087 47 192049
1760011746465 47 192059
1760011746841 47 192069
1760011747219 47 192079
1760011747602 47 192089
1760011747983 47 192099
1760011748368 47 192109
1760011748750 47 192119
1760011749130 47 192129
1760011749507 47 192139
1760011749883 47 192149
1760011750262 47 192159
1760011750638 47 192169
1760011751015 47 192179
1760011751401 47 192189
1760011751775 47 192199
1760011752150 47 192209
1760011752534 47 192219
1760011752912 47 192229
1760011753295 47 192239
1760011753677 47 192249
1760011754068 47 192259
1760011754451 47 192269
1760011754840 47 192279
1760011755222 47 192289
1760011755604 47 192299
1760011755989 47 192309
1760011756376 47 192319
1760011756764 47 192329
1760011757146 47 192339
1760011757524 47 192349
1760011757897 47 192359
1760011758275 47 192369
1760011758651 47 192379
1760011759020 47 192389
1760011759393 47 192399
1760011759767 47 192409
1760011760140 47 192419
1760011760518 47 192429
1760011760897 47 192439
1760011761274 47 192449
1760011761653 47 192459
1760011762032 47 192469
1760011762409 47 192479
1760011762782 47 192489
1760011763155 47 192499
1760011763531 47 192509
1760011763904 47 192519
1760011764277 47 192529
1760011764656 47 192539
1760011765030 47 192549
1760011765403 47 192559
1760011765780 47 192569
1760011766158 47 192579
1760011766539 47 192589
1760011766923 47 192599
1760011767306 47 192609
1760011767694 47 192619
1760011768080 47 192629
1760011768459 47 192639
1760011768840 47 192649
1760011769224 47 192659
1760011769599 47 192669
1760011769974 47 192679
1760011770365 47 192689
1760011770745 47 192699
1760011771121 47 192709
1760011771515 47 192719
1760011771895 47 192729
1760011772275 47 192739
1760011772660 47 192749
1760011773040 47 192759
1760011773418 47 192769
1760011773800 47 192779
1760011774177 47 192789
1760011774554 47 192799
1760011774932 47 192809
1760011775315 47 192819
1760011775699 47 192829
1760011776079 47 192839
1760011776482 47 192849
1760011776867 47 192859
1760011777255 47 192869
1760011777634 47 192879
1760011778018 47 192889
1760011778405 47 192899
1760011778794 47 192909
1760011779176 47 192919
1760011779552 47 192929
1760011779929 47 192939
1760011780305 47 192949
1760011780682 47 192959
1760011781060 47 192969
1760011781444 47 192979
1760011781830 47 192989
1760011782209 47 192999
1760011782591 47 193009
1760011782973 47 193019
1760011783350 47 193029
1760011783714 47 193039
1760011784076 47 193049
1760011784442 47 193059
1760011784807 47 193069
1760011785170 47 193079
1760011785536 47 193089
1760011785917 47 193099
1760011786286 47 193109
1760011786639 47 193119
1760011787001 47 193129
1760011787363 47 193139
1760011787719 47 193149
1760011788074 47 193159
1760011788429 47 193169
1760011788780 47 193179
1760011789137 47 193189
1760011789494 47 193199
1760011789844 47 193209
1760011790204 47 193219
1760011790555 47 193229
1760011790907 47 193239
1760011791264 47 193249
1760011791626 47 193259
1760011791994 47 193269
1760011792362 47 193279
1760011792724 47 193289
1760011793093 47 193299
1760011793465 47 193309
1760011793831 47 193319
1760011794204 47 193329
1760011794565 47 193339
1760011794928 47 193349
1760011795294 47 193359
1760011795663 47 193369
1760011796031 47 193379
1760011796402 47 193389
1760011796776 47 193399
1760011797155 47 193409
1760011797525 47 193419
1760011797904 47 193429
1760011798282 47 193439
1760011798660 47 193449
1760011799043 47 193459
1760011799425 47 193469
1760011799809 47 193479
1760011800180 47 193489
1760011800552 47 193499
1760011800933 47 193509
1760011801335 47 193519
1760011801711 47 193529
1760011802087 47 193539
1760011802466 47 193549
1760011802843 47 193559
1760011803226 47 193569
1760011803600 47 193579
1760011803974 47 193589
1760011804349 47 193599
1760011804736 47 193609
1760011805116 47 193619
1760011805498 47 193629
1760011805886 47 193639
1760011806277 47 193649
1760011806672 47 193659
1760011807064 47 193669
1760011807445 47 193679
1760011807833 47 193689
1760011808217 47 193699
1760011808606 47 193709
1760011808995 47 193719
1760011809377 47 193729
1760011809760 47 193739
1760011810632 47 193749
1760011811004 47 193759
1760011811378 47 193769
1760011811754 47 193779
1760011812129 47 193789
1760011812506 47 193799
1760011812886 47 193809
1760011813260 47 193819
1760011813622 47 193829
1760011813984 47 193839
1760011814347 47 193849
1760011814711 47 193859
1760011815073 47 193869
1760011824434 47 193871
1760011829466 48 193879
1760011829833 48 193889
1760011830195 48 193899
1760011830541 48 193909
1760011830904 48 193919
1760011831255 48 193929
1760011831672 48 193939
1760011832023 48 193949
1760011832378 48 193959
1760011832733 48 193969
1760011833088 48 193979
1760011833447 48 193989
1760011833809 48 193999
1760011834177 48 194009
1760011834545 48 194019
1760011834912 48 194029
1760011835286 48 194039
1760011835655 48 194049
1760011836021 48 194059
1760011836390 48 194069
1760011836759 48 194079
1760011837125 48 194089
1760011837490 48 194099
1760011837844 48 194109
1760011838224 48 194119
1760011838595 48 194129
1760011838997 48 194139
1760011839370 48 194149
1760011839736 48 194159
1760011840100 48 194169
1760011840467 48 194179
1760011840839 48 194189
1760011841208 48 194199
1760011841588 48 194209
1760011841955 48 194219
1760011842325 48 194229
1760011842699 48 194239
1760011843069 48 194249
1760011843443 48 194259
1760011843821 48 194269
1760011844187 48 194279
1760011844554 48 194289
1760011844922 48 194299
1760011845290 48 194309
1760011845660 48 194319
1760011846028 48 194329
1760011846397 48 194339
1760011846773 48 194349
1760011847142 48 194359
1760011847518 48 194369
1760011847893 48 194379
1760011848273 48 194389
1760011848653 48 194399
1760011849030 48 194409
1760011849406 48 194419
1760011849784 48 194429
1760011850158 48 194439
1760011850537 48 194449
1760011850927 48 194459
1760011851304 48 194469
1760011851685 48 194479
1760011852060 48 194489
1760011852434 48 194499
1760011852813 48 194509
1760011853195 48 194519
1760011853580 48 194529
1760011853961 48 194539
1760011854334 48 194549
1760011854704 48 194559
1760011855080 48 194569
1760011855451 48 194579
1760011855822 48 194589
1760011856193 48 194599
1760011856572 48 194609
1760011856953 48 194619
1760011857318 48 194629
1760011857690 48 194639
1760011858049 48 194649
1760011858412 48 194659
1760011858773 48 194669
1760011859143 48 194679
1760011859503 48 194689
1760011859864 48 194699
1760011860234 48 194709
1760011860613 48 194719
1760011860975 48 194729
1760011861338 48 194739
1760011861709 48 194749
1760011862068 48 194759
1760011862431 48 194769
1760011862787 48 194779
1760011863144 48 194789
1760011863499 48 194799
1760011863857 48 194809
1760011864218 48 194819
1760011864589 48 194829
1760011864945 48 194839
1760011865299 48 194849
1760011865649 48 194859
1760011866008 48 194869
1760011866361 48 194879
1760011866711 48 194889
1760011867082 48 194899
1760011867445 48 194909
1760011867798 48 194919
1760011868162 48 194929
1760011868516 48 194939
1760011868875 48 194949
1760011869229 48 194959
1760011869590 48 194969
1760011869946 48 194979
1760011870298 48 194989
1760011870659 48 194999
1760011871012 48 195009
1760011871366 48 195019
1760011871725 48 195029
1760011872092 48 195039
1760011872446 48 195049
1760011872807 48 195059
1760011873167 48 195069
1760011873522 48 195079
1760011873894 48 195089
1760011874262 48 195099
1760011874623 48 195109
1760011874987 48 195119
1760011875361 48 195129
1760011875725 48 195139
1760011876091 48 195149
1760011876465 48 195159
1760011876830 48 195169
1760011877187 48 195179
1760011877559 48 195189
1760011877923 48 195199
1760011878284 48 195209
1760011878656 48 195219
1760011879023 48 195229
1760011879383 48 195239
1760011879745 48 195249
1760011880113 48 195259
1760011880436 48 195269
1760011880711 48 195279
1760011880953 48 195289
1760011881177 48 195299
1760011881492 48 195309
1760011881837 48 195319
1760011882197 48 195329
1760011882563 48 195339
1760011882922 48 195349
1760011883292 48 195359
1760011883658 48 195369
1760011884025 48 195379
1760011884390 48 195389
1760011884751 48 195399
1760011885121 48 195409
1760011885710 48 195419
1760011886068 48 195429
1760011886433 48 195439
1760011886804 48 195449
1760011887170 48 195459
1760011887533 48 195469
1760011887899 48 195479
1760011888265 48 195489
1760011888645 48 195499
1760011889028 48 195509
1760011889412 48 195519
1760011889818 48 195529
1760011890201 48 195539
1760011890584 48 195549
1760011890964 48 195559
1760011891355 48 195569
1760011891739 48 195579
1760011892106 48 195589
1760011892482 48 195599
1760011892859 48 195609
1760011893259 48 195619
1760011893661 48 195629
1760011894072 48 195639
1760011894462 48 195649
1760011894845 48 195659
1760011895212 48 195669
1760011895557 48 195679
1760011895902 48 195689
1760011896246 48 195699
1760011896592 48 195709
1760011896942 48 195719
1760011897288 48 195729
1760011897634 48 195739
1760011897980 48 195749
1760011898324 48 195759
1760011898669 48 195769
1760011899018 48 195779
1760011899369 48 195789
1760011899721 48 195799
1760011900070 48 195809
1760011900420 48 195819
1760011900770 48 195829
1760011901121 48 195839
1760011901476 48 195849
1760011901827 48 195859
1760011902175 48 195869
1760011902526 48 195879
1760011902877 48 195889
1760011903227 48 195899
1760011903603 48 195909
1760011903978 48 195919
1760011904355 48 195929
1760011904723 48 195939
1760011905095 48 195949
1760011905483 48 195959
1760011905859 48 195969
1760011906230 48 195979
1760011906617 48 195989
1760011906990 48 195999
1760011907361 48 196009
1760011907741 48 196019
1760011908128 48 196029
1760011908528 48 196039
1760011908925 48 196049
1760011909303 48 196059
1760011909681 48 196069
1760011910062 48 196079
1760011910446 48 196089
1760011910826 48 196099
1760011911207 48 196109
1760011911589 48 196119
1760011911967 48 196129
1760011912342 48 196139
1760011912729 48 196149
1760011913115 48 196159
1760011913500 48 196169
1760011913879 48 196179
1760011914260 48 196189
1760011914642 48 196199
1760011915025 48 196209
1760011915402 48 196219
1760011915775 48 196229
1760011916158 48 196239
1760011916543 48 196249
1760011916925 48 196259
1760011917307 48 196269
1760011917722 48 196279
1760011918093 48 196289
1760011918469 48 196299
1760011918834 48 196309
1760011919205 48 196319
1760011919575 48 196329
1760011919948 48 196339
1760011920317 48 196349
1760011920689 48 196359
1760011921060 48 196369
1760011921430 48 196379
1760011921802 48 196389
1760011922184 48 196399
1760011922548 48 196409
1760011922910 48 196419
1760011923293 48 196429
1760011923672 48 196439
1760011924047 48 196449
1760011924417 48 196459
1760011924789 48 196469
1760011925165 48 196479
1760011925533 48 196489
1760011925905 48 196499
1760011926265 48 196509
1760011926618 48 196519
1760011926977 48 196529
1760011927343 48 196539
1760011927698 48 196549
1760011928053 48 196559
1760011928414 48 196569
1760011928767 48 196579
1760011929121 48 196589
1760011929479 48 196599
1760011929862 48 196609
1760011930227 48 196619
1760011930581 48 196629
1760011930943 48 196639
1760011931303 48 196649
1760011931664 48 196659
1760011932029 48 196669
1760011932387 48 196679
1760011932747 48 196689
1760011933110 48 196699
1760011933477 48 196709
1760011933838 48 196719
1760011934209 48 196729
1760011934582 48 196739
1760011934935 48 196749
1760011935293 48 196759
1760011935652 48 196769
1760011936010 48 196779
1760011936372 48 196789
1760011936734 48 196799
1760011937095 48 196809
1760011937461 48 196819
1760011937823 48 196829
1760011938179 48 196839
1760011938537 48 196849
1760011938898 48 196859
1760011939253 48 196869
1760011939614 48 196879
1760011939977 48 196889
1760011940327 48 196899
1760011940686 48 196909
1760011941042 48 196919
1760011941401 48 196929
1760011941757 48 196939
1760011942111 48 196949
1760011942462 48 196959
1760011942811 48 196969
1760011943168 48 196979
1760011943525 48 196989
1760011943880 48 196999
1760011944218 48 197009
1760011944503 48 197019
1760011944742 48 197029
1760011944953 48 197039
