1760003688934 0.0002999853061298343 9
1760003689332 0.00029993451620050077 19
1760003689684 0.00029984746108800654 29
1760003690033 0.0002997241618486746 39
1760003690372 0.000299564648305321 49
1760003690757 0.0002993689590400415 59
1760003691093 0.00029913714138487965 69
1760003691446 0.00029886925141037846 79
1760003691775 0.0002985653539120181 89
1760003692103 0.000298225522394544 99
1760003692438 0.0002978498390541879 109
1760003692768 0.0002974383947587865 119
1760003693109 0.0002969912890258032 129
1760003693451 0.00029650862999825757 139
1760003693793 0.00029599053441856804 149
1760003694135 0.00029543712760031525 159
1760003694479 0.00029484854339793207 169
1760003694821 0.00029422492417432755 179
1760003695164 0.0002935664207664534 189
1760003695510 0.0002928731924488203 199
1760003695851 0.00029214540689497355 209
1760003696192 0.0002913832401369376 219
1760003696536 0.0002905868765226384 229
1760003696877 0.0002897565086713143 239
1760003697220 0.000288892337426927 249
1760003697564 0.00028799457180958245 259
1760003697911 0.0002870634289649745 269
1760003698254 0.000286099134111863 279
1760003698597 0.0002851019204875996 289
1760003698939 0.00028407202929171355 299
1760003699283 0.00028300970962757217 309
1760003699646 0.0002819152184421291 319
1760003700005 0.00028078882046377593 329
1760003700387 0.00027963078813831124 339
1760003700759 0.0002784414015630431 349
1760003701124 0.0002772209484190413 359
1760003701510 0.0002759697239015544 369
1760003701876 0.00027468803064861053 379
1760003702241 0.00027337617866781663 389
1760003702609 0.0002720344852613761 399
1760003702979 0.00027066327494934187 409
1760003703349 0.00026926287939112354 419
1760003703715 0.00026783363730526773 429
1760003704070 0.00026637589438753106 439
1760003704429 0.00026489000322726556 449
1760003704804 0.0002633763232221366 459
1760003705176 0.00026183522049119423 469
1760003705541 0.0002602670677863185 479
1760003705910 0.00025867224440206087 489
1760003706280 0.0002570511360839028 499
1760003706644 0.0002554041349349542 509
1760003707014 0.00025373163932111394 519
1760003707381 0.00025203405377471606 529
1760003707748 0.0002503117888966836 539
1760003708117 0.00024856526125721575 549
1760003708498 0.00024679489329502996 559
1760003708864 0.0002450011132151856 569
1760003709227 0.0002431843548855124 579
1760003709602 0.0002413450577316694 589
1760003709968 0.00023948366663085926 599
1760003710337 0.0002376006318042248 609
1760003710699 0.0002356964087079518 619
1760003711064 0.0002337714579231067 629
1760003711425 0.00023182624504423417 639
1760003711802 0.00022986124056674192 649
1760003712178 0.00022787691977310052 659
1760003712541 0.0002258737626178852 669
1760003712907 0.00022385225361168747 679
1760003713276 0.000221812881703925 689
1760003713643 0.0002197561401645774 699
1760003714011 0.00021768252646487765 709
1760003714380 0.0002155925421569869 719
1760003714756 0.00021348669275268224 729
1760003715127 0.00021136548760108674 739
1760003715488 0.0002092294397654716 749
1760003715848 0.00020707906589915968 759
1760003716210 0.00020491488612056066 769
1760003716574 0.00020273742388736822 779
1760003716937 0.00020054720586994973 789
1760003717305 0.00019834476182395834 799
1760003717682 0.0001961306244621992 809
1760003718050 0.00019390532932578062 819
1760003718418 0.00019166941465458058 829
1760003718778 0.00018942342125706095 839
1760003719144 0.0001871678923794602 849
1760003719513 0.0001849033735743964 859
1760003719878 0.00018263041256891288 869
1760003720246 0.00018034955913199727 879
1760003720604 0.000178061364941607 889
1760003720980 0.0001757663834512331 899
1760003721354 0.00017346516975603462 909
1760003721737 0.00017115828045857548 919
1760003722105 0.00016884627353419725 929
1760003722479 0.00016652970819605993 939
1760003722850 0.00016420914475988283 949
1760003723220 0.00016188514450841905 959
1760003723588 0.00015955826955569625 969
1760003723951 0.0001572290827110561 979
1760003724333 0.0001548981473430256 989
1760003724700 0.0001525660272430531 999
1760003725068 0.00015023328648914238 1009
1760003725434 0.0001479004893094168 1019
1760003725804 0.00014556819994564758 1029
1760003726170 0.0001432369825167788 1039
1760003726531 0.000140907400882482 1049
1760003726895 0.00013858001850677325 1059
1760003727261 0.00013625539832172646 1069
1760003727626 0.00013393410259131462 1079
1760003727989 0.00013161669277541357 1089
1760003728354 0.00012930372939399935 1099
1760003728720 0.00012699577189157344 1109
1760003729086 0.00012469337850184794 1119
1760003729434 0.0001223971061127237 1129
1760003729786 0.0001201075101315938 1139
1760003730130 0.00011782514435100525 1149
1760003730486 0.00011555056081471142 1159
1760003730830 0.00011328430968414707 1169
1760003731195 0.00011102693910535907 1179
1760003731561 0.00010877899507642425 1189
1760003731915 0.00010654102131538705 1199
1760003732262 0.00010431355912874855 1209
1760003732608 0.00010209714728053875 1219
1760003732961 9.989232186200379e-05 1229
1760003733327 9.769961616193986e-05 1239
1760003733682 9.551956053770447e-05 1249
1760003734034 9.335268228693753e-05 1259
1760003734384 9.119950552002153e-05 1269
1760003734745 8.906055103331356e-05 1279
1760003735111 8.693633618317822e-05 1289
1760003735472 8.482737476085294e-05 1299
1760003735848 8.273417686817557e-05 1309
1760003736214 8.065724879420392e-05 1319
1760003736588 7.859709289275858e-05 1329
1760003736949 7.655420746091592e-05 1339
1760003737311 7.452908661848419e-05 1349
1760003737675 7.25222201884882e-05 1359
1760003738042 7.053409357869476e-05 1369
1760003738400 6.856518766420501e-05 1379
1760003738772 6.66159786711438e-05 1389
1760003739138 6.468693806147272e-05 1399
1760003739501 6.277853241895678e-05 1409
1760003739862 6.0891223336309255e-05 1419
1760003740226 5.9025467303545264e-05 1429
1760003740587 5.71817155975688e-05 1439
1760003740950 5.5360414173020524e-05 1449
1760003741313 5.356200355441378e-05 1459
1760003741680 5.1786918729582674e-05 1469
1760003742051 5.0035589044470594e-05 1479
1760003742415 4.830843809928261e-05 1489
1760003742775 4.660588364602783e-05 1499
1760003743131 4.4928337487476076e-05 1509
1760003743490 4.3276205377554316e-05 1519
1760003743835 4.164988692320473e-05 1529
1760003744184 4.0049775487731026e-05 1539
1760003744530 3.847625809565406e-05 1549
1760003744872 3.6929715339100676e-05 1559
1760003745213 3.541052128574911e-05 1569
1760003745553 3.391904338835123e-05 1579
1760003745895 3.2455642395856047e-05 1589
1760003746238 3.102067226615379e-05 1599
1760003746580 2.9614480080463042e-05 1609
1760003746921 2.823740595938076e-05 1619
1760003747261 2.6889782980616605e-05 1629
1760003747602 2.5571937098429622e-05 1639
1760003747943 2.4284187064789108e-05 1649
1760003748288 2.3026844352276698e-05 1659
1760003748663 2.1800213078749355e-05 1669
1760003749034 2.0604589933781663e-05 1679
1760003749391 1.9440264106903987e-05 1689
1760003749749 1.8307517217655616e-05 1699
1760003750107 1.7206623247468277e-05 1709
1760003750466 1.6137848473397324e-05 1719
1760003750824 1.5101451403716364e-05 1729
1760003751191 1.4097682715391045e-05 1739
1760003751559 1.3126785193446753e-05 1749
1760003751927 1.2188993672245578e-05 1759
1760003752298 1.1284534978686033e-05 1769
1760003752667 1.0413627877339492e-05 1779
1760003753032 9.576483017537133e-06 1789
1760003753393 8.773302882419165e-06 1799
1760003753750 8.004281739959689e-06 1809
1760003754119 7.269605595978439e-06 1819
1760003754485 6.569452149150772e-06 1829
1760003754846 5.903990748027221e-06 1839
1760003755206 5.2733823500724915e-06 1849
1760003755565 4.677779482734073e-06 1859
1760003755934 4.117326206550065e-06 1869
1760003756314 3.5921580803045635e-06 1879
1760003756687 3.1024021282396784e-06 1889
1760003757056 2.6481768093317866e-06 1899
1760003757423 2.22959198863929e-06 1909
1760003757780 1.8467489107293509e-06 1919
1760003758139 1.499740175189368e-06 1929
1760003758512 1.1886497142297391e-06 1939
1760003758875 9.135527723827363e-07 1949
1760003759241 6.745158883029289e-07 1959
1760003759607 4.7159687867325823e-07 1969
1760003759973 3.048448242206736e-07 1979
1760003760342 1.7430005784486167e-07 1989
1760003760710 7.999415486266703e-08 1999
1760003761084 2.1949925371050893e-08 2009
1760003761455 1.8140872975469512e-10 2019
1760003761836 0.0002999853061298343 2029
1760003762223 0.00029993451620050077 2039
1760003762585 0.00029984746108800654 2049
1760003762947 0.0002997241618486746 2059
1760003763309 0.000299564648305321 2069
1760003763675 0.0002993689590400415 2079
1760003764032 0.00029913714138487965 2089
1760003764396 0.00029886925141037846 2099
1760003764761 0.0002985653539120181 2109
1760003765138 0.000298225522394544 2119
1760003765501 0.0002978498390541879 2129
1760003765864 0.0002974383947587865 2139
1760003766224 0.0002969912890258032 2149
1760003766604 0.00029650862999825757 2159
1760003766971 0.00029599053441856804 2169
1760003767336 0.00029543712760031525 2179
1760003767711 0.00029484854339793207 2189
1760003768079 0.00029422492417432755 2199
1760003768437 0.0002935664207664534 2209
1760003768779 0.0002928731924488203 2219
1760003769149 0.00029214540689497355 2229
1760003769518 0.0002913832401369376 2239
1760003769885 0.0002905868765226384 2249
1760003770245 0.0002897565086713143 2259
1760003770606 0.000288892337426927 2269
1760003770969 0.00028799457180958245 2279
1760003771335 0.0002870634289649745 2289
1760003771701 0.000286099134111863 2299
1760003772070 0.0002851019204875996 2309
1760003772439 0.00028407202929171355 2319
1760003772807 0.00028300970962757217 2329
1760003773174 0.0002819152184421291 2339
1760003773548 0.00028078882046377593 2349
1760003773921 0.00027963078813831124 2359
1760003774290 0.0002784414015630431 2369
1760003774676 0.0002772209484190413 2379
1760003775043 0.0002759697239015544 2389
1760003775417 0.00027468803064861053 2399
1760003775792 0.00027337617866781663 2409
1760003776168 0.0002720344852613761 2419
1760003776537 0.00027066327494934187 2429
1760003776913 0.00026926287939112354 2439
1760003777280 0.00026783363730526773 2449
1760003777650 0.00026637589438753106 2459
1760003778032 0.00026489000322726556 2469
1760003778403 0.0002633763232221366 2479
1760003778777 0.00026183522049119423 2489
1760003779153 0.0002602670677863185 2499
1760003779519 0.00025867224440206087 2509
1760003779882 0.0002570511360839028 2519
1760003780246 0.0002554041349349542 2529
1760003780609 0.00025373163932111394 2539
1760003780973 0.00025203405377471606 2549
1760003781341 0.0002503117888966836 2559
1760003781704 0.00024856526125721575 2569
1760003782068 0.00024679489329502996 2579
1760003782434 0.0002450011132151856 2589
1760003782800 0.0002431843548855124 2599
1760003783162 0.0002413450577316694 2609
1760003783528 0.00023948366663085926 2619
1760003783890 0.0002376006318042248 2629
1760003784254 0.0002356964087079518 2639
1760003784622 0.0002337714579231067 2649
1760003784985 0.00023182624504423417 2659
1760003785449 0.00022986124056674192 2669
1760003785857 0.00022787691977310052 2679
1760003786226 0.0002258737626178852 2689
1760003786589 0.00022385225361168747 2699
1760003786959 0.000221812881703925 2709
1760003787330 0.0002197561401645774 2719
1760003787696 0.00021768252646487765 2729
1760003788067 0.0002155925421569869 2739
1760003788455 0.00021348669275268224 2749
1760003788818 0.00021136548760108674 2759
1760003789181 0.0002092294397654716 2769
1760003789544 0.00020707906589915968 2779
1760003789908 0.00020491488612056066 2789
1760003790281 0.00020273742388736822 2799
1760003790641 0.00020054720586994973 2809
1760003791001 0.00019834476182395834 2819
1760003791363 0.0001961306244621992 2829
1760003791739 0.00019390532932578062 2839
1760003792103 0.00019166941465458058 2849
1760003792466 0.00018942342125706095 2859
1760003792832 0.0001871678923794602 2869
1760003793219 0.0001849033735743964 2879
1760003793583 0.00018263041256891288 2889
1760003793958 0.00018034955913199727 2899
1760003794335 0.000178061364941607 2909
1760003794708 0.0001757663834512331 2919
1760003795074 0.00017346516975603462 2929
1760003795440 0.00017115828045857548 2939
1760003795805 0.00016884627353419725 2949
1760003796179 0.00016652970819605993 2959
1760003796553 0.00016420914475988283 2969
1760003796920 0.00016188514450841905 2979
1760003797293 0.00015955826955569625 2989
1760003797660 0.0001572290827110561 2999
1760003798027 0.0001548981473430256 3009
1760003798392 0.0001525660272430531 3019
1760003798761 0.00015023328648914238 3029
1760003799129 0.0001479004893094168 3039
1760003799497 0.00014556819994564758 3049
1760003799859 0.0001432369825167788 3059
1760003800223 0.000140907400882482 3069
1760003800586 0.00013858001850677325 3079
1760003800953 0.00013625539832172646 3089
1760003801321 0.00013393410259131462 3099
1760003801686 0.00013161669277541357 3109
1760003802051 0.00012930372939399935 3119
1760003802415 0.00012699577189157344 3129
1760003802776 0.00012469337850184794 3139
1760003803140 0.0001223971061127237 3149
1760003803505 0.0001201075101315938 3159
1760003803867 0.00011782514435100525 3169
1760003804229 0.00011555056081471142 3179
1760003804617 0.00011328430968414707 3189
1760003804970 0.00011102693910535907 3199
1760003805324 0.00010877899507642425 3209
1760003805670 0.00010654102131538705 3219
1760003806016 0.00010431355912874855 3229
1760003806361 0.00010209714728053875 3239
1760003806707 9.989232186200379e-05 3249
1760003807056 9.769961616193986e-05 3259
1760003807405 9.551956053770447e-05 3269
1760003807751 9.335268228693753e-05 3279
1760003808093 9.119950552002153e-05 3289
1760003808434 8.906055103331356e-05 3299
1760003808776 8.693633618317822e-05 3309
1760003809118 8.482737476085294e-05 3319
1760003809465 8.273417686817557e-05 3329
1760003809811 8.065724879420392e-05 3339
1760003810153 7.859709289275858e-05 3349
1760003810497 7.655420746091592e-05 3359
1760003810840 7.452908661848419e-05 3369
1760003811182 7.25222201884882e-05 3379
1760003811524 7.053409357869476e-05 3389
1760003811866 6.856518766420501e-05 3399
1760003812209 6.66159786711438e-05 3409
1760003812551 6.468693806147272e-05 3419
1760003812894 6.277853241895678e-05 3429
1760003813238 6.0891223336309255e-05 3439
1760003813585 5.9025467303545264e-05 3449
1760003813929 5.71817155975688e-05 3459
1760003814270 5.5360414173020524e-05 3469
1760003814611 5.356200355441378e-05 3479
1760003814954 5.1786918729582674e-05 3489
1760003815301 5.0035589044470594e-05 3499
1760003815645 4.830843809928261e-05 3509
1760003816000 4.660588364602783e-05 3519
1760003816381 4.4928337487476076e-05 3529
1760003816747 4.3276205377554316e-05 3539
1760003817092 4.164988692320473e-05 3549
1760003817440 4.0049775487731026e-05 3559
1760003817788 3.847625809565406e-05 3569
1760003818135 3.6929715339100676e-05 3579
1760003818487 3.541052128574911e-05 3589
1760003818837 3.391904338835123e-05 3599
1760003819202 3.2455642395856047e-05 3609
1760003819554 3.102067226615379e-05 3619
1760003819905 2.9614480080463042e-05 3629
1760003820260 2.823740595938076e-05 3639
1760003820615 2.6889782980616605e-05 3649
1760003820973 2.5571937098429622e-05 3659
1760003821321 2.4284187064789108e-05 3669
1760003821673 2.3026844352276698e-05 3679
1760003822031 2.1800213078749355e-05 3689
1760003822383 2.0604589933781663e-05 3699
1760003822734 1.9440264106903987e-05 3709
1760003823085 1.8307517217655616e-05 3719
1760003823443 1.7206623247468277e-05 3729
1760003823793 1.6137848473397324e-05 3739
1760003824144 1.5101451403716364e-05 3749
1760003824507 1.4097682715391045e-05 3759
1760003824860 1.3126785193446753e-05 3769
1760003825212 1.2188993672245578e-05 3779
1760003825572 1.1284534978686033e-05 3789
1760003825930 1.0413627877339492e-05 3799
1760003826289 9.576483017537133e-06 3809
1760003826649 8.773302882419165e-06 3819
1760003827011 8.004281739959689e-06 3829
1760003827363 7.269605595978439e-06 3839
1760003827715 6.569452149150772e-06 3849
1760003828073 5.903990748027221e-06 3859
1760003828430 5.2733823500724915e-06 3869
1760003828791 4.677779482734073e-06 3879
1760003829155 4.117326206550065e-06 3889
1760003829511 3.5921580803045635e-06 3899
1760003829871 3.1024021282396784e-06 3909
1760003830692 2.6481768093317866e-06 3919
1760003831055 2.22959198863929e-06 3929
1760003831424 1.8467489107293509e-06 3939
1760003831788 1.499740175189368e-06 3949
1760003832156 1.1886497142297391e-06 3959
1760003832518 9.135527723827363e-07 3969
1760003832882 6.745158883029289e-07 3979
1760003833245 4.7159687867325823e-07 3989
1760003833609 3.048448242206736e-07 3999
1760003833972 1.7430005784486167e-07 4009
1760003834338 7.999415486266703e-08 4019
1760003834698 2.1949925371050893e-08 4029
1760003893735 1.8140872975469512e-10 4039
1760003894145 0.0002984853795991852 4049
1760003894509 0.0002984348436194983 4059
1760003894869 0.0002983482237825665 4069
1760003895240 0.00029822554103943125 4079
1760003895640 0.0002980668250637944 4089
1760003896002 0.0002978721142448413 4099
1760003896415 0.0002976414556779553 4109
1760003896783 0.0002973749051533266 4119
1760003897135 0.000297072527142458 4129
1760003897499 0.0002967343947825713 4139
1760003897855 0.00029636058985891693 4149
1760003898215 0.0002959512027849926 4159
1760003898573 0.0002955063325806742 4169
1760003898937 0.0002950260868482663 4179
1760003899310 0.0002945105817464752 4189
1760003899688 0.0002939599419623137 4199
1760003900056 0.0002933743006809424 4209
1760003900435 0.000292753799553456 4219
1760003900807 0.00029209858866262117 4229
1760003901167 0.0002914088264865762 4239
1760003901533 0.0002906846798604987 4249
1760003901907 0.00028992632393625296 4259
1760003902295 0.00028913394214002524 4269
1760003902668 0.00028830772612795775 4279
1760003903085 0.0002874478757397924 4289
1760003903450 0.0002865545989505346 4299
1760003903814 0.00028562811182014967 4309
1760003904199 0.0002846686384413037 4319
1760003904578 0.00028367641088516163 4329
1760003904939 0.000282651669145255 4339
1760003905301 0.0002815946610794343 4349
1760003905683 0.0002805056423499185 4359
1760003906051 0.00027938487636145707 4369
1760003906420 0.0002782326341976197 4379
1760003906786 0.0002770491945552279 4389
1760003907152 0.00027583484367694604 4399
1760003907520 0.00027458987528204665 4409
1760003907890 0.0002733145904953675 4419
1760003908253 0.0002720092977744776 4429
1760003908618 0.00027067431283506925 4439
1760003908999 0.0002693099585745952 4449
1760003909376 0.000267916564994168 4459
1760003909762 0.0002664944691187414 4469
1760003910130 0.0002650440149155934 4479
1760003910499 0.00026356555321112925 4489
1760003910856 0.000262059441606026 4499
1760003911222 0.0002605260443887383 4509
1760003911592 0.0002589657324473869 4519
1760003911953 0.0002573788831800506 4529
1760003912309 0.00025576588040348327 4539
1760003912679 0.00025412711426027945 4549
1760003913047 0.00025246298112450836 4559
1760003913410 0.00025077388350584247 4569
1760003913775 0.00024906022995220024 4579
1760003914146 0.00024732243495092967 4589
1760003914523 0.0002455609188285548 4599
1760003914886 0.0002437761076491097 4609
1760003915247 0.00024196843311108485 4619
1760003915604 0.00024013833244301106 4629
1760003915957 0.00023828624829770498 4639
1760003916316 0.00023641262864520368 4649
1760003916675 0.00023451792666441204 4659
1760003917032 0.0002326026006334912 4669
1760003917390 0.00023066711381901302 4679
1760003917746 0.00022871193436390823 4689
1760003918114 0.00022673753517423503 4699
1760003918476 0.0002247443938047958 4709
1760003918845 0.00022273299234362904 4719
1760003919220 0.00022070381729540542 4729
1760003919599 0.0002186573594637545 4739
1760003919973 0.0002165941138325533 4749
1760003920332 0.00021451457944620197 4759
1760003920681 0.00021241925928891885 4769
1760003921034 0.0002103086601630813 4779
1760003921388 0.00020818329256664427 4789
1760003921742 0.0002060436705696639 4799
1760003922098 0.00020389031168995786 4809
1760003922452 0.0002017237367679314 4819
1760003922796 0.00019954446984059998 4829
1760003923142 0.00019735303801483856 4839
1760003923489 0.0001951499713398882 4849
1760003923834 0.00019293580267915172 4859
1760003924178 0.0001907110675813077 4869
1760003924533 0.00018847630415077567 4879
1760003924877 0.0001862320529175629 4889
1760003925221 0.00018397885670652444 4899
1760003925567 0.00018171726050606835 4909
1760003925912 0.00017944781133633728 4919
1760003926256 0.00017717105811689896 4929
1760003926604 0.00017488755153397697 4939
1760003926954 0.00017259784390725446 4949
1760003927298 0.0001703024890562826 4959
1760003927642 0.00016800204216652626 4969
1760003927989 0.00016569705965507962 4979
1760003928334 0.0001633880990360834 4989
1760003928684 0.00016107571878587695 4999
1760003929036 0.00015876047820791777 5009
1760003929380 0.0001564429372975008 5019
1760003929726 0.0001541236566063105 5029
1760003930076 0.00015180319710683787 5039
1760003930422 0.0001494821200566967 5049
1760003930767 0.0001471609868628697 5059
1760003931117 0.00014484035894591935 5069
1760003931468 0.00014252079760419491 5079
1760003931812 0.0001402028638780696 5089
1760003932165 0.0001378871184142394 5099
1760003932524 0.00013557412133011784 5109
1760003932882 0.00013326443207835805 5119
1760003933242 0.0001309586093115365 5129
1760003933599 0.00012865721074702935 5139
1760003933959 0.0001263607930321156 5149
1760003934320 0.00012406991160933872 5159
1760003934675 0.00012178512058216009 5169
1760003935034 0.00011950697258093584 5179
1760003935405 0.00011723601862925023 5189
1760003935767 0.00011497280801063787 5199
1760003936126 0.00011271788813572634 5209
1760003936500 0.00011047180440983228 5219
1760003936866 0.00010823510010104213 5229
1760003937226 0.00010600831620881012 5239
1760003937583 0.00010379199133310481 5249
1760003937953 0.00010158666154413607 5259
1760003938337 9.939286025269379e-05 5269
1760003938698 9.721111808113016e-05 5279
1760003939061 9.504196273501596e-05 5289
1760003939427 9.288591887550284e-05 5299
1760003939790 9.074350799242142e-05 5309
1760003940152 8.861524827814699e-05 5319
1760003940510 8.650165450226233e-05 5329
1760003940876 8.440323788704868e-05 5339
1760003941242 8.23205059838347e-05 5349
1760003941605 8.025396255023291e-05 5359
1760003941964 7.820410742829479e-05 5369
1760003942346 7.617143642361133e-05 5379
1760003942713 7.415644118539177e-05 5389
1760003943081 7.215960908754577e-05 5399
1760003943453 7.018142311080129e-05 5409
1760003943831 6.822236172588399e-05 5419
1760003944200 6.628289877778807e-05 5429
1760003944570 6.436350337116535e-05 5439
1760003944941 6.2464639756862e-05 5449
1760003945321 6.058676721962771e-05 5459
1760003945695 5.873033996702754e-05 5469
1760003946066 5.689580701958096e-05 5479
1760003946438 5.508361210215542e-05 5489
1760003946813 5.329419353664172e-05 5499
1760003947194 5.152798413593476e-05 5509
1760003947562 4.978541109924825e-05 5519
1760003947924 4.80668959087862e-05 5529
1760003948280 4.637285422779769e-05 5539
1760003948674 4.47036958000387e-05 5549
1760003949027 4.305982435066654e-05 5559
1760003949406 4.144163748858871e-05 5569
1760003949775 3.984952661029237e-05 5579
1760003950127 3.828387680517579e-05 5589
1760003950477 3.6745066762405176e-05 5599
1760003950829 3.523346867932037e-05 5609
1760003951184 3.3749448171409474e-05 5619
1760003951534 3.2293364183876765e-05 5629
1760003951888 3.086556890482302e-05 5639
1760003952242 2.946640768006073e-05 5649
1760003952610 2.8096218929583856e-05 5659
1760003952966 2.675533406571352e-05 5669
1760003953340 2.5444077412937476e-05 5679
1760003953704 2.4162766129465163e-05 5689
1760003954070 2.2911710130515316e-05 5699
1760003954427 2.1691212013355612e-05 5709
1760003954793 2.0501566984112755e-05 5719
1760003955157 1.9343062786369468e-05 5729
1760003955522 1.8215979631567338e-05 5739
1760003955882 1.7120590131230936e-05 5749
1760003956248 1.6057159231030338e-05 5759
1760003956615 1.5025944146697783e-05 5769
1760003956977 1.402719430181409e-05 5779
1760003957338 1.306115126747952e-05 5789
1760003957698 1.2128048703884351e-05 5799
1760003958073 1.1228112303792603e-05 5809
1760003958443 1.0361559737952795e-05 5819
1760003958807 9.528600602449448e-06 5829
1760003959169 8.729436368007069e-06 5839
1760003959549 7.964260331259891e-06 5849
1760003959902 7.233257567998547e-06 5859
1760003960251 6.536604888405019e-06 5869
1760003960596 5.874470794287085e-06 5879
1760003960941 5.247015438322129e-06 5889
1760003961287 4.654390585320403e-06 5899
1760003961633 4.0967395755173145e-06 5909
1760003961998 3.574197289903041e-06 5919
1760003962347 3.08689011759848e-06 5929
1760003962690 2.634935925285128e-06 5939
1760003963033 2.2184440286960936e-06 5949
1760003963378 1.8375151661757042e-06 5959
1760003963722 1.492241474313421e-06 5969
1760003964067 1.1827064656585905e-06 5979
1760003964414 9.089850085208226e-07 5989
1760003964761 6.711433088614143e-07 5999
1760003965108 4.69238894279892e-07 6009
1760003965451 3.033206000995702e-07 6019
1760003965796 1.7342855755563738e-07 6029
1760003966148 7.95941840883537e-08 6039
1760003966498 2.184017574419564e-08 6049
1760003966841 1.8050168610592164e-10 6059
1760003967185 0.0002984853795991852 6069
1760003967533 0.0002984348436194983 6079
1760003967880 0.0002983482237825665 6089
1760003968230 0.00029822554103943125 6099
1760003968595 0.0002980668250637944 6109
1760003968955 0.0002978721142448413 6119
1760003969312 0.0002976414556779553 6129
1760003969664 0.0002973749051533266 6139
1760003970012 0.000297072527142458 6149
1760003970362 0.0002967343947825713 6159
1760003970723 0.00029636058985891693 6169
1760003971077 0.0002959512027849926 6179
1760003971435 0.0002955063325806742 6189
1760003971816 0.0002950260868482663 6199
1760003972173 0.0002945105817464752 6209
1760003972533 0.0002939599419623137 6219
1760003972882 0.0002933743006809424 6229
1760003973242 0.000292753799553456 6239
1760003973593 0.00029209858866262117 6249
1760003973947 0.0002914088264865762 6259
1760003974302 0.0002906846798604987 6269
1760003974647 0.00028992632393625296 6279
1760003975002 0.00028913394214002524 6289
1760003975363 0.00028830772612795775 6299
1760003975712 0.0002874478757397924 6309
1760003976068 0.0002865545989505346 6319
1760003976424 0.00028562811182014967 6329
1760003976775 0.0002846686384413037 6339
1760003977194 0.00028367641088516163 6349
1760003977556 0.000282651669145255 6359
1760003977927 0.0002815946610794343 6369
1760003978304 0.0002805056423499185 6379
1760003978672 0.00027938487636145707 6389
1760003979029 0.0002782326341976197 6399
1760003979378 0.0002770491945552279 6409
1760003979723 0.00027583484367694604 6419
1760003980069 0.00027458987528204665 6429
1760003980413 0.0002733145904953675 6439
1760003980760 0.0002720092977744776 6449
1760003981106 0.00027067431283506925 6459
1760003981462 0.0002693099585745952 6469
1760003981819 0.000267916564994168 6479
1760003982172 0.0002664944691187414 6489
1760003982521 0.0002650440149155934 6499
1760003982874 0.00026356555321112925 6509
1760003983225 0.000262059441606026 6519
1760003983583 0.0002605260443887383 6529
1760003983934 0.0002589657324473869 6539
1760003984285 0.0002573788831800506 6549
1760003984662 0.00025576588040348327 6559
1760003985047 0.00025412711426027945 6569
1760003985411 0.00025246298112450836 6579
1760003985774 0.00025077388350584247 6589
1760003986137 0.00024906022995220024 6599
1760003986493 0.00024732243495092967 6609
1760003986882 0.0002455609188285548 6619
1760003987250 0.0002437761076491097 6629
1760003987610 0.00024196843311108485 6639
1760003987970 0.00024013833244301106 6649
1760003988333 0.00023828624829770498 6659
1760003988695 0.00023641262864520368 6669
1760003989061 0.00023451792666441204 6679
1760003989423 0.0002326026006334912 6689
1760003989788 0.00023066711381901302 6699
1760003990150 0.00022871193436390823 6709
1760003990507 0.00022673753517423503 6719
1760003990877 0.0002247443938047958 6729
1760003991240 0.00022273299234362904 6739
1760003991608 0.00022070381729540542 6749
1760003991972 0.0002186573594637545 6759
1760003992328 0.0002165941138325533 6769
1760003992689 0.00021451457944620197 6779
1760003993055 0.00021241925928891885 6789
1760003993416 0.0002103086601630813 6799
1760003993774 0.00020818329256664427 6809
1760003994130 0.0002060436705696639 6819
1760003994497 0.00020389031168995786 6829
1760003994860 0.0002017237367679314 6839
1760003995220 0.00019954446984059998 6849
1760003995587 0.00019735303801483856 6859
1760003995945 0.0001951499713398882 6869
1760003996307 0.00019293580267915172 6879
1760003996678 0.0001907110675813077 6889
1760003997048 0.00018847630415077567 6899
1760003997411 0.0001862320529175629 6909
1760003997779 0.00018397885670652444 6919
1760003998139 0.00018171726050606835 6929
1760003998531 0.00017944781133633728 6939
1760003998903 0.00017717105811689896 6949
1760003999268 0.00017488755153397697 6959
1760003999627 0.00017259784390725446 6969
1760003999995 0.0001703024890562826 6979
1760004000358 0.00016800204216652626 6989
1760004000733 0.00016569705965507962 6999
1760004001095 0.0001633880990360834 7009
1760004001463 0.00016107571878587695 7019
1760004001832 0.00015876047820791777 7029
1760004002202 0.0001564429372975008 7039
1760004002571 0.0001541236566063105 7049
1760004002945 0.00015180319710683787 7059
1760004003322 0.0001494821200566967 7069
1760004003686 0.0001471609868628697 7079
1760004004047 0.00014484035894591935 7089
1760004004417 0.00014252079760419491 7099
1760004004783 0.0001402028638780696 7109
1760004005146 0.0001378871184142394 7119
1760004005506 0.00013557412133011784 7129
1760004005874 0.00013326443207835805 7139
1760004006258 0.0001309586093115365 7149
1760004006632 0.00012865721074702935 7159
1760004006992 0.0001263607930321156 7169
1760004007358 0.00012406991160933872 7179
1760004007727 0.00012178512058216009 7189
1760004008094 0.00011950697258093584 7199
1760004008464 0.00011723601862925023 7209
1760004008829 0.00011497280801063787 7219
1760004009185 0.00011271788813572634 7229
1760004009551 0.00011047180440983228 7239
1760004009929 0.00010823510010104213 7249
1760004010299 0.00010600831620881012 7259
1760004010666 0.00010379199133310481 7269
1760004011031 0.00010158666154413607 7279
1760004011381 9.939286025269379e-05 7289
1760004011726 9.721111808113016e-05 7299
1760004012071 9.504196273501596e-05 7309
1760004012415 9.288591887550284e-05 7319
1760004012767 9.074350799242142e-05 7329
1760004013116 8.861524827814699e-05 7339
1760004013479 8.650165450226233e-05 7349
1760004013831 8.440323788704868e-05 7359
1760004014184 8.23205059838347e-05 7369
1760004014537 8.025396255023291e-05 7379
1760004014900 7.820410742829479e-05 7389
1760004015291 7.617143642361133e-05 7399
1760004015645 7.415644118539177e-05 7409
1760004015990 7.215960908754577e-05 7419
1760004016339 7.018142311080129e-05 7429
1760004016702 6.822236172588399e-05 7439
1760004017059 6.628289877778807e-05 7449
1760004017424 6.436350337116535e-05 7459
1760004017789 6.2464639756862e-05 7469
1760004018163 6.058676721962771e-05 7479
1760004018526 5.873033996702754e-05 7489
1760004018890 5.689580701958096e-05 7499
1760004019263 5.508361210215542e-05 7509
1760004019635 5.329419353664172e-05 7519
1760004019988 5.152798413593476e-05 7529
1760004020344 4.978541109924825e-05 7539
1760004020726 4.80668959087862e-05 7549
1760004021093 4.637285422779769e-05 7559
1760004021457 4.47036958000387e-05 7569
1760004021816 4.305982435066654e-05 7579
1760004022182 4.144163748858871e-05 7589
1760004022543 3.984952661029237e-05 7599
1760004022906 3.828387680517579e-05 7609
1760004023269 3.6745066762405176e-05 7619
1760004023627 3.523346867932037e-05 7629
1760004023989 3.3749448171409474e-05 7639
1760004024350 3.2293364183876765e-05 7649
1760004024724 3.086556890482302e-05 7659
1760004025084 2.946640768006073e-05 7669
1760004025442 2.8096218929583856e-05 7679
1760004025795 2.675533406571352e-05 7689
1760004026145 2.5444077412937476e-05 7699
1760004026496 2.4162766129465163e-05 7709
1760004026853 2.2911710130515316e-05 7719
1760004027205 2.1691212013355612e-05 7729
1760004027556 2.0501566984112755e-05 7739
1760004027900 1.9343062786369468e-05 7749
1760004028247 1.8215979631567338e-05 7759
1760004028599 1.7120590131230936e-05 7769
1760004028978 1.6057159231030338e-05 7779
1760004029332 1.5025944146697783e-05 7789
1760004029692 1.402719430181409e-05 7799
1760004030041 1.306115126747952e-05 7809
1760004030393 1.2128048703884351e-05 7819
1760004030741 1.1228112303792603e-05 7829
1760004031095 1.0361559737952795e-05 7839
1760004031457 9.528600602449448e-06 7849
1760004031808 8.729436368007069e-06 7859
1760004032166 7.964260331259891e-06 7869
1760004032524 7.233257567998547e-06 7879
1760004032894 6.536604888405019e-06 7889
1760004033250 5.874470794287085e-06 7899
1760004033612 5.247015438322129e-06 7909
1760004034009 4.654390585320403e-06 7919
1760004034391 4.0967395755173145e-06 7929
1760004034749 3.574197289903041e-06 7939
1760004035108 3.08689011759848e-06 7949
1760004035992 2.634935925285128e-06 7959
1760004036359 2.2184440286960936e-06 7969
1760004036734 1.8375151661757042e-06 7979
1760004037091 1.492241474313421e-06 7989
1760004037445 1.1827064656585905e-06 7999
1760004037799 9.089850085208226e-07 8009
1760004038152 6.711433088614143e-07 8019
1760004038506 4.69238894279892e-07 8029
1760004038863 3.033206000995702e-07 8039
1760004039228 1.7342855755563738e-07 8049
1760004039567 7.95941840883537e-08 8059
1760004039925 2.184017574419564e-08 8069
1760004054848 1.7959917767539203e-10 8079
1760004055251 0.0002969929527011892 8089
1760004055674 0.00029694266940140076 8099
1760004056049 0.0002968564826636537 8109
1760004056414 0.0002967344133342341 8119
1760004056778 0.00029657649093847537 8129
1760004057201 0.00029638275367361704 8139
1760004057578 0.00029615324839956547 8149
1760004057923 0.0002958880306275599 8159
1760004058265 0.0002955871645067457 8169
1760004058598 0.00029525072280865846 8179
1760004058940 0.0002948787869096223 8189
1760004059279 0.0002944714467710676 8199
1760004059625 0.00029402880091777085 8209
1760004059988 0.00029355095641402497 8219
1760004060336 0.00029303802883774276 8229
1760004060685 0.0002924901422525021 8239
1760004061030 0.0002919074291775377 8249
1760004061378 0.00029129003055568866 8259
1760004061730 0.00029063809571930804 8269
1760004062086 0.0002899517823541433 8279
1760004062434 0.0002892312564611962 8289
1760004062783 0.00028847669231657166 8299
1760004063131 0.00028768827242932506 8309
1760004063488 0.0002868661874973179 8319
1760004063837 0.0002860106363610934 8329
1760004064195 0.0002851218259557819 8339
1760004064559 0.00028419997126104886 8349
1760004064916 0.00028324529524909715 8359
1760004065270 0.0002822580288307358 8369
1760004065627 0.00028123841079952873 8379
1760004065982 0.0002801866877740371 8389
1760004066334 0.00027910311413816886 8399
1760004066689 0.0002779879519796498 8409
1760004067041 0.00027684147102663155 8419
1760004067394 0.00027566394858245173 8429
1760004067742 0.0002744556694585613 8439
1760004068099 0.0002732169259056364 8449
1760004068453 0.00027194801754289064 8459
1760004068814 0.00027064925128560515 8469
1760004069180 0.0002693209412708939 8479
1760004069540 0.0002679634087817222 8489
1760004069895 0.0002665769821691971 8499
1760004070251 0.00026516199677314767 8509
1760004070620 0.00026371879484101546 8519
1760004071000 0.0002622477254450736 8529
1760004071369 0.00026074914439799585 8539
1760004071729 0.0002592234141667946 8549
1760004072086 0.00025767090378514995 8559
1760004072452 0.0002560919887641503 8569
1760004072811 0.00025448705100146587 8579
1760004073172 0.00025285647868897803 8589
1760004073535 0.0002512006662188858 8599
1760004073893 0.00024952001408831324 8609
1760004074254 0.0002478149288024392 8619
1760004074623 0.000246085822776175 8629
1760004074984 0.00024433311423441203 8639
1760004075348 0.00024255722711086412 8649
1760004075711 0.00024075859094552942 8659
1760004076073 0.00023893764078079598 8669
1760004076434 0.00023709481705621642 8679
1760004076800 0.00023523056550197764 8689
1760004077177 0.00023334533703108998 8699
1760004077538 0.00023143958763032372 8709
1760004077899 0.00022951377824991792 8719
1760004078271 0.00022756837469208865 8729
1760004078639 0.00022560384749836383 8739
1760004079005 0.0002236206718357718 8749
1760004079370 0.00022161932738191088 8759
1760004079733 0.00021960029820892836 8769
1760004080103 0.0002175640726664357 8779
1760004080464 0.0002155111432633905 8789
1760004080822 0.00021344200654897094 8799
1760004081188 0.00021135716299247424 8809
1760004081552 0.00020925711686226587 8819
1760004081928 0.00020714237610381102 8829
1760004082306 0.00020501345221681555 8839
1760004082670 0.00020287086013150805 8849
1760004083043 0.0002007151180840917 8859
1760004083412 0.00019854674749139695 8869
1760004083775 0.00019636627282476434 8879
1760004084136 0.00019417422148318875 8889
1760004084496 0.00019197112366575595 8899
1760004084871 0.00018975751224340113 8909
1760004085253 0.00018753392263002176 8919
1760004085739 0.00018530089265297506 8929
1760004086096 0.0001830589624229918 8939
1760004086452 0.00018080867420353796 8949
1760004086811 0.00017855057227965558 8959
1760004087169 0.00017628520282631446 8969
1760004087527 0.00017401311377630705 8979
1760004087888 0.0001717348546877182 8989
1760004088249 0.00016945097661100116 8999
1760004088607 0.00016716203195569362 9009
1760004088966 0.0001648685743568042 9019
1760004089324 0.00016257115854090298 9029
1760004089681 0.00016027034019194756 9039
1760004090041 0.00015796667581687818 9049
1760004090395 0.0001556607226110133 9059
1760004090751 0.00015335303832327894 9069
1760004091101 0.00015104418112130366 9079
1760004091464 0.0001487347094564132 9089
1760004091835 0.00014642518192855536 9099
1760004092201 0.00014411615715118973 9109
1760004092553 0.00014180819361617392 9119
1760004092914 0.00013950184955867923 9129
1760004093270 0.0001371976828221682 9139
1760004093642 0.00013489625072346723 9149
1760004093988 0.00013259810991796627 9159
1760004094333 0.00013030381626497883 9169
1760004094678 0.0001280139246932942 9179
1760004095030 0.000125728989066955 9189
1760004095387 0.000123449562051292 9199
1760004095747 0.00012117619497924928 9209
1760004096110 0.00011890943771803114 9219
1760004096474 0.00011664983853610397 9229
1760004096839 0.00011439794397058468 9239
1760004097204 0.0001121542986950477 9249
1760004097570 0.00010991944538778311 9259
1760004097935 0.00010769392460053691 9269
1760004098305 0.00010547827462776605 9279
1760004098675 0.00010327303137643927 9289
1760004099041 0.00010107872823641537 9299
1760004099409 9.88958959514303e-05 9309
1760004099774 9.67250624907245e-05 9319
1760004100141 9.456675292134088e-05 9329
1760004100508 9.242148928112533e-05 9339
1760004100876 9.028979045245931e-05 9349
1760004101242 8.817217203675626e-05 9359
1760004101615 8.606914622975101e-05 9369
1760004101977 8.398122169761343e-05 9379
1760004102339 8.190890345391552e-05 9389
1760004102699 7.985269273748174e-05 9399
1760004103070 7.781308689115331e-05 9409
1760004103438 7.579057924149328e-05 9419
1760004103810 7.378565897946481e-05 9429
1760004104179 7.179881104210803e-05 9439
1760004104527 6.983051599524728e-05 9449
1760004104852 6.788124991725457e-05 9459
1760004105172 6.595148428389913e-05 9469
1760004105490 6.404168585430952e-05 9479
1760004105808 6.21523165580777e-05 9489
1760004106126 6.028383338352956e-05 9499
1760004106486 5.84366882671924e-05 9509
1760004106852 5.661132798448305e-05 9519
1760004107225 5.4808194041644644e-05 9529
1760004107592 5.30277225689585e-05 9539
1760004107959 5.127034421525508e-05 9549
1760004108327 4.9536484043752e-05 9559
1760004108704 4.782656142924226e-05 9569
1760004109073 4.6140989956658696e-05 9579
1760004109446 4.44801773210385e-05 9589
1760004109813 4.284452522891321e-05 9599
1760004110190 4.123442930114576e-05 9609
1760004110556 3.965027897724091e-05 9619
1760004110919 3.809245742114991e-05 9629
1760004111282 3.6561341428593146e-05 9639
1760004111652 3.505730133592376e-05 9649
1760004112020 3.3580700930552424e-05 9659
1760004112396 3.213189736295738e-05 9669
1760004112764 3.0711241060298904e-05 9679
1760004113132 2.9319075641660424e-05 9689
1760004113511 2.7955737834935936e-05 9699
1760004113878 2.6621557395384953e-05 9709
1760004114249 2.5316857025872788e-05 9719
1760004114614 2.4041952298817835e-05 9729
1760004114978 2.2797151579862735e-05 9739
1760004115344 2.1582755953288832e-05 9749
1760004115710 2.039905914919219e-05 9759
1760004116077 1.9246347472437618e-05 9769
1760004116444 1.81248997334095e-05 9779
1760004116809 1.703498718057478e-05 9789
1760004117177 1.5976873434875184e-05 9799
1760004117550 1.4950814425964293e-05 9809
1760004117919 1.395705833030502e-05 9819
1760004118285 1.2995845511142122e-05 9829
1760004118653 1.2067408460364929e-05 9839
1760004119020 1.117197174227364e-05 9849
1760004119387 1.0309751939263031e-05 9859
1760004119754 9.4809575994372e-06 9869
1760004120120 8.685789186167033e-06 9879
1760004120481 7.924439029603591e-06 9889
1760004120844 7.197091280158554e-06 9899
1760004121204 6.503921863962993e-06 9909
1760004121569 5.845098440315649e-06 9919
1760004121932 5.220780361130518e-06 9929
1760004122302 4.6311186323938e-06 9939
1760004122668 4.076255877639728e-06 9949
1760004123029 3.5563263034535255e-06 9959
1760004123402 3.0714556670104875e-06 9969
1760004123778 2.6217612456587023e-06 9979
1760004124146 2.207351808552613e-06 9989
1760004124513 1.8283275903448257e-06 9999
1760004124875 1.4847802669418538e-06 10009
1760004125240 1.1767929333302973e-06 10019
1760004125602 9.044400834782185e-07 10029
1760004125972 6.677875923171072e-07 10039
1760004126336 4.668926998084925e-07 10049
1760004126701 3.0180399709907237e-07 10059
1760004127092 1.7256141476785916e-07 10069
1760004127454 7.919621316791192e-08 10079
1760004127818 2.1730974865474657e-08 10089
1760004128168 1.7959917767539203e-10 10099
1760004128519 0.0002969929527011892 10109
1760004128885 0.00029694266940140076 10119
1760004129256 0.0002968564826636537 10129
1760004129626 0.0002967344133342341 10139
1760004129995 0.00029657649093847537 10149
1760004130361 0.00029638275367361704 10159
1760004130731 0.00029615324839956547 10169
1760004131096 0.0002958880306275599 10179
1760004131468 0.0002955871645067457 10189
1760004131837 0.00029525072280865846 10199
1760004132205 0.0002948787869096223 10209
1760004132568 0.0002944714467710676 10219
1760004132922 0.00029402880091777085 10229
1760004133289 0.00029355095641402497 10239
1760004133649 0.00029303802883774276 10249
1760004134007 0.0002924901422525021 10259
1760004134363 0.0002919074291775377 10269
1760004134720 0.00029129003055568866 10279
1760004135073 0.00029063809571930804 10289
1760004135428 0.0002899517823541433 10299
1760004135788 0.0002892312564611962 10309
1760004136143 0.00028847669231657166 10319
1760004136497 0.00028768827242932506 10329
1760004136863 0.0002868661874973179 10339
1760004137217 0.0002860106363610934 10349
1760004137571 0.0002851218259557819 10359
1760004137928 0.00028419997126104886 10369
1760004138301 0.00028324529524909715 10379
1760004138659 0.0002822580288307358 10389
1760004139008 0.00028123841079952873 10399
1760004139358 0.0002801866877740371 10409
1760004139705 0.00027910311413816886 10419
1760004140065 0.0002779879519796498 10429
1760004140430 0.00027684147102663155 10439
1760004140791 0.00027566394858245173 10449
1760004141155 0.0002744556694585613 10459
1760004141511 0.0002732169259056364 10469
1760004141871 0.00027194801754289064 10479
1760004142232 0.00027064925128560515 10489
1760004142594 0.0002693209412708939 10499
1760004142962 0.0002679634087817222 10509
1760004143308 0.0002665769821691971 10519
1760004143663 0.00026516199677314767 10529
1760004144018 0.00026371879484101546 10539
1760004144376 0.0002622477254450736 10549
1760004144736 0.00026074914439799585 10559
1760004145098 0.0002592234141667946 10569
1760004145453 0.00025767090378514995 10579
1760004145807 0.0002560919887641503 10589
1760004146162 0.00025448705100146587 10599
1760004146519 0.00025285647868897803 10609
1760004146873 0.0002512006662188858 10619
1760004147227 0.00024952001408831324 10629
1760004147587 0.0002478149288024392 10639
1760004147955 0.000246085822776175 10649
1760004148315 0.00024433311423441203 10659
1760004148675 0.00024255722711086412 10669
1760004149029 0.00024075859094552942 10679
1760004149386 0.00023893764078079598 10689
1760004149742 0.00023709481705621642 10699
1760004150098 0.00023523056550197764 10709
1760004150456 0.00023334533703108998 10719
1760004150812 0.00023143958763032372 10729
1760004151168 0.00022951377824991792 10739
1760004151523 0.00022756837469208865 10749
1760004151880 0.00022560384749836383 10759
1760004152242 0.0002236206718357718 10769
1760004152604 0.00022161932738191088 10779
1760004152966 0.00021960029820892836 10789
1760004153328 0.0002175640726664357 10799
1760004153690 0.0002155111432633905 10809
1760004154054 0.00021344200654897094 10819
1760004154412 0.00021135716299247424 10829
1760004154774 0.00020925711686226587 10839
1760004155137 0.00020714237610381102 10849
1760004155498 0.00020501345221681555 10859
1760004155859 0.00020287086013150805 10869
1760004156215 0.0002007151180840917 10879
1760004156572 0.00019854674749139695 10889
1760004156925 0.00019636627282476434 10899
1760004157298 0.00019417422148318875 10909
1760004157663 0.00019197112366575595 10919
1760004158014 0.00018975751224340113 10929
1760004158377 0.00018753392263002176 10939
1760004158730 0.00018530089265297506 10949
1760004159082 0.0001830589624229918 10959
1760004159433 0.00018080867420353796 10969
1760004159785 0.00017855057227965558 10979
1760004160137 0.00017628520282631446 10989
1760004160491 0.00017401311377630705 10999
1760004160843 0.0001717348546877182 11009
1760004161208 0.00016945097661100116 11019
1760004161581 0.00016716203195569362 11029
1760004161923 0.0001648685743568042 11039
1760004162281 0.00016257115854090298 11049
1760004162634 0.00016027034019194756 11059
1760004162987 0.00015796667581687818 11069
1760004163346 0.0001556607226110133 11079
1760004163716 0.00015335303832327894 11089
1760004164070 0.00015104418112130366 11099
1760004164429 0.0001487347094564132 11109
1760004164782 0.00014642518192855536 11119
1760004165134 0.00014411615715118973 11129
1760004165494 0.00014180819361617392 11139
1760004165853 0.00013950184955867923 11149
1760004166219 0.0001371976828221682 11159
1760004166576 0.00013489625072346723 11169
1760004166936 0.00013259810991796627 11179
1760004167297 0.00013030381626497883 11189
1760004167655 0.0001280139246932942 11199
1760004168013 0.000125728989066955 11209
1760004168373 0.000123449562051292 11219
1760004168733 0.00012117619497924928 11229
1760004169093 0.00011890943771803114 11239
1760004169452 0.00011664983853610397 11249
1760004169811 0.00011439794397058468 11259
1760004170170 0.0001121542986950477 11269
1760004170529 0.00010991944538778311 11279
1760004170888 0.00010769392460053691 11289
1760004171247 0.00010547827462776605 11299
1760004171606 0.00010327303137643927 11309
1760004171964 0.00010107872823641537 11319
1760004172319 9.88958959514303e-05 11329
1760004172676 9.67250624907245e-05 11339
1760004173030 9.456675292134088e-05 11349
1760004173385 9.242148928112533e-05 11359
1760004173741 9.028979045245931e-05 11369
1760004174095 8.817217203675626e-05 11379
1760004174452 8.606914622975101e-05 11389
1760004174808 8.398122169761343e-05 11399
1760004175174 8.190890345391552e-05 11409
1760004175539 7.985269273748174e-05 11419
1760004175894 7.781308689115331e-05 11429
1760004176249 7.579057924149328e-05 11439
1760004176603 7.378565897946481e-05 11449
1760004176961 7.179881104210803e-05 11459
1760004177318 6.983051599524728e-05 11469
1760004177683 6.788124991725457e-05 11479
1760004178032 6.595148428389913e-05 11489
1760004178383 6.404168585430952e-05 11499
1760004178728 6.21523165580777e-05 11509
1760004179084 6.028383338352956e-05 11519
1760004179444 5.84366882671924e-05 11529
1760004179791 5.661132798448305e-05 11539
1760004180136 5.4808194041644644e-05 11549
1760004180480 5.30277225689585e-05 11559
1760004180830 5.127034421525508e-05 11569
1760004181174 4.9536484043752e-05 11579
1760004181524 4.782656142924226e-05 11589
1760004181881 4.6140989956658696e-05 11599
1760004182226 4.44801773210385e-05 11609
1760004182570 4.284452522891321e-05 11619
1760004182915 4.123442930114576e-05 11629
1760004183260 3.965027897724091e-05 11639
1760004183610 3.809245742114991e-05 11649
1760004183962 3.6561341428593146e-05 11659
1760004184314 3.505730133592376e-05 11669
1760004184668 3.3580700930552424e-05 11679
1760004185020 3.213189736295738e-05 11689
1760004185375 3.0711241060298904e-05 11699
1760004185727 2.9319075641660424e-05 11709
1760004186085 2.7955737834935936e-05 11719
1760004186457 2.6621557395384953e-05 11729
1760004186821 2.5316857025872788e-05 11739
1760004187182 2.4041952298817835e-05 11749
1760004187544 2.2797151579862735e-05 11759
1760004187911 2.1582755953288832e-05 11769
1760004188275 2.039905914919219e-05 11779
1760004188642 1.9246347472437618e-05 11789
1760004189012 1.81248997334095e-05 11799
1760004189380 1.703498718057478e-05 11809
1760004189749 1.5976873434875184e-05 11819
1760004190121 1.4950814425964293e-05 11829
1760004190486 1.395705833030502e-05 11839
1760004190849 1.2995845511142122e-05 11849
1760004191220 1.2067408460364929e-05 11859
1760004191589 1.117197174227364e-05 11869
1760004191954 1.0309751939263031e-05 11879
1760004192312 9.4809575994372e-06 11889
1760004192662 8.685789186167033e-06 11899
1760004193007 7.924439029603591e-06 11909
1760004193372 7.197091280158554e-06 11919
1760004193717 6.503921863962993e-06 11929
1760004194070 5.845098440315649e-06 11939
1760004194429 5.220780361130518e-06 11949
1760004194786 4.6311186323938e-06 11959
1760004195137 4.076255877639728e-06 11969
1760004195499 3.5563263034535255e-06 11979
1760004196393 3.0714556670104875e-06 11989
1760004196745 2.6217612456587023e-06 11999
1760004197096 2.207351808552613e-06 12009
1760004197445 1.8283275903448257e-06 12019
1760004197797 1.4847802669418538e-06 12029
1760004198148 1.1767929333302973e-06 12039
1760004198503 9.044400834782185e-07 12049
1760004198857 6.677875923171072e-07 12059
1760004199202 4.668926998084925e-07 12069
1760004199543 3.0180399709907237e-07 12079
1760004199888 1.7256141476785916e-07 12089
1760004200237 7.919621316791192e-08 12099
1760004200585 2.1730974865474657e-08 12109
1760004214536 1.787011817870151e-10 12119
1760004214905 0.0002955079879376833 12129
1760004215270 0.0002954579560543938 12139
1760004215647 0.00029537220025033543 12149
1760004216005 0.0002952507412675629 12159
1760004216375 0.000295093608483783 12169
1760004216745 0.000294900839905249 12179
1760004217123 0.00029467248215756767 12189
1760004217454 0.00029440859047442214 12199
1760004217794 0.000294109228684212 12209
1760004218127 0.0002937744691946152 12219
1760004218469 0.00029340439297507423 12229
1760004218810 0.0002929990895372123 12239
1760004219157 0.000292558656913182 12249
1760004219509 0.00029208320163195484 12259
1760004219863 0.0002915728386935541 12269
1760004220215 0.0002910276915412396 12279
1760004220563 0.00029044789203165 12289
1760004220947 0.0002898335804029102 12299
1760004221315 0.0002891849052407115 12309
1760004221666 0.0002885020234423726 12319
1760004222011 0.00028778510017889023 12329
1760004222358 0.0002870343088549888 12339
1760004222704 0.0002862498310671785 12349
1760004223064 0.00028543185655983136 12359
1760004223467 0.00028458058317928794 12369
1760004223814 0.000283696216826003 12379
1760004224160 0.00028277897140474367 12389
1760004224506 0.0002818290687728517 12399
1760004224856 0.00028084673868658213 12409
1760004225202 0.0002798322187455311 12419
1760004225556 0.00027878575433516696 12429
1760004225919 0.00027770759856747806 12439
1760004226266 0.00027659801221975155 12449
1760004226612 0.00027545726367149843 12459
1760004226959 0.0002742856288395395 12469
1760004227305 0.0002730833911112685 12479
1760004227665 0.00027185084127610826 12489
1760004228013 0.00027058827745517623 12499
1760004228365 0.00026929600502917714 12509
1760004228715 0.0002679743365645394 12519
1760004229067 0.0002666235917378136 12529
1760004229428 0.00026524409725835115 12539
1760004229789 0.00026383618678928194 12549
1760004230141 0.0002624002008668104 12559
1760004230491 0.00026093648681784826 12569
1760004230844 0.00025944539867600586 12579
1760004231194 0.00025792729709596065 12589
1760004231551 0.00025638254926622423 12599
1760004231899 0.00025481152882032956 12609
1760004232261 0.0002532146157464586 12619
1760004232614 0.00025159219629553313 12629
1760004232961 0.0002499446628877914 12639
1760004233305 0.0002482724140178717 12649
1760004233650 0.00024657585415842706 12659
1760004233996 0.00024485539366229415 12669
1760004234355 0.00024311144866323998 12679
1760004234705 0.00024134444097530981 12689
1760004235050 0.00023955479799080178 12699
1760004235395 0.00023774295257689203 12709
1760004235739 0.00023590934297093536 12719
1760004236084 0.00023405441267446776 12729
1760004236430 0.00023217861034593453 12739
1760004236783 0.00023028238969217212 12749
1760004237130 0.00022836620935866837 12759
1760004237475 0.00022643053281862823 12769
1760004237818 0.00022447582826087205 12779
1760004238163 0.00022250256847659297 12789
1760004238506 0.00022051123074500134 12799
1760004238861 0.00021850229671788375 12809
1760004239210 0.00021647625230310355 12819
1760004239555 0.00021443358754707356 12829
1760004239898 0.00021237479651622611 12839
1760004240243 0.00021030037717751187 12849
1760004240586 0.00020821083127795455 12859
1760004240934 0.000206106664223292 12869
1760004241286 0.0002039883849557315 12879
1760004241630 0.00020185650583085053 12889
1760004241975 0.00019971154249367128 12899
1760004242320 0.00019755401375393998 12909
1760004242666 0.00019538444146064053 12919
1760004243009 0.0001932033503757728 12929
1760004243364 0.00019101126804742718 12939
1760004243712 0.00018880872468218416 12949
1760004244057 0.00018659625301687167 12959
1760004244403 0.0001843743881897102 12969
1760004244756 0.00018214366761087685 12979
1760004245110 0.0001799046308325203 12989
1760004245465 0.00017765781941825732 12999
1760004245812 0.0001754037768121829 13009
1760004246154 0.00017314304820742555 13019
1760004246499 0.0001708761804142796 13029
1760004246851 0.00016860372172794618 13039
1760004247209 0.00016632622179591516 13049
1760004247567 0.00016404423148502022 13059
1760004247917 0.0001617583027481985 13069
1760004248268 0.00015946898849098783 13079
1760004248617 0.0001571768424377938 13089
1760004248966 0.00015488241899795825 13099
1760004249322 0.00015258627313166254 13109
1760004249674 0.00015028896021569715 13119
1760004250026 0.00014799103590913112 13129
1760004250383 0.0001456930560189126 13139
1760004250730 0.00014339557636543378 13149
1760004251082 0.00014109915264809308 13159
1760004251455 0.00013880434031088586 13169
1760004251828 0.00013651169440805736 13179
1760004252204 0.0001342217694698499 13189
1760004252570 0.00013193511936837645 13199
1760004252932 0.00012965229718365395 13209
1760004253295 0.00012737385506982773 13219
1760004253660 0.00012510034412162023 13229
1760004253991 0.00012283231424103556 13239
1760004254350 0.00012057031400435304 13249
1760004254708 0.00011831489052944101 13259
1760004255068 0.00011606658934342346 13269
1760004255429 0.00011382595425073177 13279
1760004255787 0.00011159352720157248 13289
1760004256147 0.0001093698481608442 13299
1760004256508 0.00010715545497753423 13309
1760004256877 0.00010495088325462724 13319
1760004257233 0.00010275666621955709 13329
1760004257596 0.0001005733345952333 13339
1760004257956 9.840141647167316e-05 13349
1760004258321 9.624143717827088e-05 13359
1760004258682 9.409391915673417e-05 13369
1760004259042 9.19593818347197e-05 13379
1760004259399 8.983834150019702e-05 13389
1760004259761 8.773131117657247e-05 13399
1760004260129 8.563880049860226e-05 13409
1760004260501 8.356131558912537e-05 13419
1760004260870 8.149935893664595e-05 13429
1760004261246 7.945342927379433e-05 13439
1760004261615 7.742402145669755e-05 13449
1760004261989 7.541162634528582e-05 13459
1760004262366 7.341673068456749e-05 13469
1760004262734 7.14398169868975e-05 13479
1760004263104 6.948136341527104e-05 13489
1760004263476 6.75418436676683e-05 13499
1760004263843 6.562172686247964e-05 13509
1760004264211 6.372147742503799e-05 13519
1760004264581 6.18415549752873e-05 13529
1760004264948 5.998241421661192e-05 13539
1760004265314 5.814450482585644e-05 13549
1760004265690 5.632827134456064e-05 13559
1760004266058 5.453415307143642e-05 13569
1760004266434 5.276258395611372e-05 13579
1760004266801 5.101399249417881e-05 13589
1760004267170 4.9288801623533246e-05 13599
1760004267534 4.758742862209606e-05 13609
1760004267914 4.5910285006875406e-05 13619
1760004268290 4.4257776434433315e-05 13629
1760004268651 4.2630302602768645e-05 13639
1760004269016 4.102825715464004e-05 13649
1760004269379 3.94520275823547e-05 13659
1760004269747 3.790199513404417e-05 13669
1760004270113 3.637853472145018e-05 13679
1760004270463 3.4882014829244145e-05 13689
1760004270835 3.341279742589966e-05 13699
1760004271219 3.1971237876142594e-05 13709
1760004271582 3.055768485499741e-05 13719
1760004271952 2.9172480263452123e-05 13729
1760004272312 2.781595914576126e-05 13739
1760004272674 2.6488449608408028e-05 13749
1760004273030 2.5190272740743426e-05 13759
1760004273393 2.392174253732375e-05 13769
1760004273758 2.2683165821963422e-05 13779
1760004274122 2.1474842173522388e-05 13789
1760004274486 2.029706385344623e-05 13799
1760004274849 1.915011573507543e-05 13809
1760004275211 1.8034275234742455e-05 13819
1760004275581 1.694981224467191e-05 13829
1760004275931 1.589698906770081e-05 13839
1760004276289 1.4876060353834472e-05 13849
1760004276653 1.3887273038653496e-05 13859
1760004277011 1.2930866283586413e-05 13869
1760004277381 1.2007071418063104e-05 13879
1760004277753 1.1116111883562272e-05 13889
1760004278116 1.0258203179566717e-05 13899
1760004278477 9.433552811440016e-06 13909
1760004278837 8.642360240236199e-06 13919
1760004279196 7.884816834455573e-06 13929
1760004279562 7.161105823757762e-06 13939
1760004279927 6.471402254643179e-06 13949
1760004280289 5.815872948114071e-06 13959
1760004280660 5.194676459324866e-06 13969
1760004281025 4.607963039231832e-06 13979
1760004281402 4.055874598251529e-06 13989
1760004281770 3.538544671936258e-06 13999
1760004282134 3.056098388675435e-06 14009
1760004282495 2.608652439430409e-06 14019
1760004282863 2.19631504950985e-06 14029
1760004283244 1.8191859523931016e-06 14039
1760004283619 1.4773563656071448e-06 14049
1760004283978 1.170908968663646e-06 14059
1760004284346 8.999178830608275e-07 14069
1760004284719 6.644486543555217e-07 14079
1760004285114 4.6455823630945007e-07 14089
1760004285480 3.00294977113577e-07 14099
1760004285847 1.716986076940199e-07 14109
1760004286204 7.880023210207237e-08 14119
1760004286584 2.1622319991147288e-08 14129
1760004286946 1.787011817870151e-10 14139
1760004287305 0.0002955079879376833 14149
1760004287671 0.0002954579560543938 14159
1760004288063 0.00029537220025033543 14169
1760004288427 0.0002952507412675629 14179
1760004288802 0.000295093608483783 14189
1760004289168 0.000294900839905249 14199
1760004289531 0.00029467248215756767 14209
1760004289894 0.00029440859047442214 14219
1760004290267 0.000294109228684212 14229
1760004290636 0.0002937744691946152 14239
1760004291000 0.00029340439297507423 14249
1760004291364 0.0002929990895372123 14259
1760004291731 0.000292558656913182 14269
1760004292108 0.00029208320163195484 14279
1760004292473 0.0002915728386935541 14289
1760004292839 0.0002910276915412396 14299
1760004293205 0.00029044789203165 14309
1760004293570 0.0002898335804029102 14319
1760004293939 0.0002891849052407115 14329
1760004294307 0.0002885020234423726 14339
1760004294673 0.00028778510017889023 14349
1760004295040 0.0002870343088549888 14359
1760004295408 0.0002862498310671785 14369
1760004295781 0.00028543185655983136 14379
1760004296146 0.00028458058317928794 14389
1760004296511 0.000283696216826003 14399
1760004296877 0.00028277897140474367 14409
1760004297241 0.0002818290687728517 14419
1760004297612 0.00028084673868658213 14429
1760004297967 0.0002798322187455311 14439
1760004298342 0.00027878575433516696 14449
1760004298720 0.00027770759856747806 14459
1760004299086 0.00027659801221975155 14469
1760004299445 0.00027545726367149843 14479
1760004299877 0.0002742856288395395 14489
1760004300269 0.0002730833911112685 14499
1760004300630 0.00027185084127610826 14509
1760004300988 0.00027058827745517623 14519
1760004301333 0.00026929600502917714 14529
1760004301680 0.0002679743365645394 14539
1760004302025 0.0002666235917378136 14549
1760004302383 0.00026524409725835115 14559
1760004302762 0.00026383618678928194 14569
1760004303131 0.0002624002008668104 14579
1760004303513 0.00026093648681784826 14589
1760004303881 0.00025944539867600586 14599
1760004304259 0.00025792729709596065 14609
1760004304609 0.00025638254926622423 14619
1760004304970 0.00025481152882032956 14629
1760004305349 0.0002532146157464586 14639
1760004305709 0.00025159219629553313 14649
1760004306076 0.0002499446628877914 14659
1760004306441 0.0002482724140178717 14669
1760004306820 0.00024657585415842706 14679
1760004307184 0.00024485539366229415 14689
1760004307552 0.00024311144866323998 14699
1760004307926 0.00024134444097530981 14709
1760004308295 0.00023955479799080178 14719
1760004308674 0.00023774295257689203 14729
1760004309045 0.00023590934297093536 14739
1760004309411 0.00023405441267446776 14749
1760004309768 0.00023217861034593453 14759
1760004310164 0.00023028238969217212 14769
1760004310534 0.00022836620935866837 14779
1760004310894 0.00022643053281862823 14789
1760004311254 0.00022447582826087205 14799
1760004311628 0.00022250256847659297 14809
1760004312001 0.00022051123074500134 14819
1760004312371 0.00021850229671788375 14829
1760004312731 0.00021647625230310355 14839
1760004313098 0.00021443358754707356 14849
1760004313455 0.00021237479651622611 14859
1760004313804 0.00021030037717751187 14869
1760004314164 0.00020821083127795455 14879
1760004314545 0.000206106664223292 14889
1760004314920 0.0002039883849557315 14899
1760004315280 0.00020185650583085053 14909
1760004315629 0.00019971154249367128 14919
1760004315973 0.00019755401375393998 14929
1760004316329 0.00019538444146064053 14939
1760004316677 0.0001932033503757728 14949
1760004317026 0.00019101126804742718 14959
1760004317372 0.00018880872468218416 14969
1760004317716 0.00018659625301687167 14979
1760004318084 0.0001843743881897102 14989
1760004318434 0.00018214366761087685 14999
1760004318789 0.0001799046308325203 15009
1760004319140 0.00017765781941825732 15019
1760004319519 0.0001754037768121829 15029
1760004319895 0.00017314304820742555 15039
1760004320285 0.0001708761804142796 15049
1760004320645 0.00016860372172794618 15059
1760004321008 0.00016632622179591516 15069
1760004321380 0.00016404423148502022 15079
1760004321747 0.0001617583027481985 15089
1760004322109 0.00015946898849098783 15099
1760004322489 0.0001571768424377938 15109
1760004322862 0.00015488241899795825 15119
1760004323231 0.00015258627313166254 15129
1760004323592 0.00015028896021569715 15139
1760004323957 0.00014799103590913112 15149
1760004324330 0.0001456930560189126 15159
1760004324705 0.00014339557636543378 15169
1760004325058 0.00014109915264809308 15179
1760004325416 0.00013880434031088586 15189
1760004325761 0.00013651169440805736 15199
1760004326109 0.0001342217694698499 15209
1760004326460 0.00013193511936837645 15219
1760004326811 0.00012965229718365395 15229
1760004327162 0.00012737385506982773 15239
1760004327528 0.00012510034412162023 15249
1760004327884 0.00012283231424103556 15259
1760004328232 0.00012057031400435304 15269
1760004328586 0.00011831489052944101 15279
1760004328949 0.00011606658934342346 15289
1760004329303 0.00011382595425073177 15299
1760004329659 0.00011159352720157248 15309
1760004330020 0.0001093698481608442 15319
1760004330392 0.00010715545497753423 15329
1760004330762 0.00010495088325462724 15339
1760004331132 0.00010275666621955709 15349
1760004331497 0.0001005733345952333 15359
1760004331863 9.840141647167316e-05 15369
1760004332233 9.624143717827088e-05 15379
1760004332605 9.409391915673417e-05 15389
1760004332984 9.19593818347197e-05 15399
1760004333354 8.983834150019702e-05 15409
1760004333724 8.773131117657247e-05 15419
1760004334097 8.563880049860226e-05 15429
1760004334467 8.356131558912537e-05 15439
1760004334829 8.149935893664595e-05 15449
1760004335199 7.945342927379433e-05 15459
1760004335564 7.742402145669755e-05 15469
1760004335929 7.541162634528582e-05 15479
1760004336300 7.341673068456749e-05 15489
1760004336664 7.14398169868975e-05 15499
1760004337027 6.948136341527104e-05 15509
1760004337411 6.75418436676683e-05 15519
1760004337789 6.562172686247964e-05 15529
1760004338167 6.372147742503799e-05 15539
1760004338529 6.18415549752873e-05 15549
1760004338896 5.998241421661192e-05 15559
1760004339284 5.814450482585644e-05 15569
1760004339652 5.632827134456064e-05 15579
1760004340020 5.453415307143642e-05 15589
1760004340385 5.276258395611372e-05 15599
1760004340754 5.101399249417881e-05 15609
1760004341134 4.9288801623533246e-05 15619
1760004341504 4.758742862209606e-05 15629
1760004341879 4.5910285006875406e-05 15639
1760004342242 4.4257776434433315e-05 15649
1760004342625 4.2630302602768645e-05 15659
1760004342992 4.102825715464004e-05 15669
1760004343369 3.94520275823547e-05 15679
1760004343738 3.790199513404417e-05 15689
1760004344106 3.637853472145018e-05 15699
1760004344468 3.4882014829244145e-05 15709
1760004344856 3.341279742589966e-05 15719
1760004345231 3.1971237876142594e-05 15729
1760004345604 3.055768485499741e-05 15739
1760004345968 2.9172480263452123e-05 15749
1760004346334 2.781595914576126e-05 15759
1760004346696 2.6488449608408028e-05 15769
1760004347075 2.5190272740743426e-05 15779
1760004347451 2.392174253732375e-05 15789
1760004347813 2.2683165821963422e-05 15799
1760004348171 2.1474842173522388e-05 15809
1760004348553 2.029706385344623e-05 15819
1760004348919 1.915011573507543e-05 15829
1760004349281 1.8034275234742455e-05 15839
1760004349636 1.694981224467191e-05 15849
1760004350003 1.589698906770081e-05 15859
1760004350382 1.4876060353834472e-05 15869
1760004350742 1.3887273038653496e-05 15879
1760004351098 1.2930866283586413e-05 15889
1760004351464 1.2007071418063104e-05 15899
1760004351856 1.1116111883562272e-05 15909
1760004352225 1.0258203179566717e-05 15919
1760004352594 9.433552811440016e-06 15929
1760004352958 8.642360240236199e-06 15939
1760004353326 7.884816834455573e-06 15949
1760004353701 7.161105823757762e-06 15959
1760004354057 6.471402254643179e-06 15969
1760004354419 5.815872948114071e-06 15979
1760004354808 5.194676459324866e-06 15989
1760004355175 4.607963039231832e-06 15999
1760004355541 4.055874598251529e-06 16009
1760004355901 3.538544671936258e-06 16019
1760004356782 3.056098388675435e-06 16029
1760004357126 2.608652439430409e-06 16039
1760004357470 2.19631504950985e-06 16049
1760004357811 1.8191859523931016e-06 16059
1760004358151 1.4773563656071448e-06 16069
1760004358517 1.170908968663646e-06 16079
1760004358881 8.999178830608275e-07 16089
1760004359235 6.644486543555217e-07 16099
1760004359594 4.6455823630945007e-07 16109
1760004359958 3.00294977113577e-07 16119
1760004360311 1.716986076940199e-07 16129
1760004360670 7.880023210207237e-08 16139
1760004361029 2.1622319991147288e-08 16149
1760004375457 1.7780767587808e-10 16159
1760004375825 0.00029403044799799485 16169
1760004376234 0.0002939806662741218 16179
1760004376606 0.0002938953392490837 16189
1760004376970 0.00029377448756122507 16199
1760004377368 0.0002936181404413641 16209
1760004377780 0.0002934263357057227 16219
1760004378135 0.00029319911974677983 16229
1760004378491 0.00029293654752205 16239
1760004378850 0.00029263868254079093 16249
1760004379202 0.0002923055968486421 16259
1760004379556 0.00029193737101019883 16269
1760004379910 0.0002915340940895262 16279
1760004380273 0.00029109586362861605 16289
1760004380633 0.00029062278562379506 16299
1760004381005 0.0002901149745000863 16309
1760004381390 0.0002895725530835334 16319
1760004381766 0.00028899565257149175 16329
1760004382131 0.0002883844125008957 16339
1760004382497 0.0002877389807145079 16349
1760004382867 0.00028705951332516074 16359
1760004383243 0.00028634617467799574 16369
1760004383627 0.00028559913731071384 16379
1760004383994 0.00028481858191184255 16389
1760004384365 0.00028400469727703215 16399
1760004384741 0.0002831576802633915 16409
1760004385113 0.00028227773574187297 16419
1760004385628 0.00028136507654771993 16429
1760004385997 0.0002804199234289874 16439
1760004386363 0.0002794425049931492 16449
1760004386731 0.00027843305765180344 16459
1760004387102 0.0002773918255634911 16469
1760004387468 0.00027631906057464065 16479
1760004387834 0.0002752150221586528 16489
1760004388203 0.0002740799773531409 16499
1760004388573 0.00027291420069534177 16509
1760004388938 0.00027171797415571214 16519
1760004389321 0.00027049158706972767 16529
1760004389696 0.0002692353360679003 16539
1760004390051 0.00026794952500403126 16549
1760004390380 0.0002666344648817167 16559
1760004390742 0.0002652904737791245 16569
1760004391107 0.0002639178767720594 16579
1760004391471 0.0002625170058553355 16589
1760004391835 0.0002610881998624763 16599
1760004392207 0.000259631804383759 16609
1760004392573 0.00025814817168262583 16619
1760004392940 0.0002566376606104808 16629
1760004393305 0.0002551006365198931 16639
1760004393671 0.0002535374711762279 16649
1760004394040 0.00025194854266772623 16659
1760004394407 0.00025033423531405546 16669
1760004394781 0.00024869493957335243 16679
1760004395151 0.0002470310519477823 16689
1760004395518 0.0002453429748876349 16699
1760004395883 0.00024363111669398267 16709
1760004396251 0.00024189589141992377 16719
1760004396616 0.00024013771877043325 16729
1760004396985 0.00023835702400084777 16739
1760004397344 0.00023655423781400754 16749
1760004397694 0.00023472979625608066 16759
1760004398045 0.00023288414061109543 16769
1760004398401 0.00023101771729420485 16779
1760004398763 0.00022913097774371124 16789
1760004399126 0.000227224378311875 16799
1760004399485 0.00022529838015453507 16809
1760004399815 0.00022335344911956765 16819
1760004400160 0.00022139005563421 16829
1760004400513 0.00021940867459127632 16839
1760004400859 0.0002174097852342943 16849
1760004401200 0.000215393871041588 16859
1760004401546 0.00021336141960933818 16869
1760004401898 0.00021131292253364497 16879
1760004402284 0.0002092488752916243 16889
1760004402641 0.00020716977712156477 16899
1760004402996 0.00020507613090217552 16909
1760004403341 0.0002029684430309528 16919
1760004403690 0.00020084722330169626 16929
1760004404035 0.0001987129847812029 16939
1760004404387 0.00019656624368517028 16949
1760004404736 0.00019440751925333733 16959
1760004405094 0.00019223733362389394 16969
1760004405442 0.00019005621170719005 16979
1760004405790 0.00018786468105877322 16989
1760004406144 0.0001856632717517873 16999
1760004406499 0.00018345251624876164 17009
1760004406855 0.00018123294927282246 17019
1760004407200 0.0001790051076783577 17029
1760004407554 0.00017676953032116604 17039
1760004407913 0.00017452675792812197 17049
1760004408275 0.0001722773329663884 17059
1760004408646 0.0001700217995122082 17069
1760004409004 0.00016776070311930644 17079
1760004409364 0.0001654945906869356 17089
1760004409718 0.0001632240103275951 17099
1760004410071 0.00016094951123445748 17109
1760004410430 0.0001586716435485329 17119
1760004410810 0.0001563909582256048 17129
1760004411177 0.00015410800690296845 17139
1760004411555 0.00015182334176600424 17149
1760004411930 0.00014953751541461866 17159
1760004412314 0.00014725108072958547 17169
1760004412682 0.000144964590738818 17179
1760004413048 0.00014267859848360662 17189
1760004413414 0.0001403936568848526 17199
1760004413784 0.0001381103186093314 17209
1760004414160 0.00013582913593601707 17219
1760004414536 0.00013355066062250065 17229
1760004414904 0.00013127544377153455 17239
1760004415278 0.00012900403569773565 17249
1760004415641 0.0001267369857944786 17259
1760004416011 0.00012447484240101213 17269
1760004416382 0.00012221815266983037 17279
1760004416746 0.00011996746243433126 17289
1760004417133 0.00011772331607679379 17299
1760004417505 0.00011548625639670634 17309
1760004417878 0.0001132568244794781 17319
1760004418248 0.0001110355595655646 17329
1760004418619 0.00010882299892003997 17339
1760004418994 0.00010661967770264655 17349
1760004419358 0.0001044261288383541 17359
1760004419721 0.0001022428828884593 17369
1760004420086 0.00010007046792225713 17379
1760004420452 9.790940938931478e-05 17389
1760004420817 9.576022999237953e-05 17399
1760004421182 9.36234495609505e-05 17409
1760004421548 9.149958492554611e-05 17419
1760004421898 8.938914979269602e-05 17429
1760004422250 8.729265462068961e-05 17439
1760004422598 8.521060649610924e-05 17449
1760004422946 8.314350901117974e-05 17459
1760004423292 8.10918621419627e-05 17469
1760004423643 7.905616212742536e-05 17479
1760004423996 7.703690134941405e-05 17489
1760004424348 7.503456821355938e-05 17499
1760004424692 7.304964703114464e-05 17509
1760004425035 7.1082617901963e-05 17519
1760004425380 6.913395659819468e-05 17529
1760004425731 6.720413444932995e-05 17539
1760004426091 6.529361822816724e-05 17549
1760004426457 6.34028700379128e-05 17559
1760004426821 6.153234720041087e-05 17569
1760004427191 5.968250214552886e-05 17579
1760004427551 5.785378230172716e-05 17589
1760004427922 5.6046629987837835e-05 17599
1760004428283 5.426148230607924e-05 17609
1760004428647 5.2498771036333146e-05 17619
1760004429011 5.075892253170792e-05 17629
1760004429375 4.9042357615415575e-05 17639
1760004429776 4.734949147898557e-05 17649
1760004430140 4.568073358184103e-05 17659
1760004430512 4.403648755226115e-05 17669
1760004430883 4.24171510897548e-05 17679
1760004431258 4.0823115868866834e-05 17689
1760004431626 3.925476744444293e-05 17699
1760004431996 3.771248515837394e-05 17709
1760004432365 3.619664204784293e-05 17719
1760004432734 3.4707604755097926e-05 17729
1760004433106 3.3245733438770164e-05 17739
1760004433481 3.181138168676188e-05 17749
1760004433849 3.0404896430722423e-05 17759
1760004434215 2.902661786213486e-05 17769
1760004434587 2.767687935003245e-05 17779
1760004434959 2.635600736036599e-05 17789
1760004435340 2.5064321377039705e-05 17799
1760004435712 2.3802133824637126e-05 17809
1760004436062 2.2569749992853605e-05 17819
1760004436430 2.1367467962654776e-05 17829
1760004436800 2.0195578534178997e-05 17839
1760004437156 1.9054365156400052e-05 17849
1760004437530 1.794410385856874e-05 17859
1760004437901 1.6865063183448547e-05 17869
1760004438268 1.5817504122362305e-05 17879
1760004438633 1.4801680052065299e-05 17889
1760004439004 1.3817836673460226e-05 17899
1760004439369 1.286621195216848e-05 17909
1760004439747 1.1947036060972789e-05 17919
1760004440124 1.106053132414446e-05 17929
1760004440500 1.0206912163668881e-05 17939
1760004440869 9.386385047382816e-06 17949
1760004441241 8.599148439035017e-06 17959
1760004441618 7.845392750283295e-06 17969
1760004442004 7.125300294638973e-06 17979
1760004442374 6.439045243369962e-06 17989
1760004442742 5.7867935833735e-06 17999
1760004443116 5.168703077028241e-06 18009
1760004443485 4.584923224035672e-06 18019
1760004443854 4.035595225260271e-06 18029
1760004444218 3.5208519485765764e-06 18039
1760004444594 3.040817896732058e-06 18049
1760004444977 2.5956091772332567e-06 18059
1760004445348 2.1853334742623004e-06 18069
1760004445723 1.810090022631136e-06 18079
1760004446095 1.469969583779109e-06 18089
1760004446456 1.1650544238203277e-06 18099
1760004446811 8.954182936455233e-07 18109
1760004447184 6.61126411083744e-07 18119
1760004447556 4.6223544512790275e-07 18129
1760004447935 2.987935022280091e-07 18139
1760004448308 1.7084011465554977e-07 18149
1760004448666 7.8406230941562e-08 18159
1760004449016 2.151420839119155e-08 18169
1760004449373 1.7780767587808e-10 18179
1760004449725 0.00029403044799799485 18189
1760004450032 0.0002939806662741218 18199
1760004450332 0.0002938953392490837 18209
1760004450640 0.00029377448756122507 18219
1760004451005 0.0002936181404413641 18229
1760004451375 0.0002934263357057227 18239
1760004451744 0.00029319911974677983 18249
1760004452127 0.00029293654752205 18259
1760004452515 0.00029263868254079093 18269
1760004452899 0.0002923055968486421 18279
1760004453271 0.00029193737101019883 18289
1760004453653 0.0002915340940895262 18299
1760004454022 0.00029109586362861605 18309
1760004454394 0.00029062278562379506 18319
1760004454770 0.0002901149745000863 18329
1760004455138 0.0002895725530835334 18339
1760004455511 0.00028899565257149175 18349
1760004455883 0.0002883844125008957 18359
1760004456249 0.0002877389807145079 18369
1760004456611 0.00028705951332516074 18379
1760004456971 0.00028634617467799574 18389
1760004457320 0.00028559913731071384 18399
1760004457665 0.00028481858191184255 18409
1760004458008 0.00028400469727703215 18419
1760004458354 0.0002831576802633915 18429
1760004458697 0.00028227773574187297 18439
1760004459046 0.00028136507654771993 18449
1760004459392 0.0002804199234289874 18459
1760004459743 0.0002794425049931492 18469
1760004460095 0.00027843305765180344 18479
1760004460443 0.0002773918255634911 18489
1760004460786 0.00027631906057464065 18499
1760004461126 0.0002752150221586528 18509
1760004461473 0.0002740799773531409 18519
1760004461830 0.00027291420069534177 18529
1760004462199 0.00027171797415571214 18539
1760004462570 0.00027049158706972767 18549
1760004462943 0.0002692353360679003 18559
1760004463314 0.00026794952500403126 18569
1760004463672 0.0002666344648817167 18579
1760004464029 0.0002652904737791245 18589
1760004464380 0.0002639178767720594 18599
1760004464729 0.0002625170058553355 18609
1760004465076 0.0002610881998624763 18619
1760004465417 0.000259631804383759 18629
1760004465761 0.00025814817168262583 18639
1760004466104 0.0002566376606104808 18649
1760004466447 0.0002551006365198931 18659
1760004466792 0.0002535374711762279 18669
1760004467136 0.00025194854266772623 18679
1760004467482 0.00025033423531405546 18689
1760004467826 0.00024869493957335243 18699
1760004468176 0.0002470310519477823 18709
1760004468519 0.0002453429748876349 18719
1760004468870 0.00024363111669398267 18729
1760004469219 0.00024189589141992377 18739
1760004469576 0.00024013771877043325 18749
1760004469918 0.00023835702400084777 18759
1760004470263 0.00023655423781400754 18769
1760004470610 0.00023472979625608066 18779
1760004470958 0.00023288414061109543 18789
1760004471313 0.00023101771729420485 18799
1760004471668 0.00022913097774371124 18809
1760004472014 0.000227224378311875 18819
1760004472360 0.00022529838015453507 18829
1760004472708 0.00022335344911956765 18839
1760004473052 0.00022139005563421 18849
1760004473400 0.00021940867459127632 18859
1760004473753 0.0002174097852342943 18869
1760004474100 0.000215393871041588 18879
1760004474442 0.00021336141960933818 18889
1760004474788 0.00021131292253364497 18899
1760004475132 0.0002092488752916243 18909
1760004475481 0.00020716977712156477 18919
1760004476346 0.00020507613090217552 18929
1760004476704 0.0002029684430309528 18939
1760004477050 0.00020084722330169626 18949
1760004477397 0.0001987129847812029 18959
1760004477744 0.00019656624368517028 18969
1760004478090 0.00019440751925333733 18979
1760004478440 0.00019223733362389394 18989
1760004478792 0.00019005621170719005 18999
1760004479154 0.00018786468105877322 19009
1760004479499 0.0001856632717517873 19019
1760004479848 0.00018345251624876164 19029
1760004480194 0.00018123294927282246 19039
1760004480543 0.0001790051076783577 19049
1760004480891 0.00017676953032116604 19059
1760004481250 0.00017452675792812197 19069
1760004481598 0.0001722773329663884 19079
1760004481946 0.0001700217995122082 19089
1760004482293 0.00016776070311930644 19099
1760004482639 0.0001654945906869356 19109
1760004482991 0.0001632240103275951 19119
1760004483346 0.00016094951123445748 19129
1760004483694 0.0001586716435485329 19139
1760004484041 0.0001563909582256048 19149
1760004484391 0.00015410800690296845 19159
1760004484735 0.00015182334176600424 19169
1760004485087 0.00014953751541461866 19179
1760004485440 0.00014725108072958547 19189
1760004485790 0.000144964590738818 19199
1760004486135 0.00014267859848360662 19209
1760004486490 0.0001403936568848526 19219
1760004486838 0.0001381103186093314 19229
1760004487187 0.00013582913593601707 19239
1760004487535 0.00013355066062250065 19249
1760004487890 0.00013127544377153455 19259
1760004488239 0.00012900403569773565 19269
1760004488586 0.0001267369857944786 19279
1760004488938 0.00012447484240101213 19289
1760004489292 0.00012221815266983037 19299
1760004489642 0.00011996746243433126 19309
1760004490005 0.00011772331607679379 19319
1760004490367 0.00011548625639670634 19329
1760004490721 0.0001132568244794781 19339
1760004491076 0.0001110355595655646 19349
1760004491427 0.00010882299892003997 19359
1760004491782 0.00010661967770264655 19369
1760004492136 0.0001044261288383541 19379
1760004492507 0.0001022428828884593 19389
1760004492879 0.00010007046792225713 19399
1760004493248 9.790940938931478e-05 19409
1760004493617 9.576022999237953e-05 19419
1760004493988 9.36234495609505e-05 19429
1760004494360 9.149958492554611e-05 19439
1760004494731 8.938914979269602e-05 19449
1760004495114 8.729265462068961e-05 19459
1760004495467 8.521060649610924e-05 19469
1760004495820 8.314350901117974e-05 19479
1760004496176 8.10918621419627e-05 19489
1760004496533 7.905616212742536e-05 19499
1760004496892 7.703690134941405e-05 19509
1760004497247 7.503456821355938e-05 19519
1760004497602 7.304964703114464e-05 19529
1760004497956 7.1082617901963e-05 19539
1760004498303 6.913395659819468e-05 19549
1760004498669 6.720413444932995e-05 19559
1760004499032 6.529361822816724e-05 19569
1760004499385 6.34028700379128e-05 19579
1760004499738 6.153234720041087e-05 19589
1760004500088 5.968250214552886e-05 19599
1760004500440 5.785378230172716e-05 19609
1760004500807 5.6046629987837835e-05 19619
1760004501168 5.426148230607924e-05 19629
1760004501527 5.2498771036333146e-05 19639
1760004501878 5.075892253170792e-05 19649
1760004502223 4.9042357615415575e-05 19659
1760004502571 4.734949147898557e-05 19669
1760004502918 4.568073358184103e-05 19679
1760004503274 4.403648755226115e-05 19689
1760004503620 4.24171510897548e-05 19699
1760004503974 4.0823115868866834e-05 19709
1760004504323 3.925476744444293e-05 19719
1760004504677 3.771248515837394e-05 19729
1760004505029 3.619664204784293e-05 19739
1760004505389 3.4707604755097926e-05 19749
1760004505753 3.3245733438770164e-05 19759
1760004506118 3.181138168676188e-05 19769
1760004506502 3.0404896430722423e-05 19779
1760004506873 2.902661786213486e-05 19789
1760004507251 2.767687935003245e-05 19799
1760004507612 2.635600736036599e-05 19809
1760004507979 2.5064321377039705e-05 19819
1760004508345 2.3802133824637126e-05 19829
1760004508710 2.2569749992853605e-05 19839
1760004509082 2.1367467962654776e-05 19849
1760004509453 2.0195578534178997e-05 19859
1760004509834 1.9054365156400052e-05 19869
1760004510204 1.794410385856874e-05 19879
1760004510575 1.6865063183448547e-05 19889
1760004510948 1.5817504122362305e-05 19899
1760004511318 1.4801680052065299e-05 19909
1760004511689 1.3817836673460226e-05 19919
1760004512055 1.286621195216848e-05 19929
1760004512429 1.1947036060972789e-05 19939
1760004512797 1.106053132414446e-05 19949
1760004513173 1.0206912163668881e-05 19959
1760004513541 9.386385047382816e-06 19969
1760004513909 8.599148439035017e-06 19979
1760004514278 7.845392750283295e-06 19989
1760004514640 7.125300294638973e-06 19999
1760004514983 6.439045243369962e-06 20009
1760004515327 5.7867935833735e-06 20019
1760004515680 5.168703077028241e-06 20029
1760004516027 4.584923224035672e-06 20039
1760004516382 4.035595225260271e-06 20049
1760004516729 3.5208519485765764e-06 20059
1760004517586 3.040817896732058e-06 20069
1760004517856 2.5956091772332567e-06 20079
1760004518088 2.1853334742623004e-06 20089
1760004518289 1.810090022631136e-06 20099
1760004518483 1.469969583779109e-06 20109
1760004518679 1.1650544238203277e-06 20119
1760004518874 8.954182936455233e-07 20129
1760004519068 6.61126411083744e-07 20139
1760004519263 4.6223544512790275e-07 20149
1760004519458 2.987935022280091e-07 20159
1760004519746 1.7084011465554977e-07 20169
1760004520057 7.8406230941562e-08 20179
1760004520399 2.151420839119155e-08 20189
1760004535407 1.7691863749868962e-10 20199
1760004535773 0.0002925602957580049 20209
1760004536141 0.00029251076294275124 20219
1760004536506 0.0002924258625528383 20229
1760004536872 0.00029230561512341897 20239
1760004537230 0.0002921500497391573 20249
1760004537661 0.0002919592040271941 20259
1760004538011 0.0002917331241480459 20269
1760004538359 0.00029147186478443977 20279
1760004538706 0.000291175489128087 20289
1760004539054 0.0002908440688643989 20299
1760004539406 0.0002904776841551479 20309
1760004539750 0.00029007642361907857 20319
1760004540111 0.000289640384310473 20329
1760004540477 0.0002891696716956761 20339
1760004540839 0.0002886643996275859 20349
1760004541202 0.0002881246903181157 20359
1760004541559 0.0002875506743086343 20369
1760004541922 0.00028694249043839117 20379
1760004542283 0.00028630028581093543 20389
1760004542646 0.00028562421575853495 20399
1760004543043 0.0002849144438046058 20409
1760004543405 0.0002841711416241603 20419
1760004543770 0.00028339448900228335 20429
1760004544139 0.00028258467379064703 20439
1760004544502 0.00028174189186207455 20449
1760004544865 0.00028086634706316364 20459
1760004545228 0.0002799582511649813 20469
1760004545590 0.00027901782381184253 20479
1760004545955 0.0002780452924681835 20489
1760004546316 0.00027704089236354443 20499
1760004546679 0.00027600486643567364 20509
1760004547048 0.00027493746527176746 20519
1760004547408 0.0002738389470478595 20529
1760004547772 0.0002727095774663752 20539
1760004548145 0.0002715496296918651 20549
1760004548507 0.00027035938428493365 20559
1760004548869 0.0002691391291343791 20569
1760004549240 0.0002678891593875608 20579
1760004549606 0.0002666097773790111 20589
1760004549970 0.00026530129255730815 20599
1760004550335 0.00026396402141022895 20609
1760004550699 0.0002625982873881991 20619
1760004551058 0.00026120442082605886 20629
1760004551426 0.00025978275886316395 20639
1760004551787 0.0002583336453618402 20649
1760004552148 0.0002568574308242127 20659
1760004552510 0.0002553544723074284 20669
1760004552867 0.00025382513333729363 20679
1760004553229 0.0002522697838203468 20689
1760004553598 0.0002506887999543876 20699
1760004553962 0.00024908256413748523 20709
1760004554326 0.0002474514648754857 20719
1760004554683 0.0002457958966880434 20729
1760004555048 0.00024411626001319674 20739
1760004555424 0.00024241296111051277 20749
1760004555807 0.00024068641196282417 20759
1760004556180 0.00023893703017658112 20769
1760004556529 0.00023716523888084356 20779
1760004556876 0.00023537146662493754 20789
1760004557220 0.0002335561472748003 20799
1760004557563 0.00023171971990803997 20809
1760004557915 0.00022986262870773383 20819
1760004558269 0.0002279853228549927 20829
1760004558615 0.00022608825642031564 20839
1760004558961 0.0002241718882537624 20849
1760004559304 0.00022223668187396984 20859
1760004559649 0.00022028310535603893 20869
1760004559993 0.00021831163121831997 20879
1760004560347 0.00021632273630812284 20889
1760004560697 0.0002143169016863801 20899
1760004561043 0.0002122946125112915 20909
1760004561405 0.00021025635792097677 20919
1760004561754 0.0002082026309151662 20929
1760004562105 0.00020613392823595696 20939
1760004562479 0.00020405075024766467 20949
1760004562843 0.00020195360081579807 20959
1760004563209 0.0001998429871851878 20969
1760004563578 0.00019771941985729691 20979
1760004563942 0.00019558341246674445 20989
1760004564305 0.00019343548165707064 20999
1760004564677 0.00019127614695577447 21009
1760004565039 0.0001891059306486541 21019
1760004565407 0.00018692535765347937 21029
1760004565775 0.00018473495539302837 21039
1760004566137 0.00018253525366751784 21049
1760004566502 0.00018032678452645836 21059
1760004566877 0.0001781100821399659 21069
1760004567239 0.0001758856826695602 21079
1760004567603 0.00017365412413848137 21089
1760004567985 0.00017141594630155647 21099
1760004568361 0.00016917169051464717 21109
1760004568731 0.0001669218996037099 21119
1760004569102 0.00016466711773350091 21129
1760004569478 0.00016240789027595714 21139
1760004569838 0.00016014476367828522 21149
1760004570217 0.00015787828533079024 21159
1760004570596 0.00015560900343447682 21169
1760004570965 0.00015333746686845362 21179
1760004571336 0.00015106422505717422 21189
1760004571705 0.00014878982783754559 21199
1760004572071 0.00014651482532593754 21209
1760004572442 0.00014423976778512394 21219
1760004572789 0.0001419652054911886 21229
1760004573153 0.00013969168860042836 21239
1760004573508 0.00013741976701628478 21249
1760004573855 0.000135149990256337 21259
1760004574203 0.00013288290731938815 21269
1760004574554 0.0001306190665526769 21279
1760004574902 0.00012835901551924697 21289
1760004575255 0.0001261033008655062 21299
1760004575607 0.00012385246818900707 21309
1760004575964 0.00012160706190648123 21319
1760004576316 0.00011936762512215963 21329
1760004576659 0.00011713469949640983 21339
1760004576954 0.00011490882511472281 21349
1760004577203 0.00011269054035708072 21359
1760004577494 0.0001104803817677368 21369
1760004577779 0.00010827888392543978 21379
1760004578080 0.00010608657931413333 21389
1760004578430 0.00010390399819416232 21399
1760004578790 0.000101731668474017 21409
1760004579139 9.957011558264585e-05 21419
1760004579505 9.741986234236822e-05 21429
1760004579885 9.528142884241763e-05 21439
1760004580252 9.315533231314575e-05 21449
1760004580636 9.104208700091838e-05 21459
1760004580993 8.894220404373256e-05 21469
1760004581368 8.685619134758617e-05 21479
1760004581743 8.478455346362871e-05 21489
1760004582115 8.272779146612385e-05 21499
1760004582483 8.06864028312529e-05 21509
1760004582856 7.866088131678823e-05 21519
1760004583221 7.6651716842667e-05 21529
1760004583585 7.465939537249159e-05 21539
1760004583950 7.268439879598893e-05 21549
1760004584315 7.07272048124532e-05 21559
1760004584675 6.878828681520371e-05 21569
1760004585052 6.68681137770833e-05 21579
1760004585425 6.49671501370264e-05 21589
1760004585790 6.308585568772323e-05 21599
1760004586157 6.122468546440881e-05 21609
1760004586524 5.938408963480122e-05 21619
1760004586894 5.756451339021853e-05 21629
1760004587272 5.576639683789865e-05 21639
1760004587632 5.3990174894548845e-05 21649
1760004588005 5.2236277181151484e-05 21659
1760004588371 5.0505127919049375e-05 21669
1760004588735 4.87971458273385e-05 21679
1760004589101 4.711274402159065e-05 21689
1760004589465 4.5452329913931824e-05 21699
1760004589832 4.381630511449984e-05 21709
1760004590197 4.2205065334306026e-05 21719
1760004590560 4.06190002895225e-05 21729
1760004590923 3.9058493607220715e-05 21739
1760004591297 3.7523922732582074e-05 21749
1760004591671 3.6015658837603715e-05 21759
1760004592037 3.453406673132244e-05 21769
1760004592407 3.3079504771576316e-05 21779
1760004592773 3.165232477832807e-05 21789
1760004593122 3.0252871948568813e-05 21799
1760004593474 2.8881484772824188e-05 21809
1760004593826 2.753849495328229e-05 21819
1760004594192 2.622422732356416e-05 21829
1760004594564 2.493899977015451e-05 21839
1760004594929 2.3683123155513945e-05 21849
1760004595299 2.2456901242889338e-05 21859
1760004595654 2.1260630622841503e-05 21869
1760004596007 2.0094600641508103e-05 21879
1760004596364 1.8959093330618054e-05 21889
1760004596720 1.78543833392759e-05 21899
1760004597077 1.6780737867531305e-05 21909
1760004597441 1.5738416601750497e-05 21919
1760004597808 1.4727671651804974e-05 21929
1760004598175 1.3748747490092927e-05 21939
1760004598541 1.2801880892407639e-05 21949
1760004598909 1.1887300880667925e-05 21959
1760004599284 1.1005228667523739e-05 21969
1760004599657 1.0155877602850537e-05 21979
1760004600025 9.339453122145902e-06 21989
1760004600396 8.556152696839841e-06 21999
1760004600764 7.80616578653188e-06 22009
1760004601130 7.089673793165778e-06 22019
1760004601508 6.406850017153113e-06 22029
1760004601889 5.757859615456634e-06 22039
1760004602257 5.1428595616431e-06 22049
1760004602630 4.561998607915495e-06 22059
1760004603011 4.01541724913397e-06 22069
1760004603386 3.503247688833694e-06 22079
1760004603759 3.0256138072483976e-06 22089
1760004604132 2.5826311313470904e-06 22099
1760004604505 2.174406806890989e-06 22109
1760004604879 1.8010395725179805e-06 22119
1760004605250 1.4626197358602135e-06 22129
1760004605625 1.1592291517012262e-06 22139
1760004606022 8.909412021772957e-07 22149
1760004606406 6.578207790283254e-07 22159
1760004606791 4.599242679022633e-07 22169
1760004607158 2.972995347168691e-07 22179
1760004607532 1.6998591408227205e-07 22189
1760004607909 7.80141997868542e-08 22199
1760004608276 2.1406637349235593e-08 22209
1760004608643 1.7691863749868962e-10 22219
1760004609006 0.0002925602957580049 22229
1760004609372 0.00029251076294275124 22239
1760004609743 0.0002924258625528383 22249
1760004610110 0.00029230561512341897 22259
1760004610481 0.0002921500497391573 22269
1760004610849 0.0002919592040271941 22279
1760004611214 0.0002917331241480459 22289
1760004611605 0.00029147186478443977 22299
1760004611984 0.000291175489128087 22309
1760004612363 0.0002908440688643989 22319
1760004612737 0.0002904776841551479 22329
1760004613108 0.00029007642361907857 22339
1760004613497 0.000289640384310473 22349
1760004613872 0.0002891696716956761 22359
1760004614252 0.0002886643996275859 22369
1760004614629 0.0002881246903181157 22379
1760004615000 0.0002875506743086343 22389
1760004615370 0.00028694249043839117 22399
1760004615757 0.00028630028581093543 22409
1760004616138 0.00028562421575853495 22419
1760004616510 0.0002849144438046058 22429
1760004616878 0.0002841711416241603 22439
1760004617244 0.00028339448900228335 22449
1760004617643 0.00028258467379064703 22459
1760004618015 0.00028174189186207455 22469
1760004618385 0.00028086634706316364 22479
1760004618753 0.0002799582511649813 22489
1760004619139 0.00027901782381184253 22499
1760004619515 0.0002780452924681835 22509
1760004619894 0.00027704089236354443 22519
1760004620272 0.00027600486643567364 22529
1760004620650 0.00027493746527176746 22539
1760004621012 0.0002738389470478595 22549
1760004621397 0.0002727095774663752 22559
1760004621785 0.0002715496296918651 22569
1760004622169 0.00027035938428493365 22579
1760004622548 0.0002691391291343791 22589
1760004622922 0.0002678891593875608 22599
1760004623302 0.0002666097773790111 22609
1760004623687 0.00026530129255730815 22619
1760004624076 0.00026396402141022895 22629
1760004624450 0.0002625982873881991 22639
1760004624817 0.00026120442082605886 22649
1760004625201 0.00025978275886316395 22659
1760004625570 0.0002583336453618402 22669
1760004625937 0.0002568574308242127 22679
1760004626305 0.0002553544723074284 22689
1760004626686 0.00025382513333729363 22699
1760004627066 0.0002522697838203468 22709
1760004627437 0.0002506887999543876 22719
1760004627810 0.00024908256413748523 22729
1760004628185 0.0002474514648754857 22739
1760004628561 0.0002457958966880434 22749
1760004628931 0.00024411626001319674 22759
1760004629298 0.00024241296111051277 22769
1760004629669 0.00024068641196282417 22779
1760004630039 0.00023893703017658112 22789
1760004630409 0.00023716523888084356 22799
1760004630776 0.00023537146662493754 22809
1760004631137 0.0002335561472748003 22819
1760004631501 0.00023171971990803997 22829
1760004631871 0.00022986262870773383 22839
1760004632247 0.0002279853228549927 22849
1760004632611 0.00022608825642031564 22859
1760004632984 0.0002241718882537624 22869
1760004633371 0.00022223668187396984 22879
1760004633751 0.00022028310535603893 22889
1760004634128 0.00021831163121831997 22899
1760004634505 0.00021632273630812284 22909
1760004634874 0.0002143169016863801 22919
1760004635254 0.0002122946125112915 22929
1760004635622 0.00021025635792097677 22939
1760004635996 0.0002082026309151662 22949
1760004636361 0.00020613392823595696 22959
1760004636735 0.00020405075024766467 22969
1760004637106 0.00020195360081579807 22979
1760004637478 0.0001998429871851878 22989
1760004637844 0.00019771941985729691 22999
1760004638210 0.00019558341246674445 23009
1760004638572 0.00019343548165707064 23019
1760004638926 0.00019127614695577447 23029
1760004639286 0.0001891059306486541 23039
1760004639649 0.00018692535765347937 23049
1760004640007 0.00018473495539302837 23059
1760004640376 0.00018253525366751784 23069
1760004640733 0.00018032678452645836 23079
1760004641092 0.0001781100821399659 23089
1760004641463 0.0001758856826695602 23099
1760004641835 0.00017365412413848137 23109
1760004642211 0.00017141594630155647 23119
1760004642578 0.00016917169051464717 23129
1760004642941 0.0001669218996037099 23139
1760004643307 0.00016466711773350091 23149
1760004643670 0.00016240789027595714 23159
1760004644045 0.00016014476367828522 23169
1760004644417 0.00015787828533079024 23179
1760004644796 0.00015560900343447682 23189
1760004645172 0.00015333746686845362 23199
1760004645544 0.00015106422505717422 23209
1760004645913 0.00014878982783754559 23219
1760004646283 0.00014651482532593754 23229
1760004646648 0.00014423976778512394 23239
1760004647011 0.0001419652054911886 23249
1760004647379 0.00013969168860042836 23259
1760004647748 0.00013741976701628478 23269
1760004648125 0.000135149990256337 23279
1760004648497 0.00013288290731938815 23289
1760004648871 0.0001306190665526769 23299
1760004649242 0.00012835901551924697 23309
1760004649620 0.0001261033008655062 23319
1760004649996 0.00012385246818900707 23329
1760004650369 0.00012160706190648123 23339
1760004650740 0.00011936762512215963 23349
1760004651114 0.00011713469949640983 23359
1760004651486 0.00011490882511472281 23369
1760004651857 0.00011269054035708072 23379
1760004652235 0.0001104803817677368 23389
1760004652612 0.00010827888392543978 23399
1760004652980 0.00010608657931413333 23409
1760004653352 0.00010390399819416232 23419
1760004653724 0.000101731668474017 23429
1760004654096 9.957011558264585e-05 23439
1760004654476 9.741986234236822e-05 23449
1760004654848 9.528142884241763e-05 23459
1760004655217 9.315533231314575e-05 23469
1760004655587 9.104208700091838e-05 23479
1760004655980 8.894220404373256e-05 23489
1760004656379 8.685619134758617e-05 23499
1760004656775 8.478455346362871e-05 23509
1760004657156 8.272779146612385e-05 23519
1760004657555 8.06864028312529e-05 23529
1760004657923 7.866088131678823e-05 23539
1760004658291 7.6651716842667e-05 23549
1760004658658 7.465939537249159e-05 23559
1760004659025 7.268439879598893e-05 23569
1760004659394 7.07272048124532e-05 23579
1760004659773 6.878828681520371e-05 23589
1760004660144 6.68681137770833e-05 23599
1760004660514 6.49671501370264e-05 23609
1760004660886 6.308585568772323e-05 23619
1760004661257 6.122468546440881e-05 23629
1760004661630 5.938408963480122e-05 23639
1760004662009 5.756451339021853e-05 23649
1760004662380 5.576639683789865e-05 23659
1760004662760 5.3990174894548845e-05 23669
1760004663140 5.2236277181151484e-05 23679
1760004663518 5.0505127919049375e-05 23689
1760004663894 4.87971458273385e-05 23699
1760004664267 4.711274402159065e-05 23709
1760004664644 4.5452329913931824e-05 23719
1760004665013 4.381630511449984e-05 23729
1760004665384 4.2205065334306026e-05 23739
1760004665756 4.06190002895225e-05 23749
1760004666125 3.9058493607220715e-05 23759
1760004666498 3.7523922732582074e-05 23769
1760004666875 3.6015658837603715e-05 23779
1760004667247 3.453406673132244e-05 23789
1760004667623 3.3079504771576316e-05 23799
1760004667994 3.165232477832807e-05 23809
1760004668367 3.0252871948568813e-05 23819
1760004668738 2.8881484772824188e-05 23829
1760004669110 2.753849495328229e-05 23839
1760004669489 2.622422732356416e-05 23849
1760004669862 2.493899977015451e-05 23859
1760004670234 2.3683123155513945e-05 23869
1760004670609 2.2456901242889338e-05 23879
1760004670980 2.1260630622841503e-05 23889
1760004671365 2.0094600641508103e-05 23899
1760004671732 1.8959093330618054e-05 23909
1760004672088 1.78543833392759e-05 23919
1760004672448 1.6780737867531305e-05 23929
1760004672808 1.5738416601750497e-05 23939
1760004673170 1.4727671651804974e-05 23949
1760004673533 1.3748747490092927e-05 23959
1760004673891 1.2801880892407639e-05 23969
1760004674251 1.1887300880667925e-05 23979
1760004674608 1.1005228667523739e-05 23989
1760004674963 1.0155877602850537e-05 23999
1760004675320 9.339453122145902e-06 24009
1760004675680 8.556152696839841e-06 24019
1760004676041 7.80616578653188e-06 24029
1760004676396 7.089673793165778e-06 24039
1760004676753 6.406850017153113e-06 24049
1760004677116 5.757859615456634e-06 24059
1760004677471 5.1428595616431e-06 24069
1760004677823 4.561998607915495e-06 24079
1760004678182 4.01541724913397e-06 24089
1760004678538 3.503247688833694e-06 24099
1760004679410 3.0256138072483976e-06 24109
1760004679755 2.5826311313470904e-06 24119
1760004680099 2.174406806890989e-06 24129
1760004680442 1.8010395725179805e-06 24139
1760004680785 1.4626197358602135e-06 24149
1760004681128 1.1592291517012262e-06 24159
1760004681474 8.909412021772957e-07 24169
1760004681824 6.578207790283254e-07 24179
1760004682176 4.599242679022633e-07 24189
1760004682527 2.972995347168691e-07 24199
1760004682878 1.6998591408227205e-07 24209
1760004683223 7.80141997868542e-08 24219
1760004683528 2.1406637349235593e-08 24229
1760004697846 1.7603404431119617e-10 24239
1760004698124 0.0002910974942792149 24249
1760004698427 0.0002910482091280375 24259
1760004698772 0.00029096373324007417 24269
1760004699114 0.0002908440870478019 24279
1760004699482 0.0002906892994904615 24289
1760004699873 0.0002904994080070582 24299
1760004700224 0.00029027445852730573 24309
1760004700570 0.0002900145054605176 24319
1760004700915 0.0002897196116824466 24329
1760004701256 0.00028938984852007693 24339
1760004701601 0.00028902529573437215 24349
1760004701947 0.0002886260415009832 24359
1760004702294 0.0002881921823889207 24369
1760004702645 0.0002877238233371977 24379
1760004702997 0.000287221077629448 24389
1760004703355 0.00028668406686652517 24399
1760004703719 0.00028611292093709117 24409
1760004704079 0.0002855077779861993 24419
1760004704436 0.00028486878438188076 24429
1760004704792 0.0002841960946797423 24439
1760004705148 0.0002834898715855828 24449
1760004705508 0.0002827502859160395 24459
1760004705861 0.00028197751655727193 24469
1760004706220 0.0002811717504216938 24479
1760004706573 0.00028033318240276424 24489
1760004706932 0.00027946201532784784 24499
1760004707290 0.0002785584599091564 24509
1760004707645 0.00027762273469278333 24519
1760004707999 0.00027665506600584256 24529
1760004708366 0.0002756556879017267 24539
1760004708737 0.0002746248421034953 24549
1760004709105 0.00027356277794540865 24559
1760004709459 0.00027246975231262025 24569
1760004709774 0.00027134602957904337 24579
1760004710044 0.0002701918815434058 24589
1760004710274 0.000269007587363509 24599
1760004710484 0.00026779343348870717 24609
1760004710688 0.00026654971359062305 24619
1760004710895 0.0002652767284921161 24629
1760004711098 0.0002639747860945216 24639
1760004711304 0.00026264420130317777 24649
1760004711508 0.0002612852959512581 24659
1760004711717 0.0002598983987219286 24669
1760004711922 0.0002584838450688482 24679
1760004712223 0.00025704197713503104 24689
1760004712544 0.00025557314367009165 24699
1760004712898 0.0002540776999458913 24709
1760004713257 0.0002525560076706072 24719
1760004713622 0.00025100843490124506 24729
1760004713979 0.0002494353559546157 24739
1760004714331 0.0002478371513167978 24749
1760004714690 0.00024621420755110827 24759
1760004715041 0.0002445669172046032 24769
1760004715402 0.00024289567871313075 24779
1760004715759 0.00024120089630496022 24789
1760004716124 0.00023948297990301006 24799
1760004716477 0.0002377423450256982 24809
1760004716833 0.00023597941268643934 24819
1760004717191 0.00023419460929181285 24829
1760004717524 0.0002323883665384263 24839
1760004717807 0.0002305611213084998 24849
1760004718074 0.00022871331556419518 24859
1760004718403 0.00022684539624071777 24869
1760004718778 0.00022495781513821408 24879
1760004719191 0.0002230510288124936 24889
1760004719559 0.0002211254984646 24899
1760004719922 0.00021918168982925875 24909
1760004720290 0.00021722007306222837 24919
1760004720652 0.00021524112262658225 24929
1760004721014 0.0002132453171779482 24939
1760004721380 0.00021123313944873507 24949
1760004721747 0.0002092050761313719 24959
1760004722121 0.00020716161776059038 24969
1760004722490 0.0002051032585947772 24979
1760004722858 0.00020303049649642634 24989
1760004723234 0.00020094383281171909 24999
1760004723611 0.00019884377224926186 25009
1760004723980 0.00019673082275801043 25019
1760004724350 0.00019460549540441073 25029
1760004724718 0.00019246830424878532 25039
1760004725085 0.0001903197662209956 25049
1760004725463 0.00018816040099541085 25059
1760004725835 0.000185990730865212 25069
1760004726209 0.00018381128061606324 25079
1760004726579 0.00018162257739918027 25089
1760004726931 0.00017942515060382608 25099
1760004727278 0.00017721953172926609 25109
1760004727631 0.00017500625425621242 25119
1760004727986 0.00017278585351778898 25129
1760004728357 0.0001705588665700487 25139
1760004728723 0.00016832583206207393 25149
1760004729083 0.00016608729010569138 25159
1760004729441 0.0001638437821448334 25169
1760004729806 0.00016159585082457735 25179
1760004730168 0.0001593440398598938 25189
1760004730532 0.00015708889390413628 25199
1760004730892 0.00015483095841730443 25209
1760004731259 0.00015257077953411135 25219
1760004731620 0.00015030890393188836 25229
1760004731983 0.00014804587869835786 25239
1760004732346 0.00014578225119930786 25249
1760004732712 0.00014351856894619832 25259
1760004733070 0.00014125537946373267 25269
1760004733438 0.00013899323015742623 25279
1760004733796 0.00013673266818120335 25289
1760004734156 0.00013447424030505533 25299
1760004734515 0.00013221849278279122 25309
1760004734876 0.0001299659712199135 25319
1760004735244 0.00012771722044165076 25329
1760004735612 0.0001254727843611787 25339
1760004735974 0.00012323320584806206 25349
1760004736332 0.00012099902659694883 25359
1760004736693 0.00011877078699654884 25369
1760004737056 0.00011654902599892778 25379
1760004737422 0.0001143342809891492 25389
1760004737783 0.00011212708765529531 25399
1760004738151 0.00010992797985889811 25409
1760004738515 0.0001077374895058126 25419
1760004738879 0.00010555614641756268 25429
1760004739243 0.00010338447820319152 25439
1760004739604 0.00010122301013164694 25449
1760004739972 9.907226500473262e-05 25459
1760004740343 9.693276303065639e-05 25469
1760004740707 9.480502169820555e-05 25479
1760004741081 9.268955565158002e-05 25489
1760004741455 9.05868765659138e-05 25499
1760004741826 8.84974930235139e-05 25509
1760004742204 8.642191039084824e-05 25519
1760004742571 8.436063069631057e-05 25529
1760004742947 8.231415250879323e-05 25539
1760004743315 8.028297081709665e-05 25549
1760004743686 7.82675769102043e-05 25559
1760004744058 7.626845825845367e-05 25569
1760004744426 7.428609839562913e-05 25579
1760004744802 7.232097680200899e-05 25589
1760004745171 7.037356878839094e-05 25599
1760004745539 6.844434538112771e-05 25609
1760004745907 6.653377320819789e-05 25619
1760004746283 6.464231438634128e-05 25629
1760004746655 6.277042640928461e-05 25639
1760004747029 6.0918562037086774e-05 25649
1760004747398 5.908716918662722e-05 25659
1760004747772 5.727669082326744e-05 25669
1760004748125 5.5487564853709155e-05 25679
1760004748475 5.3720224020076104e-05 25689
1760004748843 5.197509579524573e-05 25699
1760004749215 5.025260227945413e-05 25709
1760004749580 4.8553160098201814e-05 25719
1760004749952 4.68771803014827e-05 25729
1760004750318 4.522506826436217e-05 25739
1760004750683 4.3597223588927344e-05 25749
1760004751049 4.19940400076345e-05 25759
1760004751417 4.041590528807489e-05 25769
1760004751785 3.886320113918462e-05 25779
1760004752158 3.733630311891917e-05 25789
1760004752538 3.58355805434157e-05 25799
1760004752908 3.436139639766583e-05 25809
1760004753281 3.291410724771844e-05 25819
1760004753659 3.1494063154436433e-05 25829
1760004754036 3.010160758882597e-05 25839
1760004754413 2.873707734896007e-05 25849
1760004754790 2.740080247851588e-05 25859
1760004755168 2.609310618694634e-05 25869
1760004755546 2.4814304771303738e-05 25879
1760004755926 2.3564707539736374e-05 25889
1760004756306 2.2344616736674895e-05 25899
1760004756681 2.1154327469727297e-05 25909
1760004757059 1.9994127638300566e-05 25919
1760004757439 1.8864297863964963e-05 25929
1760004757819 1.776511142257952e-05 25939
1760004758202 1.669683417819365e-05 25949
1760004758579 1.5659724518741745e-05 25959
1760004758950 1.465403329354595e-05 25969
1760004759328 1.3680003752642463e-05 25979
1760004759699 1.27378714879456e-05 25989
1760004760069 1.1827864376264587e-05 25999
1760004760448 1.095020252418612e-05 26009
1760004760820 1.0105098214836285e-05 26019
1760004761191 9.292755856535173e-06 26029
1760004761557 8.513371933355643e-06 26039
1760004761923 7.767134957599221e-06 26049
1760004762299 7.05422542419995e-06 26059
1760004762666 6.374815767067348e-06 26069
1760004763033 5.729070317379351e-06 26079
1760004763407 5.117145263834886e-06 26089
1760004763774 4.539188614875918e-06 26099
1760004764143 3.995340162888301e-06 26109
1760004764512 3.4857314503895258e-06 26119
1760004764888 3.010485738212156e-06 26129
1760004765255 2.5697179756903554e-06 26139
1760004765625 2.1635347728565346e-06 26149
1760004765992 1.7920343746553906e-06 26159
1760004766362 1.4553066371809124e-06 26169
1760004766729 1.1534330059427202e-06 26179
1760004767106 8.864864961664093e-07 26189
1760004767474 6.545316751331838e-07 26199
1760004767845 4.57624646562752e-07 26209
1760004768213 2.9581303704328477e-07 26219
1760004768581 1.691359845118607e-07 26229
1760004768951 7.762412878791993e-08 26239
1760004769321 2.1299604162489416e-08 26249
1760004769697 1.7603404431119617e-10 26259
1760004770066 0.0002910974942792149 26269
1760004770435 0.0002910482091280375 26279
1760004770802 0.00029096373324007417 26289
1760004771173 0.0002908440870478019 26299
1760004771541 0.0002906892994904615 26309
1760004771908 0.0002904994080070582 26319
1760004772261 0.00029027445852730573 26329
1760004772615 0.0002900145054605176 26339
1760004772970 0.0002897196116824466 26349
1760004773323 0.00028938984852007693 26359
1760004773677 0.00028902529573437215 26369
1760004774031 0.0002886260415009832 26379
1760004774384 0.0002881921823889207 26389
1760004774738 0.0002877238233371977 26399
1760004775089 0.000287221077629448 26409
1760004775441 0.00028668406686652517 26419
1760004775801 0.00028611292093709117 26429
1760004776152 0.0002855077779861993 26439
1760004776503 0.00028486878438188076 26449
1760004776855 0.0002841960946797423 26459
1760004777214 0.0002834898715855828 26469
1760004777568 0.0002827502859160395 26479
1760004777921 0.00028197751655727193 26489
1760004778275 0.0002811717504216938 26499
1760004778628 0.00028033318240276424 26509
1760004778984 0.00027946201532784784 26519
1760004779355 0.0002785584599091564 26529
1760004779714 0.00027762273469278333 26539
1760004780076 0.00027665506600584256 26549
1760004780446 0.0002756556879017267 26559
1760004780809 0.0002746248421034953 26569
1760004781171 0.00027356277794540865 26579
1760004781534 0.00027246975231262025 26589
1760004781901 0.00027134602957904337 26599
1760004782275 0.0002701918815434058 26609
1760004782655 0.000269007587363509 26619
1760004783024 0.00026779343348870717 26629
1760004783394 0.00026654971359062305 26639
1760004783776 0.0002652767284921161 26649
1760004784146 0.0002639747860945216 26659
1760004784507 0.00026264420130317777 26669
1760004784872 0.0002612852959512581 26679
1760004785234 0.0002598983987219286 26689
1760004785594 0.0002584838450688482 26699
1760004785948 0.00025704197713503104 26709
1760004786312 0.00025557314367009165 26719
1760004786666 0.0002540776999458913 26729
1760004787020 0.0002525560076706072 26739
1760004787375 0.00025100843490124506 26749
1760004787729 0.0002494353559546157 26759
1760004788084 0.0002478371513167978 26769
1760004788441 0.00024621420755110827 26779
1760004788802 0.0002445669172046032 26789
1760004789159 0.00024289567871313075 26799
1760004789516 0.00024120089630496022 26809
1760004789880 0.00023948297990301006 26819
1760004790244 0.0002377423450256982 26829
1760004790603 0.00023597941268643934 26839
1760004790967 0.00023419460929181285 26849
1760004791321 0.0002323883665384263 26859
1760004791681 0.0002305611213084998 26869
1760004792045 0.00022871331556419518 26879
1760004792407 0.00022684539624071777 26889
1760004792771 0.00022495781513821408 26899
1760004793133 0.0002230510288124936 26909
1760004793509 0.0002211254984646 26919
1760004793881 0.00021918168982925875 26929
1760004794248 0.00021722007306222837 26939
1760004794611 0.00021524112262658225 26949
1760004794906 0.0002132453171779482 26959
1760004795218 0.00021123313944873507 26969
1760004795572 0.0002092050761313719 26979
1760004795925 0.00020716161776059038 26989
1760004796278 0.0002051032585947772 26999
1760004796631 0.00020303049649642634 27009
1760004796992 0.00020094383281171909 27019
1760004797355 0.00019884377224926186 27029
1760004797711 0.00019673082275801043 27039
1760004798064 0.00019460549540441073 27049
1760004798419 0.00019246830424878532 27059
1760004798782 0.0001903197662209956 27069
1760004799143 0.00018816040099541085 27079
1760004799496 0.000185990730865212 27089
1760004799851 0.00018381128061606324 27099
1760004800217 0.00018162257739918027 27109
1760004800575 0.00017942515060382608 27119
1760004800928 0.00017721953172926609 27129
1760004801280 0.00017500625425621242 27139
1760004801639 0.00017278585351778898 27149
1760004801992 0.0001705588665700487 27159
1760004802347 0.00016832583206207393 27169
1760004802701 0.00016608729010569138 27179
1760004803058 0.0001638437821448334 27189
1760004803413 0.00016159585082457735 27199
1760004803776 0.0001593440398598938 27209
1760004804132 0.00015708889390413628 27219
1760004804499 0.00015483095841730443 27229
1760004804854 0.00015257077953411135 27239
1760004805209 0.00015030890393188836 27249
1760004805564 0.00014804587869835786 27259
1760004805925 0.00014578225119930786 27269
1760004806292 0.00014351856894619832 27279
1760004806649 0.00014125537946373267 27289
1760004807004 0.00013899323015742623 27299
1760004807359 0.00013673266818120335 27309
1760004807715 0.00013447424030505533 27319
1760004808072 0.00013221849278279122 27329
1760004808427 0.0001299659712199135 27339
1760004808782 0.00012771722044165076 27349
1760004809138 0.0001254727843611787 27359
1760004809493 0.00012323320584806206 27369
1760004809848 0.00012099902659694883 27379
1760004810204 0.00011877078699654884 27389
1760004810557 0.00011654902599892778 27399
1760004810911 0.0001143342809891492 27409
1760004811264 0.00011212708765529531 27419
1760004811616 0.00010992797985889811 27429
1760004811976 0.0001077374895058126 27439
1760004812287 0.00010555614641756268 27449
1760004812595 0.00010338447820319152 27459
1760004812898 0.00010122301013164694 27469
1760004813257 9.907226500473262e-05 27479
1760004813614 9.693276303065639e-05 27489
1760004813969 9.480502169820555e-05 27499
1760004814323 9.268955565158002e-05 27509
1760004814679 9.05868765659138e-05 27519
1760004815035 8.84974930235139e-05 27529
1760004815392 8.642191039084824e-05 27539
1760004815745 8.436063069631057e-05 27549
1760004816099 8.231415250879323e-05 27559
1760004816452 8.028297081709665e-05 27569
1760004816809 7.82675769102043e-05 27579
1760004817164 7.626845825845367e-05 27589
1760004817519 7.428609839562913e-05 27599
1760004817872 7.232097680200899e-05 27609
1760004818225 7.037356878839094e-05 27619
1760004818582 6.844434538112771e-05 27629
1760004818936 6.653377320819789e-05 27639
1760004819289 6.464231438634128e-05 27649
1760004819641 6.277042640928461e-05 27659
1760004819994 6.0918562037086774e-05 27669
1760004820346 5.908716918662722e-05 27679
1760004820699 5.727669082326744e-05 27689
1760004821051 5.5487564853709155e-05 27699
1760004821406 5.3720224020076104e-05 27709
1760004821758 5.197509579524573e-05 27719
1760004822117 5.025260227945413e-05 27729
1760004822470 4.8553160098201814e-05 27739
1760004822823 4.68771803014827e-05 27749
1760004823177 4.522506826436217e-05 27759
1760004823531 4.3597223588927344e-05 27769
1760004823886 4.19940400076345e-05 27779
1760004824239 4.041590528807489e-05 27789
1760004824601 3.886320113918462e-05 27799
1760004824963 3.733630311891917e-05 27809
1760004825317 3.58355805434157e-05 27819
1760004825671 3.436139639766583e-05 27829
1760004826032 3.291410724771844e-05 27839
1760004826398 3.1494063154436433e-05 27849
1760004826754 3.010160758882597e-05 27859
1760004827114 2.873707734896007e-05 27869
1760004827472 2.740080247851588e-05 27879
1760004827834 2.609310618694634e-05 27889
1760004828189 2.4814304771303738e-05 27899
1760004828543 2.3564707539736374e-05 27909
1760004828896 2.2344616736674895e-05 27919
1760004829251 2.1154327469727297e-05 27929
1760004829608 1.9994127638300566e-05 27939
1760004829964 1.8864297863964963e-05 27949
1760004830320 1.776511142257952e-05 27959
1760004830679 1.669683417819365e-05 27969
1760004831044 1.5659724518741745e-05 27979
1760004831406 1.465403329354595e-05 27989
1760004831765 1.3680003752642463e-05 27999
1760004832120 1.27378714879456e-05 28009
1760004832473 1.1827864376264587e-05 28019
1760004832835 1.095020252418612e-05 28029
1760004833224 1.0105098214836285e-05 28039
1760004833590 9.292755856535173e-06 28049
1760004833943 8.513371933355643e-06 28059
1760004834305 7.767134957599221e-06 28069
1760004834657 7.05422542419995e-06 28079
1760004835002 6.374815767067348e-06 28089
1760004835348 5.729070317379351e-06 28099
1760004835692 5.117145263834886e-06 28109
1760004836038 4.539188614875918e-06 28119
1760004836393 3.995340162888301e-06 28129
1760004836747 3.4857314503895258e-06 28139
1760004837558 3.010485738212156e-06 28149
1760004837914 2.5697179756903554e-06 28159
1760004838280 2.1635347728565346e-06 28169
1760004838623 1.7920343746553906e-06 28179
1760004838973 1.4553066371809124e-06 28189
1760004839322 1.1534330059427202e-06 28199
1760004839670 8.864864961664093e-07 28209
1760004840021 6.545316751331838e-07 28219
1760004840371 4.57624646562752e-07 28229
1760004840720 2.9581303704328477e-07 28239
1760004841069 1.691359845118607e-07 28249
1760004841419 7.762412878791993e-08 28259
1760004841773 2.1299604162489416e-08 28269
1760004852538 1.7515387408964018e-10 28279
1760004852905 0.0002896420068078188 28289
1760004853273 0.00028959296808239726 28299
1760004853629 0.0002895089145738738 28309
1760004853987 0.0002893898666125629 28319
1760004854352 0.0002892358529930092 28329
1760004854729 0.0002890469109670229 28339
1760004855074 0.00028882308623466915 28349
1760004855430 0.000288564432933215 28359
1760004855789 0.0002882710136240343 28369
1760004856132 0.0002879428992774765 28379
1760004856490 0.0002875801692557003 28389
1760004856840 0.00028718291129347826 28399
1760004857197 0.00028675122147697605 28409
1760004857587 0.0002862852042205117 28419
1760004857941 0.00028578497224130073 28429
1760004858304 0.00028525064653219255 28439
1760004858682 0.00028468235633240566 28449
1760004859047 0.00028408023909626826 28459
1760004859405 0.00028344444045997133 28469
1760004859760 0.0002827751142063436 28479
1760004860116 0.0002820724222276549 28489
1760004860478 0.0002813365344864593 28499
1760004860838 0.00028056762897448557 28509
1760004861196 0.0002797658916695853 28519
1760004861558 0.00027893151649075035 28529
1760004861914 0.0002780647052512086 28539
1760004862272 0.0002771656676096106 28549
1760004862640 0.0002762346210193194 28559
1760004863000 0.00027527179067581334 28569
1760004863357 0.00027427740946221805 28579
1760004863714 0.00027325171789297783 28589
1760004864069 0.0002721949640556816 28599
1760004864426 0.00027110740355105713 28609
1760004864786 0.00026998929943114816 28619
1760004865154 0.0002688409221356887 28629
1760004865518 0.0002676625494266914 28639
1760004865863 0.0002664544663212636 28649
1760004866215 0.0002652169650226699 28659
1760004866557 0.00026395034484965544 28669
1760004866914 0.00026265491216404896 28679
1760004867262 0.00026133098029666187 28689
1760004867607 0.0002599788694715018 28699
1760004867952 0.0002585989067283189 28709
1760004868303 0.0002571914258435039 28719
1760004868648 0.00025575676724935584 28729
1760004869000 0.0002542952779517412 28739
1760004869345 0.0002528073114461618 28749
1760004869693 0.0002512932276322541 28759
1760004870038 0.00024975339272673884 28769
1760004870390 0.0002481881791748426 28779
1760004870738 0.0002465979655602138 28789
1760004871083 0.0002449831365133527 28799
1760004871436 0.00024334408261858018 28809
1760004871793 0.0002416812003195651 28819
1760004872145 0.0002399948918234354 28829
1760004872494 0.000238285565003495 28839
1760004872847 0.0002365536333005697 28849
1760004873190 0.00023479951562300713 28859
1760004873544 0.00023302363624535377 28869
1760004873890 0.00023122642470573413 28879
1760004874242 0.00022940831570195726 28889
1760004874588 0.0002275697489863742 28899
1760004874934 0.00022571116925951414 28909
1760004875284 0.00022383302606252299 28919
1760004875637 0.00022193577366843114 28929
1760004875984 0.00022001987097227698 28939
1760004876329 0.00021808578138011247 28949
1760004876674 0.0002161339726969172 28959
1760004877022 0.0002141649170134493 28969
1760004877379 0.00021217909059205843 28979
1760004877724 0.00021017697375149137 28989
1760004878078 0.00020815905075071502 28999
1760004878438 0.00020612580967178742 29009
1760004878793 0.0002040777423018033 29019
1760004879143 0.0002020153440139442 29029
1760004879498 0.00019993911364766048 29039
1760004879851 0.00019784955338801556 29049
1760004880205 0.00019574716864422036 29059
1760004880557 0.00019363246792738866 29069
1760004880916 0.00019150596272754137 29079
1760004881270 0.0001893681673898906 29089
1760004881625 0.00018721959899043378 29099
1760004881979 0.0001850607772108859 29109
1760004882335 0.00018289222421298293 29119
1760004882697 0.00018071446451218436 29129
1760004883061 0.00017852802485080694 29139
1760004883427 0.00017633343407061976 29149
1760004883796 0.00017413122298493133 29159
1760004884168 0.00017192192425020004 29169
1760004884536 0.00016970607223719845 29179
1760004884898 0.00016748420290176356 29189
1760004885260 0.0001652568536551629 29199
1760004885637 0.00016302456323410923 29209
1760004886001 0.00016078787157045447 29219
1760004886376 0.0001585473196605943 29229
1760004886744 0.00015630344943461558 29239
1760004887107 0.0001540568036252179 29249
1760004887478 0.0001518079256364408 29259
1760004887846 0.0001495573594122289 29269
1760004888209 0.00014730564930486606 29279
1760004888583 0.00014505333994331132 29289
1760004888952 0.00014280097610146731 29299
1760004889312 0.00014054910256641398 29309
1760004889676 0.00013829826400663908 29319
1760004890040 0.0001360490048402973 29329
1760004890402 0.00013380186910353002 29339
1760004890766 0.00013155740031887725 29349
1760004891130 0.00012931614136381394 29359
1760004891489 0.0001270786343394425 29369
1760004891850 0.00012484542043937277 29379
1760004892211 0.00012261703981882174 29389
1760004892576 0.00012039403146396408 29399
1760004892941 0.00011817693306156608 29409
1760004893308 0.00011596628086893314 29419
1760004893675 0.00011376260958420345 29429
1760004894038 0.00011156645221701883 29439
1760004894406 0.00010937833995960361 29449
1760004894785 0.00010719880205828352 29459
1760004895147 0.00010502836568547485 29469
1760004895516 0.00010286755581217556 29479
1760004895881 0.00010071689508098869 29489
1760004896247 9.857690367970896e-05 29499
1760004896617 9.644809921550309e-05 29509
1760004896981 9.433099658971452e-05 29519
1760004897347 9.222610787332213e-05 29529
1760004897715 9.013394218308421e-05 29539
1760004898078 8.805500555839632e-05 29549
1760004898449 8.598980083889399e-05 29559
1760004898824 8.3938827542829e-05 29569
1760004899185 8.190258174624925e-05 29579
1760004899555 7.988155596301116e-05 29589
1760004899924 7.787623902565327e-05 29599
1760004900286 7.588711596716138e-05 29609
1760004900653 7.391466790365098e-05 29619
1760004901028 7.195937191799894e-05 29629
1760004901398 7.002170094444898e-05 29639
1760004901769 6.810212365422205e-05 29649
1760004902129 6.62011043421569e-05 29659
1760004902506 6.431910281440957e-05 29669
1760004902877 6.245657427723819e-05 29679
1760004903245 6.061396922690134e-05 29689
1760004903622 5.879173334069408e-05 29699
1760004903990 5.6990307369151095e-05 29709
1760004904361 5.5210127029440604e-05 29719
1760004904737 5.345162289997572e-05 29729
1760004905103 5.1715220316269496e-05 29739
1760004905471 5.000133926805686e-05 29749
1760004905847 4.83103942977108e-05 29759
1760004906231 4.6642794399975284e-05 29769
1760004906607 4.499894292304035e-05 29779
1760004906975 4.33792374709827e-05 29789
1760004907351 4.178406980759633e-05 29799
1760004907733 4.0213825761634516e-05 29809
1760004908100 3.866888513348869e-05 29819
1760004908473 3.7149621603324565e-05 29829
1760004908841 3.565640264069862e-05 29839
1760004909211 3.4189589415677494e-05 29849
1760004909557 3.2749536711479846e-05 29859
1760004909907 3.1336592838664254e-05 29869
1760004910259 2.995109955088184e-05 29879
1760004910610 2.8593391962215267e-05 29889
1760004910971 2.7263798466123297e-05 29899
1760004911327 2.5962640656011606e-05 29909
1760004911671 2.4690233247447218e-05 29919
1760004912022 2.344688400203769e-05 29929
1760004912372 2.223289365299152e-05 29939
1760004912716 2.1048555832378658e-05 29949
1760004913069 1.989415700010906e-05 29959
1760004913426 1.876997637464514e-05 29969
1760004913797 1.767628586546662e-05 29979
1760004914165 1.661335000730268e-05 29989
1760004914531 1.5581425896148035e-05 29999
1760004914895 1.4580763127078218e-05 30009
1760004915262 1.3611603733879249e-05 30019
1760004915626 1.2674182130505872e-05 30029
1760004915989 1.1768725054383262e-05 30039
1760004916363 1.089545151156519e-05 30049
1760004916733 1.0054572723762103e-05 30059
1760004917101 9.246292077252496e-06 30069
1760004917465 8.470805073688865e-06 30079
1760004917833 7.728299282811224e-06 30089
1760004918195 7.01895429707895e-06 30099
1760004918558 6.34294168823201e-06 30109
1760004918931 5.700424965792454e-06 30119
1760004919293 5.091559537515711e-06 30129
1760004919653 4.516492671801537e-06 30139
1760004920027 3.975363462073859e-06 30149
1760004920398 3.468302793137578e-06 30159
1760004920763 2.995433309521095e-06 30169
1760004921137 2.5568693858119034e-06 30179
1760004921500 2.152717098992252e-06 30189
1760004921862 1.7830742027821135e-06 30199
1760004922237 1.4480301039950079e-06 30209
1760004922601 1.1476658409130064e-06 30219
1760004922964 8.820540636855771e-07 30229
1760004923338 6.512590167575178e-07 30239
1760004923706 4.553365233299382e-07 30249
1760004924073 2.943339718580683e-07 30259
1760004924448 1.6829030458930139e-07 30269
1760004924808 7.723600814398032e-08 30279
1760004925178 2.1193106141676968e-08 30289
1760004925550 1.7515387408964018e-10 30299
1760004925906 0.0002896420068078188 30309
1760004926285 0.00028959296808239726 30319
1760004926647 0.0002895089145738738 30329
1760004927013 0.0002893898666125629 30339
1760004927375 0.0002892358529930092 30349
1760004927736 0.0002890469109670229 30359
1760004928098 0.00028882308623466915 30369
1760004928457 0.000288564432933215 30379
1760004928813 0.0002882710136240343 30389
1760004929169 0.0002879428992774765 30399
1760004929530 0.0002875801692557003 30409
1760004929887 0.00028718291129347826 30419
1760004930242 0.00028675122147697605 30429
1760004930597 0.0002862852042205117 30439
1760004930960 0.00028578497224130073 30449
1760004931301 0.00028525064653219255 30459
1760004931629 0.00028468235633240566 30469
1760004931993 0.00028408023909626826 30479
1760004932367 0.00028344444045997133 30489
1760004932735 0.0002827751142063436 30499
1760004933102 0.0002820724222276549 30509
1760004933467 0.0002813365344864593 30519
1760004933839 0.00028056762897448557 30529
1760004934207 0.0002797658916695853 30539
1760004934572 0.00027893151649075035 30549
1760004934934 0.0002780647052512086 30559
1760004935301 0.0002771656676096106 30569
1760004935590 0.0002762346210193194 30579
1760004935909 0.00027527179067581334 30589
1760004936261 0.00027427740946221805 30599
1760004936621 0.00027325171789297783 30609
1760004936986 0.0002721949640556816 30619
1760004937347 0.00027110740355105713 30629
1760004937709 0.00026998929943114816 30639
1760004938074 0.0002688409221356887 30649
1760004938441 0.0002676625494266914 30659
1760004938803 0.0002664544663212636 30669
1760004939170 0.0002652169650226699 30679
1760004939523 0.00026395034484965544 30689
1760004939884 0.00026265491216404896 30699
1760004940242 0.00026133098029666187 30709
1760004940617 0.0002599788694715018 30719
1760004940976 0.0002585989067283189 30729
1760004941343 0.0002571914258435039 30739
1760004941701 0.00025575676724935584 30749
1760004942063 0.0002542952779517412 30759
1760004942427 0.0002528073114461618 30769
1760004942790 0.0002512932276322541 30779
1760004943150 0.00024975339272673884 30789
1760004943522 0.0002481881791748426 30799
1760004943879 0.0002465979655602138 30809
1760004944244 0.0002449831365133527 30819
1760004944609 0.00024334408261858018 30829
1760004944970 0.0002416812003195651 30839
1760004945329 0.0002399948918234354 30849
1760004945690 0.000238285565003495 30859
1760004946055 0.0002365536333005697 30869
1760004946418 0.00023479951562300713 30879
1760004946781 0.00023302363624535377 30889
1760004947146 0.00023122642470573413 30899
1760004947511 0.00022940831570195726 30909
1760004947874 0.0002275697489863742 30919
1760004948236 0.00022571116925951414 30929
1760004948599 0.00022383302606252299 30939
1760004948966 0.00022193577366843114 30949
1760004949325 0.00022001987097227698 30959
1760004949689 0.00021808578138011247 30969
1760004950057 0.0002161339726969172 30979
1760004950421 0.0002141649170134493 30989
1760004950826 0.00021217909059205843 30999
1760004951204 0.00021017697375149137 31009
1760004951593 0.00020815905075071502 31019
1760004951962 0.00020612580967178742 31029
1760004952336 0.0002040777423018033 31039
1760004952707 0.0002020153440139442 31049
1760004953086 0.00019993911364766048 31059
1760004953448 0.00019784955338801556 31069
1760004953812 0.00019574716864422036 31079
1760004954178 0.00019363246792738866 31089
1760004954541 0.00019150596272754137 31099
1760004954905 0.0001893681673898906 31109
1760004955280 0.00018721959899043378 31119
1760004955648 0.0001850607772108859 31129
1760004956024 0.00018289222421298293 31139
1760004956384 0.00018071446451218436 31149
1760004956749 0.00017852802485080694 31159
1760004957115 0.00017633343407061976 31169
1760004957492 0.00017413122298493133 31179
1760004957865 0.00017192192425020004 31189
1760004958234 0.00016970607223719845 31199
1760004958609 0.00016748420290176356 31209
1760004958979 0.0001652568536551629 31219
1760004959349 0.00016302456323410923 31229
1760004959725 0.00016078787157045447 31239
1760004960100 0.0001585473196605943 31249
1760004960477 0.00015630344943461558 31259
1760004960852 0.0001540568036252179 31269
1760004961219 0.0001518079256364408 31279
1760004961591 0.0001495573594122289 31289
1760004961961 0.00014730564930486606 31299
1760004962341 0.00014505333994331132 31309
1760004962716 0.00014280097610146731 31319
1760004963091 0.00014054910256641398 31329
1760004963457 0.00013829826400663908 31339
1760004963828 0.0001360490048402973 31349
1760004964193 0.00013380186910353002 31359
1760004964558 0.00013155740031887725 31369
1760004964920 0.00012931614136381394 31379
1760004965277 0.0001270786343394425 31389
1760004965657 0.00012484542043937277 31399
1760004966015 0.00012261703981882174 31409
1760004966362 0.00012039403146396408 31419
1760004966704 0.00011817693306156608 31429
1760004967047 0.00011596628086893314 31439
1760004967393 0.00011376260958420345 31449
1760004967738 0.00011156645221701883 31459
1760004968086 0.00010937833995960361 31469
1760004968430 0.00010719880205828352 31479
1760004968774 0.00010502836568547485 31489
1760004969118 0.00010286755581217556 31499
1760004969465 0.00010071689508098869 31509
1760004969841 9.857690367970896e-05 31519
1760004970187 9.644809921550309e-05 31529
1760004970561 9.433099658971452e-05 31539
1760004970928 9.222610787332213e-05 31549
1760004971268 9.013394218308421e-05 31559
1760004971611 8.805500555839632e-05 31569
1760004971966 8.598980083889399e-05 31579
1760004972337 8.3938827542829e-05 31589
1760004972688 8.190258174624925e-05 31599
1760004973041 7.988155596301116e-05 31609
1760004973393 7.787623902565327e-05 31619
1760004973745 7.588711596716138e-05 31629
1760004974110 7.391466790365098e-05 31639
1760004974460 7.195937191799894e-05 31649
1760004974813 7.002170094444898e-05 31659
1760004975163 6.810212365422205e-05 31669
1760004975513 6.62011043421569e-05 31679
1760004975860 6.431910281440957e-05 31689
1760004976209 6.245657427723819e-05 31699
1760004976561 6.061396922690134e-05 31709
1760004976926 5.879173334069408e-05 31719
1760004977281 5.6990307369151095e-05 31729
1760004977642 5.5210127029440604e-05 31739
1760004977999 5.345162289997572e-05 31749
1760004978353 5.1715220316269496e-05 31759
1760004978703 5.000133926805686e-05 31769
1760004979060 4.83103942977108e-05 31779
1760004979408 4.6642794399975284e-05 31789
1760004979767 4.499894292304035e-05 31799
1760004980116 4.33792374709827e-05 31809
1760004980462 4.178406980759633e-05 31819
1760004980809 4.0213825761634516e-05 31829
1760004981166 3.866888513348869e-05 31839
1760004981524 3.7149621603324565e-05 31849
1760004981864 3.565640264069862e-05 31859
1760004982221 3.4189589415677494e-05 31869
1760004982574 3.2749536711479846e-05 31879
1760004982920 3.1336592838664254e-05 31889
1760004983268 2.995109955088184e-05 31899
1760004983629 2.8593391962215267e-05 31909
1760004983996 2.7263798466123297e-05 31919
1760004984355 2.5962640656011606e-05 31929
1760004984725 2.4690233247447218e-05 31939
1760004985091 2.344688400203769e-05 31949
1760004985622 2.223289365299152e-05 31959
1760004985994 2.1048555832378658e-05 31969
1760004986372 1.989415700010906e-05 31979
1760004986750 1.876997637464514e-05 31989
1760004987123 1.767628586546662e-05 31999
1760004987491 1.661335000730268e-05 32009
1760004987862 1.5581425896148035e-05 32019
1760004988241 1.4580763127078218e-05 32029
1760004988611 1.3611603733879249e-05 32039
1760004988985 1.2674182130505872e-05 32049
1760004989352 1.1768725054383262e-05 32059
1760004989715 1.089545151156519e-05 32069
1760004990084 1.0054572723762103e-05 32079
1760004990443 9.246292077252496e-06 32089
1760004990803 8.470805073688865e-06 32099
1760004991168 7.728299282811224e-06 32109
1760004991534 7.01895429707895e-06 32119
1760004991899 6.34294168823201e-06 32129
1760004992265 5.700424965792454e-06 32139
1760004992631 5.091559537515711e-06 32149
1760004992997 4.516492671801537e-06 32159
1760004993360 3.975363462073859e-06 32169
1760004993728 3.468302793137578e-06 32179
1760004994610 2.995433309521095e-06 32189
1760004994971 2.5568693858119034e-06 32199
1760004995336 2.152717098992252e-06 32209
1760004995700 1.7830742027821135e-06 32219
1760004996059 1.4480301039950079e-06 32229
1760004996420 1.1476658409130064e-06 32239
1760004996780 8.820540636855771e-07 32249
1760004997139 6.512590167575178e-07 32259
1760004997501 4.553365233299382e-07 32269
1760004997863 2.943339718580683e-07 32279
1760004998223 1.6829030458930139e-07 32289
1760004998586 7.723600814398032e-08 32299
1760004998948 2.1193106141676968e-08 32309
1760005013588 1.7427810471919196e-10 32319
1760005013941 0.00028819379677377967 32329
1760005014302 0.00028814500324198525 32339
1760005014682 0.0002880613700010044 32349
1760005015039 0.00028794291727950004 32359
1760005015414 0.00028778967372804416 32369
1760005015815 0.0002876016764121877 32379
1760005016171 0.0002873789708034958 32389
1760005016525 0.0002871216107685489 32399
1760005016881 0.0002868296585559141 32409
1760005017230 0.0002865031847810891 32419
1760005017569 0.0002861422684094218 32429
1760005017916 0.0002857469967370109 32439
1760005018269 0.00028531746536959116 32449
1760005018628 0.00028485377819940916 32459
1760005018993 0.0002843560473800942 32469
1760005019356 0.0002838243932995315 32479
1760005019733 0.0002832589445507436 32489
1760005020108 0.0002826598379007869 32499
1760005020472 0.00028202721825767145 32509
1760005020842 0.0002813612386353118 32519
1760005021213 0.0002806620601165166 32529
1760005021599 0.00027992985181402697 32539
1760005021970 0.00027916479082961315 32549
1760005022350 0.00027836706221123737 32559
1760005022728 0.0002775368589082966 32569
1760005023093 0.0002766743817249525 32579
1760005023459 0.00027577983927156254 32589
1760005023827 0.0002748534479142228 32599
1760005024199 0.00027389543172243424 32609
1760005024569 0.00027290602241490696 32619
1760005024939 0.0002718854593035129 32629
1760005025312 0.0002708339892354031 32639
1760005025684 0.0002697518665333018 32649
1760005026053 0.0002686393529339924 32659
1760005026426 0.00026749671752501026 32669
1760005026803 0.0002663242366795579 32679
1760005027160 0.0002651221939896573 32689
1760005027530 0.0002638908801975565 32699
1760005027890 0.00026263059312540716 32709
1760005028251 0.00026134163760322874 32719
1760005028620 0.00026002432539517855 32729
1760005028988 0.0002586789751241443 32739
1760005029346 0.0002573059121946773 32749
1760005029708 0.00025590546871428636 32759
1760005030076 0.00025447798341310905 32769
1760005030438 0.00025302380156198243 32779
1760005030801 0.00025154327488893097 32789
1760005031163 0.00025003676149409286 32799
1760005031531 0.0002485046257631051 32809
1760005031892 0.00024694723827896835 32819
1760005032258 0.0002453649757324127 32829
1760005032623 0.00024375822083078593 32839
1760005032985 0.00024212736220548728 32849
1760005033350 0.00024047279431796723 32859
1760005033724 0.0002387949173643182 32869
1760005034103 0.00023709413717847748 32879
1760005034472 0.00023537086513406683 32889
1760005034837 0.00023362551804489206 32899
1760005035209 0.00023185851806412699 32909
1760005035581 0.00023007029258220545 32919
1760005035944 0.00022826127412344747 32929
1760005036316 0.0002264319002414423 32939
1760005036681 0.00022458261341321657 32949
1760005037048 0.00022271386093221035 32959
1760005037413 0.00022082609480008895 32969
1760005037781 0.0002189197716174156 32979
1760005038149 0.00021699535247321188 32989
1760005038523 0.0002150533028334326 32999
1760005038911 0.00021309409242838205 33009
1760005039283 0.00021111819513909815 33019
1760005039655 0.0002091260888827339 33029
1760005040026 0.00020711825549696143 33039
1760005040396 0.00020509518062342846 33049
1760005040767 0.00020305735359029426 33059
1760005041150 0.00020100526729387446 33069
1760005041517 0.00019893941807942216 33079
1760005041888 0.00019686030562107544 33089
1760005042259 0.00019476843280099925 33099
1760005042627 0.0001926643055877517 33109
1760005042997 0.00019054843291390364 33119
1760005043366 0.00018842132655294116 33129
1760005043717 0.0001862835009954816 33139
1760005044067 0.00018413547332483146 33149
1760005044425 0.000181977763091918 33159
1760005044776 0.00017981089218962342 33169
1760005045129 0.00017763538472655288 33179
1760005045487 0.00017545176690026662 33189
1760005045847 0.00017326056687000667 33199
1760005046214 0.00017106231462894902 33209
1760005046577 0.00016885754187601244 33219
1760005046931 0.00016664678188725473 33229
1760005047283 0.00016443056938688708 33239
1760005047652 0.00016220944041793868 33249
1760005048013 0.00015998393221260219 33259
1760005048365 0.00015775458306229134 33269
1760005048720 0.00015552193218744252 33279
1760005049069 0.0001532865196070918 33289
1760005049416 0.00015104888600825858 33299
1760005049764 0.00014880957261516773 33309
1760005050123 0.00014656912105834172 33319
1760005050483 0.00014432807324359475 33329
1760005050859 0.00014208697122095997 33339
1760005051225 0.0001398463570535819 33349
1760005051592 0.00013760677268660586 33359
1760005051960 0.00013536875981609583 33369
1760005052327 0.00013313285975801237 33379
1760005052693 0.00013089961331728286 33389
1760005053061 0.00012866956065699485 33399
1760005053429 0.0001264432411677453 33409
1760005053800 0.0001242211933371759 33419
1760005054170 0.0001220039546197276 33429
1760005054530 0.00011979206130664424 33439
1760005054897 0.00011758604839625824 33449
1760005055262 0.00011538644946458847 33459
1760005055622 0.00011319379653628242 33469
1760005055991 0.00011100861995593372 33479
1760005056351 0.00010883144825980559 33489
1760005056713 0.00010666280804799209 33499
1760005057079 0.00010450322385704747 33509
1760005057450 0.00010235321803311468 33519
1760005057826 0.00010021331060558373 33529
1760005058198 9.80840191613104e-05 33539
1760005058567 9.596585871942557e-05 33549
1760005058932 9.385934160676594e-05 33559
1760005059306 9.17649773339555e-05 33569
1760005059670 8.968327247216878e-05 33579
1760005060042 8.761473053060433e-05 33589
1760005060410 8.555985183469951e-05 33599
1760005060785 8.351913340511485e-05 33609
1760005061148 8.1493068837518e-05 33619
1760005061516 7.94821481831961e-05 33629
1760005061881 7.7486857830525e-05 33639
1760005062242 7.550768038732558e-05 33649
1760005062607 7.354509456413272e-05 33659
1760005062972 7.159957505840894e-05 33669
1760005063341 6.967159243972673e-05 33679
1760005063699 6.776161303595095e-05 33689
1760005064070 6.587009882044611e-05 33699
1760005064438 6.399750730033751e-05 33709
1760005064803 6.2144291405852e-05 33719
1760005065180 6.0310899380766825e-05 33729
1760005065546 5.8497774673990604e-05 33739
1760005065907 5.670535583230533e-05 33749
1760005066282 5.49340763942934e-05 33759
1760005066654 5.318436478547584e-05 33769
1760005067039 5.145664421468814e-05 33779
1760005067411 4.975133257171657e-05 33789
1760005067787 4.806884232622224e-05 33799
1760005068161 4.64095804279754e-05 33809
1760005068525 4.477394820842515e-05 33819
1760005068894 4.316234128362779e-05 33829
1760005069262 4.157514945855834e-05 33839
1760005069629 4.0012756632826335e-05 33849
1760005070001 3.847554070782124e-05 33859
1760005070371 3.6963873495307943e-05 33869
1760005070736 3.547812062749512e-05 33879
1760005071102 3.40186414685991e-05 33889
1760005071472 3.258578902792244e-05 33899
1760005071832 3.117990987447093e-05 33909
1760005072201 2.9801344053127427e-05 33919
1760005072583 2.8450425002404187e-05 33929
1760005072957 2.712747947379268e-05 33939
1760005073325 2.5832827452731546e-05 33949
1760005073691 2.456678208120998e-05 33959
1760005074064 2.33296495820275e-05 33969
1760005074431 2.2121729184726557e-05 33979
1760005074797 2.0943313053216765e-05 33989
1760005075165 1.9794686215108513e-05 33999
1760005075531 1.867612649277191e-05 34009
1760005075902 1.7587904436139286e-05 34019
1760005076269 1.6530283257266166e-05 34029
1760005076633 1.5503518766667292e-05 34039
1760005077017 1.4507859311442827e-05 34049
1760005077398 1.3543545715209853e-05 34059
1760005077753 1.261081121985334e-05 34069
1760005078121 1.1709881429111346e-05 34079
1760005078511 1.0840974254007362e-05 34089
1760005078877 1.0004299860143292e-05 34099
1760005079252 9.200060616866232e-06 34109
1760005079620 8.42845104832042e-06 34119
1760005079980 7.689657786397166e-06 34129
1760005080350 6.983859525593555e-06 34139
1760005080726 6.3112269797908505e-06 34149
1760005081091 5.671922840963491e-06 34159
1760005081455 5.0661017398281315e-06 34169
1760005081833 4.493910208442529e-06 34179
1760005082199 3.955486644763489e-06 34189
1760005082566 3.4509612791718896e-06 34199
1760005082931 2.980456142973489e-06 34209
1760005083299 2.5440850388828434e-06 34219
1760005083673 2.1419535134972903e-06 34229
1760005084038 1.774158831768203e-06 34239
1760005084403 1.4407899534750327e-06 34249
1760005084771 1.1419275117084412e-06 34259
1760005085151 8.776437933671492e-07 34269
1760005085519 6.480027216737302e-07 34279
1760005085890 4.5305984071328847e-07 34289
1760005086274 2.928623019987779e-07 34299
1760005086626 1.6744885306635487e-07 34309
1760005087018 7.684982810326041e-08 34319
1760005087393 2.108714061096858e-08 34329
1760005087754 1.7427810471919196e-10 34339
1760005088118 0.00028819379677377967 34349
1760005088495 0.00028814500324198525 34359
1760005088873 0.0002880613700010044 34369
1760005089244 0.00028794291727950004 34379
1760005089631 0.00028778967372804416 34389
1760005090016 0.0002876016764121877 34399
1760005090390 0.0002873789708034958 34409
1760005090763 0.0002871216107685489 34419
1760005091141 0.0002868296585559141 34429
1760005091518 0.0002865031847810891 34439
1760005091893 0.0002861422684094218 34449
1760005092253 0.0002857469967370109 34459
1760005092627 0.00028531746536959116 34469
1760005093017 0.00028485377819940916 34479
1760005093395 0.0002843560473800942 34489
1760005093786 0.0002838243932995315 34499
1760005094180 0.0002832589445507436 34509
1760005094563 0.0002826598379007869 34519
1760005094941 0.00028202721825767145 34529
1760005095309 0.0002813612386353118 34539
1760005095679 0.0002806620601165166 34549
1760005096065 0.00027992985181402697 34559
1760005096441 0.00027916479082961315 34569
1760005096806 0.00027836706221123737 34579
1760005097181 0.0002775368589082966 34589
1760005097577 0.0002766743817249525 34599
1760005097949 0.00027577983927156254 34609
1760005098321 0.0002748534479142228 34619
1760005098709 0.00027389543172243424 34629
1760005099078 0.00027290602241490696 34639
1760005099449 0.0002718854593035129 34649
1760005099823 0.0002708339892354031 34659
1760005100192 0.0002697518665333018 34669
1760005100586 0.0002686393529339924 34679
1760005100957 0.00026749671752501026 34689
1760005101334 0.0002663242366795579 34699
1760005101710 0.0002651221939896573 34709
1760005102082 0.0002638908801975565 34719
1760005102468 0.00026263059312540716 34729
1760005102846 0.00026134163760322874 34739
1760005103224 0.00026002432539517855 34749
1760005103591 0.0002586789751241443 34759
1760005103964 0.0002573059121946773 34769
1760005104339 0.00025590546871428636 34779
1760005104710 0.00025447798341310905 34789
1760005105077 0.00025302380156198243 34799
1760005105451 0.00025154327488893097 34809
1760005105828 0.00025003676149409286 34819
1760005106204 0.0002485046257631051 34829
1760005106583 0.00024694723827896835 34839
1760005106974 0.0002453649757324127 34849
1760005107347 0.00024375822083078593 34859
1760005107722 0.00024212736220548728 34869
1760005108096 0.00024047279431796723 34879
1760005108454 0.0002387949173643182 34889
1760005108806 0.00023709413717847748 34899
1760005109160 0.00023537086513406683 34909
1760005109507 0.00023362551804489206 34919
1760005109856 0.00023185851806412699 34929
1760005110216 0.00023007029258220545 34939
1760005110571 0.00022826127412344747 34949
1760005110926 0.0002264319002414423 34959
1760005111282 0.00022458261341321657 34969
1760005111640 0.00022271386093221035 34979
1760005111993 0.00022082609480008895 34989
1760005112356 0.0002189197716174156 34999
1760005112707 0.00021699535247321188 35009
1760005113071 0.0002150533028334326 35019
1760005113436 0.00021309409242838205 35029
1760005113802 0.00021111819513909815 35039
1760005114154 0.0002091260888827339 35049
1760005114510 0.00020711825549696143 35059
1760005114863 0.00020509518062342846 35069
1760005115230 0.00020305735359029426 35079
1760005115586 0.00020100526729387446 35089
1760005115960 0.00019893941807942216 35099
1760005116321 0.00019686030562107544 35109
1760005116676 0.00019476843280099925 35119
1760005117038 0.0001926643055877517 35129
1760005117394 0.00019054843291390364 35139
1760005117750 0.00018842132655294116 35149
1760005118114 0.0001862835009954816 35159
1760005118475 0.00018413547332483146 35169
1760005118831 0.000181977763091918 35179
1760005119182 0.00017981089218962342 35189
1760005119543 0.00017763538472655288 35199
1760005119904 0.00017545176690026662 35209
1760005120258 0.00017326056687000667 35219
1760005120614 0.00017106231462894902 35229
1760005120968 0.00016885754187601244 35239
1760005121324 0.00016664678188725473 35249
1760005121679 0.00016443056938688708 35259
1760005122036 0.00016220944041793868 35269
1760005122394 0.00015998393221260219 35279
1760005122758 0.00015775458306229134 35289
1760005123116 0.00015552193218744252 35299
1760005123464 0.0001532865196070918 35309
1760005123820 0.00015104888600825858 35319
1760005124171 0.00014880957261516773 35329
1760005124526 0.00014656912105834172 35339
1760005124875 0.00014432807324359475 35349
1760005125224 0.00014208697122095997 35359
1760005125571 0.0001398463570535819 35369
1760005125916 0.00013760677268660586 35379
1760005126272 0.00013536875981609583 35389
1760005126622 0.00013313285975801237 35399
1760005126970 0.00013089961331728286 35409
1760005127327 0.00012866956065699485 35419
1760005127677 0.0001264432411677453 35429
1760005128022 0.0001242211933371759 35439
1760005128377 0.0001220039546197276 35449
1760005128731 0.00011979206130664424 35459
1760005129087 0.00011758604839625824 35469
1760005129446 0.00011538644946458847 35479
1760005129808 0.00011319379653628242 35489
1760005130162 0.00011100861995593372 35499
1760005130518 0.00010883144825980559 35509
1760005130887 0.00010666280804799209 35519
1760005131238 0.00010450322385704747 35529
1760005131587 0.00010235321803311468 35539
1760005131938 0.00010021331060558373 35549
1760005132290 9.80840191613104e-05 35559
1760005132636 9.596585871942557e-05 35569
1760005132996 9.385934160676594e-05 35579
1760005133352 9.17649773339555e-05 35589
1760005133701 8.968327247216878e-05 35599
1760005134061 8.761473053060433e-05 35609
1760005134419 8.555985183469951e-05 35619
1760005134772 8.351913340511485e-05 35629
1760005135134 8.1493068837518e-05 35639
1760005135493 7.94821481831961e-05 35649
1760005135853 7.7486857830525e-05 35659
1760005136284 7.550768038732558e-05 35669
1760005136731 7.354509456413272e-05 35679
1760005137030 7.159957505840894e-05 35689
1760005137341 6.967159243972673e-05 35699
1760005137653 6.776161303595095e-05 35709
1760005137959 6.587009882044611e-05 35719
1760005138286 6.399750730033751e-05 35729
1760005138612 6.2144291405852e-05 35739
1760005138925 6.0310899380766825e-05 35749
1760005139240 5.8497774673990604e-05 35759
1760005139548 5.670535583230533e-05 35769
1760005139924 5.49340763942934e-05 35779
1760005140314 5.318436478547584e-05 35789
1760005140691 5.145664421468814e-05 35799
1760005141051 4.975133257171657e-05 35809
1760005141495 4.806884232622224e-05 35819
1760005141856 4.64095804279754e-05 35829
1760005142230 4.477394820842515e-05 35839
1760005142597 4.316234128362779e-05 35849
1760005142963 4.157514945855834e-05 35859
1760005143325 4.0012756632826335e-05 35869
1760005143690 3.847554070782124e-05 35879
1760005144073 3.6963873495307943e-05 35889
1760005144446 3.547812062749512e-05 35899
1760005144824 3.40186414685991e-05 35909
1760005145203 3.258578902792244e-05 35919
1760005145578 3.117990987447093e-05 35929
1760005145935 2.9801344053127427e-05 35939
1760005146308 2.8450425002404187e-05 35949
1760005146670 2.712747947379268e-05 35959
1760005147032 2.5832827452731546e-05 35969
1760005147391 2.456678208120998e-05 35979
1760005147747 2.33296495820275e-05 35989
1760005148109 2.2121729184726557e-05 35999
1760005148489 2.0943313053216765e-05 36009
1760005148853 1.9794686215108513e-05 36019
1760005149216 1.867612649277191e-05 36029
1760005149572 1.7587904436139286e-05 36039
1760005149942 1.6530283257266166e-05 36049
1760005150316 1.5503518766667292e-05 36059
1760005150684 1.4507859311442827e-05 36069
1760005151045 1.3543545715209853e-05 36079
1760005151413 1.261081121985334e-05 36089
1760005151793 1.1709881429111346e-05 36099
1760005152163 1.0840974254007362e-05 36109
1760005152535 1.0004299860143292e-05 36119
1760005152912 9.200060616866232e-06 36129
1760005153281 8.42845104832042e-06 36139
1760005153650 7.689657786397166e-06 36149
1760005154014 6.983859525593555e-06 36159
1760005154379 6.3112269797908505e-06 36169
1760005154738 5.671922840963491e-06 36179
1760005155114 5.0661017398281315e-06 36189
1760005155482 4.493910208442529e-06 36199
1760005155851 3.955486644763489e-06 36209
1760005156220 3.4509612791718896e-06 36219
1760005157101 2.980456142973489e-06 36229
1760005157464 2.5440850388828434e-06 36239
1760005157829 2.1419535134972903e-06 36249
1760005158194 1.774158831768203e-06 36259
1760005158556 1.4407899534750327e-06 36269
1760005158918 1.1419275117084412e-06 36279
1760005159280 8.776437933671492e-07 36289
1760005159645 6.480027216737302e-07 36299
1760005160014 4.5305984071328847e-07 36309
1760005160378 2.928623019987779e-07 36319
1760005160752 1.6744885306635487e-07 36329
1760005161118 7.684982810326041e-08 36339
1760005161482 2.108714061096858e-08 36349
1760005176351 1.7340671419559598e-10 36359
1760005176715 0.00028675282778991076 36369
1760005177078 0.0002867042782257753 36379
1760005177451 0.00028662106315099933 36389
1760005177822 0.0002865032026931025 36399
1760005178188 0.0002863507253594039 36409
1760005178572 0.0002861636680301268 36419
1760005178954 0.0002859420759494783 36429
1760005179311 0.0002856860027147061 36439
1760005179666 0.0002853955102631345 36449
1760005180034 0.0002850706688571836 36459
1760005180393 0.00028471155706737464 36469
1760005180756 0.0002843182617533258 36479
1760005181160 0.0002838908780427432 36489
1760005181524 0.0002834295093084121 36499
1760005181891 0.00028293426714319373 36509
1760005182265 0.00028240527133303384 36519
1760005182632 0.0002818426498279899 36529
1760005183000 0.0002812465387112829 36539
1760005183372 0.00028061708216638306 36549
1760005183738 0.0002799544324421352 36559
1760005184130 0.00027925874981593395 36569
1760005184493 0.00027853020255495683 36579
1760005184872 0.00027776896687546507 36589
1760005185237 0.00027697522690018115 36599
1760005185608 0.0002761491746137551 36609
1760005185982 0.0002752910098163277 36619
1760005186351 0.00027440094007520475 36629
1760005186714 0.00027347918067465165 36639
1760005187098 0.00027252595456382205 36649
1760005187470 0.0002715414923028324 36659
1760005187834 0.0002705260320069953 36669
1760005188203 0.00026947981928922613 36679
1760005188571 0.00026840310720063526 36689
1760005188941 0.0002672961561693224 36699
1760005189309 0.0002661592339373852 36709
1760005189679 0.00026499261549616014 36719
1760005190064 0.000263796583019709 36729
1760005190433 0.00026257142579656876 36739
1760005190800 0.0002613174401597801 36749
1760005191168 0.00026003492941521257 36759
1760005191536 0.00025872420376820267 36769
1760005191922 0.00025738558024852355 36779
1760005192288 0.0002560193826337039 36789
1760005192650 0.0002546259413707149 36799
1760005193021 0.0002532055934960435 36809
1760005193412 0.0002517586825541725 36819
1760005193799 0.00025028555851448633 36829
1760005194182 0.00024878657768662236 36839
1760005194552 0.00024726210263428957 36849
1760005194912 0.00024571250208757354 36859
1760005195281 0.00024413815085375063 36869
1760005195656 0.000242539429726632 36879
1760005196018 0.0002409167253944598 36889
1760005196386 0.0002392704303463774 36899
1760005196768 0.00023760094277749662 36909
1760005197118 0.00023590866649258509 36919
1760005197478 0.0002341940108083965 36929
1760005197844 0.0002324573904546676 36939
1760005198214 0.00023069922547380633 36949
1760005198580 0.00022891994111929443 36959
1760005198949 0.0002271199677528302 36969
1760005199303 0.00022529974074023509 36979
1760005199660 0.00022345970034615047 36989
1760005200012 0.0002216002916275493 36999
1760005200364 0.0002197219643260885 37009
1760005200711 0.00021782517275932849 37019
1760005201058 0.0002159103757108458 37029
1760005201427 0.00021397803631926544 37039
1760005201791 0.00021202862196624013 37049
1760005202156 0.00021006260416340264 37059
1760005202512 0.0002080804584383202 37069
1760005202877 0.0002060826642194766 37079
1760005203243 0.0002040697047203113 37089
1760005203612 0.00020204206682234279 37099
1760005203976 0.00020000024095740508 37109
1760005204333 0.00019794472098902505 37119
1760005204700 0.00019587600409297007 37129
1760005205068 0.00019379459063699424 37139
1760005205432 0.00019170098405981294 37149
1760005205793 0.00018959569074933412 37159
1760005206162 0.00018747921992017644 37169
1760005206534 0.00018535208349050418 37179
1760005206903 0.0001832147959582073 37189
1760005207267 0.0001810678742764584 37199
1760005207634 0.0001789118377286753 37209
1760005208000 0.0001767472078029201 37219
1760005208351 0.0001745745080657653 37229
1760005208705 0.00017239426403565662 37239
1760005209060 0.00017020700305580427 37249
1760005209405 0.00016801325416663238 37259
1760005209751 0.00016581354797781846 37269
1760005210097 0.00016360841653995263 37279
1760005210440 0.00016139839321584898 37289
1760005210788 0.00015918401255153917 37299
1760005211199 0.00015696581014697987 37309
1760005211561 0.0001547443225265053 37319
1760005211926 0.00015252008700905633 37329
1760005212306 0.00015029364157821728 37339
1760005212711 0.0001480655247520919 37349
1760005213070 0.00014583627545305 37359
1760005213442 0.00014360643287737677 37369
1760005213792 0.00014137653636485517 37379
1760005214153 0.00013914712526831398 37389
1760005214525 0.00013691873882317284 37399
1760005214894 0.00013469191601701535 37409
1760005215258 0.0001324671954592223 37419
1760005215627 0.00013024511525069643 37429
1760005215974 0.00012802621285370986 37439
1760005216335 0.00012581102496190654 37449
1760005216706 0.00012360008737049002 37459
1760005217069 0.00012139393484662896 37469
1760005217423 0.00011919310100011102 37479
1760005217803 0.00011699811815427694 37489
1760005218172 0.00011480951721726551 37499
1760005218537 0.00011262782755360101 37509
1760005218901 0.00011045357685615405 37519
1760005219263 0.00010828729101850655 37529
1760005219627 0.00010612949400775213 37539
1760005219998 0.00010398070773776223 37549
1760005220367 0.00010184145194294909 37559
1760005220722 9.971224405255582e-05 37569
1760005221085 9.759359906550385e-05 37579
1760005221447 9.548602942582845e-05 37589
1760005221808 9.33900448987321e-05 37599
1760005222189 9.130615244728572e-05 37609
1760005222552 8.923485610980794e-05 37619
1760005222919 8.71766568779513e-05 37629
1760005223289 8.513205257552602e-05 37639
1760005223663 8.310153773808928e-05 37649
1760005224037 8.108560349333041e-05 37659
1760005224428 7.908473744228011e-05 37669
1760005224804 7.709942354137237e-05 37679
1760005225172 7.513014198538895e-05 37689
1760005225540 7.317736909131206e-05 37699
1760005225896 7.12415771831169e-05 37709
1760005226260 6.932323447752809e-05 37719
1760005226625 6.742280497077118e-05 37729
1760005226995 6.554074832634388e-05 37739
1760005227370 6.367751976383582e-05 37749
1760005227744 6.183356994882273e-05 37759
1760005228125 6.0009344883862985e-05 37769
1760005228507 5.8205285800620646e-05 37779
1760005228881 5.6421829053143804e-05 37789
1760005229275 5.465940601232193e-05 37799
1760005229644 5.2918442961548454e-05 37809
1760005230021 5.11993609936147e-05 37819
1760005230382 4.9502575908857985e-05 37829
1760005230752 4.782849811459113e-05 37839
1760005231122 4.617753252583552e-05 37849
1760005231488 4.455007846738302e-05 37859
1760005231851 4.294652957720965e-05 37869
1760005232223 4.1367273711265545e-05 37879
1760005232615 3.98126928496622e-05 37889
1760005232965 3.8283163004282136e-05 37899
1760005233310 3.67790541278314e-05 37909
1760005233657 3.5300730024357646e-05 37919
1760005234011 3.384854826125611e-05 37929
1760005234361 3.242286008278283e-05 37939
1760005234709 3.102401032509857e-05 37949
1760005235055 2.965233733286179e-05 37959
1760005235401 2.8308172877392168e-05 37969
1760005235748 2.6991842076423717e-05 37979
1760005236102 2.570366331546789e-05 37989
1760005236448 2.444394817080393e-05 37999
1760005236795 2.3213001334117363e-05 38009
1760005237140 2.2011120538802924e-05 38019
1760005237483 2.083859648795068e-05 38029
1760005237837 1.969571278403297e-05 38039
1760005238188 1.858274586030805e-05 38049
1760005238535 1.749996491395859e-05 38059
1760005238887 1.6447631840979833e-05 38069
1760005239232 1.5426001172833956e-05 38079
1760005239577 1.4435320014885612e-05 38089
1760005239926 1.3475827986633802e-05 38099
1760005240274 1.2547757163754074e-05 38109
1760005240624 1.1651332021965788e-05 38119
1760005240966 1.0786769382737324e-05 38129
1760005241309 9.954278360842575e-06 38139
1760005241654 9.154060313781902e-06 38149
1760005242001 8.386308793078817e-06 38159
1760005242378 7.651209497465181e-06 38169
1760005242754 6.948940227965586e-06 38179
1760005243127 6.279670844891896e-06 38189
1760005243495 5.643563226758673e-06 38199
1760005243860 5.040771231128991e-06 38209
1760005244226 4.471440657400317e-06 38219
1760005244596 3.935709211539672e-06 38229
1760005244964 3.43370647277603e-06 38239
1760005245322 2.9655538622586218e-06 38249
1760005245690 2.5313646136884293e-06 38259
1760005246076 2.1312437459298035e-06 38269
1760005246444 1.7652880376093618e-06 38279
1760005246807 1.4335860037076573e-06 38289
1760005247185 1.136217874149899e-06 38299
1760005247582 8.732555744003134e-07 38309
1760005247963 6.447627080653615e-07 38319
1760005248348 4.50794541509722e-07 38329
1760005248750 2.9139799048878406e-07 38339
1760005249119 1.666116088010231e-07 38349
1760005249486 7.646557896274412e-08 38359
1760005249847 2.098170490791374e-08 38369
1760005250210 1.7340671419559598e-10 38379
1760005250575 0.00028675282778991076 38389
1760005250945 0.0002867042782257753 38399
1760005251307 0.00028662106315099933 38409
1760005251677 0.0002865032026931025 38419
1760005252033 0.0002863507253594039 38429
1760005252413 0.0002861636680301268 38439
1760005252790 0.0002859420759494783 38449
1760005253155 0.0002856860027147061 38459
1760005253526 0.0002853955102631345 38469
1760005253902 0.0002850706688571836 38479
1760005254271 0.00028471155706737464 38489
1760005254643 0.0002843182617533258 38499
1760005255005 0.0002838908780427432 38509
1760005255383 0.0002834295093084121 38519
1760005255755 0.00028293426714319373 38529
1760005256118 0.00028240527133303384 38539
1760005256485 0.0002818426498279899 38549
1760005256851 0.0002812465387112829 38559
1760005257213 0.00028061708216638306 38569
1760005257572 0.0002799544324421352 38579
1760005257924 0.00027925874981593395 38589
1760005258275 0.00027853020255495683 38599
1760005258623 0.00027776896687546507 38609
1760005258973 0.00027697522690018115 38619
1760005259325 0.0002761491746137551 38629
1760005259701 0.0002752910098163277 38639
1760005260049 0.00027440094007520475 38649
1760005260403 0.00027347918067465165 38659
1760005260755 0.00027252595456382205 38669
1760005261104 0.0002715414923028324 38679
1760005261466 0.0002705260320069953 38689
1760005261837 0.00026947981928922613 38699
1760005262192 0.00026840310720063526 38709
1760005262557 0.0002672961561693224 38719
1760005262908 0.0002661592339373852 38729
1760005263260 0.00026499261549616014 38739
1760005263620 0.000263796583019709 38749
1760005263968 0.00026257142579656876 38759
1760005264317 0.0002613174401597801 38769
1760005264665 0.00026003492941521257 38779
1760005265018 0.00025872420376820267 38789
1760005265382 0.00025738558024852355 38799
1760005265747 0.0002560193826337039 38809
1760005266101 0.0002546259413707149 38819
1760005266453 0.0002532055934960435 38829
1760005266802 0.0002517586825541725 38839
1760005267171 0.00025028555851448633 38849
1760005267530 0.00024878657768662236 38859
1760005267898 0.00024726210263428957 38869
1760005268247 0.00024571250208757354 38879
1760005268606 0.00024413815085375063 38889
1760005268976 0.000242539429726632 38899
1760005269329 0.0002409167253944598 38909
1760005269683 0.0002392704303463774 38919
1760005270044 0.00023760094277749662 38929
1760005270402 0.00023590866649258509 38939
1760005270760 0.0002341940108083965 38949
1760005271106 0.0002324573904546676 38959
1760005271454 0.00023069922547380633 38969
1760005271828 0.00022891994111929443 38979
1760005272181 0.0002271199677528302 38989
1760005272537 0.00022529974074023509 38999
1760005272895 0.00022345970034615047 39009
1760005273269 0.0002216002916275493 39019
1760005273620 0.0002197219643260885 39029
1760005273977 0.00021782517275932849 39039
1760005274326 0.0002159103757108458 39049
1760005274682 0.00021397803631926544 39059
1760005275042 0.00021202862196624013 39069
1760005275406 0.00021006260416340264 39079
1760005275759 0.0002080804584383202 39089
1760005276133 0.0002060826642194766 39099
1760005276496 0.0002040697047203113 39109
1760005276855 0.00020204206682234279 39119
1760005277213 0.00020000024095740508 39129
1760005277571 0.00019794472098902505 39139
1760005277930 0.00019587600409297007 39149
1760005278304 0.00019379459063699424 39159
1760005278661 0.00019170098405981294 39169
1760005279018 0.00018959569074933412 39179
1760005279395 0.00018747921992017644 39189
1760005279768 0.00018535208349050418 39199
1760005280129 0.0001832147959582073 39209
1760005280497 0.0001810678742764584 39219
1760005280860 0.0001789118377286753 39229
1760005281223 0.0001767472078029201 39239
1760005281595 0.0001745745080657653 39249
1760005281985 0.00017239426403565662 39259
1760005282354 0.00017020700305580427 39269
1760005282721 0.00016801325416663238 39279
1760005283091 0.00016581354797781846 39289
1760005283454 0.00016360841653995263 39299
1760005283816 0.00016139839321584898 39309
1760005284202 0.00015918401255153917 39319
1760005284567 0.00015696581014697987 39329
1760005284926 0.0001547443225265053 39339
1760005285355 0.00015252008700905633 39349
1760005285826 0.00015029364157821728 39359
1760005286195 0.0001480655247520919 39369
1760005286562 0.00014583627545305 39379
1760005286931 0.00014360643287737677 39389
1760005287299 0.00014137653636485517 39399
1760005287659 0.00013914712526831398 39409
1760005288036 0.00013691873882317284 39419
1760005288409 0.00013469191601701535 39429
1760005288765 0.0001324671954592223 39439
1760005289118 0.00013024511525069643 39449
1760005289475 0.00012802621285370986 39459
1760005289824 0.00012581102496190654 39469
1760005290169 0.00012360008737049002 39479
1760005290530 0.00012139393484662896 39489
1760005290878 0.00011919310100011102 39499
1760005291226 0.00011699811815427694 39509
1760005291573 0.00011480951721726551 39519
1760005291923 0.00011262782755360101 39529
1760005292273 0.00011045357685615405 39539
1760005292624 0.00010828729101850655 39549
1760005292973 0.00010612949400775213 39559
1760005293326 0.00010398070773776223 39569
1760005293675 0.00010184145194294909 39579
1760005294041 9.971224405255582e-05 39589
1760005294391 9.759359906550385e-05 39599
1760005294742 9.548602942582845e-05 39609
1760005295110 9.33900448987321e-05 39619
1760005295492 9.130615244728572e-05 39629
1760005295855 8.923485610980794e-05 39639
1760005296221 8.71766568779513e-05 39649
1760005296593 8.513205257552602e-05 39659
1760005296962 8.310153773808928e-05 39669
1760005297323 8.108560349333041e-05 39679
1760005297692 7.908473744228011e-05 39689
1760005298061 7.709942354137237e-05 39699
1760005298428 7.513014198538895e-05 39709
1760005298793 7.317736909131206e-05 39719
1760005299159 7.12415771831169e-05 39729
1760005299525 6.932323447752809e-05 39739
1760005299892 6.742280497077118e-05 39749
1760005300253 6.554074832634388e-05 39759
1760005300621 6.367751976383582e-05 39769
1760005301001 6.183356994882273e-05 39779
1760005301369 6.0009344883862985e-05 39789
1760005301743 5.8205285800620646e-05 39799
1760005302113 5.6421829053143804e-05 39809
1760005302515 5.465940601232193e-05 39819
1760005302900 5.2918442961548454e-05 39829
1760005303267 5.11993609936147e-05 39839
1760005303632 4.9502575908857985e-05 39849
1760005303999 4.782849811459113e-05 39859
1760005304366 4.617753252583552e-05 39869
1760005304727 4.455007846738302e-05 39879
1760005305091 4.294652957720965e-05 39889
1760005305460 4.1367273711265545e-05 39899
1760005305828 3.98126928496622e-05 39909
1760005306200 3.8283163004282136e-05 39919
1760005306557 3.67790541278314e-05 39929
1760005306923 3.5300730024357646e-05 39939
1760005307298 3.384854826125611e-05 39949
1760005307656 3.242286008278283e-05 39959
1760005308017 3.102401032509857e-05 39969
1760005308385 2.965233733286179e-05 39979
1760005308754 2.8308172877392168e-05 39989
1760005309120 2.6991842076423717e-05 39999
1760005309480 2.570366331546789e-05 40009
1760005309847 2.444394817080393e-05 40019
1760005310217 2.3213001334117363e-05 40029
1760005310581 2.2011120538802924e-05 40039
1760005310942 2.083859648795068e-05 40049
1760005311315 1.969571278403297e-05 40059
1760005311682 1.858274586030805e-05 40069
1760005312045 1.749996491395859e-05 40079
1760005312406 1.6447631840979833e-05 40089
1760005312775 1.5426001172833956e-05 40099
1760005313146 1.4435320014885612e-05 40109
1760005313524 1.3475827986633802e-05 40119
1760005313887 1.2547757163754074e-05 40129
1760005314254 1.1651332021965788e-05 40139
1760005314626 1.0786769382737324e-05 40149
1760005315000 9.954278360842575e-06 40159
1760005315363 9.154060313781902e-06 40169
1760005315731 8.386308793078817e-06 40179
1760005316107 7.651209497465181e-06 40189
1760005316499 6.948940227965586e-06 40199
1760005316857 6.279670844891896e-06 40209
1760005317224 5.643563226758673e-06 40219
1760005317596 5.040771231128991e-06 40229
1760005317967 4.471440657400317e-06 40239
1760005318336 3.935709211539672e-06 40249
1760005318709 3.43370647277603e-06 40259
1760005319575 2.9655538622586218e-06 40269
1760005319937 2.5313646136884293e-06 40279
1760005320292 2.1312437459298035e-06 40289
1760005320648 1.7652880376093618e-06 40299
1760005321003 1.4335860037076573e-06 40309
1760005321358 1.136217874149899e-06 40319
1760005321718 8.732555744003134e-07 40329
1760005322078 6.447627080653615e-07 40339
1760005322433 4.50794541509722e-07 40349
1760005322775 2.9139799048878406e-07 40359
1760005323116 1.666116088010231e-07 40369
1760005323455 7.646557896274412e-08 40379
1760005323794 2.098170490791374e-08 40389
1760005339915 1.7253968062461802e-10 40399
1760005340382 0.0002853190636509612 40409
1760005340745 0.00028527075683464645 40419
1760005341095 0.00028518795783524434 40429
1760005341454 0.000285070686679637 40439
1760005341796 0.00028491897173260687 40449
1760005342130 0.00028473284968997615 40459
1760005342490 0.0002845123655697309 40469
1760005342848 0.0002842575727011326 40479
1760005343214 0.0002839685327118189 40489
1760005343560 0.0002836453155128977 40499
1760005343895 0.00028328799928203777 40509
1760005344236 0.0002828966704445592 40519
1760005344584 0.00028247142365252947 40529
1760005344944 0.00028201236176187 40539
1760005345297 0.0002815195958074778 40549
1760005345655 0.0002809932449763687 40559
1760005346010 0.0002804334365788499 40569
1760005346344 0.0002798403060177265 40579
1760005346623 0.00027921399675555114 40589
1760005346858 0.00027855466027992457 40599
1760005347133 0.0002778624560668543 40609
1760005347401 0.00027713755154218204 40619
1760005347649 0.00027638012204108775 40629
1760005347914 0.00027559035076568026 40639
1760005348259 0.00027476842874068634 40649
1760005348625 0.0002739145547672461 40659
1760005349001 0.00027302893537482873 40669
1760005349354 0.0002721117847712784 40679
1760005349716 0.00027116332479100295 40689
1760005350066 0.00027018378484131825 40699
1760005350422 0.0002691734018469603 40709
1760005350779 0.00026813242019278 40719
1760005351138 0.0002670610916646321 40729
1760005351504 0.0002659596753884758 40739
1760005351855 0.0002648284377676983 40749
1760005352212 0.00026366765241867934 40759
1760005352564 0.00026247760010461043 40769
1760005352913 0.0002612585686675859 40779
1760005353240 0.0002600108529589812 40789
1760005353571 0.0002587347547681365 40799
1760005353890 0.00025743058274936163 40809
1760005354185 0.0002560986523472809 40819
1760005354439 0.0002547392857205354 40829
1760005354668 0.0002533528116638613 40839
1760005354876 0.0002519395655285633 40849
1760005355108 0.0002504998891414017 40859
1760005355477 0.0002490341307219139 40869
1760005355832 0.00024754264479818924 40879
1760005356192 0.00024602579212111813 40889
1760005356552 0.00024448393957713564 40899
1760005356914 0.0002429174600994819 40909
1760005357266 0.00024132673257799885 40919
1760005357627 0.00023971214176748753 40929
1760005357985 0.0002380740781946455 40939
1760005358348 0.00023641293806360913 40949
1760005358719 0.00023472912316012216 40959
1760005359087 0.00023302304075435452 40969
1760005359454 0.00023129510350239428 40979
1760005359818 0.0002295457293464373 40989
1760005360175 0.00022777534141369795 40999
1760005360548 0.00022598436791406606 41009
1760005360917 0.0002241732420365339 41019
1760005361293 0.0002223424018444197 41029
1760005361655 0.00022049229016941156 41039
1760005362015 0.00021862335450445805 41049
1760005362377 0.00021673604689553184 41059
1760005362736 0.00021483082383229159 41069
1760005363095 0.00021290814613766912 41079
1760005363449 0.00021096847885640894 41089
1760005363818 0.00020901229114258564 41099
1760005364176 0.00020704005614612862 41109
1760005364539 0.00020505225089837922 41119
1760005364901 0.00020304935619670976 41129
1760005365267 0.00020103185648823107 41139
1760005365635 0.00019900023975261805 41149
1760005365998 0.00019695499738407992 41159
1760005366372 0.00019489662407250522 41169
1760005366737 0.00019282561768380928 41179
1760005367107 0.00019074247913951388 41189
1760005367469 0.00018864771229558746 41199
1760005367839 0.00018654182382057556 41209
1760005368207 0.00018442532307305165 41219
1760005368579 0.00018229872197841627 41229
1760005368941 0.0001801625349050761 41239
1760005369312 0.00017801727854003193 41249
1760005369687 0.0001758634717639055 41259
1760005370057 0.00017370163552543646 41269
1760005370420 0.00017153229271547836 41279
1760005370784 0.00016935596804052523 41289
1760005371149 0.00016717318789579921 41299
1760005371512 0.00016498448023792936 41309
1760005371870 0.0001627903744572529 41319
1760005372233 0.00016059140124976973 41329
1760005372597 0.00015838809248878147 41339
1760005372962 0.00015618098109624497 41349
1760005373323 0.00015397060091387277 41359
1760005373686 0.00015175748657401104 41369
1760005374058 0.0001495421733703262 41379
1760005374423 0.00014732519712833144 41389
1760005374787 0.00014510709407578477 41399
1760005375149 0.0001428884007129899 41409
1760005375509 0.00014066965368303089 41419
1760005375870 0.0001384513896419724 41429
1760005376235 0.00013623414512905696 41439
1760005376594 0.00013401845643693026 41449
1760005376961 0.00013180485948192618 41459
1760005377326 0.00012959388967444295 41469
1760005377690 0.00012738608178944133 41479
1760005378051 0.000125181969837097 41489
1760005378419 0.00012298208693363756 41499
1760005378781 0.00012078696517239583 41509
1760005379144 0.00011859713549511047 41519
1760005379501 0.00011641312756350556 41529
1760005379870 0.0001142354696311792 41539
1760005380235 0.00011206468841583301 41549
1760005380597 0.00010990130897187328 41559
1760005380957 0.00010774585456341402 41569
1760005381324 0.00010559884653771337 41579
1760005381693 0.00010346080419907341 41589
1760005382053 0.00010133224468323435 41599
1760005382417 9.921368283229303e-05 41609
1760005382776 9.710563107017633e-05 41619
1760005383138 9.50085992786993e-05 41629
1760005383519 9.292309467423844e-05 41639
1760005383885 9.084962168504929e-05 41649
1760005384254 8.87886818292589e-05 41659
1760005384622 8.674077359356155e-05 41669
1760005384985 8.470639231264839e-05 41679
1760005385352 8.268603004939883e-05 41689
1760005385724 8.068017547586376e-05 41699
1760005386092 7.868931375506871e-05 41709
1760005386457 7.67139264236655e-05 41719
1760005386832 7.4754491275462e-05 41729
1760005387196 7.281148224585549e-05 41739
1760005387562 7.088536929720131e-05 41749
1760005387923 6.897661830514044e-05 41759
1760005388299 6.708569094591733e-05 41769
1760005388664 6.521304458471216e-05 41779
1760005389031 6.335913216501664e-05 41789
1760005389394 6.152440209907862e-05 41799
1760005389764 5.9709298159443675e-05 41809
1760005390133 5.791425937161754e-05 41819
1760005390501 5.613971990787809e-05 41829
1760005390867 5.438610898226032e-05 41839
1760005391229 5.265385074674071e-05 41849
1760005391605 5.094336418864663e-05 41859
1760005391970 4.92550630293137e-05 41869
1760005392331 4.758935562401817e-05 41879
1760005392695 4.594664486320634e-05 41889
1760005393060 4.4327328075046104e-05 41899
1760005393449 4.27317969293236e-05 41909
1760005393820 4.116043734270922e-05 41919
1760005394191 3.961362938541389e-05 41929
1760005394570 3.8091747189260725e-05 41939
1760005394941 3.6595158857192243e-05 41949
1760005395314 3.5124226374235856e-05 41959
1760005395684 3.367930551994983e-05 41969
1760005396055 3.226074578236891e-05 41979
1760005396422 3.086889027347308e-05 41989
1760005396798 2.950407564619748e-05 41999
1760005397162 2.8166632013005205e-05 42009
1760005397532 2.6856882866041598e-05 42019
1760005397913 2.5575144998890548e-05 42029
1760005398284 2.432172842994991e-05 42039
1760005398652 2.3096936327446777e-05 42049
1760005399012 2.190106493610891e-05 42059
1760005399380 2.0734403505510927e-05 42069
1760005399750 1.9597234220112806e-05 42079
1760005400109 1.848983213100651e-05 42089
1760005400474 1.7412465089388797e-05 42099
1760005400837 1.6365393681774934e-05 42109
1760005401198 1.5348871166969786e-05 42119
1760005401566 1.4363143414811183e-05 42129
1760005401946 1.3408448846700634e-05 42139
1760005402314 1.2485018377935304e-05 42149
1760005402673 1.1593075361855959e-05 42159
1760005403033 1.0732835535823638e-05 42169
1760005403408 9.904506969038363e-06 42179
1760005403772 9.108290012212992e-06 42189
1760005404136 8.344377249113423e-06 42199
1760005404495 7.612953449977855e-06 42209
1760005404869 6.914195526825759e-06 42219
1760005405245 6.2482724906674365e-06 42229
1760005405618 5.6153454106248795e-06 42239
1760005405980 5.015567374973345e-06 42249
1760005406354 4.449083454113315e-06 42259
1760005406719 3.916030665481974e-06 42269
1760005407083 3.41653794041215e-06 42279
1760005407445 2.9507260929473286e-06 42289
1760005407810 2.5187077906199873e-06 42299
1760005408179 2.1205875272001546e-06 42309
1760005408555 1.756461597421315e-06 42319
1760005408935 1.4264180736891191e-06 42329
1760005409308 1.1305367847791494e-06 42339
1760005409675 8.688892965283119e-07 42349
1760005410043 6.415388945250347e-07 42359
1760005410409 4.485405688021734e-07 42369
1760005410781 2.8994100053634014e-07 42379
1760005411147 1.6577855075701796e-07 42389
1760005411515 7.608325106793039e-08 42399
1760005411883 2.087679638337417e-08 42409
1760005412253 1.7253968062461802e-10 42419
1760005412628 0.0002853190636509612 42429
1760005412997 0.00028527075683464645 42439
1760005413366 0.00028518795783524434 42449
1760005413746 0.000285070686679637 42459
1760005414117 0.00028491897173260687 42469
1760005414490 0.00028473284968997615 42479
1760005414851 0.0002845123655697309 42489
1760005415221 0.0002842575727011326 42499
1760005415592 0.0002839685327118189 42509
1760005415980 0.0002836453155128977 42519
1760005416346 0.00028328799928203777 42529
1760005416709 0.0002828966704445592 42539
1760005417073 0.00028247142365252947 42549
1760005417447 0.00028201236176187 42559
1760005417818 0.0002815195958074778 42569
1760005418198 0.0002809932449763687 42579
1760005418576 0.0002804334365788499 42589
1760005418941 0.0002798403060177265 42599
1760005419305 0.00027921399675555114 42609
1760005419667 0.00027855466027992457 42619
1760005420040 0.0002778624560668543 42629
1760005420420 0.00027713755154218204 42639
1760005420791 0.00027638012204108775 42649
1760005421160 0.00027559035076568026 42659
1760005421509 0.00027476842874068634 42669
1760005421866 0.0002739145547672461 42679
1760005422215 0.00027302893537482873 42689
1760005422574 0.0002721117847712784 42699
1760005422941 0.00027116332479100295 42709
1760005423307 0.00027018378484131825 42719
1760005423674 0.0002691734018469603 42729
1760005424046 0.00026813242019278 42739
1760005424413 0.0002670610916646321 42749
1760005424780 0.0002659596753884758 42759
1760005425147 0.0002648284377676983 42769
1760005425517 0.00026366765241867934 42779
1760005425889 0.00026247760010461043 42789
1760005426258 0.0002612585686675859 42799
1760005426624 0.0002600108529589812 42809
1760005426988 0.0002587347547681365 42819
1760005427352 0.00025743058274936163 42829
1760005427722 0.0002560986523472809 42839
1760005428083 0.0002547392857205354 42849
1760005428444 0.0002533528116638613 42859
1760005428798 0.0002519395655285633 42869
1760005429161 0.0002504998891414017 42879
1760005429526 0.0002490341307219139 42889
1760005429889 0.00024754264479818924 42899
1760005430257 0.00024602579212111813 42909
1760005430621 0.00024448393957713564 42919
1760005430988 0.0002429174600994819 42929
1760005431358 0.00024132673257799885 42939
1760005431723 0.00023971214176748753 42949
1760005432087 0.0002380740781946455 42959
1760005432451 0.00023641293806360913 42969
1760005432824 0.00023472912316012216 42979
1760005433191 0.00023302304075435452 42989
1760005433559 0.00023129510350239428 42999
1760005433921 0.0002295457293464373 43009
1760005434281 0.00022777534141369795 43019
1760005434651 0.00022598436791406606 43029
1760005435015 0.0002241732420365339 43039
1760005435376 0.0002223424018444197 43049
1760005435736 0.00022049229016941156 43059
1760005436103 0.00021862335450445805 43069
1760005436469 0.00021673604689553184 43079
1760005436837 0.00021483082383229159 43089
1760005437202 0.00021290814613766912 43099
1760005437570 0.00021096847885640894 43109
1760005437946 0.00020901229114258564 43119
1760005438314 0.00020704005614612862 43129
1760005438673 0.00020505225089837922 43139
1760005439042 0.00020304935619670976 43149
1760005439408 0.00020103185648823107 43159
1760005439772 0.00019900023975261805 43169
1760005440139 0.00019695499738407992 43179
1760005440505 0.00019489662407250522 43189
1760005440873 0.00019282561768380928 43199
1760005441232 0.00019074247913951388 43209
1760005441606 0.00018864771229558746 43219
1760005441974 0.00018654182382057556 43229
1760005442344 0.00018442532307305165 43239
1760005442704 0.00018229872197841627 43249
1760005443069 0.0001801625349050761 43259
1760005443438 0.00017801727854003193 43269
1760005443808 0.0001758634717639055 43279
1760005444178 0.00017370163552543646 43289
1760005444547 0.00017153229271547836 43299
1760005444921 0.00016935596804052523 43309
1760005445290 0.00016717318789579921 43319
1760005445658 0.00016498448023792936 43329
1760005446027 0.0001627903744572529 43339
1760005446400 0.00016059140124976973 43349
1760005446771 0.00015838809248878147 43359
1760005447141 0.00015618098109624497 43369
1760005447512 0.00015397060091387277 43379
1760005447884 0.00015175748657401104 43389
1760005448256 0.0001495421733703262 43399
1760005448629 0.00014732519712833144 43409
1760005448993 0.00014510709407578477 43419
1760005449343 0.0001428884007129899 43429
1760005449690 0.00014066965368303089 43439
1760005450051 0.0001384513896419724 43449
1760005450400 0.00013623414512905696 43459
1760005450758 0.00013401845643693026 43469
1760005451107 0.00013180485948192618 43479
1760005451474 0.00012959388967444295 43489
1760005451835 0.00012738608178944133 43499
1760005452199 0.000125181969837097 43509
1760005452580 0.00012298208693363756 43519
1760005452945 0.00012078696517239583 43529
1760005453322 0.00011859713549511047 43539
1760005453686 0.00011641312756350556 43549
1760005454054 0.0001142354696311792 43559
1760005454422 0.00011206468841583301 43569
1760005454788 0.00010990130897187328 43579
1760005455155 0.00010774585456341402 43589
1760005455527 0.00010559884653771337 43599
1760005455899 0.00010346080419907341 43609
1760005456267 0.00010133224468323435 43619
1760005456638 9.921368283229303e-05 43629
1760005457001 9.710563107017633e-05 43639
1760005457368 9.50085992786993e-05 43649
1760005457723 9.292309467423844e-05 43659
1760005458070 9.084962168504929e-05 43669
1760005458422 8.87886818292589e-05 43679
1760005458769 8.674077359356155e-05 43689
1760005459118 8.470639231264839e-05 43699
1760005459472 8.268603004939883e-05 43709
1760005459826 8.068017547586376e-05 43719
1760005460173 7.868931375506871e-05 43729
1760005460535 7.67139264236655e-05 43739
1760005460897 7.4754491275462e-05 43749
1760005461250 7.281148224585549e-05 43759
1760005461614 7.088536929720131e-05 43769
1760005461976 6.897661830514044e-05 43779
1760005462344 6.708569094591733e-05 43789
1760005462711 6.521304458471216e-05 43799
1760005463073 6.335913216501664e-05 43809
1760005463432 6.152440209907862e-05 43819
1760005463795 5.9709298159443675e-05 43829
1760005464157 5.791425937161754e-05 43839
1760005464527 5.613971990787809e-05 43849
1760005464889 5.438610898226032e-05 43859
1760005465262 5.265385074674071e-05 43869
1760005465630 5.094336418864663e-05 43879
1760005465999 4.92550630293137e-05 43889
1760005466369 4.758935562401817e-05 43899
1760005466736 4.594664486320634e-05 43909
1760005467108 4.4327328075046104e-05 43919
1760005467476 4.27317969293236e-05 43929
1760005467849 4.116043734270922e-05 43939
1760005468222 3.961362938541389e-05 43949
1760005468597 3.8091747189260725e-05 43959
1760005468967 3.6595158857192243e-05 43969
1760005469333 3.5124226374235856e-05 43979
1760005469701 3.367930551994983e-05 43989
1760005470066 3.226074578236891e-05 43999
1760005470441 3.086889027347308e-05 44009
1760005470804 2.950407564619748e-05 44019
1760005471169 2.8166632013005205e-05 44029
1760005471530 2.6856882866041598e-05 44039
1760005471892 2.5575144998890548e-05 44049
1760005472269 2.432172842994991e-05 44059
1760005472634 2.3096936327446777e-05 44069
1760005472998 2.190106493610891e-05 44079
1760005473362 2.0734403505510927e-05 44089
1760005473725 1.9597234220112806e-05 44099
1760005474088 1.848983213100651e-05 44109
1760005474451 1.7412465089388797e-05 44119
1760005474815 1.6365393681774934e-05 44129
1760005475181 1.5348871166969786e-05 44139
1760005475550 1.4363143414811183e-05 44149
1760005475911 1.3408448846700634e-05 44159
1760005476274 1.2485018377935304e-05 44169
1760005476643 1.1593075361855959e-05 44179
1760005477014 1.0732835535823638e-05 44189
1760005477378 9.904506969038363e-06 44199
1760005477742 9.108290012212992e-06 44209
1760005478109 8.344377249113423e-06 44219
1760005478478 7.612953449977855e-06 44229
1760005478844 6.914195526825759e-06 44239
1760005479212 6.2482724906674365e-06 44249
1760005479579 5.6153454106248795e-06 44259
1760005479942 5.015567374973345e-06 44269
1760005480306 4.449083454113315e-06 44279
1760005480663 3.916030665481974e-06 44289
1760005481033 3.41653794041215e-06 44299
1760005481921 2.9507260929473286e-06 44309
1760005482285 2.5187077906199873e-06 44319
1760005482647 2.1205875272001546e-06 44329
1760005483018 1.756461597421315e-06 44339
1760005483384 1.4264180736891191e-06 44349
1760005483748 1.1305367847791494e-06 44359
1760005484111 8.688892965283119e-07 44369
1760005484481 6.415388945250347e-07 44379
1760005484857 4.485405688021734e-07 44389
1760005485217 2.8994100053634014e-07 44399
1760005485580 1.6577855075701796e-07 44409
1760005485940 7.608325106793039e-08 44419
1760005543279 2.087679638337417e-08 44429
1760005543658 1.7167698222149493e-10 44439
1760005544007 0.00028389246833270644 44449
1760005544356 0.0002838444030504732 44459
1760005544714 0.0002837620180460681 44469
1760005545065 0.00028364533324623883 44479
1760005545411 0.00028349437687394386 44489
1760005545818 0.00028330918544152626 44499
1760005546153 0.0002830898037418823 44509
1760005546493 0.0002828362848376269 44519
1760005546831 0.0002825486900482598 44529
1760005547175 0.00028222708893533324 44539
1760005547525 0.0002818715592856276 44549
1760005547889 0.00028148218709233636 44559
1760005548254 0.0002810590665342668 44569
1760005548624 0.0002806022999530607 44579
1760005549004 0.00028011199782844036 44589
1760005549364 0.00027958827875148684 44599
1760005549735 0.0002790312693959557 44609
1760005550110 0.0002784411044876379 44619
1760005550485 0.0002778179267717734 44629
1760005550847 0.0002771618869785249 44639
1760005551200 0.00027647314378652 44649
1760005551553 0.0002757518637844711 44659
1760005551908 0.0002749982214308823 44669
1760005552279 0.00027421239901185185 44679
1760005552642 0.0002733945865969829 44689
1760005552999 0.00027254498199340987 44699
1760005553363 0.00027166379069795454 44709
1760005553729 0.000270751225847422 44719
1760005554097 0.00026980750816704794 44729
1760005554461 0.00026883286591711166 44739
1760005554803 0.00026782753483772554 44749
1760005555146 0.0002667917580918161 44759
1760005555490 0.00026572578620630895 44769
1760005555840 0.00026462987701153344 44779
1760005556188 0.0002635042955788598 44789
1760005556537 0.00026234931415658594 44799
1760005556882 0.0002611652121040874 44809
1760005557230 0.00025995227582424797 44819
1760005557586 0.0002587107986941863 44829
1760005557961 0.0002574410809942958 44839
1760005558324 0.0002561434298356148 44849
1760005558688 0.0002548181590855445 44859
1760005559046 0.0002534655892919327 44869
1760005559397 0.000252086047605542 44879
1760005559717 0.00025067986770092046 44889
1760005559988 0.0002492473896956947 44899
1760005560249 0.00024778896006830435 44909
1760005560523 0.0002463049315741983 44919
1760005560818 0.0002447956631605125 44929
1760005561139 0.00024326151987924996 44939
1760005561517 0.00024170287279898445 44949
1760005561886 0.00024012009891510882 44959
1760005562263 0.00023851358105865007 44969
1760005562644 0.00023688370780367227 44979
1760005563028 0.00023523087337329107 44989
1760005563404 0.00023355547754432156 44999
1760005563781 0.00023185792555058274 45009
1760005564160 0.0002301386279848823 45019
1760005564541 0.00022839800069970512 45029
1760005564926 0.00022663646470662946 45039
1760005565306 0.00022485444607449573 45049
1760005565693 0.00022305237582635122 45059
1760005566064 0.0002212306898351976 45069
1760005566443 0.00021938982871856448 45079
1760005566814 0.00021753023773193577 45089
1760005567190 0.00021565236666105418 45099
1760005567564 0.00021375666971313012 45109
1760005567944 0.00021184360540698076 45119
1760005568310 0.0002099136364621269 45129
1760005568689 0.0002079672296868727 45139
1760005569060 0.00020600485586539798 45149
1760005569436 0.00020402698964388732 45159
1760005569808 0.0002020341094157262 45169
1760005570185 0.0002000266972057899 45179
1760005570552 0.00019800523855385496 45189
1760005570925 0.0001959702223971595 45199
1760005571302 0.0001939221409521427 45209
1760005571679 0.00019186148959539023 45219
1760005572058 0.00018978876674381629 45229
1760005572433 0.0001877044737341095 45239
1760005572806 0.00018560911470147268 45249
1760005573177 0.0001835031964576864 45259
1760005573550 0.00018138722836852418 45269
1760005573921 0.00017926172223055073 45279
1760005574293 0.00017712719214733175 45289
1760005574657 0.00017498415440508598 45299
1760005575027 0.00017283312734780928 45309
1760005575393 0.00017067463125190096 45319
1760005575760 0.0001685091882003226 45329
1760005576127 0.0001663373219563202 45339
1760005576500 0.0001641595578367397 45349
1760005576863 0.00016197642258496662 45359
1760005577229 0.00015978844424352088 45369
1760005577605 0.00015759615202633756 45379
1760005577967 0.00015540007619076375 45389
1760005578316 0.0001532007479093034 45399
1760005578662 0.00015099869914114098 45409
1760005579005 0.00014879446250347454 45419
1760005579347 0.00014658857114268977 45429
1760005579698 0.00014438155860540584 45439
1760005580047 0.00014217395870942494 45449
1760005580399 0.00013996630541461574 45459
1760005580749 0.00013775913269376255 45469
1760005581092 0.00013555297440341168 45479
1760005581435 0.00013334836415474562 45489
1760005581779 0.00013114583518451656 45499
1760005582129 0.00012894592022607074 45509
1760005582474 0.0001267491513804941 45519
1760005582821 0.00012455605998791153 45529
1760005583169 0.00012236717649896937 45539
1760005583519 0.00012018303034653384 45549
1760005583868 0.00011800414981763492 45559
1760005584218 0.00011583106192568803 45569
1760005584566 0.00011366429228302329 45579
1760005584911 0.00011150436497375384 45589
1760005585307 0.00010935180242701392 45599
1760005585732 0.00010720712529059695 45609
1760005586079 0.0001050708523050248 45619
1760005586438 0.00010294350017807805 45629
1760005586819 0.00010082558345981818 45639
1760005587175 9.871761441813156e-05 45649
1760005587532 9.662010291482544e-05 45659
1760005587889 9.453355628230581e-05 45669
1760005588245 9.245847920086725e-05 45679
1760005588598 9.039537357662404e-05 45689
1760005588959 8.83447384201126e-05 45699
1760005589311 8.630706972559375e-05 45709
1760005589667 8.428286035108514e-05 45719
1760005590026 8.227259989915184e-05 45729
1760005590379 8.027677459848444e-05 45739
1760005590731 7.829586718629336e-05 45749
1760005591084 7.633035679154718e-05 45759
1760005591402 7.438071881908469e-05 45769
1760005591671 7.244742483462621e-05 45779
1760005591904 7.05309424507153e-05 45789
1760005592112 6.863173521361475e-05 45799
1760005592317 6.675026249118774e-05 45809
1760005592520 6.48869793617886e-05 45819
1760005592728 6.304233650419156e-05 45829
1760005592941 6.121678008858323e-05 45839
1760005593153 5.9410751668646456e-05 45849
1760005593360 5.762468807475945e-05 45859
1760005593670 5.5859021308338694e-05 45869
1760005593995 5.411417843734902e-05 45879
1760005594354 5.239058149300701e-05 45889
1760005594712 5.0688647367703396e-05 45899
1760005595072 4.900878771416713e-05 45909
1760005595436 4.735140884589808e-05 45919
1760005595795 4.5716911638890314e-05 45929
1760005596161 4.410569143467088e-05 45939
1760005596550 4.2518137944676984e-05 45949
1760005596942 4.095463515599567e-05 45959
1760005597321 3.9415561238486825e-05 45969
1760005597692 3.790128845331442e-05 45979
1760005598053 3.641218306290628e-05 45989
1760005598405 3.4948605242364674e-05 45999
1760005598767 3.3510908992350075e-05 46009
1760005599122 3.209944205345707e-05 46019
1760005599476 3.071454582210571e-05 46029
1760005599830 2.9356555267966492e-05 46039
1760005600217 2.802579885294018e-05 46049
1760005600589 2.672259845171139e-05 46059
1760005600959 2.5447269273896094e-05 46069
1760005601338 2.420011978780016e-05 46079
1760005601710 2.2981451645809543e-05 46089
1760005602107 2.1791559611428366e-05 46099
1760005602462 2.0630731487983372e-05 46109
1760005602817 1.9499248049012243e-05 46119
1760005603171 1.8397382970351476e-05 46129
1760005603547 1.732540276394185e-05 46139
1760005603904 1.628356671336606e-05 46149
1760005604265 1.5272126811134936e-05 46159
1760005604613 1.4291327697737128e-05 46169
1760005604966 1.3341406602467131e-05 46179
1760005605319 1.2422593286045628e-05 46189
1760005605672 1.153510998504668e-05 46199
1760005606029 1.067917135814452e-05 46209
1760005606388 9.85498443419317e-06 46219
1760005606739 9.062748562151927e-06 46229
1760005607089 8.302655362867855e-06 46239
1760005607451 7.574888682727966e-06 46249
1760005607808 6.8796245491916295e-06 46259
1760005608160 6.217031128214099e-06 46269
1760005608510 5.5872686835717556e-06 46279
1760005608877 4.990489538098479e-06 46289
1760005609247 4.426838036842748e-06 46299
1760005609607 3.896450512154563e-06 46309
1760005609963 3.3994552507100892e-06 46319
1760005610341 2.9359724624825917e-06 46329
1760005610711 2.506114251666887e-06 46339
1760005611069 2.109984589564154e-06 46349
1760005611424 1.7476792894342083e-06 46359
1760005611780 1.4192859833206735e-06 46369
1760005612137 1.1248841008552538e-06 46379
1760005612500 8.645448500456703e-07 46389
1760005612868 6.383312000524095e-07 46399
1760005613239 4.462978659581625e-07 46409
1760005613583 2.8849129553365844e-07 46419
1760005613939 1.6494965800323287e-07 46429
1760005614310 7.570283481259074e-08 46439
1760005614682 2.07724124014573e-08 46449
1760005615072 1.7167698222149493e-10 46459
1760005615455 0.00028389246833270644 46469
1760005615836 0.0002838444030504732 46479
1760005616217 0.0002837620180460681 46489
1760005616584 0.00028364533324623883 46499
1760005616956 0.00028349437687394386 46509
1760005617335 0.00028330918544152626 46519
1760005617719 0.0002830898037418823 46529
1760005618093 0.0002828362848376269 46539
1760005618461 0.0002825486900482598 46549
1760005618839 0.00028222708893533324 46559
1760005619225 0.0002818715592856276 46569
1760005619606 0.00028148218709233636 46579
1760005619988 0.0002810590665342668 46589
1760005620358 0.0002806022999530607 46599
1760005620719 0.00028011199782844036 46609
1760005621083 0.00027958827875148684 46619
1760005621448 0.0002790312693959557 46629
1760005621821 0.0002784411044876379 46639
1760005622192 0.0002778179267717734 46649
1760005622557 0.0002771618869785249 46659
1760005622927 0.00027647314378652 46669
1760005623298 0.0002757518637844711 46679
1760005623664 0.0002749982214308823 46689
1760005624035 0.00027421239901185185 46699
1760005624399 0.0002733945865969829 46709
1760005624767 0.00027254498199340987 46719
1760005625136 0.00027166379069795454 46729
1760005625505 0.000270751225847422 46739
1760005625869 0.00026980750816704794 46749
1760005626229 0.00026883286591711166 46759
1760005626600 0.00026782753483772554 46769
1760005626965 0.0002667917580918161 46779
1760005627332 0.00026572578620630895 46789
1760005627698 0.00026462987701153344 46799
1760005628071 0.0002635042955788598 46809
1760005628433 0.00026234931415658594 46819
1760005628806 0.0002611652121040874 46829
1760005629178 0.00025995227582424797 46839
1760005629551 0.0002587107986941863 46849
1760005629917 0.0002574410809942958 46859
1760005630289 0.0002561434298356148 46869
1760005630661 0.0002548181590855445 46879
1760005631031 0.0002534655892919327 46889
1760005631403 0.000252086047605542 46899
1760005631774 0.00025067986770092046 46909
1760005632140 0.0002492473896956947 46919
1760005632508 0.00024778896006830435 46929
1760005632886 0.0002463049315741983 46939
1760005633263 0.0002447956631605125 46949
1760005633639 0.00024326151987924996 46959
1760005634010 0.00024170287279898445 46969
1760005634381 0.00024012009891510882 46979
1760005634748 0.00023851358105865007 46989
1760005635118 0.00023688370780367227 46999
1760005635487 0.00023523087337329107 47009
1760005635853 0.00023355547754432156 47019
1760005636216 0.00023185792555058274 47029
1760005636586 0.0002301386279848823 47039
1760005636960 0.00022839800069970512 47049
1760005637340 0.00022663646470662946 47059
1760005637720 0.00022485444607449573 47069
1760005638093 0.00022305237582635122 47079
1760005638465 0.0002212306898351976 47089
1760005638840 0.00021938982871856448 47099
1760005639213 0.00021753023773193577 47109
1760005639579 0.00021565236666105418 47119
1760005639943 0.00021375666971313012 47129
1760005640310 0.00021184360540698076 47139
1760005640683 0.0002099136364621269 47149
1760005641045 0.0002079672296868727 47159
1760005641418 0.00020600485586539798 47169
1760005641778 0.00020402698964388732 47179
1760005642146 0.0002020341094157262 47189
1760005642514 0.0002000266972057899 47199
1760005642891 0.00019800523855385496 47209
1760005643279 0.0001959702223971595 47219
1760005643656 0.0001939221409521427 47229
1760005644021 0.00019186148959539023 47239
1760005644423 0.00018978876674381629 47249
1760005644814 0.0001877044737341095 47259
1760005645185 0.00018560911470147268 47269
1760005645544 0.0001835031964576864 47279
1760005645906 0.00018138722836852418 47289
1760005646276 0.00017926172223055073 47299
1760005646646 0.00017712719214733175 47309
1760005647016 0.00017498415440508598 47319
1760005647383 0.00017283312734780928 47329
1760005647748 0.00017067463125190096 47339
1760005648122 0.0001685091882003226 47349
1760005648491 0.0001663373219563202 47359
1760005648860 0.0001641595578367397 47369
1760005649237 0.00016197642258496662 47379
1760005649596 0.00015978844424352088 47389
1760005649959 0.00015759615202633756 47399
1760005650329 0.00015540007619076375 47409
1760005650708 0.0001532007479093034 47419
1760005651081 0.00015099869914114098 47429
1760005651453 0.00014879446250347454 47439
1760005651823 0.00014658857114268977 47449
1760005652195 0.00014438155860540584 47459
1760005652564 0.00014217395870942494 47469
1760005652934 0.00013996630541461574 47479
1760005653309 0.00013775913269376255 47489
1760005653680 0.00013555297440341168 47499
1760005654052 0.00013334836415474562 47509
1760005654422 0.00013114583518451656 47519
1760005654793 0.00012894592022607074 47529
1760005655164 0.0001267491513804941 47539
1760005655534 0.00012455605998791153 47549
1760005655906 0.00012236717649896937 47559
1760005656268 0.00012018303034653384 47569
1760005656630 0.00011800414981763492 47579
1760005657007 0.00011583106192568803 47589
1760005657377 0.00011366429228302329 47599
1760005657744 0.00011150436497375384 47609
1760005658107 0.00010935180242701392 47619
1760005658472 0.00010720712529059695 47629
1760005658847 0.0001050708523050248 47639
1760005659214 0.00010294350017807805 47649
1760005659579 0.00010082558345981818 47659
1760005659946 9.871761441813156e-05 47669
1760005660313 9.662010291482544e-05 47679
1760005660678 9.453355628230581e-05 47689
1760005661046 9.245847920086725e-05 47699
1760005661437 9.039537357662404e-05 47709
1760005661806 8.83447384201126e-05 47719
1760005662175 8.630706972559375e-05 47729
1760005662546 8.428286035108514e-05 47739
1760005662924 8.227259989915184e-05 47749
1760005663294 8.027677459848444e-05 47759
1760005663665 7.829586718629336e-05 47769
1760005664035 7.633035679154718e-05 47779
1760005664396 7.438071881908469e-05 47789
1760005664778 7.244742483462621e-05 47799
1760005665157 7.05309424507153e-05 47809
1760005665526 6.863173521361475e-05 47819
1760005665890 6.675026249118774e-05 47829
1760005666253 6.48869793617886e-05 47839
1760005666630 6.304233650419156e-05 47849
1760005666994 6.121678008858323e-05 47859
1760005667362 5.9410751668646456e-05 47869
1760005667731 5.762468807475945e-05 47879
1760005668094 5.5859021308338694e-05 47889
1760005668469 5.411417843734902e-05 47899
1760005668841 5.239058149300701e-05 47909
1760005669212 5.0688647367703396e-05 47919
1760005669585 4.900878771416713e-05 47929
1760005669967 4.735140884589808e-05 47939
1760005670341 4.5716911638890314e-05 47949
1760005670712 4.410569143467088e-05 47959
1760005671081 4.2518137944676984e-05 47969
1760005671454 4.095463515599567e-05 47979
1760005671826 3.9415561238486825e-05 47989
1760005672203 3.790128845331442e-05 47999
1760005672579 3.641218306290628e-05 48009
1760005672950 3.4948605242364674e-05 48019
1760005673322 3.3510908992350075e-05 48029
1760005673695 3.209944205345707e-05 48039
1760005674050 3.071454582210571e-05 48049
1760005674398 2.9356555267966492e-05 48059
1760005674752 2.802579885294018e-05 48069
1760005675112 2.672259845171139e-05 48079
1760005675461 2.5447269273896094e-05 48089
1760005675807 2.420011978780016e-05 48099
1760005676151 2.2981451645809543e-05 48109
1760005676506 2.1791559611428366e-05 48119
1760005676855 2.0630731487983372e-05 48129
1760005677194 1.9499248049012243e-05 48139
1760005677494 1.8397382970351476e-05 48149
1760005677846 1.732540276394185e-05 48159
1760005678208 1.628356671336606e-05 48169
1760005678574 1.5272126811134936e-05 48179
1760005678928 1.4291327697737128e-05 48189
1760005679277 1.3341406602467131e-05 48199
1760005679634 1.2422593286045628e-05 48209
1760005679985 1.153510998504668e-05 48219
1760005680344 1.067917135814452e-05 48229
1760005680702 9.85498443419317e-06 48239
1760005681067 9.062748562151927e-06 48249
1760005681428 8.302655362867855e-06 48259
1760005681780 7.574888682727966e-06 48269
1760005682133 6.8796245491916295e-06 48279
1760005682503 6.217031128214099e-06 48289
1760005682855 5.5872686835717556e-06 48299
1760005683211 4.990489538098479e-06 48309
1760005683563 4.426838036842748e-06 48319
1760005683910 3.896450512154563e-06 48329
1760005684259 3.3994552507100892e-06 48339
1760005685138 2.9359724624825917e-06 48349
1760005685483 2.506114251666887e-06 48359
1760005685825 2.109984589564154e-06 48369
1760005686182 1.7476792894342083e-06 48379
1760005686544 1.4192859833206735e-06 48389
1760005686906 1.1248841008552538e-06 48399
1760005687262 8.645448500456703e-07 48409
1760005687620 6.383312000524095e-07 48419
1760005687976 4.462978659581625e-07 48429
1760005688339 2.8849129553365844e-07 48439
1760005688701 1.6494965800323287e-07 48449
1760005689062 7.570283481259074e-08 48459
1760005704560 2.0668550339450012e-08 48469
1760005704841 1.7081859731038745e-10 48479
1760005705138 0.0002824730059910429 48489
1760005705456 0.0002824251810352209 48499
1760005705802 0.0002823432079558378 48509
1760005706175 0.00028222710658000764 48519
1760005706550 0.00028207690498957414 48529
1760005706944 0.0002818926395143187 48539
1760005707298 0.00028167435472317286 48549
1760005707655 0.0002814221034134388 48559
1760005708007 0.00028113594659801846 48569
1760005708383 0.00028081595349065656 48579
1760005708732 0.00028046220148919944 48589
1760005709090 0.0002800747761568747 48599
1760005709458 0.0002796537712015955 48609
1760005709822 0.00027919928845329537 48619
1760005710195 0.0002787114378392982 48629
1760005710555 0.0002781903373577294 48639
1760005710921 0.00027763611304897594 48649
1760005711288 0.0002770488989651997 48659
1760005711652 0.00027642883713791455 48669
1760005712024 0.0002757760775436323 48679
1760005712395 0.00027509077806758743 48689
1760005712801 0.0002743731044655488 48699
1760005713175 0.0002736232303237279 48709
1760005713545 0.00027284133701679263 48719
1760005713916 0.00027202761366399797 48729
1760005714285 0.0002711822570834428 48739
1760005714656 0.0002703054717444648 48749
1760005715030 0.0002693974697181849 48759
1760005715406 0.0002684584706262127 48769
1760005715775 0.0002674887015875261 48779
1760005716149 0.0002664883971635369 48789
1760005716534 0.000265457799301357 48799
1760005716909 0.0002643971572752774 48809
1760005717289 0.00026330672762647577 48819
1760005717657 0.00026218677410096554 48829
1760005718037 0.000261037567585803 48839
1760005718407 0.000259859386043567 48849
1760005718782 0.00025865251444512675 48859
1760005719155 0.0002574172447007154 48869
1760005719533 0.00025615387558932436 48879
1760005719894 0.0002548627126864368 48889
1760005720265 0.0002535440682901168 48899
1760005720640 0.00025219826134547307 48909
1760005721017 0.00025082561736751435 48919
1760005721405 0.0002494264683624159 48929
1760005721773 0.0002480011527472162 48939
1760005722143 0.00024655001526796284 48949
1760005722521 0.00024507340691632735 48959
1760005722904 0.00024357168484470998 48969
1760005723279 0.00024204521227985375 48979
1760005723637 0.00024049435843498957 48989
1760005723996 0.00023891949842053331 48999
1760005724356 0.00023732101315335685 49009
1760005724711 0.00023569928926465392 49019
1760005725075 0.00023405471900642464 49029
1760005725432 0.00023238770015659996 49039
1760005725784 0.00023069863592282985 49049
1760005726143 0.0002289879348449579 49059
1760005726492 0.0002272560106962066 49069
1760005726845 0.00022550328238309632 49079
1760005727202 0.00022373017384412326 49089
1760005727553 0.00022193711394721948 49099
1760005727904 0.00022012453638602165 49109
1760005728261 0.00021829287957497167 49119
1760005728607 0.0002164425865432761 49129
1760005728956 0.00021457410482774892 49139
1760005729325 0.0002126878863645645 49149
1760005729717 0.00021078438737994588 49159
1760005730088 0.00020886406827981627 49169
1760005730457 0.00020692739353843833 49179
1760005730822 0.000204974831586071 49189
1760005731188 0.0002030068546956679 49199
1760005731548 0.00020102393886864758 49209
1760005731914 0.00019902656371976096 49219
1760005732276 0.0001970152123610857 49229
1760005732643 0.00019499037128517372 49239
1760005732998 0.00019295253024738198 49249
1760005733368 0.0001909021821474133 49259
1760005733745 0.00018883982291009721 49269
1760005734114 0.00018676595136543896 49279
1760005734474 0.00018468106912796533 49289
1760005734836 0.00018258568047539798 49299
1760005735199 0.00018048029222668155 49309
1760005735561 0.00017836541361939797 49319
1760005735927 0.00017624155618659512 49329
1760005736299 0.00017410923363306055 49339
1760005736661 0.00017196896171107025 49349
1760005737020 0.00016982125809564147 49359
1760005737383 0.00016766664225932102 49369
1760005737752 0.00016550563534653863 49379
1760005738130 0.00016333876004755602 49389
1760005738492 0.0001611665404720418 49399
1760005738854 0.0001589895020223033 49409
1760005739218 0.00015680817126620587 49419
1760005739584 0.00015462307580980993 49429
1760005739949 0.0001524347441697569 49439
1760005740315 0.0001502437056454353 49449
1760005740684 0.00014805049019095718 49459
1760005741050 0.00014585562828697634 49469
1760005741416 0.00014365965081237882 49479
1760005741780 0.00014146308891587782 49489
1760005742147 0.00013926647388754266 49499
1760005742516 0.00013707033703029374 49509
1760005742886 0.00013487520953139463 49519
1760005743251 0.0001326816223339719 49529
1760005743616 0.00013049010600859397 49539
1760005743991 0.00012830119062494038 49549
1760005744360 0.00012611540562359165 49559
1760005744728 0.00012393327968797198 49569
1760005745097 0.00012175534061647454 49579
1760005745462 0.00011958211519480118 49589
1760005745834 0.00011741412906854674 49599
1760005746207 0.0001152519066160596 49609
1760005746573 0.00011309597082160818 49619
1760005746940 0.00011094684314888508 49629
1760005747305 0.00010880504341487886 49639
1760005747671 0.00010667108966414397 49649
1760005748049 0.00010454549804349968 49659
1760005748439 0.00010242878267718766 49669
1760005748806 0.00010032145554251909 49679
1760005749154 9.822402634604091e-05 49689
1760005749512 9.613700240025132e-05 49699
1760005749870 9.406088850089428e-05 49709
1760005750226 9.199618680486292e-05 49719
1760005750588 8.994339670874093e-05 49729
1760005750948 8.790301472801205e-05 49739
1760005751311 8.587553437696577e-05 49749
1760005751673 8.386144604932972e-05 49759
1760005752031 8.186123689965608e-05 49769
1760005752384 7.987539072549202e-05 49779
1760005752760 7.79043878503619e-05 49789
1760005753149 7.594870500758944e-05 49799
1760005753506 7.400881522498927e-05 49809
1760005753872 7.20851877104531e-05 49819
1760005754238 7.017828773846172e-05 49829
1760005754603 6.828857653754667e-05 49839
1760005754979 6.64165111787318e-05 49849
1760005755350 6.456254446497966e-05 49859
1760005755716 6.27271248216706e-05 49869
1760005756080 6.091069618814031e-05 49879
1760005756446 5.9113697910303227e-05 49889
1760005756809 5.733656463438566e-05 49899
1760005757174 5.5579726201797004e-05 49909
1760005757540 5.384360754516228e-05 49919
1760005757914 5.2128628585541975e-05 49929
1760005758293 5.043520413086488e-05 49939
1760005758670 4.8763743775596296e-05 49949
1760005759040 4.711465180166859e-05 49959
1760005759406 4.548832708069586e-05 49969
1760005759776 4.388516297749752e-05 49979
1760005760153 4.23055472549536e-05 49989
1760005760532 4.074986198021569e-05 49999
1760005760903 3.921848343229439e-05 50009
1760005761277 3.771178201104785e-05 50019
1760005761645 3.6230122147591755e-05 50029
1760005762012 3.477386221615285e-05 50039
1760005762380 3.3343354447388326e-05 50049
1760005762755 3.193894484318978e-05 50059
1760005763120 3.0560973092995185e-05 50069
1760005763485 2.9209772491626663e-05 50079
1760005763849 2.788566985867548e-05 50089
1760005764210 2.6588985459452834e-05 50099
1760005764572 2.5320032927526616e-05 50109
1760005764948 2.407911918886116e-05 50119
1760005765327 2.2866544387580493e-05 50129
1760005765693 2.1682601813371225e-05 50139
1760005766061 2.0527577830543456e-05 50149
1760005766423 1.940175180876718e-05 50159
1760005766783 1.830539605549972e-05 50169
1760005767158 1.7238775750122143e-05 50179
1760005767528 1.620214887979923e-05 50189
1760005767897 1.5195766177079263e-05 50199
1760005768268 1.4219871059248443e-05 50209
1760005768628 1.3274699569454795e-05 50219
1760005768995 1.2360480319615399e-05 50229
1760005769371 1.1477434435121446e-05 50239
1760005769740 1.0625775501353798e-05 50249
1760005770107 9.805709512022206e-06 50259
1760005770479 9.017434819341168e-06 50269
1760005770860 8.261142086053517e-06 50279
1760005771227 7.537014239314326e-06 50289
1760005771603 6.8452264264456715e-06 50299
1760005771988 6.185945972573029e-06 50309
1760005772369 5.559332340153897e-06 50319
1760005772735 4.965537090407987e-06 50329
1760005773124 4.404703846658534e-06 50339
1760005773496 3.876968259593791e-06 50349
1760005773868 3.382457974456539e-06 50359
1760005774256 2.9212926001701792e-06 50369
1760005774639 2.4935836804085526e-06 50379
1760005775011 2.0994346666163333e-06 50389
1760005775378 1.7389408929870374e-06 50399
1760005775742 1.4121895534040702e-06 50409
1760005776102 1.1192596803509775e-06 50419
1760005776462 8.60222125795442e-07 50429
1760005776830 6.351395440521475e-07 50439
1760005777196 4.440663766283717e-07 50449
1760005777556 2.8704883905599014e-07 50459
1760005777915 1.641249097132167e-07 50469
1760005778266 7.532432063852778e-08 50479
1760005778614 2.0668550339450012e-08 50489
1760005778980 1.7081859731038745e-10 50499
1760005779355 0.0002824730059910429 50509
1760005779740 0.0002824251810352209 50519
1760005780114 0.0002823432079558378 50529
1760005780474 0.00028222710658000764 50539
1760005780847 0.00028207690498957414 50549
1760005781215 0.0002818926395143187 50559
1760005781586 0.00028167435472317286 50569
1760005781951 0.0002814221034134388 50579
1760005782309 0.00028113594659801846 50589
1760005782677 0.00028081595349065656 50599
1760005783054 0.00028046220148919944 50609
1760005783429 0.0002800747761568747 50619
1760005783814 0.0002796537712015955 50629
1760005784218 0.00027919928845329537 50639
1760005784605 0.0002787114378392982 50649
1760005784974 0.0002781903373577294 50659
1760005785358 0.00027763611304897594 50669
1760005785723 0.0002770488989651997 50679
1760005786096 0.00027642883713791455 50689
1760005786476 0.0002757760775436323 50699
1760005786852 0.00027509077806758743 50709
1760005787214 0.0002743731044655488 50719
1760005787581 0.0002736232303237279 50729
1760005787950 0.00027284133701679263 50739
1760005788315 0.00027202761366399797 50749
1760005788677 0.0002711822570834428 50759
1760005789053 0.0002703054717444648 50769
1760005789409 0.0002693974697181849 50779
1760005789774 0.0002684584706262127 50789
1760005790153 0.0002674887015875261 50799
1760005790530 0.0002664883971635369 50809
1760005790893 0.000265457799301357 50819
1760005791250 0.0002643971572752774 50829
1760005791604 0.00026330672762647577 50839
1760005791956 0.00026218677410096554 50849
1760005792338 0.000261037567585803 50859
1760005792704 0.000259859386043567 50869
1760005793069 0.00025865251444512675 50879
1760005793425 0.0002574172447007154 50889
1760005793788 0.00025615387558932436 50899
1760005794157 0.0002548627126864368 50909
1760005794520 0.0002535440682901168 50919
1760005794878 0.00025219826134547307 50929
1760005795233 0.00025082561736751435 50939
1760005795593 0.0002494264683624159 50949
1760005795952 0.0002480011527472162 50959
1760005796326 0.00024655001526796284 50969
1760005796691 0.00024507340691632735 50979
1760005797056 0.00024357168484470998 50989
1760005797420 0.00024204521227985375 50999
1760005797781 0.00024049435843498957 51009
1760005798141 0.00023891949842053331 51019
1760005798504 0.00023732101315335685 51029
1760005798865 0.00023569928926465392 51039
1760005799232 0.00023405471900642464 51049
1760005799583 0.00023238770015659996 51059
1760005799936 0.00023069863592282985 51069
1760005800289 0.0002289879348449579 51079
1760005800646 0.0002272560106962066 51089
1760005801008 0.00022550328238309632 51099
1760005801365 0.00022373017384412326 51109
1760005801714 0.00022193711394721948 51119
1760005802067 0.00022012453638602165 51129
1760005802420 0.00021829287957497167 51139
1760005802775 0.0002164425865432761 51149
1760005803139 0.00021457410482774892 51159
1760005803492 0.0002126878863645645 51169
1760005803844 0.00021078438737994588 51179
1760005804192 0.00020886406827981627 51189
1760005804550 0.00020692739353843833 51199
1760005804907 0.000204974831586071 51209
1760005805263 0.0002030068546956679 51219
1760005805627 0.00020102393886864758 51229
1760005805980 0.00019902656371976096 51239
1760005806337 0.0001970152123610857 51249
1760005806698 0.00019499037128517372 51259
1760005807055 0.00019295253024738198 51269
1760005807415 0.0001909021821474133 51279
1760005807746 0.00018883982291009721 51289
1760005808024 0.00018676595136543896 51299
1760005808263 0.00018468106912796533 51309
1760005808477 0.00018258568047539798 51319
1760005808694 0.00018048029222668155 51329
1760005808916 0.00017836541361939797 51339
1760005809179 0.00017624155618659512 51349
1760005809555 0.00017410923363306055 51359
1760005809927 0.00017196896171107025 51369
1760005810300 0.00016982125809564147 51379
1760005810678 0.00016766664225932102 51389
1760005811061 0.00016550563534653863 51399
1760005811435 0.00016333876004755602 51409
1760005811821 0.0001611665404720418 51419
1760005812193 0.0001589895020223033 51429
1760005812565 0.00015680817126620587 51439
1760005812942 0.00015462307580980993 51449
1760005813318 0.0001524347441697569 51459
1760005813677 0.0001502437056454353 51469
1760005814033 0.00014805049019095718 51479
1760005814384 0.00014585562828697634 51489
1760005814734 0.00014365965081237882 51499
1760005815094 0.00014146308891587782 51509
1760005815446 0.00013926647388754266 51519
1760005815792 0.00013707033703029374 51529
1760005816142 0.00013487520953139463 51539
1760005816495 0.0001326816223339719 51549
1760005816843 0.00013049010600859397 51559
1760005817202 0.00012830119062494038 51569
1760005817556 0.00012611540562359165 51579
1760005817903 0.00012393327968797198 51589
1760005818252 0.00012175534061647454 51599
1760005818597 0.00011958211519480118 51609
1760005818940 0.00011741412906854674 51619
1760005819288 0.0001152519066160596 51629
1760005819637 0.00011309597082160818 51639
1760005819991 0.00011094684314888508 51649
1760005820342 0.00010880504341487886 51659
1760005820697 0.00010667108966414397 51669
1760005821059 0.00010454549804349968 51679
1760005821422 0.00010242878267718766 51689
1760005821787 0.00010032145554251909 51699
1760005822162 9.822402634604091e-05 51709
1760005822527 9.613700240025132e-05 51719
1760005822896 9.406088850089428e-05 51729
1760005823273 9.199618680486292e-05 51739
1760005823641 8.994339670874093e-05 51749
1760005824007 8.790301472801205e-05 51759
1760005824375 8.587553437696577e-05 51769
1760005824748 8.386144604932972e-05 51779
1760005825114 8.186123689965608e-05 51789
1760005825485 7.987539072549202e-05 51799
1760005825859 7.79043878503619e-05 51809
1760005826230 7.594870500758944e-05 51819
1760005826611 7.400881522498927e-05 51829
1760005826980 7.20851877104531e-05 51839
1760005827351 7.017828773846172e-05 51849
1760005827725 6.828857653754667e-05 51859
1760005828107 6.64165111787318e-05 51869
1760005828485 6.456254446497966e-05 51879
1760005828857 6.27271248216706e-05 51889
1760005829231 6.091069618814031e-05 51899
1760005829596 5.9113697910303227e-05 51909
1760005829962 5.733656463438566e-05 51919
1760005830334 5.5579726201797004e-05 51929
1760005830705 5.384360754516228e-05 51939
1760005831071 5.2128628585541975e-05 51949
1760005831447 5.043520413086488e-05 51959
1760005831813 4.8763743775596296e-05 51969
1760005832178 4.711465180166859e-05 51979
1760005832543 4.548832708069586e-05 51989
1760005832934 4.388516297749752e-05 51999
1760005833301 4.23055472549536e-05 52009
1760005833668 4.074986198021569e-05 52019
1760005834040 3.921848343229439e-05 52029
1760005834402 3.771178201104785e-05 52039
1760005834754 3.6230122147591755e-05 52049
1760005835109 3.477386221615285e-05 52059
1760005835458 3.3343354447388326e-05 52069
1760005835818 3.193894484318978e-05 52079
1760005836168 3.0560973092995185e-05 52089
1760005836516 2.9209772491626663e-05 52099
1760005836865 2.788566985867548e-05 52109
1760005837217 2.6588985459452834e-05 52119
1760005837567 2.5320032927526616e-05 52129
1760005837930 2.407911918886116e-05 52139
1760005838283 2.2866544387580493e-05 52149
1760005838634 2.1682601813371225e-05 52159
1760005838986 2.0527577830543456e-05 52169
1760005839335 1.940175180876718e-05 52179
1760005839688 1.830539605549972e-05 52189
1760005840037 1.7238775750122143e-05 52199
1760005840403 1.620214887979923e-05 52209
1760005840753 1.5195766177079263e-05 52219
1760005841105 1.4219871059248443e-05 52229
1760005841457 1.3274699569454795e-05 52239
1760005841825 1.2360480319615399e-05 52249
1760005842196 1.1477434435121446e-05 52259
1760005842566 1.0625775501353798e-05 52269
1760005842933 9.805709512022206e-06 52279
1760005843301 9.017434819341168e-06 52289
1760005843673 8.261142086053517e-06 52299
1760005844047 7.537014239314326e-06 52309
1760005844414 6.8452264264456715e-06 52319
1760005844783 6.185945972573029e-06 52329
1760005845150 5.559332340153897e-06 52339
1760005845516 4.965537090407987e-06 52349
1760005845878 4.404703846658534e-06 52359
1760005846246 3.876968259593791e-06 52369
1760005847118 3.382457974456539e-06 52379
1760005847476 2.9212926001701792e-06 52389
1760005847832 2.4935836804085526e-06 52399
1760005848186 2.0994346666163333e-06 52409
1760005848540 1.7389408929870374e-06 52419
1760005848899 1.4121895534040702e-06 52429
1760005849259 1.1192596803509775e-06 52439
1760005849619 8.60222125795442e-07 52449
1760005849979 6.351395440521475e-07 52459
1760005850338 4.440663766283717e-07 52469
1760005850698 2.8704883905599014e-07 52479
1760005851058 1.641249097132167e-07 52489
1760005851417 7.532432063852778e-08 52499
1760005866451 2.0565207587752763e-08 52509
1760005866806 1.6996450432383554e-10 52519
1760005867163 0.0002810606409610877 52529
1760005867513 0.0002810130551300448 52539
1760005867868 0.0002809314919160586 52549
1760005868226 0.0002808159710471076 52559
1760005868615 0.0002806665204646263 52569
1760005868978 0.00028048317631674706 52579
1760005869347 0.000280265982949557 52589
1760005869730 0.00028001499289637165 52599
1760005870086 0.0002797302668650284 52609
1760005870446 0.0002794118737232033 52619
1760005870805 0.00027905989048175345 52629
1760005871178 0.00027867440227609034 52639
1760005871547 0.00027825550234558753 52649
1760005871916 0.00027780329201102893 52659
1760005872291 0.0002773178806501017 52669
1760005872661 0.0002767993856709408 52679
1760005873033 0.00027624793248373105 52689
1760005873407 0.0002756636544703737 52699
1760005873782 0.000275046692952225 52709
1760005874157 0.00027439719715591416 52719
1760005874533 0.0002737153241772495 52729
1760005874906 0.00027300123894322104 52739
1760005875285 0.00027225511417210927 52749
1760005875656 0.00027147713033170864 52759
1760005876032 0.000270667475595678 52769
1760005876400 0.0002698263457980256 52779
1760005876771 0.0002689539443857425 52789
1760005877141 0.00026805048236959396 52799
1760005877510 0.00026711617827308165 52809
1760005877886 0.00026615125807958847 52819
1760005878256 0.00026515595517771925 52829
1760005878609 0.00026413051030485025 52839
1760005878972 0.000263075171488901 52849
1760005879337 0.0002619901939883434 52859
1760005879693 0.0002608758402304607 52869
1760005880061 0.00025973237974787403 52879
1760005880433 0.00025856008911334915 52889
1760005880804 0.0002573592518729011 52899
1760005881179 0.00025613015847721185 52909
1760005881555 0.00025487310621137777 52919
1760005881928 0.00025358839912300457 52929
1760005882303 0.00025227634794866625 52939
1760005882674 0.0002509372700387457 52949
1760005883044 0.00024957148928067676 52959
1760005883418 0.0002481793360206038 52969
1760005883790 0.00024676114698348015 52979
1760005884163 0.000245317265191623 52989
1760005884542 0.0002438480398817457 52999
1760005884916 0.00024235382642048644 53009
1760005885358 0.00024083498621845447 53019
1760005885818 0.00023929188664281463 53029
1760005886195 0.00023772490092843066 53039
1760005886569 0.00023613440808759007 53049
1760005886946 0.00023452079281833068 53059
1760005887319 0.00023288444541139252 53069
1760005887690 0.00023122576165581697 53079
1760005888060 0.0002295451427432157 53089
1760005888435 0.0002278429951707331 53099
1760005888809 0.00022611973064272557 53109
1760005889185 0.00022437576597118084 53119
1760005889564 0.00022261152297490264 53129
1760005889940 0.0002208274283774834 53139
1760005890312 0.00021902391370409155 53149
1760005890689 0.00021720141517709684 53159
1760005891065 0.00021536037361055972 53169
1760005891439 0.0002135012343036102 53179
1760005891819 0.00021162444693274168 53189
1760005892192 0.00020973046544304615 53199
1760005892567 0.00020781974793841718 53209
1760005892941 0.00020589275657074616 53219
1760005893319 0.00020394995742814066 53229
1760005893695 0.00020199182042218957 53239
1760005894071 0.00020001881917430434 53249
1760005894450 0.00019803143090116218 53259
1760005894827 0.00019603013629928027 53269
1760005895203 0.00019401541942874788 53279
1760005895581 0.00019198776759614508 53289
1760005895960 0.00018994767123667623 53299
1760005896337 0.00018789562379554675 53309
1760005896711 0.00018583212160861178 53319
1760005897085 0.00018375766378232551 53329
1760005897457 0.00018167275207302098 53339
1760005897836 0.00017957789076554817 53349
1760005898214 0.000177473586551301 53359
1760005898592 0.00017536034840566215 53369
1760005898967 0.00017323868746489527 53379
1760005899343 0.0001711091169025149 53389
1760005899735 0.00016897215180516326 53399
1760005900114 0.00016682830904802442 53409
1760005900499 0.00016467810716980593 53419
1760005900870 0.00016252206624731825 53429
1760005901241 0.00016036070776968158 53439
1760005901612 0.0001581945545121918 53449
1760005901990 0.00015602413040987484 53459
1760005902363 0.0001538499604307609 53469
1760005902734 0.0001516725704489081 53479
1760005903108 0.00014949248711720813 53489
1760005903483 0.0001473102377400024 53499
1760005903857 0.00014512635014554147 53509
1760005904230 0.00014294135255831693 53519
1760005904600 0.00014075577347129843 53529
1760005904975 0.00013857014151810496 53539
1760005905347 0.00013638498534514229 53549
1760005905718 0.00013420083348373766 53559
1760005906087 0.00013201821422230203 53569
1760005906460 0.00012983765547855102 53579
1760005906830 0.0001276596846718157 53589
1760005907202 0.0001254848285954737 53599
1760005907570 0.00012331361328953212 53609
1760005907938 0.00012114656391339217 53619
1760005908311 0.00011898420461882718 53629
1760005908681 0.00011682705842320402 53639
1760005909051 0.0001146756470829793 53649
1760005909421 0.00011253049096750014 53659
1760005909791 0.00011039210893314065 53669
1760005910160 0.00010826101819780447 53679
1760005910537 0.00010613773421582326 53689
1760005910907 0.00010402277055328219 53699
1760005911284 0.00010191663876380173 53709
1760005911656 9.98198482648065e-05 53719
1760005912028 9.773290621431071e-05 53729
1760005912399 9.565631738825007e-05 53739
1760005912769 9.35905840583898e-05 53749
1760005913145 9.15362058708386e-05 53759
1760005913517 8.949367972519724e-05 53769
1760005913887 8.7463499654372e-05 53779
1760005914258 8.544615670508095e-05 53789
1760005914629 8.344213881908308e-05 53799
1760005915003 8.14519307151578e-05 53809
1760005915377 7.947601377186457e-05 53819
1760005915749 7.75148659111101e-05 53829
1760005916122 7.55689614825515e-05 53839
1760005916499 7.363877114886433e-05 53849
1760005916873 7.172476177190083e-05 53859
1760005917248 6.982739629976942e-05 53869
1760005917621 6.794713365485894e-05 53879
1760005917992 6.608442862283815e-05 53889
1760005918362 6.423973174265476e-05 53899
1760005918732 6.241348919756226e-05 53909
1760005919102 6.0606142707199616e-05 53919
1760005919479 5.881812942075171e-05 53929
1760005919858 5.704988181121373e-05 53939
1760005920235 5.530182757078802e-05 53949
1760005920607 5.357438950743647e-05 53959
1760005920979 5.186798544261427e-05 53969
1760005921353 5.018302811021056e-05 53979
1760005921733 4.851992505671831e-05 53989
1760005922106 4.687907854266025e-05 53999
1760005922485 4.526088544529239e-05 54009
1760005922859 4.366573716261004e-05 54019
1760005923235 4.2094019518678835e-05 54029
1760005923614 4.054611267031462e-05 54039
1760005923990 3.902239101513292e-05 54049
1760005924371 3.752322310099261e-05 54059
1760005924747 3.604897153685379e-05 54069
1760005925125 3.459999290507209e-05 54079
1760005925504 3.3176637675151386e-05 54089
1760005925884 3.177925011897384e-05 54099
1760005926260 3.040816822753021e-05 54109
1760005926644 2.9063723629168532e-05 54119
1760005927025 2.7746241509382105e-05 54129
1760005927407 2.645604053215557e-05 54139
1760005927787 2.5193432762888985e-05 54149
1760005928160 2.3958723592916857e-05 54159
1760005928531 2.2752211665642592e-05 54169
1760005928902 2.1574188804304368e-05 54179
1760005929275 2.042493994139074e-05 54189
1760005929657 1.9304743049723347e-05 54199
1760005930029 1.8213869075222225e-05 54209
1760005930403 1.7152581871371535e-05 54219
1760005930777 1.6121138135400234e-05 54229
1760005931150 1.5119787346193868e-05 54239
1760005931523 1.4148771703952201e-05 54249
1760005931899 1.3208326071607521e-05 54259
1760005932275 1.2298677918017324e-05 54269
1760005932653 1.142004726294584e-05 54279
1760005933027 1.057264662384703e-05 54289
1760005933400 9.756680964462095e-06 54299
1760005933773 8.972347645244462e-06 54309
1760005934147 8.21983637562325e-06 54319
1760005934531 7.499329168117755e-06 54329
1760005934906 6.811000294313444e-06 54339
1760005935281 6.155016242710164e-06 54349
1760005935667 5.531535678453127e-06 54359
1760005936043 4.940709404955947e-06 54369
1760005936425 4.382680327425243e-06 54379
1760005936802 3.857583418295822e-06 54389
1760005937175 3.365545684584256e-06 54399
1760005937556 2.9066861371693283e-06 54409
1760005937937 2.4811157620065104e-06 54419
1760005938309 2.0889374932832516e-06 54429
1760005938686 1.7302461885221022e-06 54439
1760005939064 1.4051286056370499e-06 54449
1760005939443 1.1136633819492227e-06 54459
1760005939815 8.559210151664648e-07 54469
1760005940184 6.319638463318868e-07 54479
1760005940562 4.418460447452299e-07 54489
1760005940938 2.856135948607102e-07 54499
1760005941315 1.6330428516465065e-07 54509
1760005941694 7.494769903533515e-08 54519
1760005942072 2.0565207587752763e-08 54529
1760005942443 1.6996450432383554e-10 54539
1760005942815 0.0002810606409610877 54549
1760005943185 0.0002810130551300448 54559
1760005943556 0.0002809314919160586 54569
1760005943929 0.0002808159710471076 54579
1760005944302 0.0002806665204646263 54589
1760005944672 0.00028048317631674706 54599
1760005945036 0.000280265982949557 54609
1760005945411 0.00028001499289637165 54619
1760005945765 0.0002797302668650284 54629
1760005946122 0.0002794118737232033 54639
1760005946489 0.00027905989048175345 54649
1760005946855 0.00027867440227609034 54659
1760005947226 0.00027825550234558753 54669
1760005947598 0.00027780329201102893 54679
1760005947966 0.0002773178806501017 54689
1760005948336 0.0002767993856709408 54699
1760005948705 0.00027624793248373105 54709
1760005949075 0.0002756636544703737 54719
1760005949445 0.000275046692952225 54729
1760005949817 0.00027439719715591416 54739
1760005950188 0.0002737153241772495 54749
1760005950559 0.00027300123894322104 54759
1760005950928 0.00027225511417210927 54769
1760005951297 0.00027147713033170864 54779
1760005951666 0.000270667475595678 54789
1760005952033 0.0002698263457980256 54799
1760005952405 0.0002689539443857425 54809
1760005952775 0.00026805048236959396 54819
1760005953143 0.00026711617827308165 54829
1760005953512 0.00026615125807958847 54839
1760005953883 0.00026515595517771925 54849
1760005954252 0.00026413051030485025 54859
1760005954622 0.000263075171488901 54869
1760005954993 0.0002619901939883434 54879
1760005955364 0.0002608758402304607 54889
1760005955733 0.00025973237974787403 54899
1760005956105 0.00025856008911334915 54909
1760005956477 0.0002573592518729011 54919
1760005956849 0.00025613015847721185 54929
1760005957220 0.00025487310621137777 54939
1760005957592 0.00025358839912300457 54949
1760005957965 0.00025227634794866625 54959
1760005958324 0.0002509372700387457 54969
1760005958680 0.00024957148928067676 54979
1760005959038 0.0002481793360206038 54989
1760005959399 0.00024676114698348015 54999
1760005959761 0.000245317265191623 55009
1760005960122 0.0002438480398817457 55019
1760005960490 0.00024235382642048644 55029
1760005960853 0.00024083498621845447 55039
1760005961217 0.00023929188664281463 55049
1760005961584 0.00023772490092843066 55059
1760005961951 0.00023613440808759007 55069
1760005962310 0.00023452079281833068 55079
1760005962670 0.00023288444541139252 55089
1760005963034 0.00023122576165581697 55099
1760005963398 0.0002295451427432157 55109
1760005963765 0.0002278429951707331 55119
1760005964130 0.00022611973064272557 55129
1760005964495 0.00022437576597118084 55139
1760005964855 0.00022261152297490264 55149
1760005965179 0.0002208274283774834 55159
1760005965451 0.00021902391370409155 55169
1760005965680 0.00021720141517709684 55179
1760005965893 0.00021536037361055972 55189
1760005966106 0.0002135012343036102 55199
1760005966401 0.00021162444693274168 55209
1760005966730 0.00020973046544304615 55219
1760005967086 0.00020781974793841718 55229
1760005967458 0.00020589275657074616 55239
1760005967836 0.00020394995742814066 55249
1760005968210 0.00020199182042218957 55259
1760005968570 0.00020001881917430434 55269
1760005968924 0.00019803143090116218 55279
1760005969279 0.00019603013629928027 55289
1760005969632 0.00019401541942874788 55299
1760005969988 0.00019198776759614508 55309
1760005970349 0.00018994767123667623 55319
1760005970704 0.00018789562379554675 55329
1760005971056 0.00018583212160861178 55339
1760005971415 0.00018375766378232551 55349
1760005971773 0.00018167275207302098 55359
1760005972137 0.00017957789076554817 55369
1760005972496 0.000177473586551301 55379
1760005972852 0.00017536034840566215 55389
1760005973208 0.00017323868746489527 55399
1760005973567 0.0001711091169025149 55409
1760005973923 0.00016897215180516326 55419
1760005974282 0.00016682830904802442 55429
1760005974636 0.00016467810716980593 55439
1760005975001 0.00016252206624731825 55449
1760005975370 0.00016036070776968158 55459
1760005975738 0.0001581945545121918 55469
1760005976108 0.00015602413040987484 55479
1760005976475 0.0001538499604307609 55489
1760005976850 0.0001516725704489081 55499
1760005977216 0.00014949248711720813 55509
1760005977590 0.0001473102377400024 55519
1760005977970 0.00014512635014554147 55529
1760005978342 0.00014294135255831693 55539
1760005978711 0.00014075577347129843 55549
1760005979080 0.00013857014151810496 55559
1760005979447 0.00013638498534514229 55569
1760005979820 0.00013420083348373766 55579
1760005980194 0.00013201821422230203 55589
1760005980561 0.00012983765547855102 55599
1760005980942 0.0001276596846718157 55609
1760005981313 0.0001254848285954737 55619
1760005981686 0.00012331361328953212 55629
1760005982055 0.00012114656391339217 55639
1760005982427 0.00011898420461882718 55649
1760005982800 0.00011682705842320402 55659
1760005983177 0.0001146756470829793 55669
1760005983560 0.00011253049096750014 55679
1760005983938 0.00011039210893314065 55689
1760005984310 0.00010826101819780447 55699
1760005984680 0.00010613773421582326 55709
1760005985054 0.00010402277055328219 55719
1760005985434 0.00010191663876380173 55729
1760005985812 9.98198482648065e-05 55739
1760005986190 9.773290621431071e-05 55749
1760005986567 9.565631738825007e-05 55759
1760005986942 9.35905840583898e-05 55769
1760005987318 9.15362058708386e-05 55779
1760005987696 8.949367972519724e-05 55789
1760005988087 8.7463499654372e-05 55799
1760005988470 8.544615670508095e-05 55809
1760005988854 8.344213881908308e-05 55819
1760005989224 8.14519307151578e-05 55829
1760005989591 7.947601377186457e-05 55839
1760005989960 7.75148659111101e-05 55849
1760005990331 7.55689614825515e-05 55859
1760005990706 7.363877114886433e-05 55869
1760005991082 7.172476177190083e-05 55879
1760005991456 6.982739629976942e-05 55889
1760005991826 6.794713365485894e-05 55899
1760005992196 6.608442862283815e-05 55909
1760005992564 6.423973174265476e-05 55919
1760005992936 6.241348919756226e-05 55929
1760005993308 6.0606142707199616e-05 55939
1760005993680 5.881812942075171e-05 55949
1760005994051 5.704988181121373e-05 55959
1760005994424 5.530182757078802e-05 55969
1760005994792 5.357438950743647e-05 55979
1760005995164 5.186798544261427e-05 55989
1760005995538 5.018302811021056e-05 55999
1760005995911 4.851992505671831e-05 56009
1760005996284 4.687907854266025e-05 56019
1760005996657 4.526088544529239e-05 56029
1760005997033 4.366573716261004e-05 56039
1760005997415 4.2094019518678835e-05 56049
1760005997799 4.054611267031462e-05 56059
1760005998181 3.902239101513292e-05 56069
1760005998560 3.752322310099261e-05 56079
1760005998941 3.604897153685379e-05 56089
1760005999324 3.459999290507209e-05 56099
1760005999704 3.3176637675151386e-05 56109
1760006000079 3.177925011897384e-05 56119
1760006000454 3.040816822753021e-05 56129
1760006000828 2.9063723629168532e-05 56139
1760006001205 2.7746241509382105e-05 56149
1760006001581 2.645604053215557e-05 56159
1760006001955 2.5193432762888985e-05 56169
1760006002329 2.3958723592916857e-05 56179
1760006002702 2.2752211665642592e-05 56189
1760006003077 2.1574188804304368e-05 56199
1760006003450 2.042493994139074e-05 56209
1760006003825 1.9304743049723347e-05 56219
1760006004199 1.8213869075222225e-05 56229
1760006004570 1.7152581871371535e-05 56239
1760006004937 1.6121138135400234e-05 56249
1760006005303 1.5119787346193868e-05 56259
1760006005670 1.4148771703952201e-05 56269
1760006006039 1.3208326071607521e-05 56279
1760006006403 1.2298677918017324e-05 56289
1760006006769 1.142004726294584e-05 56299
1760006007137 1.057264662384703e-05 56309
1760006007508 9.756680964462095e-06 56319
1760006007881 8.972347645244462e-06 56329
1760006008242 8.21983637562325e-06 56339
1760006008595 7.499329168117755e-06 56349
1760006008949 6.811000294313444e-06 56359
1760006009314 6.155016242710164e-06 56369
1760006009672 5.531535678453127e-06 56379
1760006010027 4.940709404955947e-06 56389
1760006010384 4.382680327425243e-06 56399
1760006010740 3.857583418295822e-06 56409
1760006011610 3.365545684584256e-06 56419
1760006011959 2.9066861371693283e-06 56429
1760006012307 2.4811157620065104e-06 56439
1760006012655 2.0889374932832516e-06 56449
1760006013002 1.7302461885221022e-06 56459
1760006013351 1.4051286056370499e-06 56469
1760006013700 1.1136633819492227e-06 56479
1760006014053 8.559210151664648e-07 56489
1760006014401 6.319638463318868e-07 56499
1760006014751 4.418460447452299e-07 56509
1760006015099 2.856135948607102e-07 56519
1760006015448 1.6330428516465065e-07 56529
1760006015796 7.494769903533515e-08 56539
1760006029704 2.0462381549814e-08 56549
1760006030085 1.6911468180221633e-10 56559
1760006030473 0.00027965533775628227 56569
1760006030866 0.00027960798985439454 56579
1760006031258 0.0002795268344564783 56589
1760006031626 0.00027941189119187206 56599
1760006032068 0.00027926318786230316 56609
1760006032435 0.0002790807604351633 56619
1760006032793 0.0002788646530348092 56629
1760006033152 0.0002786149179318898 56639
1760006033511 0.0002783316155307033 56649
1760006033872 0.0002780148143545873 56659
1760006034261 0.00027766459102934466 56669
1760006034620 0.0002772810302647099 56679
1760006034992 0.0002768642248338596 56689
1760006035363 0.00027641427555097375 56699
1760006035730 0.00027593129124685116 56709
1760006036110 0.0002754153887425861 56719
1760006036488 0.0002748666928213124 56729
1760006036865 0.0002742853361980218 56739
1760006037241 0.0002736714594874639 56749
1760006037607 0.0002730252111701346 56759
1760006037985 0.00027234674755636325 56769
1760006038356 0.00027163623274850494 56779
1760006038727 0.0002708938386012487 56789
1760006039110 0.00027011974468005013 56799
1760006039493 0.0002693141382176996 56809
1760006039868 0.0002684772140690355 56819
1760006040252 0.00026760917466381377 56829
1760006040616 0.000266710229957746 56839
1760006040990 0.00026578059738171627 56849
1760006041362 0.0002648205017891905 56859
1760006041753 0.00026383017540183065 56869
1760006042128 0.00026280985775332596 56879
1760006042502 0.0002617597956314565 56889
1760006042867 0.0002606802430184017 56899
1760006043226 0.00025957146102930837 56909
1760006043594 0.00025843371784913465 56919
1760006043951 0.0002572672886677824 56929
1760006044322 0.00025607245561353663 56939
1760006044691 0.00025484950768482574 56949
1760006045060 0.00025359874068032085 56959
1760006045430 0.00025232045712738954 56969
1760006045798 0.0002510149662089229 56979
1760006046167 0.000249682583688552 56989
1760006046537 0.0002483236318342734 56999
1760006046905 0.00024693843934050076 57009
1760006047273 0.0002455273412485627 57019
1760006047643 0.00024409067886566488 57029
1760006048017 0.00024262879968233697 57039
1760006048384 0.00024114205728838401 57049
1760006048756 0.0002396308112873622 57059
1760006049126 0.00023809542720960053 57069
1760006049496 0.00023653627642378848 57079
1760006049873 0.0002349537360471521 57089
1760006050235 0.00023334818885423903 57099
1760006050594 0.00023172002318433554 57109
1760006050949 0.0002300696328475379 57119
1760006051302 0.0002283974170294996 57129
1760006051661 0.00022670378019487943 57139
1760006052013 0.00022498913198951194 57149
1760006052373 0.00022325388714132495 57159
1760006052724 0.00022149846536002814 57169
1760006053077 0.00021972329123559598 57179
1760006053427 0.00021792879413557107 57189
1760006053781 0.00021611540810121134 57199
1760006054138 0.00021428357174250692 57209
1760006054490 0.00021243372813209215 57219
1760006054843 0.00021056632469807794 57229
1760006055206 0.0002086818131158309 57239
1760006055561 0.0002067806491987251 57249
1760006055920 0.00020486329278789243 57259
1760006056277 0.00020293020764099994 57269
1760006056633 0.0002009818613200786 57279
1760006056998 0.0001990187250784328 57289
1760006057356 0.00019704127374665635 57299
1760006057716 0.00019504998561778388 57309
1760006058072 0.00019304534233160412 57319
1760006058445 0.00019102782875816436 57329
1760006058809 0.00018899793288049285 57339
1760006059177 0.000186956145676569 57349
1760006059541 0.00018490296100056873 57359
1760006059899 0.00018283887546341387 57369
1760006060252 0.00018076438831265588 57379
1760006060608 0.00017868000131172042 57389
1760006060962 0.0001765862186185445 57399
1760006061316 0.00017448354666363384 57409
1760006061668 0.0001723724940275708 57419
1760006062036 0.00017025357131800233 57429
1760006062389 0.00016812729104613745 57439
1760006062746 0.00016599416750278428 57449
1760006063102 0.0001638547166339569 57459
1760006063459 0.00016170945591608164 57469
1760006063815 0.0001595589042308332 57479
1760006064171 0.0001574035817396308 57489
1760006064528 0.00015524400975782548 57499
1760006064882 0.00015308071062860708 57509
1760006065237 0.00015091420759666356 57519
1760006065592 0.00014874502468162208 57529
1760006065954 0.0001465736865513024 57539
1760006066315 0.00014440071839481376 57549
1760006066678 0.00014222664579552534 57559
1760006067035 0.00014005199460394194 57569
1760006067402 0.00013787729081051443 57579
1760006067759 0.00013570306041841657 57589
1760006068125 0.00013352982931631897 57599
1760006068486 0.0001313581231511905 57609
1760006068847 0.00012918846720115826 57619
1760006069212 0.00012702138624845662 57629
1760006069579 0.00012485740445249632 57639
1760006069945 0.00012269704522308445 57649
1760006070302 0.00012054083109382521 57659
1760006070673 0.00011838928359573305 57669
1760006071034 0.000116242923131088 57679
1760006071396 0.00011410226884756441 57689
1760006071753 0.00011196783851266265 57699
1760006072119 0.00010984014838847495 57709
1760006072475 0.00010771971310681544 57719
1760006072844 0.00010560704554474413 57729
1760006073209 0.00010350265670051577 57739
1760006073582 0.00010140705556998272 57749
1760006073946 9.932074902348246e-05 57759
1760006074316 9.724424168323916e-05 57769
1760006074679 9.517803580130882e-05 57779
1760006075043 9.312263113809786e-05 57789
1760006075405 9.107852484148441e-05 57799
1760006075770 8.904621132657125e-05 57809
1760006076141 8.702618215610013e-05 57819
1760006076511 8.501892592155555e-05 57829
1760006076878 8.302492812498766e-05 57839
1760006077242 8.104467106158201e-05 57849
1760006077604 7.907863370300524e-05 57859
1760006077976 7.712729158155455e-05 57869
1760006078344 7.519111667513874e-05 57879
1760006078715 7.327057729312e-05 57889
1760006079083 7.136613796304132e-05 57899
1760006079452 6.947825931827058e-05 57909
1760006079819 6.760739798658465e-05 57919
1760006080187 6.575400647972395e-05 57929
1760006080559 6.391853308394149e-05 57939
1760006080927 6.210142175157444e-05 57949
1760006081295 6.030311199366361e-05 57959
1760006081670 5.852403877364795e-05 57969
1760006082038 5.6764632402157667e-05 57979
1760006082407 5.502531843293408e-05 57989
1760006082780 5.330651755989928e-05 57999
1760006083150 5.1608645515401194e-05 58009
1760006083517 4.993211296965951e-05 58019
1760006083872 4.827732543143472e-05 58029
1760006084231 4.6644683149946954e-05 58039
1760006084586 4.5034581018065924e-05 58049
1760006084945 4.344740847679699e-05 58059
1760006085323 4.1883549421085435e-05 58069
1760006085680 4.0343382106963044e-05 58079
1760006086052 3.8827279060057254e-05 58089
1760006086426 3.733560698548765e-05 58099
1760006086803 3.5868726679169525e-05 58109
1760006087176 3.442699294054673e-05 58119
1760006087552 3.301075448677563e-05 58129
1760006087931 3.162035386837897e-05 58139
1760006088314 3.025612738639256e-05 58149
1760006088695 2.8918405011022688e-05 58159
1760006089087 2.7607510301835193e-05 58169
1760006089463 2.632376032949479e-05 58179
1760006089846 2.506746559907454e-05 58189
1760006090224 2.3838929974952272e-05 58199
1760006090598 2.263845060731438e-05 58209
1760006090958 2.1466317860282848e-05 58219
1760006091317 2.0322815241683784e-05 58229
1760006091673 1.920821933447473e-05 58239
1760006092035 1.812279972984611e-05 58249
1760006092414 1.7066818962014675e-05 58259
1760006092793 1.6040532444723235e-05 58269
1760006093158 1.5044188409462897e-05 58279
1760006093523 1.407802784543244e-05 58289
1760006093885 1.3142284441249484e-05 58299
1760006094247 1.2237184528427237e-05 58309
1760006094605 1.136294702663111e-05 58319
1760006094973 1.0519783390727793e-05 58329
1760006095329 9.707897559639785e-06 58339
1760006095686 8.92748590701824e-06 58349
1760006096058 8.178737193745134e-06 58359
1760006096415 7.4618325222771664e-06 58369
1760006096776 6.776945292841876e-06 58379
1760006097134 6.124241161496613e-06 58389
1760006097494 5.503878000060862e-06 58399
1760006097856 4.9160058579311675e-06 58409
1760006098213 4.360766925788116e-06 58419
1760006098577 3.838295501204343e-06 58429
1760006098940 3.348717956161335e-06 58439
1760006099300 2.8921527064834815e-06 58449
1760006099661 2.4687101831964777e-06 58459
1760006100013 2.0784928058168355e-06 58469
1760006100369 1.7215949575794919e-06 58479
1760006100725 1.3981029626088646e-06 58489
1760006101086 1.1080950650394766e-06 58499
1760006101439 8.516414100906324e-07 58509
1760006101807 6.288040271002273e-07 58519
1760006102160 4.3963681452150375e-07 58529
1760006102515 2.8418552688640667e-07 58539
1760006102885 1.6248776373882738e-07 58549
1760006103263 7.457296054015847e-08 58559
1760006103630 2.0462381549814e-08 58569
1760006103962 1.6911468180221633e-10 58579
1760006104235 0.00027965533775628227 58589
1760006104469 0.00027960798985439454 58599
1760006104682 0.0002795268344564783 58609
1760006105000 0.00027941189119187206 58619
1760006105330 0.00027926318786230316 58629
1760006105691 0.0002790807604351633 58639
1760006106081 0.0002788646530348092 58649
1760006106440 0.0002786149179318898 58659
1760006106804 0.0002783316155307033 58669
1760006107163 0.0002780148143545873 58679
1760006107523 0.00027766459102934466 58689
1760006107891 0.0002772810302647099 58699
1760006108249 0.0002768642248338596 58709
1760006108624 0.00027641427555097375 58719
1760006108984 0.00027593129124685116 58729
1760006109363 0.0002754153887425861 58739
1760006109725 0.0002748666928213124 58749
1760006110112 0.0002742853361980218 58759
1760006110503 0.0002736714594874639 58769
1760006110867 0.0002730252111701346 58779
1760006111252 0.00027234674755636325 58789
1760006111637 0.00027163623274850494 58799
1760006112001 0.0002708938386012487 58809
1760006112388 0.00027011974468005013 58819
1760006112772 0.0002693141382176996 58829
1760006113139 0.0002684772140690355 58839
1760006113514 0.00026760917466381377 58849
1760006113896 0.000266710229957746 58859
1760006114254 0.00026578059738171627 58869
1760006114636 0.0002648205017891905 58879
1760006115010 0.00026383017540183065 58889
1760006115374 0.00026280985775332596 58899
1760006115761 0.0002617597956314565 58909
1760006116114 0.0002606802430184017 58919
1760006116474 0.00025957146102930837 58929
1760006116822 0.00025843371784913465 58939
1760006117169 0.0002572672886677824 58949
1760006117517 0.00025607245561353663 58959
1760006117874 0.00025484950768482574 58969
1760006118218 0.00025359874068032085 58979
1760006118571 0.00025232045712738954 58989
1760006118929 0.0002510149662089229 58999
1760006119292 0.000249682583688552 59009
1760006119646 0.0002483236318342734 59019
1760006120001 0.00024693843934050076 59029
1760006120355 0.0002455273412485627 59039
1760006120708 0.00024409067886566488 59049
1760006121060 0.00024262879968233697 59059
1760006121414 0.00024114205728838401 59069
1760006121765 0.0002396308112873622 59079
1760006122117 0.00023809542720960053 59089
1760006122472 0.00023653627642378848 59099
1760006122823 0.0002349537360471521 59109
1760006123176 0.00023334818885423903 59119
1760006123528 0.00023172002318433554 59129
1760006123880 0.0002300696328475379 59139
1760006124232 0.0002283974170294996 59149
1760006124590 0.00022670378019487943 59159
1760006124943 0.00022498913198951194 59169
1760006125295 0.00022325388714132495 59179
1760006125651 0.00022149846536002814 59189
1760006126004 0.00021972329123559598 59199
1760006126357 0.00021792879413557107 59209
1760006126709 0.00021611540810121134 59219
1760006127071 0.00021428357174250692 59229
1760006127436 0.00021243372813209215 59239
1760006127791 0.00021056632469807794 59249
1760006128150 0.0002086818131158309 59259
1760006128513 0.0002067806491987251 59269
1760006128865 0.00020486329278789243 59279
1760006129218 0.00020293020764099994 59289
1760006129569 0.0002009818613200786 59299
1760006129928 0.0001990187250784328 59309
1760006130281 0.00019704127374665635 59319
1760006130632 0.00019504998561778388 59329
1760006130985 0.00019304534233160412 59339
1760006131338 0.00019102782875816436 59349
1760006131688 0.00018899793288049285 59359
1760006132041 0.000186956145676569 59369
1760006132402 0.00018490296100056873 59379
1760006132754 0.00018283887546341387 59389
1760006133114 0.00018076438831265588 59399
1760006133467 0.00017868000131172042 59409
1760006133822 0.0001765862186185445 59419
1760006134171 0.00017448354666363384 59429
1760006134527 0.0001723724940275708 59439
1760006134885 0.00017025357131800233 59449
1760006135244 0.00016812729104613745 59459
1760006135569 0.00016599416750278428 59469
1760006135872 0.0001638547166339569 59479
1760006136117 0.00016170945591608164 59489
1760006136340 0.0001595589042308332 59499
1760006136558 0.0001574035817396308 59509
1760006136780 0.00015524400975782548 59519
1760006136990 0.00015308071062860708 59529
1760006137318 0.00015091420759666356 59539
1760006137642 0.00014874502468162208 59549
1760006137996 0.0001465736865513024 59559
1760006138354 0.00014440071839481376 59569
1760006138708 0.00014222664579552534 59579
1760006139061 0.00014005199460394194 59589
1760006139414 0.00013787729081051443 59599
1760006139768 0.00013570306041841657 59609
1760006140122 0.00013352982931631897 59619
1760006140476 0.0001313581231511905 59629
1760006140830 0.00012918846720115826 59639
1760006141184 0.00012702138624845662 59649
1760006141537 0.00012485740445249632 59659
1760006141891 0.00012269704522308445 59669
1760006142244 0.00012054083109382521 59679
1760006142604 0.00011838928359573305 59689
1760006142958 0.000116242923131088 59699
1760006143313 0.00011410226884756441 59709
1760006143666 0.00011196783851266265 59719
1760006144021 0.00010984014838847495 59729
1760006144375 0.00010771971310681544 59739
1760006144725 0.00010560704554474413 59749
1760006145084 0.00010350265670051577 59759
1760006145444 0.00010140705556998272 59769
1760006145803 9.932074902348246e-05 59779
1760006146160 9.724424168323916e-05 59789
1760006146514 9.517803580130882e-05 59799
1760006146865 9.312263113809786e-05 59809
1760006147219 9.107852484148441e-05 59819
1760006147572 8.904621132657125e-05 59829
1760006147926 8.702618215610013e-05 59839
1760006148279 8.501892592155555e-05 59849
1760006148639 8.302492812498766e-05 59859
1760006148993 8.104467106158201e-05 59869
1760006149373 7.907863370300524e-05 59879
1760006149785 7.712729158155455e-05 59889
1760006150181 7.519111667513874e-05 59899
1760006150565 7.327057729312e-05 59909
1760006150939 7.136613796304132e-05 59919
1760006151324 6.947825931827058e-05 59929
1760006151685 6.760739798658465e-05 59939
1760006152038 6.575400647972395e-05 59949
1760006152391 6.391853308394149e-05 59959
1760006152744 6.210142175157444e-05 59969
1760006153097 6.030311199366361e-05 59979
1760006153450 5.852403877364795e-05 59989
1760006153802 5.6764632402157667e-05 59999
1760006154157 5.502531843293408e-05 60009
1760006154509 5.330651755989928e-05 60019
1760006154860 5.1608645515401194e-05 60029
1760006155206 4.993211296965951e-05 60039
1760006155552 4.827732543143472e-05 60049
1760006155897 4.6644683149946954e-05 60059
1760006156225 4.5034581018065924e-05 60069
1760006156508 4.344740847679699e-05 60079
1760006156748 4.1883549421085435e-05 60089
1760006156957 4.0343382106963044e-05 60099
1760006157155 3.8827279060057254e-05 60109
1760006157354 3.733560698548765e-05 60119
1760006157549 3.5868726679169525e-05 60129
1760006157745 3.442699294054673e-05 60139
1760006157943 3.301075448677563e-05 60149
1760006158140 3.162035386837897e-05 60159
1760006158356 3.025612738639256e-05 60169
1760006158614 2.8918405011022688e-05 60179
1760006158875 2.7607510301835193e-05 60189
1760006159189 2.632376032949479e-05 60199
1760006159535 2.506746559907454e-05 60209
1760006159881 2.3838929974952272e-05 60219
1760006160228 2.263845060731438e-05 60229
1760006160574 2.1466317860282848e-05 60239
1760006160921 2.0322815241683784e-05 60249
1760006161268 1.920821933447473e-05 60259
1760006161615 1.812279972984611e-05 60269
1760006161960 1.7066818962014675e-05 60279
1760006162310 1.6040532444723235e-05 60289
1760006162657 1.5044188409462897e-05 60299
1760006163012 1.407802784543244e-05 60309
1760006163364 1.3142284441249484e-05 60319
1760006163714 1.2237184528427237e-05 60329
1760006164066 1.136294702663111e-05 60339
1760006164439 1.0519783390727793e-05 60349
1760006164791 9.707897559639785e-06 60359
1760006165129 8.92748590701824e-06 60369
1760006165402 8.178737193745134e-06 60379
1760006165650 7.4618325222771664e-06 60389
1760006165855 6.776945292841876e-06 60399
1760006166059 6.124241161496613e-06 60409
1760006166276 5.503878000060862e-06 60419
1760006166479 4.9160058579311675e-06 60429
1760006166775 4.360766925788116e-06 60439
1760006167122 3.838295501204343e-06 60449
1760006168007 3.348717956161335e-06 60459
1760006168355 2.8921527064834815e-06 60469
1760006168699 2.4687101831964777e-06 60479
1760006169044 2.0784928058168355e-06 60489
1760006169389 1.7215949575794919e-06 60499
1760006169734 1.3981029626088646e-06 60509
1760006170081 1.1080950650394766e-06 60519
1760006170426 8.516414100906324e-07 60529
1760006170770 6.288040271002273e-07 60539
1760006171114 4.3963681452150375e-07 60549
1760006171462 2.8418552688640667e-07 60559
1760006171804 1.6248776373882738e-07 60569
1760006172147 7.457296054015847e-08 60579
1760006185704 2.0360069642064927e-08 60589
1760006186114 1.6826910839320525e-10 60599
1760006186538 0.0002782570610675008 60609
1760006186897 0.00027820994990512257 60619
1760006187293 0.0002781292002841959 60629
1760006187627 0.00027801483173591266 60639
1760006188008 0.0002778668719229916 60649
1760006188340 0.0002776853566329875 60659
1760006188675 0.00027747032976963514 60669
1760006189009 0.00027722184334223027 60679
1760006189347 0.0002769399574530497 60689
1760006189688 0.0002766247402828143 60699
1760006190028 0.0002762762680741979 60709
1760006190387 0.0002758946251133863 60719
1760006190741 0.0002754799037096903 60729
1760006191096 0.0002750322041732189 60739
1760006191454 0.0002745516347906169 60749
1760006191814 0.0002740383117988731 60759
1760006192174 0.0002734923593572058 60769
1760006192529 0.0002729139095170317 60779
1760006192882 0.0002723031021900265 60789
1760006193246 0.0002716600851142839 60799
1760006193606 0.00027098501381858143 60809
1760006193981 0.0002702780515847624 60819
1760006194334 0.00026953936940824245 60829
1760006194677 0.00026876914595664984 60839
1760006195044 0.0002679675675266111 60849
1760006195402 0.00026713482799869026 60859
1760006195766 0.0002662711287904947 60869
1760006196133 0.0002653766788079573 60879
1760006196490 0.0002644516943948076 60889
1760006196848 0.00026349639928024455 60899
1760006197205 0.00026251102452482146 60909
1760006197594 0.00026149580846455934 60919
1760006197949 0.00026045099665329924 60929
1760006198307 0.00025937684180330964 60939
1760006198668 0.0002582736037241618 60949
1760006199034 0.00025714154925988894 60959
1760006199425 0.00025598095222444345 60969
1760006199800 0.0002547920933354689 60979
1760006200190 0.0002535752601464016 60989
1760006200600 0.0002523307469769192 60999
1760006200981 0.0002510588548417526 61009
1760006201383 0.00024975989137787825 61019
1760006201751 0.0002484341707701092 61029
1760006202141 0.000247082013675102 61039
1760006202501 0.0002457037471437982 61049
1760006202860 0.0002442997045423199 61059
1760006203216 0.00024287022547133654 61069
1760006203601 0.00024141565568392526 61079
1760006203958 0.00023993634700194207 61089
1760006204315 0.00023843265723092537 61099
1760006204671 0.0002369049500735525 61109
1760006205024 0.00023535359504166952 61119
1760006205382 0.00023377896736691633 61129
1760006205735 0.0002321814479099678 61139
1760006206076 0.00023056142306841386 61149
1760006206430 0.00022891928468330016 61159
1760006206772 0.00022725542994435208 61169
1760006207129 0.00022557026129390502 61179
1760006207471 0.00022386418632956438 61189
1760006207783 0.00022213761770561828 61199
1760006208100 0.00022039097303322796 61209
1760006208412 0.00021862467477941797 61219
1760006208719 0.00021683915016489322 61229
1760006209025 0.00021503483106070527 61239
1760006209332 0.00021321215388379438 61249
1760006209639 0.00021137155949143167 61259
1760006209954 0.00020951349307458755 61269
1760006210265 0.00020763840405025173 61279
1760006210572 0.00020574674595273145 61289
1760006210880 0.00020383897632395294 61299
1760006211186 0.0002019155566027949 61309
1760006211493 0.0001999769520134782 61319
1760006211803 0.00019802363145304065 61329
1760006212114 0.00019605606737792307 61339
1760006212424 0.00019407473568969493 61349
1760006212731 0.0001920801156199461 61359
1760006213039 0.0001900726896143735 61369
1760006213345 0.00018805294321609035 61379
1760006213680 0.00018602136494818615 61389
1760006214032 0.00018397844619556585 61399
1760006214384 0.00018192468108609678 61409
1760006214749 0.00017986056637109258 61419
1760006215117 0.0001777866013051618 61429
1760006215505 0.00017570328752545175 61439
1760006215870 0.00017361112893031564 61449
1760006216238 0.0001715106315574329 61459
1760006216601 0.0001694023034614123 61469
1760006216990 0.00016728665459090673 61479
1760006217359 0.00016516419666527034 61489
1760006217685 0.0001630354430507871 61499
1760006218038 0.00016090090863650123 61509
1760006218360 0.000158761109709679 61519
1760006218703 0.00015661656383093265 61529
1760006219028 0.00015446778970903632 61539
1760006219341 0.00015231530707546402 61549
1760006219651 0.00015015963655868022 61559
1760006219979 0.00014800129955821396 61569
1760006220283 0.00014584081811854586 61579
1760006220643 0.00014367871480283967 61589
1760006220995 0.00014151551256654768 61599
1760006221349 0.00013935173463092222 61609
1760006221702 0.00013718790435646185 61619
1760006222068 0.00013502454511632448 61629
1760006222421 0.00013286218016973737 61639
1760006222775 0.00013070133253543457 61649
1760006223128 0.00012854252486515244 61659
1760006223482 0.00012638627931721433 61669
1760006223837 0.00012423311743023385 61679
1760006224191 0.00012208355999696903 61689
1760006224547 0.00011993812693835607 61699
1760006224902 0.00011779733717775437 61709
1760006225256 0.00011566170851543254 61719
1760006225609 0.00011353175750332657 61729
1760006225962 0.00011140799932009931 61739
1760006226321 0.00010929094764653257 61749
1760006226695 0.00010718111454128136 61759
1760006227055 0.0001050790103170204 61769
1760006227415 0.00010298514341701319 61779
1760006227767 0.0001009000202921328 61789
1760006228123 9.882414527836504e-05 61799
1760006228474 9.675802047482295e-05 61809
1760006228827 9.470214562230226e-05 61819
1760006229181 9.265701798240736e-05 61829
1760006229535 9.062313221727698e-05 61839
1760006229888 8.860098026993838e-05 61849
1760006230240 8.659105124531962e-05 61859
1760006230594 8.459383129194776e-05 61869
1760006230946 8.260980348436271e-05 61879
1760006231300 8.06394477062741e-05 61889
1760006231652 7.868324053449021e-05 61899
1760006232003 7.674165512364677e-05 61909
1760006232366 7.481516109176304e-05 61919
1760006232772 7.29042244066544e-05 61929
1760006233150 7.100930727322611e-05 61939
1760006233504 6.913086802167922e-05 61949
1760006233833 6.726936099665172e-05 61959
1760006234178 6.542523644732533e-05 61969
1760006234503 6.359894041852178e-05 61979
1760006234855 6.179091464281657e-05 61989
1760006235186 6.000159643369529e-05 61999
1760006235526 5.823141857977971e-05 62009
1760006235851 5.648080924014687e-05 62019
1760006236177 5.475019184076941e-05 62029
1760006236519 5.3039984972099784e-05 62039
1760006236904 5.135060228782419e-05 62049
1760006237274 4.96824524048112e-05 62059
1760006237632 4.8035938804277546e-05 62069
1760006237991 4.641145973419721e-05 62079
1760006238344 4.480940811297559e-05 62089
1760006238697 4.3230171434412996e-05 62099
1760006239056 4.167413167398001e-05 62109
1760006239420 4.014166519642823e-05 62119
1760006239778 3.863314266475696e-05 62129
1760006240131 3.7148928950560203e-05 62139
1760006240492 3.568938304577367e-05 62149
1760006240844 3.4254857975844e-05 62159
1760006241207 3.284570071434175e-05 62169
1760006241565 3.146225209903707e-05 62179
1760006241918 3.0104846749460596e-05 62189
1760006242273 2.8773812985967572e-05 62199
1760006242625 2.7469472750326015e-05 62209
1760006242980 2.6192141527847316e-05 62219
1760006243333 2.4942128271079162e-05 62229
1760006243701 2.3719735325077508e-05 62239
1760006244054 2.2525258354277806e-05 62249
1760006244408 2.135898627098143e-05 62259
1760006244760 2.0221201165475365e-05 62269
1760006245112 1.9112178237802355e-05 62279
1760006245466 1.803218573119688e-05 62289
1760006245832 1.69814848672046e-05 62299
1760006246187 1.5960329782499617e-05 62309
1760006246538 1.4968967467415582e-05 62319
1760006246883 1.4007637706205276e-05 62329
1760006247229 1.3076573019043236e-05 62339
1760006247573 1.2175998605785099e-05 62349
1760006247925 1.1306132291497953e-05 62359
1760006248280 1.0467184473774154e-05 62369
1760006248624 9.659358071841585e-06 62379
1760006248970 8.882848477483147e-06 62389
1760006249314 8.137843507776407e-06 62399
1760006249659 7.424523359665779e-06 62409
1760006250005 6.743060566377666e-06 62419
1760006250356 6.093619955689129e-06 62429
1760006250732 5.476358610060557e-06 62439
1760006251085 4.891425828641511e-06 62449
1760006251446 4.338963091159175e-06 62459
1760006251804 3.8191040236983205e-06 62469
1760006252136 3.331974366380528e-06 62479
1760006252464 2.877691942951064e-06 62489
1760006252861 2.456366632280495e-06 62499
1760006253234 2.068100341787751e-06 62509
1760006253628 1.7129869827915942e-06 62519
1760006254012 1.3911124477958201e-06 62529
1760006254392 1.1025545897142791e-06 62539
1760006254797 8.473832030401792e-07 62549
1760006255153 6.256600069647261e-07 62559
1760006255509 4.374386304488962e-07 62569
1760006255863 2.827645992519746e-07 62579
1760006256215 1.6167532492013322e-07 62589
1760006256571 7.420009573745767e-08 62599
1760006256922 2.0360069642064927e-08 62609
1760006257275 1.6826910839320525e-10 62619
1760006257627 0.0002782570610675008 62629
1760006257982 0.00027820994990512257 62639
1760006258336 0.0002781292002841959 62649
1760006258689 0.00027801483173591266 62659
1760006259041 0.0002778668719229916 62669
1760006259393 0.0002776853566329875 62679
1760006259748 0.00027747032976963514 62689
1760006260100 0.00027722184334223027 62699
1760006260455 0.0002769399574530497 62709
1760006260809 0.0002766247402828143 62719
1760006261162 0.0002762762680741979 62729
1760006261513 0.0002758946251133863 62739
1760006261864 0.0002754799037096903 62749
1760006262215 0.0002750322041732189 62759
1760006262570 0.0002745516347906169 62769
1760006262932 0.0002740383117988731 62779
1760006263292 0.0002734923593572058 62789
1760006263642 0.0002729139095170317 62799
1760006263995 0.0002723031021900265 62809
1760006264345 0.0002716600851142839 62819
1760006264697 0.00027098501381858143 62829
1760006265049 0.0002702780515847624 62839
1760006265413 0.00026953936940824245 62849
1760006265765 0.00026876914595664984 62859
1760006266115 0.0002679675675266111 62869
1760006266465 0.00026713482799869026 62879
1760006266814 0.0002662711287904947 62889
1760006267167 0.0002653766788079573 62899
1760006267533 0.0002644516943948076 62909
1760006267914 0.00026349639928024455 62919
1760006268282 0.00026251102452482146 62929
1760006268648 0.00026149580846455934 62939
1760006269001 0.00026045099665329924 62949
1760006269353 0.00025937684180330964 62959
1760006269646 0.0002582736037241618 62969
1760006269937 0.00025714154925988894 62979
1760006270214 0.00025598095222444345 62989
1760006270499 0.0002547920933354689 62999
1760006270786 0.0002535752601464016 63009
1760006271067 0.0002523307469769192 63019
1760006271355 0.0002510588548417526 63029
1760006271632 0.00024975989137787825 63039
1760006271920 0.0002484341707701092 63049
1760006272190 0.000247082013675102 63059
1760006272456 0.0002457037471437982 63069
1760006272723 0.0002442997045423199 63079
1760006272993 0.00024287022547133654 63089
1760006273321 0.00024141565568392526 63099
1760006273651 0.00023993634700194207 63109
1760006273975 0.00023843265723092537 63119
1760006274313 0.0002369049500735525 63129
1760006274642 0.00023535359504166952 63139
1760006274969 0.00023377896736691633 63149
1760006275291 0.0002321814479099678 63159
1760006275611 0.00023056142306841386 63169
1760006275933 0.00022891928468330016 63179
1760006276256 0.00022725542994435208 63189
1760006276592 0.00022557026129390502 63199
1760006276919 0.00022386418632956438 63209
1760006277248 0.00022213761770561828 63219
1760006277569 0.00022039097303322796 63229
1760006277891 0.00021862467477941797 63239
1760006278215 0.00021683915016489322 63249
1760006278541 0.00021503483106070527 63259
1760006278871 0.00021321215388379438 63269
1760006279193 0.00021137155949143167 63279
1760006279514 0.00020951349307458755 63289
1760006279835 0.00020763840405025173 63299
1760006280156 0.00020574674595273145 63309
1760006280478 0.00020383897632395294 63319
1760006280798 0.0002019155566027949 63329
1760006281119 0.0001999769520134782 63339
1760006281441 0.00019802363145304065 63349
1760006281763 0.00019605606737792307 63359
1760006282085 0.00019407473568969493 63369
1760006282413 0.0001920801156199461 63379
1760006282733 0.0001900726896143735 63389
1760006283056 0.00018805294321609035 63399
1760006283376 0.00018602136494818615 63409
1760006283699 0.00018397844619556585 63419
1760006284021 0.00018192468108609678 63429
1760006284345 0.00017986056637109258 63439
1760006284667 0.0001777866013051618 63449
1760006285006 0.00017570328752545175 63459
1760006285352 0.00017361112893031564 63469
1760006285706 0.0001715106315574329 63479
1760006286057 0.0001694023034614123 63489
1760006286418 0.00016728665459090673 63499
1760006286755 0.00016516419666527034 63509
1760006287100 0.0001630354430507871 63519
1760006287387 0.00016090090863650123 63529
1760006287697 0.000158761109709679 63539
1760006287984 0.00015661656383093265 63549
1760006288295 0.00015446778970903632 63559
1760006288610 0.00015231530707546402 63569
1760006288956 0.00015015963655868022 63579
1760006289281 0.00014800129955821396 63589
1760006289637 0.00014584081811854586 63599
1760006289994 0.00014367871480283967 63609
1760006290348 0.00014151551256654768 63619
1760006290704 0.00013935173463092222 63629
1760006291060 0.00013718790435646185 63639
1760006291415 0.00013502454511632448 63649
1760006291769 0.00013286218016973737 63659
1760006292121 0.00013070133253543457 63669
1760006292472 0.00012854252486515244 63679
1760006292823 0.00012638627931721433 63689
1760006293186 0.00012423311743023385 63699
1760006293553 0.00012208355999696903 63709
1760006293893 0.00011993812693835607 63719
1760006294246 0.00011779733717775437 63729
1760006294598 0.00011566170851543254 63739
1760006294952 0.00011353175750332657 63749
1760006295308 0.00011140799932009931 63759
1760006295699 0.00010929094764653257 63769
1760006296061 0.00010718111454128136 63779
1760006296414 0.0001050790103170204 63789
1760006296767 0.00010298514341701319 63799
1760006297119 0.0001009000202921328 63809
1760006297481 9.882414527836504e-05 63819
1760006297841 9.675802047482295e-05 63829
1760006298195 9.470214562230226e-05 63839
1760006298553 9.265701798240736e-05 63849
1760006298915 9.062313221727698e-05 63859
1760006299273 8.860098026993838e-05 63869
1760006299630 8.659105124531962e-05 63879
1760006299987 8.459383129194776e-05 63889
1760006300363 8.260980348436271e-05 63899
1760006300715 8.06394477062741e-05 63909
1760006301072 7.868324053449021e-05 63919
1760006301428 7.674165512364677e-05 63929
1760006301787 7.481516109176304e-05 63939
1760006302167 7.29042244066544e-05 63949
1760006302558 7.100930727322611e-05 63959
1760006302951 6.913086802167922e-05 63969
1760006303344 6.726936099665172e-05 63979
1760006303744 6.542523644732533e-05 63989
1760006304136 6.359894041852178e-05 63999
1760006304524 6.179091464281657e-05 64009
1760006304878 6.000159643369529e-05 64019
1760006305233 5.823141857977971e-05 64029
1760006305581 5.648080924014687e-05 64039
1760006305935 5.475019184076941e-05 64049
1760006306298 5.3039984972099784e-05 64059
1760006306667 5.135060228782419e-05 64069
1760006307024 4.96824524048112e-05 64079
1760006307382 4.8035938804277546e-05 64089
1760006307750 4.641145973419721e-05 64099
1760006308094 4.480940811297559e-05 64109
1760006308479 4.3230171434412996e-05 64119
1760006308871 4.167413167398001e-05 64129
1760006309257 4.014166519642823e-05 64139
1760006309647 3.863314266475696e-05 64149
1760006310017 3.7148928950560203e-05 64159
1760006310397 3.568938304577367e-05 64169
1760006310744 3.4254857975844e-05 64179
1760006311093 3.284570071434175e-05 64189
1760006311449 3.146225209903707e-05 64199
1760006311803 3.0104846749460596e-05 64209
1760006312155 2.8773812985967572e-05 64219
1760006312515 2.7469472750326015e-05 64229
1760006312875 2.6192141527847316e-05 64239
1760006313229 2.4942128271079162e-05 64249
1760006313585 2.3719735325077508e-05 64259
1760006313939 2.2525258354277806e-05 64269
1760006314294 2.135898627098143e-05 64279
1760006314653 2.0221201165475365e-05 64289
1760006315031 1.9112178237802355e-05 64299
1760006315413 1.803218573119688e-05 64309
1760006315767 1.69814848672046e-05 64319
1760006316125 1.5960329782499617e-05 64329
1760006316479 1.4968967467415582e-05 64339
1760006316831 1.4007637706205276e-05 64349
1760006317185 1.3076573019043236e-05 64359
1760006317539 1.2175998605785099e-05 64369
1760006317892 1.1306132291497953e-05 64379
1760006318247 1.0467184473774154e-05 64389
1760006318600 9.659358071841585e-06 64399
1760006318962 8.882848477483147e-06 64409
1760006319329 8.137843507776407e-06 64419
1760006319681 7.424523359665779e-06 64429
1760006320032 6.743060566377666e-06 64439
1760006320386 6.093619955689129e-06 64449
1760006320742 5.476358610060557e-06 64459
1760006321096 4.891425828641511e-06 64469
1760006321457 4.338963091159175e-06 64479
1760006321816 3.8191040236983205e-06 64489
1760006322633 3.331974366380528e-06 64499
1760006322983 2.877691942951064e-06 64509
1760006323340 2.456366632280495e-06 64519
1760006323707 2.068100341787751e-06 64529
1760006324082 1.7129869827915942e-06 64539
1760006324467 1.3911124477958201e-06 64549
1760006324855 1.1025545897142791e-06 64559
1760006325232 8.473832030401792e-07 64569
1760006325587 6.256600069647261e-07 64579
1760006325928 4.374386304488962e-07 64589
1760006326274 2.827645992519746e-07 64599
1760006326626 1.6167532492013322e-07 64609
1760006326922 7.420009573745767e-08 64619
1760006339568 2.02582692938546e-08 64629
1760006339922 1.674277628512392e-10 64639
1760006340282 0.0002768657757621633 64649
1760006340637 0.0002768189001555969 64659
1760006340995 0.0002767385542827749 64669
1760006341349 0.0002766247575772331 64679
1760006341725 0.00027647753756337664 64689
1760006342067 0.0002762969298498225 64699
1760006342456 0.0002760829781207869 64709
1760006342820 0.0002758357341255191 64719
1760006343166 0.00027555525766578446 64729
1760006343520 0.0002752416165814002 64739
1760006343875 0.0002748948867338269 64749
1760006344234 0.0002745151519878194 64759
1760006344589 0.00027410250419114177 64769
1760006344946 0.00027365704315235274 64779
1760006345308 0.0002731788766166638 64789
1760006345669 0.00027266812023987876 64799
1760006346031 0.00027212489756041976 64809
1760006346403 0.00027154933996944653 64819
1760006346759 0.0002709415866790764 64829
1760006347135 0.00027030178468871247 64839
1760006347537 0.0002696300887494885 64849
1760006347973 0.00026892666132683857 64859
1760006348376 0.0002681916725612012 64869
1760006348764 0.0002674253002268666 64879
1760006349147 0.000266627729688978 64889
1760006349518 0.0002657991538586968 64899
1760006349888 0.0002649397731465422 64909
1760006350250 0.00026404979541391744 64919
1760006350610 0.0002631294359228336 64929
1760006350985 0.0002621789172838433 64939
1760006351349 0.0002611984694021973 64949
1760006351701 0.0002601883294222365 64959
1760006352055 0.0002591487416700327 64969
1760006352410 0.00025807995759429307 64979
1760006352762 0.00025698223570554097 64989
1760006353113 0.0002558558415135895 64999
1760006353466 0.0002547010474633212 65009
1760006353829 0.00025351813286879154 65019
1760006354181 0.00025230738384566956 65029
1760006354541 0.0002510690932420346 65039
1760006354894 0.0002498035605675438 65049
1760006355246 0.00024851109192098887 65059
1760006355600 0.00024719199991625864 65069
1760006355960 0.0002458466036067265 65079
1760006356312 0.00024447522840807925 65089
1760006356666 0.00024307820601960825 65099
1760006357027 0.00024165587434397983 65109
1760006357381 0.00024020857740550563 65119
1760006357734 0.00023873666526693233 65129
1760006358088 0.00023724049394477072 65139
1760006358449 0.00023572042532318474 65149
1760006358805 0.00023417682706646116 65159
1760006359174 0.00023261007253008172 65169
1760006359531 0.00023102054067041794 65179
1760006359885 0.00022940861595307176 65189
1760006360240 0.00022777468825988366 65199
1760006360602 0.00022611915279463032 65209
1760006360956 0.00022444240998743548 65219
1760006361331 0.00022274486539791653 65229
1760006361690 0.00022102692961709018 65239
1760006362044 0.00021928901816806182 65249
1760006362400 0.00021753155140552088 65259
1760006362762 0.0002157549544140687 65269
1760006363112 0.0002139596569054017 65279
1760006363471 0.0002121460931143754 65289
1760006363827 0.00021031470169397448 65299
1760006364201 0.0002084659256092146 65309
1760006364564 0.00020660021203000047 65319
1760006364930 0.00020471801222296778 65329
1760006365304 0.00020281978144233318 65339
1760006365661 0.00020090597881978093 65349
1760006366044 0.0001989770672534108 65359
1760006366419 0.00019703351329577543 65369
1760006366779 0.00019507578704103343 65379
1760006367141 0.00019310436201124643 65389
1760006367505 0.00019111971504184636 65399
1760006367865 0.00018912232616630163 65409
1760006368222 0.00018711267850000989 65419
1760006368584 0.0001850912581234452 65429
1760006368948 0.000183058553964588 65439
1760006369308 0.0001810150576806663 65449
1760006369665 0.00017896126353923711 65459
1760006370022 0.000176897668298636 65469
1760006370392 0.00017482477108782447 65479
1760006370761 0.00017274307328566405 65489
1760006371117 0.00017065307839964574 65499
1760006371476 0.00016855529194410523 65509
1760006371850 0.0001664502213179522 65519
1760006372215 0.00016433837568194398 65529
1760006372572 0.00016222026583553314 65539
1760006372936 0.0001600964040933187 65549
1760006373293 0.0001579673041611306 65559
1760006373666 0.00015583348101177796 65569
1760006374036 0.00015369545076049113 65579
1760006374425 0.0001515537305400867 65589
1760006374797 0.00014940883837588682 65599
1760006375174 0.00014726129306042286 65609
1760006375557 0.00014511161402795312 65619
1760006375930 0.00014296032122882547 65629
1760006376315 0.00014080793500371495 65639
1760006376689 0.0001386549759577676 65649
1760006377069 0.00013650196483467952 65659
1760006377455 0.00013434942239074285 65669
1760006377843 0.00013219786926888866 65679
1760006378215 0.00013004782587275739 65689
1760006378589 0.00012789981224082668 65699
1760006378962 0.00012575434792062824 65709
1760006379344 0.00012361195184308266 65719
1760006379716 0.00012147314219698416 65729
1760006380094 0.00011933843630366427 65739
1760006380482 0.00011720835049186559 65749
1760006380848 0.00011508339997285537 65759
1760006381214 0.00011296409871580992 65769
1760006381580 0.00011085095932349881 65779
1760006381947 0.00010874449290829988 65789
1760006382316 0.00010664520896857494 65799
1760006382692 0.00010455361526543529 65809
1760006383058 0.00010247021769992811 65819
1760006383429 0.00010039552019067212 65829
1760006383800 9.833002455197321e-05 65839
1760006384169 9.627423037244883e-05 65849
1760006384537 9.422863489419075e-05 65859
1760006384907 9.219373289249531e-05 65869
1760006385274 9.01700165561906e-05 65879
1760006385648 8.815797536858867e-05 65889
1760006386017 8.615809598909301e-05 65899
1760006386392 8.417086213548802e-05 65909
1760006386768 8.219675446694089e-05 65919
1760006387144 8.023625046774272e-05 65929
1760006387521 7.828982433181775e-05 65939
1760006387896 7.635794684802852e-05 65949
1760006388273 7.444108528630422e-05 65959
1760006388641 7.253970328462112e-05 65969
1760006389009 7.065426073685998e-05 65979
1760006389377 6.878521368157081e-05 65989
1760006389745 6.693301419166846e-05 65999
1760006390113 6.50981102650887e-05 66009
1760006390491 6.328094571642916e-05 66019
1760006390858 6.148196006960248e-05 66029
1760006391225 5.970158845152681e-05 66039
1760006391593 5.7940261486880804e-05 66049
1760006391963 5.619840519394613e-05 66059
1760006392332 5.4476440881565554e-05 66069
1760006392702 5.277478504723928e-05 66079
1760006393076 5.109384927638506e-05 66089
1760006393445 4.943404014278714e-05 66099
1760006393819 4.779575911025615e-05 66109
1760006394190 4.617940243552622e-05 66119
1760006394567 4.458536107241071e-05 66129
1760006394944 4.3014020577240926e-05 66139
1760006395321 4.1465761015610104e-05 66149
1760006395671 3.994095687044608e-05 66159
1760006396022 3.843997695143318e-05 66169
1760006396383 3.69631843058074e-05 66179
1760006396745 3.5510936130544803e-05 66189
1760006397100 3.4083583685964774e-05 66199
1760006397456 3.268147221077004e-05 66209
1760006397808 3.1304940838541884e-05 66219
1760006398162 2.9954322515713288e-05 66229
1760006398516 2.862994392103773e-05 66239
1760006398868 2.7332125386574382e-05 66249
1760006399221 2.6061180820208077e-05 66259
1760006399583 2.4817417629723765e-05 66269
1760006399934 2.360113664845212e-05 66279
1760006400290 2.2412632062506414e-05 66289
1760006400652 2.1252191339626522e-05 66299
1760006401008 2.0120095159647984e-05 66309
1760006401367 1.901661734661334e-05 66319
1760006401727 1.7942024802540893e-05 66329
1760006402085 1.6896577442868575e-05 66339
1760006402442 1.5880528133587116e-05 66349
1760006402802 1.4894122630078503e-05 66359
1760006403167 1.393759951767425e-05 66369
1760006403527 1.3011190153948017e-05 66379
1760006403888 1.2115118612756173e-05 66389
1760006404247 1.1249601630040463e-05 66399
1760006404607 1.0414848551405283e-05 66409
1760006404968 9.611061281482376e-06 66419
1760006405328 8.83843423509573e-06 66429
1760006405688 8.097154290237525e-06 66439
1760006406048 7.38740074286745e-06 66449
1760006406413 6.709345263545777e-06 66459
1760006406774 6.0631518559106834e-06 66469
1760006407136 5.448976817010254e-06 66479
1760006407497 4.866968699498303e-06 66489
1760006407860 4.317268275703379e-06 66499
1760006408223 3.800008503579829e-06 66509
1760006408584 3.315314494548625e-06 66519
1760006408944 2.8633034832363084e-06 66529
1760006409302 2.444084799119092e-06 66539
1760006409659 2.057759840078812e-06 66549
1760006410015 1.704422047877636e-06 66559
1760006410377 1.384156885556841e-06 66569
1760006410733 1.0970418167657075e-06 66579
1760006411088 8.431462870249783e-07 66589
1760006411444 6.225317069299024e-07 66599
1760006411799 4.3525143729665165e-07 66609
1760006412163 2.8135077625571466e-07 66619
1760006412526 1.6086694829553255e-07 66629
1760006412888 7.382909525877038e-08 66639
1760006413255 2.02582692938546e-08 66649
1760006413612 1.674277628512392e-10 66659
1760006413981 0.0002768657757621633 66669
1760006414357 0.0002768189001555969 66679
1760006414731 0.0002767385542827749 66689
1760006415103 0.0002766247575772331 66699
1760006415476 0.00027647753756337664 66709
1760006415847 0.0002762969298498225 66719
1760006416218 0.0002760829781207869 66729
1760006416592 0.0002758357341255191 66739
1760006416966 0.00027555525766578446 66749
1760006417349 0.0002752416165814002 66759
1760006417722 0.0002748948867338269 66769
1760006418085 0.0002745151519878194 66779
1760006418448 0.00027410250419114177 66789
1760006418818 0.00027365704315235274 66799
1760006419185 0.0002731788766166638 66809
1760006419555 0.00027266812023987876 66819
1760006419922 0.00027212489756041976 66829
1760006420287 0.00027154933996944653 66839
1760006420653 0.0002709415866790764 66849
1760006421017 0.00027030178468871247 66859
1760006421384 0.0002696300887494885 66869
1760006421763 0.00026892666132683857 66879
1760006422119 0.0002681916725612012 66889
1760006422492 0.0002674253002268666 66899
1760006422863 0.000266627729688978 66909
1760006423234 0.0002657991538586968 66919
1760006423604 0.0002649397731465422 66929
1760006423976 0.00026404979541391744 66939
1760006424347 0.0002631294359228336 66949
1760006424717 0.0002621789172838433 66959
1760006425104 0.0002611984694021973 66969
1760006425478 0.0002601883294222365 66979
1760006425849 0.0002591487416700327 66989
1760006426224 0.00025807995759429307 66999
1760006426599 0.00025698223570554097 67009
1760006426971 0.0002558558415135895 67019
1760006427344 0.0002547010474633212 67029
1760006427717 0.00025351813286879154 67039
1760006428101 0.00025230738384566956 67049
1760006428469 0.0002510690932420346 67059
1760006428839 0.0002498035605675438 67069
1760006429208 0.00024851109192098887 67079
1760006429576 0.00024719199991625864 67089
1760006429959 0.0002458466036067265 67099
1760006430329 0.00024447522840807925 67109
1760006430695 0.00024307820601960825 67119
1760006431063 0.00024165587434397983 67129
1760006431428 0.00024020857740550563 67139
1760006431791 0.00023873666526693233 67149
1760006432155 0.00023724049394477072 67159
1760006432526 0.00023572042532318474 67169
1760006432892 0.00023417682706646116 67179
1760006433267 0.00023261007253008172 67189
1760006433644 0.00023102054067041794 67199
1760006434019 0.00022940861595307176 67209
1760006434405 0.00022777468825988366 67219
1760006434768 0.00022611915279463032 67229
1760006435140 0.00022444240998743548 67239
1760006435514 0.00022274486539791653 67249
1760006435883 0.00022102692961709018 67259
1760006436255 0.00021928901816806182 67269
1760006436645 0.00021753155140552088 67279
1760006437025 0.0002157549544140687 67289
1760006437392 0.0002139596569054017 67299
1760006437764 0.0002121460931143754 67309
1760006438134 0.00021031470169397448 67319
1760006438504 0.0002084659256092146 67329
1760006438875 0.00020660021203000047 67339
1760006439246 0.00020471801222296778 67349
1760006439621 0.00020281978144233318 67359
1760006439977 0.00020090597881978093 67369
1760006440337 0.0001989770672534108 67379
1760006440698 0.00019703351329577543 67389
1760006441066 0.00019507578704103343 67399
1760006441413 0.00019310436201124643 67409
1760006441773 0.00019111971504184636 67419
1760006442131 0.00018912232616630163 67429
1760006442492 0.00018711267850000989 67439
1760006442849 0.0001850912581234452 67449
1760006443209 0.000183058553964588 67459
1760006443563 0.0001810150576806663 67469
1760006443921 0.00017896126353923711 67479
1760006444296 0.000176897668298636 67489
1760006444676 0.00017482477108782447 67499
1760006445051 0.00017274307328566405 67509
1760006445425 0.00017065307839964574 67519
1760006445799 0.00016855529194410523 67529
1760006446173 0.0001664502213179522 67539
1760006446554 0.00016433837568194398 67549
1760006446929 0.00016222026583553314 67559
1760006447307 0.0001600964040933187 67569
1760006447684 0.0001579673041611306 67579
1760006448068 0.00015583348101177796 67589
1760006448440 0.00015369545076049113 67599
1760006448807 0.0001515537305400867 67609
1760006449181 0.00014940883837588682 67619
1760006449548 0.00014726129306042286 67629
1760006449922 0.00014511161402795312 67639
1760006450288 0.00014296032122882547 67649
1760006450658 0.00014080793500371495 67659
1760006451025 0.0001386549759577676 67669
1760006451400 0.00013650196483467952 67679
1760006451769 0.00013434942239074285 67689
1760006452135 0.00013219786926888866 67699
1760006452511 0.00013004782587275739 67709
1760006452879 0.00012789981224082668 67719
1760006453250 0.00012575434792062824 67729
1760006453618 0.00012361195184308266 67739
1760006453998 0.00012147314219698416 67749
1760006454367 0.00011933843630366427 67759
1760006454740 0.00011720835049186559 67769
1760006455111 0.00011508339997285537 67779
1760006455484 0.00011296409871580992 67789
1760006455861 0.00011085095932349881 67799
1760006456235 0.00010874449290829988 67809
1760006456612 0.00010664520896857494 67819
1760006456982 0.00010455361526543529 67829
1760006457354 0.00010247021769992811 67839
1760006457727 0.00010039552019067212 67849
1760006458111 9.833002455197321e-05 67859
1760006458487 9.627423037244883e-05 67869
1760006458863 9.422863489419075e-05 67879
1760006459233 9.219373289249531e-05 67889
1760006459608 9.01700165561906e-05 67899
1760006459977 8.815797536858867e-05 67909
1760006460345 8.615809598909301e-05 67919
1760006460714 8.417086213548802e-05 67929
1760006461089 8.219675446694089e-05 67939
1760006461461 8.023625046774272e-05 67949
1760006461828 7.828982433181775e-05 67959
1760006462199 7.635794684802852e-05 67969
1760006462568 7.444108528630422e-05 67979
1760006462937 7.253970328462112e-05 67989
1760006463308 7.065426073685998e-05 67999
1760006463676 6.878521368157081e-05 68009
1760006464044 6.693301419166846e-05 68019
1760006464411 6.50981102650887e-05 68029
1760006464780 6.328094571642916e-05 68039
1760006465147 6.148196006960248e-05 68049
1760006465518 5.970158845152681e-05 68059
1760006465887 5.7940261486880804e-05 68069
1760006466251 5.619840519394613e-05 68079
1760006466618 5.4476440881565554e-05 68089
1760006466986 5.277478504723928e-05 68099
1760006467354 5.109384927638506e-05 68109
1760006467719 4.943404014278714e-05 68119
1760006468093 4.779575911025615e-05 68129
1760006468460 4.617940243552622e-05 68139
1760006468827 4.458536107241071e-05 68149
1760006469197 4.3014020577240926e-05 68159
1760006469568 4.1465761015610104e-05 68169
1760006469936 3.994095687044608e-05 68179
1760006470306 3.843997695143318e-05 68189
1760006470672 3.69631843058074e-05 68199
1760006471043 3.5510936130544803e-05 68209
1760006471415 3.4083583685964774e-05 68219
1760006471788 3.268147221077004e-05 68229
1760006472158 3.1304940838541884e-05 68239
1760006472528 2.9954322515713288e-05 68249
1760006472901 2.862994392103773e-05 68259
1760006473273 2.7332125386574382e-05 68269
1760006473645 2.6061180820208077e-05 68279
1760006474016 2.4817417629723765e-05 68289
1760006474386 2.360113664845212e-05 68299
1760006474755 2.2412632062506414e-05 68309
1760006475124 2.1252191339626522e-05 68319
1760006475493 2.0120095159647984e-05 68329
1760006475863 1.901661734661334e-05 68339
1760006476232 1.7942024802540893e-05 68349
1760006476608 1.6896577442868575e-05 68359
1760006476976 1.5880528133587116e-05 68369
1760006477349 1.4894122630078503e-05 68379
1760006477722 1.393759951767425e-05 68389
1760006478089 1.3011190153948017e-05 68399
1760006478445 1.2115118612756173e-05 68409
1760006478801 1.1249601630040463e-05 68419
1760006479157 1.0414848551405283e-05 68429
1760006479531 9.611061281482376e-06 68439
1760006479933 8.83843423509573e-06 68449
1760006480299 8.097154290237525e-06 68459
1760006480665 7.38740074286745e-06 68469
1760006481014 6.709345263545777e-06 68479
1760006481364 6.0631518559106834e-06 68489
1760006481715 5.448976817010254e-06 68499
1760006482071 4.866968699498303e-06 68509
1760006482432 4.317268275703379e-06 68519
1760006482790 3.800008503579829e-06 68529
1760006483662 3.315314494548625e-06 68539
1760006484010 2.8633034832363084e-06 68549
1760006484358 2.444084799119092e-06 68559
1760006484705 2.057759840078812e-06 68569
1760006485067 1.704422047877636e-06 68579
1760006485629 1.384156885556841e-06 68589
1760006485966 1.0970418167657075e-06 68599
1760006486307 8.431462870249783e-07 68609
1760006486650 6.225317069299024e-07 68619
1760006486993 4.3525143729665165e-07 68629
1760006487339 2.8135077625571466e-07 68639
1760006487690 1.6086694829553255e-07 68649
1760006488046 7.382909525877038e-08 68659
1760006502682 2.0156977947385327e-08 68669
1760006503037 1.66590624036983e-10 68679
1760006503393 0.0002754814468833525 68689
1760006503758 0.0002754348056548189 68699
1760006504105 0.000275354861511361 68709
1760006504470 0.0002752416337893469 68719
1760006504848 0.0002750951498755597 68729
1760006505218 0.0002749154452005734 68739
1760006505577 0.000274702563230183 68749
1760006505933 0.0002744565554548915 68759
1760006506309 0.0002741774813774555 68769
1760006506674 0.0002738654084984932 68779
1760006507037 0.0002735204123001578 68789
1760006507404 0.0002731425762278802 68799
1760006507776 0.0002727319916701861 68809
1760006508151 0.00027228875793659096 68819
1760006508526 0.00027181298223358046 68829
1760006508906 0.00027130477963867934 68839
1760006509279 0.00027076427307261763 68849
1760006509647 0.0002701915932695993 68859
1760006510012 0.000269586878745681 68869
1760006510383 0.00026895027576526886 68879
1760006510758 0.00026828193830574104 68889
1760006511129 0.00026758202802020436 68899
1760006511497 0.0002668507141983952 68909
1760006511899 0.00026608817372573225 68919
1760006512261 0.0002652945910405331 68929
1760006512634 0.0002644701580894033 68939
1760006513019 0.00026361507428080945 68949
1760006513401 0.0002627295464368478 68959
1760006513772 0.0002618137887432194 68969
1760006514145 0.0002608680226974241 68979
1760006514516 0.0002598924770551863 68989
1760006514882 0.00025888738777512534 68999
1760006515249 0.0002578529979616825 69009
1760006515616 0.0002567895578063216 69019
1760006515990 0.00025569732452701327 69029
1760006516358 0.0002545765623060215 69039
1760006516727 0.0002534275422260046 69049
1760006517096 0.00025225054220444755 69059
1760006517470 0.00025104584692644123 69069
1760006517842 0.00024981374777582443 69079
1760006518213 0.00024855454276470607 69089
1760006518590 0.00024726853646138387 69099
1760006518962 0.0002459560399166773 69109
1760006519332 0.00024461737058869285 69119
1760006519704 0.00024325285226603884 69129
1760006520073 0.0002418628149895102 69139
1760006520445 0.00024044759497225993 69149
1760006520821 0.00023900753451847807 69159
1760006521190 0.00023754298194059766 69169
1760006521571 0.00023605429147504684 69179
1760006521940 0.0002345418231965688 69189
1760006522315 0.00023300594293112884 69199
1760006522687 0.0002314470221674313 69209
1760006523066 0.00022986543796706585 69219
1760006523438 0.00022826157287330638 69229
1760006523815 0.00022663581481858423 69239
1760006524186 0.00022498855703065716 69249
1760006524561 0.00022332019793749828 69259
1760006524932 0.00022163114107092693 69269
1760006525305 0.00021992179496900473 69279
1760006525675 0.0002181925730772215 69289
1760006526046 0.00021644389364849326 69299
1760006526418 0.00021467617964199837 69309
1760006526774 0.0002128898586208747 69319
1760006527134 0.0002110853626488035 69329
1760006527494 0.0002092631281855046 69339
1760006527857 0.0002074235959811685 69349
1760006528217 0.00020556721096985045 69359
1760006528577 0.00020369442216185293 69369
1760006528932 0.0002018056825351215 69379
1760006529286 0.00019990144892568202 69389
1760006529644 0.00019798218191714373 69399
1760006530000 0.00019604834572929653 69409
1760006530359 0.00019410040810582827 69419
1760006530716 0.0001921388402011902 69429
1760006531073 0.0001901641164666371 69439
1760006531434 0.00018817671453547012 69449
1760006531790 0.00018617711510750983 69459
1760006532148 0.00018416580183282797 69469
1760006532511 0.00018214326119476507 69479
1760006532883 0.00018010998239226296 69489
1760006533267 0.00017806645722154093 69499
1760006533634 0.00017601317995714279 69509
1760006534002 0.00017395064723238534 69519
1760006534371 0.00017187935791923573 69529
1760006534741 0.0001697998130076475 69539
1760006535111 0.00016771251548438468 69549
1760006535479 0.00016561797021136243 69559
1760006535849 0.00016351668380353425 69569
1760006536215 0.00016140916450635548 69579
1760006536584 0.0001592959220728521 69589
1760006536951 0.00015717746764032492 69599
1760006537324 0.00015505431360671908 69609
1760006537702 0.00015292697350668868 69619
1760006538076 0.00015079596188738627 69629
1760006538445 0.00014866179418400737 69639
1760006538817 0.00014652498659512074 69649
1760006539188 0.00014438605595781334 69659
1760006539569 0.00014224551962268133 69669
1760006539939 0.00014010389532869636 69679
1760006540316 0.00013796170107797877 69689
1760006540694 0.00013581945501050613 69699
1760006541069 0.00013367767527878912 69709
1760006541444 0.00013153687992254422 69719
1760006541827 0.00012939758674339357 69729
1760006542201 0.00012726031317962253 69739
1760006542576 0.00012512557618102508 69749
1760006542956 0.00012299389208386723 69759
1760006543334 0.00012086577648599924 69769
1760006543713 0.00011874174412214595 69779
1760006544100 0.00011662230873940624 69789
1760006544476 0.00011450798297299108 69799
1760006544857 0.00011239927822223088 69809
1760006545230 0.00011029670452688131 69819
1760006545581 0.00010820077044375838 69829
1760006545930 0.00010611198292373206 69839
1760006546288 0.00010403084718910811 69849
1760006546627 0.00010195786661142847 69859
1760006546981 9.989354258971876e-05 69869
1760006547335 9.783837442921334e-05 69879
1760006547688 9.579285922058659e-05 69889
1760006548038 9.37574917197198e-05 69899
1760006548406 9.173276422803283e-05 69909
1760006548788 8.971916647340963e-05 69919
1760006549155 8.771718549174573e-05 69929
1760006549520 8.572730550914755e-05 69939
1760006549885 8.375000782481057e-05 69949
1760006550249 8.178577069460619e-05 69959
1760006550622 7.9835069215404e-05 69969
1760006550992 7.789837521015866e-05 69979
1760006551370 7.597615711378838e-05 69989
1760006551753 7.40688798598727e-05 69999
1760006552139 7.217700476819801e-05 70009
1760006552542 7.030098943317566e-05 70019
1760006552918 6.844128761316296e-05 70029
1760006553308 6.659834912071011e-05 70039
1760006553698 6.477261971376325e-05 70049
1760006554069 6.296454098784701e-05 70059
1760006554460 6.117455026925446e-05 70069
1760006554824 5.9403080509269174e-05 70079
1760006555181 5.7650560179446394e-05 70089
1760006555543 5.59174131679764e-05 70099
1760006555906 5.420405867715772e-05 70109
1760006556268 5.251091112200308e-05 70119
1760006556644 5.083838003000313e-05 70129
1760006557018 4.9186869942073205e-05 70139
1760006557386 4.755678031470487e-05 70149
1760006557751 4.594850542334859e-05 70159
1760006558122 4.436243426704865e-05 70169
1760006558489 4.2798950474354725e-05 70179
1760006558866 4.125843221053205e-05 70189
1760006559228 3.974125208609385e-05 70199
1760006559600 3.824777706667601e-05 70209
1760006559965 3.677836838427836e-05 70219
1760006560330 3.5333381449892074e-05 70229
1760006560695 3.3913165767534945e-05 70239
1760006561059 3.251806484971618e-05 70249
1760006561425 3.114841613434917e-05 70259
1760006561790 2.980455090313472e-05 70269
1760006562153 2.848679420143254e-05 70279
1760006562516 2.7195464759641508e-05 70289
1760006562878 2.5930874916107036e-05 70299
1760006563241 2.4693330541575145e-05 70309
1760006563606 2.3483130965209857e-05 70319
1760006563972 2.230056890219388e-05 70329
1760006564336 2.114593038292839e-05 70339
1760006564700 2.0019494683849743e-05 70349
1760006565062 1.8921534259880274e-05 70359
1760006565421 1.7852314678528187e-05 70369
1760006565779 1.681209455565423e-05 70379
1760006566141 1.580112549291918e-05 70389
1760006566509 1.481965201692811e-05 70399
1760006566873 1.3867911520085877e-05 70409
1760006567239 1.2946134203178277e-05 70419
1760006567606 1.2054543019692392e-05 70429
1760006567972 1.119335362189026e-05 70439
1760006568345 1.0362774308648256e-05 70449
1760006568723 9.563005975074964e-06 70459
1760006569095 8.794242063920252e-06 70469
1760006569472 8.056668518786336e-06 70479
1760006569842 7.350463739153112e-06 70489
1760006570208 6.675798537228048e-06 70499
1760006570578 6.032836096631129e-06 70509
1760006570943 5.4217319329252026e-06 70519
1760006571310 4.8426338560008115e-06 70529
1760006571675 4.295681934324862e-06 70539
1760006572056 3.7810084610619295e-06 70549
1760006572436 3.298737922075882e-06 70559
1760006572809 2.8489869658201267e-06 70569
1760006573178 2.4318643751234966e-06 70579
1760006573548 2.047471040878418e-06 70589
1760006573915 1.6958999376382478e-06 70599
1760006574284 1.3772361011290568e-06 70609
1760006574651 1.091556607681879e-06 70619
1760006575024 8.389305555898533e-07 70629
1760006575391 6.194190483952529e-07 70639
1760006575758 4.330751801101684e-07 70649
1760006576140 2.799440223744361e-07 70659
1760006576476 1.6006261355405489e-07 70669
1760006576847 7.345994978247653e-08 70679
1760006577219 2.0156977947385327e-08 70689
1760006577591 1.66590624036983e-10 70699
1760006577966 0.0002754814468833525 70709
1760006578341 0.0002754348056548189 70719
1760006578713 0.000275354861511361 70729
1760006579099 0.0002752416337893469 70739
1760006579489 0.0002750951498755597 70749
1760006579857 0.0002749154452005734 70759
1760006580231 0.000274702563230183 70769
1760006580603 0.0002744565554548915 70779
1760006580973 0.0002741774813774555 70789
1760006581343 0.0002738654084984932 70799
1760006581738 0.0002735204123001578 70809
1760006582110 0.0002731425762278802 70819
1760006582491 0.0002727319916701861 70829
1760006582875 0.00027228875793659096 70839
1760006583261 0.00027181298223358046 70849
1760006583632 0.00027130477963867934 70859
1760006584005 0.00027076427307261763 70869
1760006584398 0.0002701915932695993 70879
1760006584776 0.000269586878745681 70889
1760006585159 0.00026895027576526886 70899
1760006585531 0.00026828193830574104 70909
1760006585899 0.00026758202802020436 70919
1760006586268 0.0002668507141983952 70929
1760006586641 0.00026608817372573225 70939
1760006587004 0.0002652945910405331 70949
1760006587371 0.0002644701580894033 70959
1760006587733 0.00026361507428080945 70969
1760006588091 0.0002627295464368478 70979
1760006588448 0.0002618137887432194 70989
1760006588801 0.0002608680226974241 70999
1760006589151 0.0002598924770551863 71009
1760006589506 0.00025888738777512534 71019
1760006589861 0.0002578529979616825 71029
1760006590221 0.0002567895578063216 71039
1760006590571 0.00025569732452701327 71049
1760006590921 0.0002545765623060215 71059
1760006591271 0.0002534275422260046 71069
1760006591621 0.00025225054220444755 71079
1760006591974 0.00025104584692644123 71089
1760006592327 0.00024981374777582443 71099
1760006592693 0.00024855454276470607 71109
1760006593062 0.00024726853646138387 71119
1760006593443 0.0002459560399166773 71129
1760006593815 0.00024461737058869285 71139
1760006594198 0.00024325285226603884 71149
1760006594577 0.0002418628149895102 71159
1760006594955 0.00024044759497225993 71169
1760006595330 0.00023900753451847807 71179
1760006595703 0.00023754298194059766 71189
1760006596081 0.00023605429147504684 71199
1760006596459 0.0002345418231965688 71209
1760006596844 0.00023300594293112884 71219
1760006597239 0.0002314470221674313 71229
1760006597619 0.00022986543796706585 71239
1760006598006 0.00022826157287330638 71249
1760006598383 0.00022663581481858423 71259
1760006598765 0.00022498855703065716 71269
1760006599146 0.00022332019793749828 71279
1760006599524 0.00022163114107092693 71289
1760006599901 0.00021992179496900473 71299
1760006600283 0.0002181925730772215 71309
1760006600659 0.00021644389364849326 71319
1760006601035 0.00021467617964199837 71329
1760006601407 0.0002128898586208747 71339
1760006601778 0.0002110853626488035 71349
1760006602149 0.0002092631281855046 71359
1760006602530 0.0002074235959811685 71369
1760006602915 0.00020556721096985045 71379
1760006603296 0.00020369442216185293 71389
1760006603671 0.0002018056825351215 71399
1760006604045 0.00019990144892568202 71409
1760006604419 0.00019798218191714373 71419
1760006604790 0.00019604834572929653 71429
1760006605168 0.00019410040810582827 71439
1760006605540 0.0001921388402011902 71449
1760006605915 0.0001901641164666371 71459
1760006606297 0.00018817671453547012 71469
1760006606677 0.00018617711510750983 71479
1760006607053 0.00018416580183282797 71489
1760006607422 0.00018214326119476507 71499
1760006607789 0.00018010998239226296 71509
1760006608162 0.00017806645722154093 71519
1760006608532 0.00017601317995714279 71529
1760006608907 0.00017395064723238534 71539
1760006609279 0.00017187935791923573 71549
1760006609648 0.0001697998130076475 71559
1760006610022 0.00016771251548438468 71569
1760006610407 0.00016561797021136243 71579
1760006610781 0.00016351668380353425 71589
1760006611145 0.00016140916450635548 71599
1760006611514 0.0001592959220728521 71609
1760006611883 0.00015717746764032492 71619
1760006612246 0.00015505431360671908 71629
1760006612608 0.00015292697350668868 71639
1760006612971 0.00015079596188738627 71649
1760006613331 0.00014866179418400737 71659
1760006613694 0.00014652498659512074 71669
1760006614055 0.00014438605595781334 71679
1760006614419 0.00014224551962268133 71689
1760006614788 0.00014010389532869636 71699
1760006615169 0.00013796170107797877 71709
1760006615540 0.00013581945501050613 71719
1760006615912 0.00013367767527878912 71729
1760006616283 0.00013153687992254422 71739
1760006616663 0.00012939758674339357 71749
1760006617037 0.00012726031317962253 71759
1760006617425 0.00012512557618102508 71769
1760006617799 0.00012299389208386723 71779
1760006618168 0.00012086577648599924 71789
1760006618534 0.00011874174412214595 71799
1760006618901 0.00011662230873940624 71809
1760006619268 0.00011450798297299108 71819
1760006619638 0.00011239927822223088 71829
1760006620008 0.00011029670452688131 71839
1760006620375 0.00010820077044375838 71849
1760006620743 0.00010611198292373206 71859
1760006621113 0.00010403084718910811 71869
1760006621490 0.00010195786661142847 71879
1760006621864 9.989354258971876e-05 71889
1760006622231 9.783837442921334e-05 71899
1760006622600 9.579285922058659e-05 71909
1760006622965 9.37574917197198e-05 71919
1760006623327 9.173276422803283e-05 71929
1760006623690 8.971916647340963e-05 71939
1760006624046 8.771718549174573e-05 71949
1760006624366 8.572730550914755e-05 71959
1760006624635 8.375000782481057e-05 71969
1760006624868 8.178577069460619e-05 71979
1760006625176 7.9835069215404e-05 71989
1760006625439 7.789837521015866e-05 71999
1760006625779 7.597615711378838e-05 72009
1760006626141 7.40688798598727e-05 72019
1760006626503 7.217700476819801e-05 72029
1760006626861 7.030098943317566e-05 72039
1760006627220 6.844128761316296e-05 72049
1760006627577 6.659834912071011e-05 72059
1760006627940 6.477261971376325e-05 72069
1760006628289 6.296454098784701e-05 72079
1760006628638 6.117455026925446e-05 72089
1760006628988 5.9403080509269174e-05 72099
1760006629343 5.7650560179446394e-05 72109
1760006629690 5.59174131679764e-05 72119
1760006630038 5.420405867715772e-05 72129
1760006630379 5.251091112200308e-05 72139
1760006630728 5.083838003000313e-05 72149
1760006631077 4.9186869942073205e-05 72159
1760006631430 4.755678031470487e-05 72169
1760006631786 4.594850542334859e-05 72179
1760006632151 4.436243426704865e-05 72189
1760006632505 4.2798950474354725e-05 72199
1760006632858 4.125843221053205e-05 72209
1760006633206 3.974125208609385e-05 72219
1760006633559 3.824777706667601e-05 72229
1760006633929 3.677836838427836e-05 72239
1760006634299 3.5333381449892074e-05 72249
1760006634653 3.3913165767534945e-05 72259
1760006635006 3.251806484971618e-05 72269
1760006635357 3.114841613434917e-05 72279
1760006635708 2.980455090313472e-05 72289
1760006636062 2.848679420143254e-05 72299
1760006636422 2.7195464759641508e-05 72309
1760006636777 2.5930874916107036e-05 72319
1760006637131 2.4693330541575145e-05 72329
1760006637487 2.3483130965209857e-05 72339
1760006637842 2.230056890219388e-05 72349
1760006638199 2.114593038292839e-05 72359
1760006638554 2.0019494683849743e-05 72369
1760006638919 1.8921534259880274e-05 72379
1760006639282 1.7852314678528187e-05 72389
1760006639651 1.681209455565423e-05 72399
1760006640015 1.580112549291918e-05 72409
1760006640387 1.481965201692811e-05 72419
1760006640751 1.3867911520085877e-05 72429
1760006641114 1.2946134203178277e-05 72439
1760006641470 1.2054543019692392e-05 72449
1760006641834 1.119335362189026e-05 72459
1760006642190 1.0362774308648256e-05 72469
1760006642551 9.563005975074964e-06 72479
1760006642922 8.794242063920252e-06 72489
1760006643279 8.056668518786336e-06 72499
1760006643637 7.350463739153112e-06 72509
1760006643999 6.675798537228048e-06 72519
1760006644368 6.032836096631129e-06 72529
1760006644699 5.4217319329252026e-06 72539
1760006644983 4.8426338560008115e-06 72549
1760006645224 4.295681934324862e-06 72559
1760006645443 3.7810084610619295e-06 72569
1760006645944 3.298737922075882e-06 72579
1760006646257 2.8489869658201267e-06 72589
1760006646633 2.4318643751234966e-06 72599
1760006646983 2.047471040878418e-06 72609
1760006647332 1.6958999376382478e-06 72619
1760006647686 1.3772361011290568e-06 72629
1760006648040 1.091556607681879e-06 72639
1760006648395 8.389305555898533e-07 72649
1760006648757 6.194190483952529e-07 72659
1760006649118 4.330751801101684e-07 72669
1760006649479 2.799440223744361e-07 72679
1760006649844 1.6006261355405489e-07 72689
1760006650205 7.345994978247653e-08 72699
1760006665533 2.0056193057648397e-08 72709
1760006665908 1.6575767091679807e-10 72719
1760006666318 0.00027410403964893567 72729
1760006666700 0.0002740576316265448 72739
1760006667059 0.0002739780872038042 72749
1760006667431 0.0002738654256204002 72759
1760006667824 0.0002737196741261819 72769
1760006668180 0.0002735408679745705 72779
1760006668566 0.00027332905041403205 72789
1760006668928 0.000273084272677617 72799
1760006669293 0.0002728065939705682 72809
1760006669651 0.00027249608145600075 72819
1760006670030 0.000272152810238657 72829
1760006670411 0.0002717768633467408 72839
1760006670754 0.0002713683317118351 72849
1760006671106 0.000270927314146908 72859
1760006671479 0.0002704539173224125 72869
1760006671887 0.0002699482557404859 72879
1760006672289 0.00026941045170725454 72889
1760006672674 0.00026884063530325126 72899
1760006673056 0.00026823894435195256 72909
1760006673448 0.00026760552438644255 72919
1760006673837 0.0002669405286142123 72929
1760006674220 0.0002662441178801033 72939
1760006674606 0.0002655164606274032 72949
1760006675005 0.0002647577328571035 72959
1760006675371 0.0002639681180853304 72969
1760006675726 0.0002631478072989563 72979
1760006676104 0.0002622969989094054 72989
1760006676480 0.00026141589870466356 72999
1760006676868 0.0002605047197995033 73009
1760006677232 0.00025956368258393695 73019
1760006677594 0.0002585930146699104 73029
1760006677985 0.0002575929508362497 73039
1760006678359 0.0002565637329718741 73049
1760006678712 0.00025550561001729 73059
1760006679064 0.00025441883790437817 73069
1760006679412 0.0002533036794944914 73079
1760006679764 0.0002521604045148746 73089
1760006680117 0.0002509892894934253 73099
1760006680470 0.000249790617691809 73109
1760006680821 0.00024856467903694527 73119
1760006681181 0.00024731177005088255 73129
1760006681553 0.00024603219377907696 73139
1760006681921 0.00024472625971709393 73149
1760006682290 0.00024339428373574935 73159
1760006682674 0.00024203658800470862 73169
1760006683029 0.00024065350091456264 73179
1760006683361 0.00023924535699739862 73189
1760006683731 0.00023781249684588567 73199
1760006684095 0.00023635526703089465 73209
1760006684459 0.00023487402001767162 73219
1760006684828 0.00023336911408058594 73229
1760006685201 0.00023184091321647317 73239
1760006685572 0.00023028978705659414 73249
1760006685941 0.0002287161107772305 73259
1760006686291 0.00022712026500893985 73269
1760006686643 0.0002255026357444913 73279
1760006686996 0.00022386361424550386 73289
1760006687352 0.0002222035969478108 73299
1760006687703 0.00022052298536557227 73309
1760006688070 0.0002188221859941597 73319
1760006688420 0.00021710161021183536 73329
1760006688771 0.00021536167418025078 73339
1760006689122 0.00021360279874378836 73349
1760006689475 0.0002118254093277703 73359
1760006689830 0.00021002993583555947 73369
1760006690180 0.00020821681254457706 73379
1760006690537 0.00020638647800126265 73389
1760006690893 0.00020453937491500117 73399
1760006691254 0.00020267595005104365 73409
1760006691620 0.00020079665412244587 73419
1760006692001 0.00019890194168105358 73429
1760006692372 0.000196992271007558 73439
1760006692751 0.00019506810400065003 73449
1760006693113 0.0001931299060652991 73459
1760006693476 0.00019117814600018424 73469
1760006693838 0.0001892132958843039 73479
1760006694198 0.00018723583096279275 73489
1760006694557 0.00018524622953197228 73499
1760006695372 0.00018324497282366382 73509
1760006695745 0.00018123254488879123 73519
1760006696116 0.00017920943248030162 73529
1760006696495 0.0001771761249354332 73539
1760006696866 0.00017513311405735707 73549
1760006697250 0.0001730808939962234 73559
1760006697628 0.00017101996112963954 73569
1760006697981 0.00016895081394260926 73579
1760006698349 0.00016687395290696275 73589
1760006698724 0.0001647898803603056 73599
1760006699103 0.00016269910038451657 73609
1760006699475 0.00016060211868382368 73619
1760006699850 0.00015849944246248783 73629
1760006700221 0.00015639158030212328 73639
1760006700597 0.00015427904203868547 73649
1760006700966 0.00015216233863915522 73659
1760006701340 0.0001500419820779493 73669
1760006701706 0.00014791848521308732 73679
1760006702074 0.00014579236166214514 73689
1760006702438 0.00014366412567802427 73699
1760006702807 0.0001415342920245679 73709
1760006703186 0.00013940337585205287 73719
1760006703563 0.00013727189257258885 73729
1760006703942 0.00013514035773545358 73739
1760006704316 0.00013300928690239517 73749
1760006704691 0.00013087919552293148 73759
1760006705069 0.0001287505988096766 73769
1760006705433 0.00012662401161372443 73779
1760006705804 0.00012449994830011996 73789
1760006706172 0.00012237892262344788 73799
1760006706540 0.00012026144760356923 73809
1760006706906 0.00011814803540153521 73819
1760006707274 0.0001160391971957092 73829
1760006707643 0.00011393544305812613 73839
1760006708011 0.00011183728183111971 73849
1760006708381 0.0001097452210042469 73859
1760006708752 0.00010765976659153959 73869
1760006709122 0.00010558142300911339 73879
1760006709491 0.00010351069295316256 73889
1760006709860 0.00010144807727837132 73899
1760006710227 9.939407487677015e-05 73909
1760006710603 9.734918255706726e-05 73919
1760006710979 9.531389492448364e-05 73929
1760006711349 9.328870426112119e-05 73939
1760006711718 9.127410040689266e-05 73949
1760006712095 8.927057064104257e-05 73959
1760006712472 8.7278599564287e-05 73969
1760006712845 8.52986689816018e-05 73979
1760006713210 8.33312577856865e-05 73989
1760006713571 8.137684184113314e-05 73999
1760006713927 7.943589386932697e-05 74009
1760006714283 7.750888333410786e-05 74019
1760006714641 7.559627632821943e-05 74029
1760006714979 7.369853546057333e-05 74039
1760006715270 7.181611974435701e-05 74049
1760006715520 6.994948448600979e-05 74059
1760006715737 6.809908117509713e-05 74069
1760006715942 6.626535737510655e-05 74079
1760006716151 6.444875661519444e-05 74089
1760006716361 6.264971828290776e-05 74099
1760006716662 6.0868677517908185e-05 74109
1760006716992 5.910606510672282e-05 74119
1760006717354 5.736230737854916e-05 74129
1760006717708 5.5637826102136516e-05 74139
1760006718062 5.393303838377193e-05 74149
1760006718433 5.224835656639306e-05 74159
1760006718804 5.0584188129853115e-05 74169
1760006719171 4.8940935592362836e-05 74179
1760006719541 4.731899641313134e-05 74189
1760006719914 4.571876289623184e-05 74199
1760006720280 4.4140622095713404e-05 74209
1760006720650 4.258495572198294e-05 74219
1760006721021 4.1052140049479384e-05 74229
1760006721391 3.9542545825663376e-05 74239
1760006721759 3.805653818134263e-05 74249
1760006722130 3.659447654235697e-05 74259
1760006722501 3.515671454264261e-05 74269
1760006722869 3.374359993869727e-05 74279
1760006723240 3.23554745254676e-05 74289
1760006723608 3.099267405367742e-05 74299
1760006723979 2.9655528148619047e-05 74309
1760006724345 2.8344360230425376e-05 74319
1760006724713 2.70594874358433e-05 74329
1760006725082 2.5801220541526497e-05 74339
1760006725453 2.4569863888867266e-05 74349
1760006725821 2.3365715310383805e-05 74359
1760006726189 2.218906605768291e-05 74369
1760006726556 2.1040200731013746e-05 74379
1760006726922 1.9919397210430495e-05 74389
1760006727291 1.882692658858087e-05 74399
1760006727661 1.7763053105135546e-05 74409
1760006728036 1.672803408287596e-05 74419
1760006728407 1.5722119865454584e-05 74429
1760006728778 1.4745553756843467e-05 74439
1760006729147 1.3798571962485446e-05 74449
1760006729520 1.2881403532162384e-05 74459
1760006729890 1.1994270304593928e-05 74469
1760006730263 1.1137386853780808e-05 74479
1760006730634 1.0310960437105014e-05 74489
1760006731003 9.515190945199588e-06 74499
1760006731372 8.75027085360065e-06 74509
1760006731741 8.016385176192405e-06 74519
1760006732115 7.3137114204573464e-06 74529
1760006732492 6.642419544541908e-06 74539
1760006732870 6.002671916147974e-06 74549
1760006733249 5.394623273260576e-06 74559
1760006733622 4.818420686720807e-06 74569
1760006733988 4.274203524653237e-06 74579
1760006734358 3.7621034187566197e-06 74589
1760006734734 3.2822442324655022e-06 74599
1760006735105 2.834742030991026e-06 74609
1760006735474 2.419705053247879e-06 74619
1760006735848 2.0372336856740255e-06 74629
1760006736217 1.6874204379500563e-06 74639
1760006736585 1.3703499206234112e-06 74649
1760006736961 1.0860988246434696e-06 74659
1760006737333 8.34735902811904e-07 74669
1760006737703 6.163219531532766e-07 74679
1760006738072 4.3090980420961754e-07 74689
1760006738451 2.785443022625639e-07 74699
1760006738829 1.592623004862846e-07 74709
1760006739219 7.309265003356414e-08 74719
1760006739595 2.0056193057648397e-08 74729
1760006739969 1.6575767091679807e-10 74739
1760006740352 0.00027410403964893567 74749
1760006740726 0.0002740576316265448 74759
1760006741098 0.0002739780872038042 74769
1760006741471 0.0002738654256204002 74779
1760006741843 0.0002737196741261819 74789
1760006742219 0.0002735408679745705 74799
1760006742596 0.00027332905041403205 74809
1760006742969 0.000273084272677617 74819
1760006743341 0.0002728065939705682 74829
1760006743712 0.00027249608145600075 74839
1760006744089 0.000272152810238657 74849
1760006744462 0.0002717768633467408 74859
1760006744839 0.0002713683317118351 74869
1760006745219 0.000270927314146908 74879
1760006745588 0.0002704539173224125 74889
1760006745957 0.0002699482557404859 74899
1760006746341 0.00026941045170725454 74909
1760006746704 0.00026884063530325126 74919
1760006747055 0.00026823894435195256 74929
1760006747413 0.00026760552438644255 74939
1760006747765 0.0002669405286142123 74949
1760006748124 0.0002662441178801033 74959
1760006748477 0.0002655164606274032 74969
1760006748834 0.0002647577328571035 74979
1760006749185 0.0002639681180853304 74989
1760006749493 0.0002631478072989563 74999
1760006749753 0.0002622969989094054 75009
1760006749982 0.00026141589870466356 75019
1760006750189 0.0002605047197995033 75029
1760006750492 0.00025956368258393695 75039
1760006750831 0.0002585930146699104 75049
1760006751200 0.0002575929508362497 75059
1760006751556 0.0002565637329718741 75069
1760006751918 0.00025550561001729 75079
1760006752272 0.00025441883790437817 75089
1760006752625 0.0002533036794944914 75099
1760006752976 0.0002521604045148746 75109
1760006753340 0.0002509892894934253 75119
1760006753693 0.000249790617691809 75129
1760006754043 0.00024856467903694527 75139
1760006754395 0.00024731177005088255 75149
1760006754758 0.00024603219377907696 75159
1760006755110 0.00024472625971709393 75169
1760006755474 0.00024339428373574935 75179
1760006755825 0.00024203658800470862 75189
1760006756176 0.00024065350091456264 75199
1760006756532 0.00023924535699739862 75209
1760006756901 0.00023781249684588567 75219
1760006757252 0.00023635526703089465 75229
1760006757615 0.00023487402001767162 75239
1760006757970 0.00023336911408058594 75249
1760006758328 0.00023184091321647317 75259
1760006758691 0.00023028978705659414 75269
1760006759053 0.0002287161107772305 75279
1760006759428 0.00022712026500893985 75289
1760006759798 0.0002255026357444913 75299
1760006760170 0.00022386361424550386 75309
1760006760538 0.0002222035969478108 75319
1760006760907 0.00022052298536557227 75329
1760006761284 0.0002188221859941597 75339
1760006761654 0.00021710161021183536 75349
1760006762029 0.00021536167418025078 75359
1760006762399 0.00021360279874378836 75369
1760006762767 0.0002118254093277703 75379
1760006763138 0.00021002993583555947 75389
1760006763506 0.00020821681254457706 75399
1760006763883 0.00020638647800126265 75409
1760006764258 0.00020453937491500117 75419
1760006764625 0.00020267595005104365 75429
1760006764993 0.00020079665412244587 75439
1760006765361 0.00019890194168105358 75449
1760006765727 0.000196992271007558 75459
1760006766100 0.00019506810400065003 75469
1760006766475 0.0001931299060652991 75479
1760006766841 0.00019117814600018424 75489
1760006767210 0.0001892132958843039 75499
1760006767577 0.00018723583096279275 75509
1760006767945 0.00018524622953197228 75519
1760006768316 0.00018324497282366382 75529
1760006768690 0.00018123254488879123 75539
1760006769069 0.00017920943248030162 75549
1760006769440 0.0001771761249354332 75559
1760006769808 0.00017513311405735707 75569
1760006770178 0.0001730808939962234 75579
1760006770550 0.00017101996112963954 75589
1760006770924 0.00016895081394260926 75599
1760006771305 0.00016687395290696275 75609
1760006771674 0.0001647898803603056 75619
1760006772045 0.00016269910038451657 75629
1760006772413 0.00016060211868382368 75639
1760006772783 0.00015849944246248783 75649
1760006773152 0.00015639158030212328 75659
1760006773522 0.00015427904203868547 75669
1760006773894 0.00015216233863915522 75679
1760006774271 0.0001500419820779493 75689
1760006774645 0.00014791848521308732 75699
1760006775014 0.00014579236166214514 75709
1760006775385 0.00014366412567802427 75719
1760006775764 0.0001415342920245679 75729
1760006776135 0.00013940337585205287 75739
1760006776511 0.00013727189257258885 75749
1760006776889 0.00013514035773545358 75759
1760006777258 0.00013300928690239517 75769
1760006777626 0.00013087919552293148 75779
1760006778003 0.0001287505988096766 75789
1760006778374 0.00012662401161372443 75799
1760006778745 0.00012449994830011996 75809
1760006779121 0.00012237892262344788 75819
1760006779493 0.00012026144760356923 75829
1760006779871 0.00011814803540153521 75839
1760006780244 0.0001160391971957092 75849
1760006780617 0.00011393544305812613 75859
1760006780989 0.00011183728183111971 75869
1760006781368 0.0001097452210042469 75879
1760006781745 0.00010765976659153959 75889
1760006782115 0.00010558142300911339 75899
1760006782490 0.00010351069295316256 75909
1760006782868 0.00010144807727837132 75919
1760006783241 9.939407487677015e-05 75929
1760006783612 9.734918255706726e-05 75939
1760006783998 9.531389492448364e-05 75949
1760006784370 9.328870426112119e-05 75959
1760006784748 9.127410040689266e-05 75969
1760006785121 8.927057064104257e-05 75979
1760006785652 8.7278599564287e-05 75989
1760006786025 8.52986689816018e-05 75999
1760006786404 8.33312577856865e-05 76009
1760006786778 8.137684184113314e-05 76019
1760006787157 7.943589386932697e-05 76029
1760006787530 7.750888333410786e-05 76039
1760006787904 7.559627632821943e-05 76049
1760006788279 7.369853546057333e-05 76059
1760006788651 7.181611974435701e-05 76069
1760006789026 6.994948448600979e-05 76079
1760006789398 6.809908117509713e-05 76089
1760006789769 6.626535737510655e-05 76099
1760006790142 6.444875661519444e-05 76109
1760006790516 6.264971828290776e-05 76119
1760006790893 6.0868677517908185e-05 76129
1760006791280 5.910606510672282e-05 76139
1760006791663 5.736230737854916e-05 76149
1760006792041 5.5637826102136516e-05 76159
1760006792422 5.393303838377193e-05 76169
1760006792801 5.224835656639306e-05 76179
1760006793179 5.0584188129853115e-05 76189
1760006793555 4.8940935592362836e-05 76199
1760006793930 4.731899641313134e-05 76209
1760006794301 4.571876289623184e-05 76219
1760006794671 4.4140622095713404e-05 76229
1760006795049 4.258495572198294e-05 76239
1760006795425 4.1052140049479384e-05 76249
1760006795791 3.9542545825663376e-05 76259
1760006796171 3.805653818134263e-05 76269
1760006796537 3.659447654235697e-05 76279
1760006796905 3.515671454264261e-05 76289
1760006797275 3.374359993869727e-05 76299
1760006797643 3.23554745254676e-05 76309
1760006798011 3.099267405367742e-05 76319
1760006798393 2.9655528148619047e-05 76329
1760006798775 2.8344360230425376e-05 76339
1760006799153 2.70594874358433e-05 76349
1760006799530 2.5801220541526497e-05 76359
1760006799907 2.4569863888867266e-05 76369
1760006800279 2.3365715310383805e-05 76379
1760006800650 2.218906605768291e-05 76389
1760006801026 2.1040200731013746e-05 76399
1760006801405 1.9919397210430495e-05 76409
1760006801782 1.882692658858087e-05 76419
1760006802156 1.7763053105135546e-05 76429
1760006802529 1.672803408287596e-05 76439
1760006802907 1.5722119865454584e-05 76449
1760006803278 1.4745553756843467e-05 76459
1760006803648 1.3798571962485446e-05 76469
1760006804023 1.2881403532162384e-05 76479
1760006804396 1.1994270304593928e-05 76489
1760006804766 1.1137386853780808e-05 76499
1760006805146 1.0310960437105014e-05 76509
1760006805518 9.515190945199588e-06 76519
1760006805893 8.75027085360065e-06 76529
1760006806269 8.016385176192405e-06 76539
1760006806636 7.3137114204573464e-06 76549
1760006807009 6.642419544541908e-06 76559
1760006807380 6.002671916147974e-06 76569
1760006807755 5.394623273260576e-06 76579
1760006808128 4.818420686720807e-06 76589
1760006808505 4.274203524653237e-06 76599
1760006808882 3.7621034187566197e-06 76609
1760006809765 3.2822442324655022e-06 76619
1760006810131 2.834742030991026e-06 76629
1760006810491 2.419705053247879e-06 76639
1760006810852 2.0372336856740255e-06 76649
1760006811217 1.6874204379500563e-06 76659
1760006811585 1.3703499206234112e-06 76669
1760006811953 1.0860988246434696e-06 76679
1760006812319 8.34735902811904e-07 76689
1760006812683 6.163219531532766e-07 76699
1760006813042 4.3090980420961754e-07 76709
1760006813403 2.785443022625639e-07 76719
1760006813766 1.592623004862846e-07 76729
1760006814130 7.309265003356414e-08 76739
1760006828882 1.9955912092360154e-08 76749
1760006829255 1.6492888256221407e-10 76759
1760006829627 0.00027273351945069095 76769
1760006829998 0.00027268734346841205 76779
1760006830366 0.00027260819676778515 76789
1760006830743 0.00027249609849229814 76799
1760006831112 0.00027235107575555097 76809
1760006831469 0.00027217316363469765 76819
1760006831867 0.00027196240516196186 76829
1760006832222 0.0002717188513142289 76839
1760006832581 0.00027144256100071533 76849
1760006832935 0.00027113360104872073 76859
1760006833288 0.00027079204618746364 76869
1760006833691 0.0002704179790300071 76879
1760006834057 0.0002700114900532759 76889
1760006834421 0.00026957267757617343 76899
1760006834783 0.00026910164773580043 76909
1760006835154 0.0002685985144617835 76919
1760006835518 0.0002680633994487182 76929
1760006835886 0.000267496432126735 76939
1760006836250 0.00026689774963019276 76949
1760006836617 0.00026626749676451027 76959
1760006836984 0.00026560582597114123 76969
1760006837350 0.0002649128972907028 76979
1760006837719 0.00026418887832426613 76989
1760006838093 0.000263433944192818 76999
1760006838464 0.0002626482774949038 77009
1760006838834 0.0002618320682624615 77019
1760006839204 0.00026098551391485835 77029
1760006839572 0.0002601088192111402 77039
1760006839942 0.00025920219620050576 77049
1760006840311 0.0002582658641710172 77059
1760006840687 0.0002573000495965608 77069
1760006841059 0.00025630498608206843 77079
1760006841436 0.0002552809143070147 77089
1760006841804 0.0002542280819672035 77099
1760006842174 0.0002531467437148563 77109
1760006842542 0.0002520371610970189 77119
1760006842918 0.00025089960249230015 77129
1760006843294 0.00024973434304595817 77139
1760006843671 0.0002485416646033499 77149
1760006844040 0.0002473218556417605 77159
1760006844409 0.0002460752112006281 77169
1760006844779 0.00024480203281018157 77179
1760006845147 0.00024350262841850843 77189
1760006845530 0.00024217731231707058 77199
1760006845903 0.00024082640506468506 77209
1760006846279 0.00023945023340998982 77219
1760006846658 0.0002380491302124116 77229
1760006847026 0.00023662343436165622 77239
1760006847374 0.00023517349069574015 77249
1760006847720 0.00023369964991758324 77259
1760006848078 0.00023220226851018298 77269
1760006848431 0.0002306817086503908 77279
1760006848782 0.00022913833812131116 77289
1760006849131 0.0002275725302233443 77299
1760006849477 0.00022598466368389512 77309
1760006849820 0.0002243751225657688 77319
1760006850174 0.00022274429617427633 77329
1760006850519 0.0002210925789630717 77339
1760006850867 0.00021942037043874441 77349
1760006851211 0.00021772807506418887 77359
1760006851561 0.00021601610216077618 77369
1760006851903 0.0002142848658093495 77379
1760006852250 0.0002125347847500694 77389
1760006852600 0.00021076628228113145 77399
1760006852948 0.00020897978615638164 77409
1760006853294 0.00020717572848185417 77419
1760006853641 0.00020535454561125633 77429
1760006853985 0.00020351667804042615 77439
1760006854327 0.00020166257030078841 77449
1760006854679 0.00019979267085183363 77459
1760006855022 0.0001979074319726483 77469
1760006855371 0.0001960073096525202 77479
1760006855717 0.00019409276348064677 77489
1760006856074 0.00019216425653497258 77499
1760006856435 0.0001902222552701833 77509
1760006856797 0.00018826722940488237 77519
1760006857148 0.00018629965180797878 77529
1760006857501 0.0001843199983843124 77539
1760006857858 0.00018232874795954548 77549
1760006858217 0.00018032638216434725 77559
1760006858569 0.0001783133853179001 77569
1760006858925 0.00017629024431075601 77579
1760006859278 0.00017425744848707027 77589
1760006859635 0.00017221548952624227 77599
1760006859991 0.00017016486132399132 77609
1760006860349 0.0001681060598728962 77619
1760006860699 0.00016603958314242791 77629
1760006861056 0.00016396593095850405 77639
1760006861410 0.00016188560488259398 77649
1760006861761 0.00015979910809040457 77659
1760006862140 0.00015770694525017538 77669
1760006862493 0.00015560962240061265 77679
1760006862856 0.00015350764682849202 77689
1760006863217 0.00015140152694595942 77699
1760006863574 0.00014929177216755957 77709
1760006863928 0.0001471788927870219 77719
1760006864292 0.0001450633998538344 77729
1760006864646 0.00014294580504963414 77739
1760006865006 0.00014082662056444506 77749
1760006865359 0.0001387063589727926 77759
1760006865717 0.0001365855331097259 77769
1760006866071 0.0001344646559467763 77779
1760006866435 0.0001323442404678832 77789
1760006866802 0.00013022479954531683 77799
1760006867158 0.0001281068458156282 77809
1760006867522 0.00012599089155565578 77819
1760006867882 0.00012387744855861936 77829
1760006868244 0.00012176702801033064 77839
1760006868601 0.00011966014036555138 77849
1760006868960 0.00011755729522452752 77859
1760006869324 0.00011545900120973065 77869
1760006869684 0.00011336576584283549 77879
1760006870042 0.0001112780954219641 77889
1760006870399 0.00010919649489922565 77899
1760006870750 0.00010712146775858187 77909
1760006871100 0.0001050535158940678 77919
1760006871451 0.00010299313948839674 77929
1760006871810 0.00010094083689197946 77939
1760006872161 9.88971045023863e-05 77949
1760006872512 9.686243664428192e-05 77959
1760006872865 9.483732544986122e-05 77969
1760006873213 9.282226073981558e-05 77979
1760006873566 9.081772990485819e-05 77989
1760006873917 8.882421778783735e-05 77999
1760006874274 8.684220656646556e-05 78009
1760006874631 8.487217563669378e-05 78019
1760006874983 8.291460149675807e-05 78029
1760006875332 8.096995763192747e-05 78039
1760006875694 7.903871439998033e-05 78049
1760006876046 7.712133891743731e-05 78059
1760006876405 7.521829494657832e-05 78069
1760006876758 7.333004278327046e-05 78079
1760006877119 7.145703914563522e-05 78089
1760006877475 6.959973706357973e-05 78099
1760006877827 6.775858576922165e-05 78109
1760006878181 6.593403058823101e-05 78119
1760006878535 6.412651283211845e-05 78129
1760006878899 6.233646969149323e-05 78139
1760006879255 6.056433413031864e-05 78149
1760006879622 5.88105347811892e-05 78159
1760006879983 5.707549584165641e-05 78169
1760006880348 5.5359636971625825e-05 78179
1760006880710 5.366337319185307e-05 78189
1760006881069 5.198711478356109e-05 78199
1760006881431 5.0331267189203843e-05 78209
1760006881785 4.869623091440102e-05 78219
1760006882139 4.708240143106568e-05 78229
1760006882494 4.549016908175068e-05 78239
1760006882849 4.391991898523483e-05 78249
1760006883203 4.237203094337303e-05 78259
1760006883554 4.084687934923199e-05 78269
1760006883907 3.934483309653506e-05 78279
1760006884263 3.786625549043591e-05 78289
1760006884613 3.641150415964518e-05 78299
1760006884970 3.4980930969929396e-05 78309
1760006885320 3.357488193900378e-05 78319
1760006885672 3.219369715284026e-05 78329
1760006886021 3.083771068340903e-05 78339
1760006886371 2.950725050787595e-05 78349
1760006886720 2.8202638429273246e-05 78359
1760006887076 2.692418999866408e-05 78369
1760006887426 2.5672214438818862e-05 78379
1760006887778 2.444701456942293e-05 78389
1760006888125 2.3248886733831885e-05 78399
1760006888473 2.2078120727394496e-05 78409
1760006888826 2.0934999727358673e-05 78419
1760006889183 1.981980022437834e-05 78429
1760006889541 1.8732791955637963e-05 78439
1760006889889 1.7674237839609868e-05 78449
1760006890241 1.6644393912461577e-05 78459
1760006890589 1.5643509266127308e-05 78469
1760006890941 1.467182598805925e-05 78479
1760006891290 1.3729579102673018e-05 78489
1760006891646 1.2816996514501572e-05 78499
1760006891997 1.1934298953070957e-05 78509
1760006892350 1.1081699919511903e-05 78519
1760006892699 1.0259405634919488e-05 78529
1760006893047 9.46761499047359e-06 78539
1760006893398 8.706519499332647e-06 78549
1760006893748 7.976303250311441e-06 78559
1760006894104 7.277142863355059e-06 78569
1760006894456 6.609207446819197e-06 78579
1760006894806 5.972658556567233e-06 78589
1760006895161 5.367650156894272e-06 78599
1760006895513 4.794328583287203e-06 78609
1760006895863 4.25283250702997e-06 78619
1760006896214 3.743292901662836e-06 78629
1760006896564 3.2658330113031744e-06 78639
1760006896925 2.8205683208360707e-06 78649
1760006897282 2.4076065279816393e-06 78659
1760006897634 2.0270475172456554e-06 78669
1760006897980 1.678983335760306e-06 78679
1760006898324 1.3634981710202943e-06 78689
1760006898668 1.080668330520252e-06 78699
1760006899020 8.305622232978444e-07 78709
1760006899361 6.132403433875102e-07 78719
1760006899702 4.287552551885694e-07 78729
1760006900049 2.771515807512511e-07 78739
1760006900391 1.5846598898385317e-07 78749
1760006900736 7.272718678339631e-08 78759
1760006901088 1.9955912092360154e-08 78769
1760006901439 1.6492888256221407e-10 78779
1760006901786 0.00027273351945069095 78789
1760006902140 0.00027268734346841205 78799
1760006902489 0.00027260819676778515 78809
1760006902847 0.00027249609849229814 78819
1760006903207 0.00027235107575555097 78829
1760006903562 0.00027217316363469765 78839
1760006903913 0.00027196240516196186 78849
1760006904264 0.0002717188513142289 78859
1760006904619 0.00027144256100071533 78869
1760006904978 0.00027113360104872073 78879
1760006905331 0.00027079204618746364 78889
1760006905700 0.0002704179790300071 78899
1760006906052 0.0002700114900532759 78909
1760006906408 0.00026957267757617343 78919
1760006906763 0.00026910164773580043 78929
1760006907121 0.0002685985144617835 78939
1760006907476 0.0002680633994487182 78949
1760006907835 0.000267496432126735 78959
1760006908192 0.00026689774963019276 78969
1760006908546 0.00026626749676451027 78979
1760006908920 0.00026560582597114123 78989
1760006909284 0.0002649128972907028 78999
1760006909648 0.00026418887832426613 79009
1760006910012 0.000263433944192818 79019
1760006910382 0.0002626482774949038 79029
1760006910741 0.0002618320682624615 79039
1760006911099 0.00026098551391485835 79049
1760006911471 0.0002601088192111402 79059
1760006911829 0.00025920219620050576 79069
1760006912193 0.0002582658641710172 79079
1760006912559 0.0002573000495965608 79089
1760006912918 0.00025630498608206843 79099
1760006913276 0.0002552809143070147 79109
1760006913640 0.0002542280819672035 79119
1760006913992 0.0002531467437148563 79129
1760006914350 0.0002520371610970189 79139
1760006914714 0.00025089960249230015 79149
1760006915083 0.00024973434304595817 79159
1760006915439 0.0002485416646033499 79169
1760006915793 0.0002473218556417605 79179
1760006916155 0.0002460752112006281 79189
1760006916515 0.00024480203281018157 79199
1760006916879 0.00024350262841850843 79209
1760006917249 0.00024217731231707058 79219
1760006917609 0.00024082640506468506 79229
1760006917969 0.00023945023340998982 79239
1760006918330 0.0002380491302124116 79249
1760006918691 0.00023662343436165622 79259
1760006919048 0.00023517349069574015 79269
1760006919411 0.00023369964991758324 79279
1760006919775 0.00023220226851018298 79289
1760006920134 0.0002306817086503908 79299
1760006920496 0.00022913833812131116 79309
1760006920856 0.0002275725302233443 79319
1760006921220 0.00022598466368389512 79329
1760006921594 0.0002243751225657688 79339
1760006921957 0.00022274429617427633 79349
1760006922324 0.0002210925789630717 79359
1760006922688 0.00021942037043874441 79369
1760006923056 0.00021772807506418887 79379
1760006923419 0.00021601610216077618 79389
1760006923783 0.0002142848658093495 79399
1760006924145 0.0002125347847500694 79409
1760006924512 0.00021076628228113145 79419
1760006924888 0.00020897978615638164 79429
1760006925253 0.00020717572848185417 79439
1760006925617 0.00020535454561125633 79449
1760006925981 0.00020351667804042615 79459
1760006926347 0.00020166257030078841 79469
1760006926712 0.00019979267085183363 79479
1760006927087 0.0001979074319726483 79489
1760006927458 0.0001960073096525202 79499
1760006927829 0.00019409276348064677 79509
1760006928205 0.00019216425653497258 79519
1760006928576 0.0001902222552701833 79529
1760006928945 0.00018826722940488237 79539
1760006929314 0.00018629965180797878 79549
1760006929685 0.0001843199983843124 79559
1760006930055 0.00018232874795954548 79569
1760006930425 0.00018032638216434725 79579
1760006930794 0.0001783133853179001 79589
1760006931163 0.00017629024431075601 79599
1760006931535 0.00017425744848707027 79609
1760006931905 0.00017221548952624227 79619
1760006932276 0.00017016486132399132 79629
1760006932645 0.0001681060598728962 79639
1760006933013 0.00016603958314242791 79649
1760006933383 0.00016396593095850405 79659
1760006933750 0.00016188560488259398 79669
1760006934118 0.00015979910809040457 79679
1760006934488 0.00015770694525017538 79689
1760006934857 0.00015560962240061265 79699
1760006935227 0.00015350764682849202 79709
1760006935597 0.00015140152694595942 79719
1760006935963 0.00014929177216755957 79729
1760006936335 0.0001471788927870219 79739
1760006936701 0.0001450633998538344 79749
1760006937073 0.00014294580504963414 79759
1760006937443 0.00014082662056444506 79769
1760006937811 0.0001387063589727926 79779
1760006938180 0.0001365855331097259 79789
1760006938548 0.0001344646559467763 79799
1760006938916 0.0001323442404678832 79809
1760006939285 0.00013022479954531683 79819
1760006939655 0.0001281068458156282 79829
1760006940024 0.00012599089155565578 79839
1760006940395 0.00012387744855861936 79849
1760006940762 0.00012176702801033064 79859
1760006941132 0.00011966014036555138 79869
1760006941501 0.00011755729522452752 79879
1760006941870 0.00011545900120973065 79889
1760006942241 0.00011336576584283549 79899
1760006942610 0.0001112780954219641 79909
1760006942978 0.00010919649489922565 79919
1760006943347 0.00010712146775858187 79929
1760006943714 0.0001050535158940678 79939
1760006944085 0.00010299313948839674 79949
1760006944455 0.00010094083689197946 79959
1760006944822 9.88971045023863e-05 79969
1760006945192 9.686243664428192e-05 79979
1760006945560 9.483732544986122e-05 79989
1760006945928 9.282226073981558e-05 79999
1760006946297 9.081772990485819e-05 80009
1760006946665 8.882421778783735e-05 80019
1760006947034 8.684220656646556e-05 80029
1760006947406 8.487217563669378e-05 80039
1760006947774 8.291460149675807e-05 80049
1760006948145 8.096995763192747e-05 80059
1760006948513 7.903871439998033e-05 80069
1760006948893 7.712133891743731e-05 80079
1760006949264 7.521829494657832e-05 80089
1760006949634 7.333004278327046e-05 80099
1760006950003 7.145703914563522e-05 80109
1760006950372 6.959973706357973e-05 80119
1760006950739 6.775858576922165e-05 80129
1760006951110 6.593403058823101e-05 80139
1760006951480 6.412651283211845e-05 80149
1760006951850 6.233646969149323e-05 80159
1760006952220 6.056433413031864e-05 80169
1760006952587 5.88105347811892e-05 80179
1760006952958 5.707549584165641e-05 80189
1760006953330 5.5359636971625825e-05 80199
1760006953702 5.366337319185307e-05 80209
1760006954077 5.198711478356109e-05 80219
1760006954450 5.0331267189203843e-05 80229
1760006954823 4.869623091440102e-05 80239
1760006955196 4.708240143106568e-05 80249
1760006955567 4.549016908175068e-05 80259
1760006955947 4.391991898523483e-05 80269
1760006956327 4.237203094337303e-05 80279
1760006956701 4.084687934923199e-05 80289
1760006957076 3.934483309653506e-05 80299
1760006957448 3.786625549043591e-05 80309
1760006957821 3.641150415964518e-05 80319
1760006958210 3.4980930969929396e-05 80329
1760006958581 3.357488193900378e-05 80339
1760006958958 3.219369715284026e-05 80349
1760006959330 3.083771068340903e-05 80359
1760006959699 2.950725050787595e-05 80369
1760006960069 2.8202638429273246e-05 80379
1760006960438 2.692418999866408e-05 80389
1760006960816 2.5672214438818862e-05 80399
1760006961192 2.444701456942293e-05 80409
1760006961563 2.3248886733831885e-05 80419
1760006961934 2.2078120727394496e-05 80429
1760006962305 2.0934999727358673e-05 80439
1760006962676 1.981980022437834e-05 80449
1760006963053 1.8732791955637963e-05 80459
1760006963426 1.7674237839609868e-05 80469
1760006963798 1.6644393912461577e-05 80479
1760006964168 1.5643509266127308e-05 80489
1760006964536 1.467182598805925e-05 80499
1760006964904 1.3729579102673018e-05 80509
1760006965276 1.2816996514501572e-05 80519
1760006965652 1.1934298953070957e-05 80529
1760006966028 1.1081699919511903e-05 80539
1760006966402 1.0259405634919488e-05 80549
1760006966776 9.46761499047359e-06 80559
1760006967148 8.706519499332647e-06 80569
1760006967519 7.976303250311441e-06 80579
1760006967900 7.277142863355059e-06 80589
1760006968279 6.609207446819197e-06 80599
1760006968655 5.972658556567233e-06 80609
1760006969025 5.367650156894272e-06 80619
1760006969396 4.794328583287203e-06 80629
1760006969765 4.25283250702997e-06 80639
1760006970143 3.743292901662836e-06 80649
1760006971020 3.2658330113031744e-06 80659
1760006971383 2.8205683208360707e-06 80669
1760006971744 2.4076065279816393e-06 80679
1760006972106 2.0270475172456554e-06 80689
1760006972469 1.678983335760306e-06 80699
1760006972830 1.3634981710202943e-06 80709
1760006973191 1.080668330520252e-06 80719
1760006973556 8.305622232978444e-07 80729
1760006973918 6.132403433875102e-07 80739
1760006974281 4.287552551885694e-07 80749
1760006974643 2.771515807512511e-07 80759
1760006975004 1.5846598898385317e-07 80769
1760006975367 7.272718678339631e-08 80779
1760006989627 1.9856132531898354e-08 80789
1760006989916 1.64104238149403e-10 80799
1760006990228 0.00027136985185343754 80809
1760006990580 0.00027132390675107 80819
1760006990950 0.0002712451557839462 80829
1760006991316 0.00027113361799983664 80839
1760006991732 0.00027098932037677325 80849
1760006992082 0.00027081229781652415 80859
1760006992441 0.00027060259313615206 80869
1760006992793 0.0002703602570576578 80879
1760006993143 0.0002700853481957118 80889
1760006993493 0.00026977793304347713 80899
1760006993852 0.00026943808595652634 80909
1760006994224 0.0002690658891348571 80919
1760006994593 0.0002686614326030095 80929
1760006994962 0.0002682248141882926 80939
1760006995328 0.00026775613949712144 80949
1760006995698 0.00026725552188947455 80959
1760006996067 0.00026672308245147464 80969
1760006996435 0.00026615894996610134 80979
1760006996807 0.0002655632608820418 80989
1760006997183 0.0002649361592806878 80999
1760006997553 0.00026427779684128555 81009
1760006997922 0.00026358833280424926 81019
1760006998310 0.00026286793393264483 81029
1760006998689 0.00026211677447185395 81039
1760006999062 0.00026133503610742924 81049
1760006999434 0.0002605229079211492 81059
1760006999809 0.00025968058634528405 81069
1760007000178 0.00025880827511508454 81079
1760007000553 0.0002579061852195032 81089
1760007000921 0.0002569745348501622 81099
1760007001290 0.00025601354934857805 81109
1760007001662 0.0002550234611516581 81119
1760007002034 0.00025400450973547963 81129
1760007002404 0.0002529569415573675 81139
1760007002772 0.000251881009996282 81149
1760007003140 0.0002507769752915338 81159
1760007003507 0.0002496451044798387 81169
1760007003875 0.00024848567133072837 81179
1760007004243 0.0002472989562803332 81189
1760007004610 0.00024608524636355174 81199
1760007004977 0.000244844835144625 81209
1760007005350 0.00024357802264613065 81219
1760007005718 0.0002422851152764159 81229
1760007006086 0.00024096642575548524 81239
1760007006452 0.00023962227303936165 81249
1760007006820 0.00023825298224293987 81259
1760007007189 0.00023685888456134954 81269
1760007007557 0.00023544031718984796 81279
1760007007927 0.00023399762324226146 81289
1760007008294 0.00023253115166799532 81299
1760007008661 0.00023104125716763208 81309
1760007009032 0.00022952830010713885 81319
1760007009403 0.00022799264643070461 81329
1760007009771 0.0002264346675722276 81339
1760007010141 0.00022485474036547566 81349
1760007010509 0.00022325324695293998 81359
1760007010876 0.00022163057469340493 81369
1760007011242 0.00021998711606825637 81379
1760007011619 0.00021832326858655068 81389
1760007011987 0.00021663943468886793 81399
1760007012361 0.0002149360216499723 81409
1760007012728 0.00021321344148030277 81419
1760007013098 0.00021147211082631905 81429
1760007013490 0.0002097124508697258 81439
1760007013866 0.00020793488722559974 81449
1760007014238 0.0002061398498394449 81459
1760007014618 0.00020432777288320004 81469
1760007014995 0.00020249909465022405 81479
1760007015361 0.00020065425744928447 81489
1760007015728 0.00019879370749757445 81499
1760007016095 0.00019691789481278508 81509
1760007016467 0.0001950272731042576 81519
1760007016838 0.00019312229966324355 81529
1760007017217 0.00019120343525229772 81539
1760007017584 0.0001892711439938324 81549
1760007017947 0.00018732589325785797 81559
1760007018310 0.00018536815354893888 81569
1760007018674 0.00018339839839239084 81579
1760007019036 0.00018141710421974776 81589
1760007019400 0.00017942475025352553 81599
1760007019765 0.00017742181839131062 81609
1760007020130 0.00017540879308920225 81619
1760007020496 0.00017338616124463492 81629
1760007020861 0.00017135441207861106 81639
1760007021232 0.00016931403701737137 81649
1760007021598 0.00016726552957353172 81659
1760007021968 0.0001652093852267158 81669
1760007022336 0.00016314610130371154 81679
1760007022703 0.000161076176858181 81689
1760007023071 0.00015900011254995253 81699
1760007023444 0.0001569184105239245 81709
1760007023815 0.0001548315742886096 81719
1760007024187 0.00015274010859434958 81729
1760007024561 0.00015064451931122964 81739
1760007024933 0.00014854531330672177 81749
1760007025311 0.0001464429983230868 81759
1760007025692 0.00014433808285456524 81769
1760007026068 0.00014223107602438597 81779
1760007026441 0.00014012248746162284 81789
1760007026821 0.00013801282717792863 81799
1760007027197 0.00013590260544417727 81809
1760007027566 0.00013379233266704241 81819
1760007027950 0.00013168251926554378 81829
1760007028331 0.00012957367554759024 81839
1760007028707 0.00012746631158655006 81849
1760007029083 0.00012536093709787752 81859
1760007029461 0.00012325806131582625 81869
1760007029842 0.000121158192870279 81879
1760007030222 0.00011906183966372363 81889
1760007030604 0.00011696950874840489 81899
1760007030979 0.000114881706203682 81909
1760007031355 0.00011279893701362132 81919
1760007031726 0.0001107217049448543 81929
1760007032102 0.00010865051242472953 81939
1760007032473 0.00010658586041978898 81949
1760007032851 0.00010452824831459748 81959
1760007033227 0.00010247817379095476 81969
1760007033605 0.00010043613270751956 81979
1760007033982 9.840261897987437e-05 81989
1760007034357 9.637812446106051e-05 81999
1760007034730 9.436313882261191e-05 82009
1760007035102 9.23581494361165e-05 82019
1760007035480 9.036364125533391e-05 82029
1760007035855 8.838009669889817e-05 82039
1760007036229 8.640799553363323e-05 82049
1760007036596 8.444781475851032e-05 82059
1760007036973 8.250002848927428e-05 82069
1760007037350 8.056510784376784e-05 82079
1760007037724 7.864352082798043e-05 82089
1760007038104 7.673573222285013e-05 82099
1760007038473 7.484220347184544e-05 82109
1760007038847 7.296339256935411e-05 82119
1760007039219 7.109975394990705e-05 82129
1760007039600 6.925173837826183e-05 82139
1760007039983 6.741979284037553e-05 82149
1760007040357 6.560436043528987e-05 82159
1760007040735 6.380588026795787e-05 82169
1760007041107 6.202478734303577e-05 82179
1760007041483 6.026151245966705e-05 82189
1760007041851 5.851648210728326e-05 82199
1760007042220 5.679011836244813e-05 82209
1760007042595 5.5082838786767696e-05 82219
1760007042970 5.3395056325893805e-05 82229
1760007043351 5.172717920964329e-05 82239
1760007043730 5.007961085325783e-05 82249
1760007044103 4.845274975982901e-05 82259
1760007044481 4.6846989423910355e-05 82269
1760007044863 4.526271823634193e-05 82279
1760007045236 4.370031939030866e-05 82289
1760007045610 4.216017078865616e-05 82299
1760007045985 4.064264495248583e-05 82309
1760007046355 3.914810893105238e-05 82319
1760007046724 3.7676924212983735e-05 82329
1760007047091 3.6229446638846955e-05 82339
1760007047464 3.480602631507975e-05 82349
1760007047832 3.340700752930876e-05 82359
1760007048202 3.203272866707606e-05 82369
1760007048575 3.068352212999199e-05 82379
1760007048945 2.935971425533657e-05 82389
1760007049314 2.806162523712688e-05 82399
1760007049681 2.678956904867076e-05 82409
1760007050048 2.554385336662477e-05 82419
1760007050419 2.4324779496575817e-05 82429
1760007050783 2.3132642300162724e-05 82439
1760007051149 2.1967730123757523e-05 82449
1760007051517 2.083032472872188e-05 82459
1760007051884 1.972070122325645e-05 82469
1760007052251 1.8639127995859773e-05 82479
1760007052627 1.758586665041182e-05 82489
1760007052995 1.6561171942899273e-05 82499
1760007053363 1.5565291719796673e-05 82509
1760007053731 1.4598466858118953e-05 82519
1760007054100 1.3660931207159654e-05 82529
1760007054472 1.2752911531929065e-05 82539
1760007054838 1.1874627458305603e-05 82549
1760007055206 1.1026291419914344e-05 82559
1760007055575 1.020810860674489e-05 82569
1760007055944 9.420276915521222e-06 82579
1760007056313 8.662986901835984e-06 82589
1760007056686 7.936421734059884e-06 82599
1760007057063 7.240757149038284e-06 82609
1760007057431 6.5761614095851015e-06 82619
1760007057800 5.942795263784397e-06 82629
1760007058170 5.340811906109801e-06 82639
1760007058541 4.770356940370767e-06 82649
1760007058912 4.231568344494821e-06 82659
1760007059282 3.724576437154522e-06 82669
1760007059651 3.2495038462466587e-06 82679
1760007060023 2.80646547923189e-06 82689
1760007060394 2.3955684953417314e-06 82699
1760007060766 2.0169122796594273e-06 82709
1760007061135 1.6705884190815044e-06 82719
1760007061515 1.3566806801651927e-06 82729
1760007061887 1.075264988867651e-06 82739
1760007062258 8.264094121813552e-07 82749
1760007062633 6.101741416705727e-07 82759
1760007063010 4.266114789126266e-07 82769
1760007063383 2.757658228474948e-07 82779
1760007063760 1.576736590389339e-07 82789
1760007064132 7.236355084947933e-08 82799
1760007064505 1.9856132531898354e-08 82809
1760007064878 1.64104238149403e-10 82819
1760007065249 0.00027136985185343754 82829
1760007065620 0.00027132390675107 82839
1760007065987 0.0002712451557839462 82849
1760007066357 0.00027113361799983664 82859
1760007066725 0.00027098932037677325 82869
1760007067093 0.00027081229781652415 82879
1760007067463 0.00027060259313615206 82889
1760007067831 0.0002703602570576578 82899
1760007068199 0.0002700853481957118 82909
1760007068569 0.00026977793304347713 82919
1760007068940 0.00026943808595652634 82929
1760007069308 0.0002690658891348571 82939
1760007069678 0.0002686614326030095 82949
1760007070048 0.0002682248141882926 82959
1760007070416 0.00026775613949712144 82969
1760007070783 0.00026725552188947455 82979
1760007071155 0.00026672308245147464 82989
1760007071524 0.00026615894996610134 82999
1760007071893 0.0002655632608820418 83009
1760007072263 0.0002649361592806878 83019
1760007072632 0.00026427779684128555 83029
1760007073000 0.00026358833280424926 83039
1760007073375 0.00026286793393264483 83049
1760007073740 0.00026211677447185395 83059
1760007074107 0.00026133503610742924 83069
1760007074475 0.0002605229079211492 83079
1760007074840 0.00025968058634528405 83089
1760007075204 0.00025880827511508454 83099
1760007075569 0.0002579061852195032 83109
1760007075934 0.0002569745348501622 83119
1760007076305 0.00025601354934857805 83129
1760007076681 0.0002550234611516581 83139
1760007077053 0.00025400450973547963 83149
1760007077425 0.0002529569415573675 83159
1760007077803 0.000251881009996282 83169
1760007078187 0.0002507769752915338 83179
1760007078557 0.0002496451044798387 83189
1760007078928 0.00024848567133072837 83199
1760007079301 0.0002472989562803332 83209
1760007079674 0.00024608524636355174 83219
1760007080045 0.000244844835144625 83229
1760007080424 0.00024357802264613065 83239
1760007080797 0.0002422851152764159 83249
1760007081168 0.00024096642575548524 83259
1760007081544 0.00023962227303936165 83269
1760007081915 0.00023825298224293987 83279
1760007082287 0.00023685888456134954 83289
1760007082665 0.00023544031718984796 83299
1760007083037 0.00023399762324226146 83309
1760007083406 0.00023253115166799532 83319
1760007083776 0.00023104125716763208 83329
1760007084147 0.00022952830010713885 83339
1760007084520 0.00022799264643070461 83349
1760007084890 0.0002264346675722276 83359
1760007085320 0.00022485474036547566 83369
1760007085785 0.00022325324695293998 83379
1760007086151 0.00022163057469340493 83389
1760007086520 0.00021998711606825637 83399
1760007086889 0.00021832326858655068 83409
1760007087253 0.00021663943468886793 83419
1760007087627 0.0002149360216499723 83429
1760007087995 0.00021321344148030277 83439
1760007088361 0.00021147211082631905 83449
1760007088731 0.0002097124508697258 83459
1760007089103 0.00020793488722559974 83469
1760007089477 0.0002061398498394449 83479
1760007089850 0.00020432777288320004 83489
1760007090225 0.00020249909465022405 83499
1760007090596 0.00020065425744928447 83509
1760007090966 0.00019879370749757445 83519
1760007091340 0.00019691789481278508 83529
1760007091711 0.0001950272731042576 83539
1760007092080 0.00019312229966324355 83549
1760007092452 0.00019120343525229772 83559
1760007092823 0.0001892711439938324 83569
1760007093192 0.00018732589325785797 83579
1760007093564 0.00018536815354893888 83589
1760007093942 0.00018339839839239084 83599
1760007094312 0.00018141710421974776 83609
1760007094686 0.00017942475025352553 83619
1760007095059 0.00017742181839131062 83629
1760007095434 0.00017540879308920225 83639
1760007095806 0.00017338616124463492 83649
1760007096178 0.00017135441207861106 83659
1760007096553 0.00016931403701737137 83669
1760007096931 0.00016726552957353172 83679
1760007097308 0.0001652093852267158 83689
1760007097681 0.00016314610130371154 83699
1760007098052 0.000161076176858181 83709
1760007098426 0.00015900011254995253 83719
1760007098806 0.0001569184105239245 83729
1760007099175 0.0001548315742886096 83739
1760007099547 0.00015274010859434958 83749
1760007099924 0.00015064451931122964 83759
1760007100295 0.00014854531330672177 83769
1760007100679 0.0001464429983230868 83779
1760007101051 0.00014433808285456524 83789
1760007101421 0.00014223107602438597 83799
1760007101790 0.00014012248746162284 83809
1760007102163 0.00013801282717792863 83819
1760007102543 0.00013590260544417727 83829
1760007102913 0.00013379233266704241 83839
1760007103292 0.00013168251926554378 83849
1760007103665 0.00012957367554759024 83859
1760007104036 0.00012746631158655006 83869
1760007104408 0.00012536093709787752 83879
1760007104783 0.00012325806131582625 83889
1760007105152 0.000121158192870279 83899
1760007105526 0.00011906183966372363 83909
1760007105910 0.00011696950874840489 83919
1760007106276 0.000114881706203682 83929
1760007106641 0.00011279893701362132 83939
1760007106999 0.0001107217049448543 83949
1760007107359 0.00010865051242472953 83959
1760007107716 0.00010658586041978898 83969
1760007108079 0.00010452824831459748 83979
1760007108437 0.00010247817379095476 83989
1760007108802 0.00010043613270751956 83999
1760007109158 9.840261897987437e-05 84009
1760007109514 9.637812446106051e-05 84019
1760007109868 9.436313882261191e-05 84029
1760007110242 9.23581494361165e-05 84039
1760007110618 9.036364125533391e-05 84049
1760007110993 8.838009669889817e-05 84059
1760007111368 8.640799553363323e-05 84069
1760007111737 8.444781475851032e-05 84079
1760007112108 8.250002848927428e-05 84089
1760007112479 8.056510784376784e-05 84099
1760007112853 7.864352082798043e-05 84109
1760007113230 7.673573222285013e-05 84119
1760007113603 7.484220347184544e-05 84129
1760007113979 7.296339256935411e-05 84139
1760007114358 7.109975394990705e-05 84149
1760007114735 6.925173837826183e-05 84159
1760007115109 6.741979284037553e-05 84169
1760007115487 6.560436043528987e-05 84179
1760007115861 6.380588026795787e-05 84189
1760007116247 6.202478734303577e-05 84199
1760007116626 6.026151245966705e-05 84209
1760007117005 5.851648210728326e-05 84219
1760007117381 5.679011836244813e-05 84229
1760007117732 5.5082838786767696e-05 84239
1760007118083 5.3395056325893805e-05 84249
1760007118446 5.172717920964329e-05 84259
1760007118801 5.007961085325783e-05 84269
1760007119152 4.845274975982901e-05 84279
1760007119505 4.6846989423910355e-05 84289
1760007119867 4.526271823634193e-05 84299
1760007120260 4.370031939030866e-05 84309
1760007120629 4.216017078865616e-05 84319
1760007120995 4.064264495248583e-05 84329
1760007121363 3.914810893105238e-05 84339
1760007121739 3.7676924212983735e-05 84349
1760007122148 3.6229446638846955e-05 84359
1760007122542 3.480602631507975e-05 84369
1760007122920 3.340700752930876e-05 84379
1760007123281 3.203272866707606e-05 84389
1760007123647 3.068352212999199e-05 84399
1760007124013 2.935971425533657e-05 84409
1760007124376 2.806162523712688e-05 84419
1760007124739 2.678956904867076e-05 84429
1760007125117 2.554385336662477e-05 84439
1760007125481 2.4324779496575817e-05 84449
1760007125844 2.3132642300162724e-05 84459
1760007126209 2.1967730123757523e-05 84469
1760007126580 2.083032472872188e-05 84479
1760007126956 1.972070122325645e-05 84489
1760007127310 1.8639127995859773e-05 84499
1760007127674 1.758586665041182e-05 84509
1760007128050 1.6561171942899273e-05 84519
1760007128420 1.5565291719796673e-05 84529
1760007128791 1.4598466858118953e-05 84539
1760007129161 1.3660931207159654e-05 84549
1760007129538 1.2752911531929065e-05 84559
1760007129912 1.1874627458305603e-05 84569
1760007130285 1.1026291419914344e-05 84579
1760007130661 1.020810860674489e-05 84589
1760007131036 9.420276915521222e-06 84599
1760007131392 8.662986901835984e-06 84609
1760007131745 7.936421734059884e-06 84619
1760007132098 7.240757149038284e-06 84629
1760007132461 6.5761614095851015e-06 84639
1760007132815 5.942795263784397e-06 84649
1760007133170 5.340811906109801e-06 84659
1760007133523 4.770356940370767e-06 84669
1760007133880 4.231568344494821e-06 84679
1760007134230 3.724576437154522e-06 84689
1760007135094 3.2495038462466587e-06 84699
1760007135436 2.80646547923189e-06 84709
1760007135777 2.3955684953417314e-06 84719
1760007136117 2.0169122796594273e-06 84729
1760007136461 1.6705884190815044e-06 84739
1760007136801 1.3566806801651927e-06 84749
1760007137143 1.075264988867651e-06 84759
1760007137484 8.264094121813552e-07 84769
1760007137829 6.101741416705727e-07 84779
1760007138171 4.266114789126266e-07 84789
1760007138512 2.757658228474948e-07 84799
1760007138854 1.576736590389339e-07 84809
1760007199615 7.236355084947933e-08 84819
1760007200018 1.9756851869238864e-08 84829
1760007200392 1.6328371695865599e-10 84839
1760007200782 0.00027001300259417037 84849
1760007201134 0.00026996728721731463 84859
1760007201492 0.0002698889300050265 84869
1760007201864 0.0002697779499098375 84879
1760007202269 0.0002696343737748894 84889
1760007202629 0.00026945823632744154 84899
1760007202984 0.00026924958017047134 84909
1760007203342 0.0002690084557723695 84919
1760007203706 0.00026873492145473323 84929
1760007204065 0.00026842904337825974 84939
1760007204427 0.0002680908955267437 84949
1760007204803 0.0002677205596891828 84959
1760007205170 0.0002673181254399945 84969
1760007205532 0.0002668836901173511 84979
1760007205896 0.00026641735879963586 84989
1760007206262 0.0002659192442800272 84999
1760007206628 0.0002653894670392173 85009
1760007207004 0.0002648281552162708 85019
1760007207385 0.0002642354445776316 85029
1760007207754 0.00026361147848428433 85039
1760007208111 0.0002629564078570791 85049
1760007208479 0.00026227039114022806 85059
1760007208844 0.00026155359426298163 85069
1760007209206 0.00026080619059949467 85079
1760007209576 0.0002600283609268921 85089
1760007209956 0.0002592202933815434 85099
1760007210328 0.00025838218341355765 85109
1760007210706 0.0002575142337395091 85119
1760007211065 0.00025661665429340573 85129
1760007211431 0.00025568966217591135 85139
1760007211814 0.0002547334816018351 85149
1760007212193 0.00025374834384589976 85159
1760007212586 0.00025273448718680225 85169
1760007212962 0.00025169215684958066 85179
1760007213336 0.0002506216049463006 85189
1760007213737 0.00024952309041507617 85199
1760007214106 0.0002483968789574395 85209
1760007214477 0.00024724324297407474 85219
1760007214851 0.00024606246149893153 85229
1760007215216 0.000244854820131734 85239
1760007215590 0.00024362061096890183 85249
1760007215960 0.0002423601325329 85259
1760007216337 0.00024107368970003383 85269
1760007216702 0.0002397615936267078 85279
1760007217073 0.00023842416167416483 85289
1760007217447 0.0002370617173317252 85299
1760007217820 0.0002356745901385428 85309
1760007218199 0.0002342631156038987 85319
1760007218586 0.00023282763512605015 85329
1760007218966 0.00023136849590965535 85339
1760007219344 0.00022988605088179392 85349
1760007219723 0.00022838065860660315 85359
1760007220103 0.00022685268319855108 85369
1760007220486 0.00022530249423436646 85379
1760007220883 0.0002237304666636483 85389
1760007221253 0.00022213698071817526 85399
1760007221630 0.0002205224218199379 85409
1760007222005 0.00021888718048791508 85419
1760007222378 0.00021723165224361794 85429
1760007222742 0.00021555623751542358 85439
1760007223100 0.00021386134154172245 85449
1760007223470 0.00021214737427290126 85459
1760007223817 0.00021041475027218747 85469
1760007224173 0.00020866388861537715 85479
1760007224526 0.00020689521278947174 85489
1760007224873 0.0002051091505902477 85499
1760007225228 0.00020330613401878405 85509
1760007225585 0.00020148659917697292 85519
1760007225939 0.00019965098616203807 85529
1760007226293 0.00019779973896008658 85539
1760007226644 0.00019593330533872115 85549
1760007227006 0.0001940521367387363 85559
1760007227365 0.00019215668816492733 85569
1760007227726 0.00019024741807603624 85579
1760007228088 0.00018832478827386322 85589
1760007228449 0.0001863892637915687 85599
1760007228837 0.00018444131278119418 85609
1760007229204 0.0001824814064004289 85619
1760007229568 0.000180510018698649 85629
1760007229931 0.0001785276265022579 85639
1760007230297 0.00017653470929935406 85649
1760007230663 0.00017453174912375623 85659
1760007231028 0.00017251923043841175 85669
1760007231395 0.000170497640018218 85679
1760007231760 0.00016846746683228452 85689
1760007232126 0.00016642920192566407 85699
1760007232490 0.00016438333830058222 85709
1760007232857 0.000162330370797193 85719
1760007233224 0.0001602707959738901 85729
1760007233589 0.0001582051119872028 85739
1760007233946 0.0001561338184713049 85749
1760007234305 0.00015405741641716654 85759
1760007234660 0.00015197640805137783 85769
1760007235022 0.00014989129671467348 85779
1760007235372 0.00014780258674018817 85789
1760007235720 0.00014571078333147134 85799
1760007236071 0.0001436163924402924 85809
1760007236424 0.00014151992064426406 85819
1760007236777 0.00013942187502431473 85829
1760007237132 0.000137322763042039 85839
1760007237489 0.0001352230924169564 85849
1760007237850 0.0001331233710037072 85859
1760007238211 0.00013102410666921606 85869
1760007238569 0.00012892580716985228 85879
1760007238923 0.0001268289800286173 85889
1760007239279 0.00012473413241238812 85899
1760007239638 0.00012264177100924714 85909
1760007239993 0.0001205524019059276 85919
1760007240351 0.00011846653046540501 85929
1760007240709 0.00011638466120466287 85939
1760007241066 0.00011430729767266359 85949
1760007241425 0.00011223494232855321 85959
1760007241784 0.00011016809642013001 85969
1760007242140 0.00010810725986260588 85979
1760007242490 0.00010605293111769002 85989
1760007242859 0.00010400560707302449 85999
1760007243265 0.000101965782922 86009
1760007243667 9.993395204398196e-05 86019
1760007244065 9.791060588497499e-05 86029
1760007244432 9.589623383875521e-05 86039
1760007244799 9.389132312849885e-05 86049
1760007245167 9.189635868893591e-05 86059
1760007245545 8.991182304905724e-05 86069
1760007245920 8.793819621540368e-05 86079
1760007246307 8.597595555596506e-05 86089
1760007246700 8.402557568471777e-05 86099
1760007247086 8.208752834682792e-05 86109
1760007247471 8.0162282304549e-05 86119
1760007247844 7.825030322384053e-05 86129
1760007248231 7.635205356173587e-05 86139
1760007248606 7.446799245448622e-05 86149
1760007248978 7.259857560650734e-05 86159
1760007249345 7.074425518015751e-05 86169
1760007249713 6.890547968637053e-05 86179
1760007250075 6.708269387617366e-05 86189
1760007250433 6.527633863311342e-05 86199
1760007250796 6.348685086661807e-05 86209
1760007251165 6.171466340632059e-05 86219
1760007251526 5.9960204897368714e-05 86229
1760007251885 5.8223899696746846e-05 86239
1760007252242 5.650616777063589e-05 86249
1760007252604 5.480742459283386e-05 86259
1760007252968 5.3128081044264334e-05 86269
1760007253328 5.146854331359507e-05 86279
1760007253691 4.9829212798991536e-05 86289
1760007254057 4.821048601102987e-05 86299
1760007254432 4.6612754476790803e-05 86309
1760007254812 4.503640464516022e-05 86319
1760007255182 4.348181779335712e-05 86329
1760007255552 4.194936993471288e-05 86339
1760007255933 4.04394317277234e-05 86349
1760007256300 3.895236838639712e-05 86359
1760007256669 3.748853959191881e-05 86369
1760007257039 3.604829940565272e-05 86379
1760007257413 3.4631996183504354e-05 86389
1760007257789 3.3239972491662216e-05 86399
1760007258152 3.187256502374068e-05 86409
1760007258502 3.053010451934203e-05 86419
1760007258867 2.9212915684059885e-05 86429
1760007259237 2.7921317110941248e-05 86439
1760007259604 2.6655621203427407e-05 86449
1760007259976 2.5416134099791647e-05 86459
1760007260349 2.420315559909294e-05 86469
1760007260718 2.3016979088661913e-05 86479
1760007261086 2.1857891473138735e-05 86489
1760007261449 2.0726173105078273e-05 86499
1760007261818 1.962209771714017e-05 86509
1760007262196 1.8545932355880475e-05 86519
1760007262567 1.749793731715976e-05 86529
1760007262939 1.6478366083184776e-05 86539
1760007263308 1.548746526119769e-05 86549
1760007263680 1.4525474523828359e-05 86559
1760007264064 1.3592626551123856e-05 86569
1760007264454 1.268914697426942e-05 86579
1760007264839 1.1815254321014075e-05 86589
1760007265208 1.0971159962814772e-05 86599
1760007265599 1.0157068063711166e-05 86609
1760007265968 9.373175530943616e-06 86619
1760007266338 8.619671967326803e-06 86629
1760007266706 7.896739625389585e-06 86639
1760007267083 7.204553363293093e-06 86649
1760007267462 6.543280602537176e-06 86659
1760007267832 5.913081287465475e-06 86669
1760007268205 5.314107846579252e-06 86679
1760007268577 4.7465051556689125e-06 86689
1760007268949 4.210410502772346e-06 86699
1760007269329 3.7059535549687495e-06 86709
1760007269704 3.2332563270154254e-06 86719
1760007270095 2.792433151835731e-06 86729
1760007270483 2.3835906528650226e-06 86739
1760007270896 2.00682771826113e-06 86749
1760007271290 1.662235476986097e-06 86759
1760007271674 1.3498972767643668e-06 86769
1760007272064 1.0698886639233127e-06 86779
1760007272450 8.222773651204484e-07 86789
1760007272817 6.071232709622198e-07 86799
1760007273188 4.2447842151806345e-07 86809
1760007273552 2.743869937332573e-07 86819
1760007273919 1.5688529074373922e-07 86829
1760007274283 7.200173309523194e-08 86839
1760007274642 1.9756851869238864e-08 86849
1760007275001 1.6328371695865599e-10 86859
1760007275362 0.00027001300259417037 86869
1760007275720 0.00026996728721731463 86879
1760007276081 0.0002698889300050265 86889
1760007276441 0.0002697779499098375 86899
1760007276802 0.0002696343737748894 86909
1760007277158 0.00026945823632744154 86919
1760007277517 0.00026924958017047134 86929
1760007277882 0.0002690084557723695 86939
1760007278269 0.00026873492145473323 86949
1760007278617 0.00026842904337825974 86959
1760007278968 0.0002680908955267437 86969
1760007279321 0.0002677205596891828 86979
1760007279689 0.0002673181254399945 86989
1760007280055 0.0002668836901173511 86999
1760007280422 0.00026641735879963586 87009
1760007280787 0.0002659192442800272 87019
1760007281152 0.0002653894670392173 87029
1760007281518 0.0002648281552162708 87039
1760007281901 0.0002642354445776316 87049
1760007282274 0.00026361147848428433 87059
1760007282658 0.0002629564078570791 87069
1760007283042 0.00026227039114022806 87079
1760007283414 0.00026155359426298163 87089
1760007283776 0.00026080619059949467 87099
1760007284132 0.0002600283609268921 87109
1760007284490 0.0002592202933815434 87119
1760007284839 0.00025838218341355765 87129
1760007285196 0.0002575142337395091 87139
1760007285545 0.00025661665429340573 87149
1760007285891 0.00025568966217591135 87159
1760007286245 0.0002547334816018351 87169
1760007286598 0.00025374834384589976 87179
1760007286946 0.00025273448718680225 87189
1760007287303 0.00025169215684958066 87199
1760007287657 0.0002506216049463006 87209
1760007288011 0.00024952309041507617 87219
1760007288366 0.0002483968789574395 87229
1760007288716 0.00024724324297407474 87239
1760007289065 0.00024606246149893153 87249
1760007289418 0.000244854820131734 87259
1760007289769 0.00024362061096890183 87269
1760007290116 0.0002423601325329 87279
1760007290464 0.00024107368970003383 87289
1760007290813 0.0002397615936267078 87299
1760007291167 0.00023842416167416483 87309
1760007291516 0.0002370617173317252 87319
1760007291873 0.0002356745901385428 87329
1760007292233 0.0002342631156038987 87339
1760007292557 0.00023282763512605015 87349
1760007292836 0.00023136849590965535 87359
1760007293164 0.00022988605088179392 87369
1760007293530 0.00022838065860660315 87379
1760007293883 0.00022685268319855108 87389
1760007294243 0.00022530249423436646 87399
1760007294609 0.0002237304666636483 87409
1760007294971 0.00022213698071817526 87419
1760007295338 0.0002205224218199379 87429
1760007295704 0.00021888718048791508 87439
1760007296070 0.00021723165224361794 87449
1760007296430 0.00021555623751542358 87459
1760007296788 0.00021386134154172245 87469
1760007297140 0.00021214737427290126 87479
1760007297501 0.00021041475027218747 87489
1760007297855 0.00020866388861537715 87499
1760007298217 0.00020689521278947174 87509
1760007298574 0.0002051091505902477 87519
1760007298927 0.00020330613401878405 87529
1760007299277 0.00020148659917697292 87539
1760007299631 0.00019965098616203807 87549
1760007299989 0.00019779973896008658 87559
1760007300348 0.00019593330533872115 87569
1760007300710 0.0001940521367387363 87579
1760007301062 0.00019215668816492733 87589
1760007301408 0.00019024741807603624 87599
1760007301758 0.00018832478827386322 87609
1760007302112 0.0001863892637915687 87619
1760007302464 0.00018444131278119418 87629
1760007302821 0.0001824814064004289 87639
1760007303184 0.000180510018698649 87649
1760007303536 0.0001785276265022579 87659
1760007303886 0.00017653470929935406 87669
1760007304245 0.00017453174912375623 87679
1760007304596 0.00017251923043841175 87689
1760007304957 0.000170497640018218 87699
1760007305315 0.00016846746683228452 87709
1760007305677 0.00016642920192566407 87719
1760007306029 0.00016438333830058222 87729
1760007306386 0.000162330370797193 87739
1760007306751 0.0001602707959738901 87749
1760007307118 0.0001582051119872028 87759
1760007307484 0.0001561338184713049 87769
1760007307848 0.00015405741641716654 87779
1760007308205 0.00015197640805137783 87789
1760007308569 0.00014989129671467348 87799
1760007308942 0.00014780258674018817 87809
1760007309304 0.00014571078333147134 87819
1760007309675 0.0001436163924402924 87829
1760007310032 0.00014151992064426406 87839
1760007310347 0.00013942187502431473 87849
1760007310608 0.000137322763042039 87859
1760007310876 0.0001352230924169564 87869
1760007311154 0.0001331233710037072 87879
1760007311391 0.00013102410666921606 87889
1760007311612 0.00012892580716985228 87899
1760007311821 0.0001268289800286173 87909
1760007312136 0.00012473413241238812 87919
1760007312488 0.00012264177100924714 87929
1760007312848 0.0001205524019059276 87939
1760007313206 0.00011846653046540501 87949
1760007313554 0.00011638466120466287 87959
1760007313910 0.00011430729767266359 87969
1760007314269 0.00011223494232855321 87979
1760007314625 0.00011016809642013001 87989
1760007314980 0.00010810725986260588 87999
1760007315339 0.00010605293111769002 88009
1760007315698 0.00010400560707302449 88019
1760007316057 0.000101965782922 88029
1760007316419 9.993395204398196e-05 88039
1760007316777 9.791060588497499e-05 88049
1760007317134 9.589623383875521e-05 88059
1760007317495 9.389132312849885e-05 88069
1760007317853 9.189635868893591e-05 88079
1760007318208 8.991182304905724e-05 88089
1760007318580 8.793819621540368e-05 88099
1760007318952 8.597595555596506e-05 88109
1760007319320 8.402557568471777e-05 88119
1760007319690 8.208752834682792e-05 88129
1760007320060 8.0162282304549e-05 88139
1760007320430 7.825030322384053e-05 88149
1760007320799 7.635205356173587e-05 88159
1760007321165 7.446799245448622e-05 88169
1760007321537 7.259857560650734e-05 88179
1760007321917 7.074425518015751e-05 88189
1760007322301 6.890547968637053e-05 88199
1760007322668 6.708269387617366e-05 88209
1760007323044 6.527633863311342e-05 88219
1760007323414 6.348685086661807e-05 88229
1760007323800 6.171466340632059e-05 88239
1760007324183 5.9960204897368714e-05 88249
1760007324565 5.8223899696746846e-05 88259
1760007324940 5.650616777063589e-05 88269
1760007325324 5.480742459283386e-05 88279
1760007325712 5.3128081044264334e-05 88289
1760007326104 5.146854331359507e-05 88299
1760007326485 4.9829212798991536e-05 88309
1760007326863 4.821048601102987e-05 88319
1760007327258 4.6612754476790803e-05 88329
1760007327641 4.503640464516022e-05 88339
1760007328028 4.348181779335712e-05 88349
1760007328411 4.194936993471288e-05 88359
1760007328796 4.04394317277234e-05 88369
1760007329189 3.895236838639712e-05 88379
1760007329601 3.748853959191881e-05 88389
1760007329989 3.604829940565272e-05 88399
1760007330361 3.4631996183504354e-05 88409
1760007330760 3.3239972491662216e-05 88419
1760007331145 3.187256502374068e-05 88429
1760007331531 3.053010451934203e-05 88439
1760007331906 2.9212915684059885e-05 88449
1760007332289 2.7921317110941248e-05 88459
1760007332674 2.6655621203427407e-05 88469
1760007333045 2.5416134099791647e-05 88479
1760007333433 2.420315559909294e-05 88489
1760007333818 2.3016979088661913e-05 88499
1760007334201 2.1857891473138735e-05 88509
1760007334594 2.0726173105078273e-05 88519
1760007334977 1.962209771714017e-05 88529
1760007335357 1.8545932355880475e-05 88539
1760007335730 1.749793731715976e-05 88549
1760007336107 1.6478366083184776e-05 88559
1760007336476 1.548746526119769e-05 88569
1760007336853 1.4525474523828359e-05 88579
1760007337232 1.3592626551123856e-05 88589
1760007337612 1.268914697426942e-05 88599
1760007337998 1.1815254321014075e-05 88609
1760007338385 1.0971159962814772e-05 88619
1760007338764 1.0157068063711166e-05 88629
1760007339153 9.373175530943616e-06 88639
1760007339540 8.619671967326803e-06 88649
1760007339914 7.896739625389585e-06 88659
1760007340280 7.204553363293093e-06 88669
1760007340655 6.543280602537176e-06 88679
1760007341039 5.913081287465475e-06 88689
1760007341432 5.314107846579252e-06 88699
1760007341811 4.7465051556689125e-06 88709
1760007342193 4.210410502772346e-06 88719
1760007342565 3.7059535549687495e-06 88729
1760007343437 3.2332563270154254e-06 88739
1760007343812 2.792433151835731e-06 88749
1760007344187 2.3835906528650226e-06 88759
1760007344557 2.00682771826113e-06 88769
1760007344911 1.662235476986097e-06 88779
1760007345268 1.3498972767643668e-06 88789
1760007345644 1.0698886639233127e-06 88799
1760007346013 8.222773651204484e-07 88809
1760007346391 6.071232709622198e-07 88819
1760007346758 4.2447842151806345e-07 88829
1760007347115 2.743869937332573e-07 88839
1760007347458 1.5688529074373922e-07 88849
1760007361315 7.164172442975578e-08 88859
1760007361682 1.9658067609892668e-08 88869
1760007362066 1.6246729837386272e-10 88879
1760007362434 0.0002686629375811995 88889
1760007362799 0.00026861745078122807 88899
1760007363174 0.00026853948535500135 88909
1760007363560 0.00026842906016028825 88919
1760007363969 0.0002682862019060149 88929
1760007364326 0.00026811094514580435 88939
1760007364684 0.00026790333226961894 88949
1760007365045 0.0002676634134935076 88959
1760007365401 0.00026739124684745953 88969
1760007365763 0.0002670868981613684 88979
1760007366135 0.00026675044104911 88989
1760007366509 0.0002663819568907369 88999
1760007366884 0.0002659815348127945 89009
1760007367263 0.00026554927166676435 89019
1760007367652 0.00026508527200563766 89029
1760007368072 0.000264589648058627 89039
1760007368447 0.0002640625197040212 89049
1760007368820 0.00026350401444018946 89059
1760007369192 0.00026291426735474343 89069
1760007369561 0.0002622934210918629 89079
1760007369930 0.0002616416258177937 89089
1760007370299 0.0002609590391845269 89099
1760007370675 0.0002602458262916667 89109
1760007371040 0.0002595021596464972 89119
1760007371416 0.0002587282191222576 89129
1760007371788 0.0002579241919146357 89139
1760007372151 0.00025709027249648986 89149
1760007372533 0.00025622666257081155 89159
1760007372914 0.00025533357102193867 89169
1760007373298 0.0002544112138650318 89179
1760007373670 0.00025345981419382595 89189
1760007374044 0.00025247960212667025 89199
1760007374415 0.00025147081475086823 89209
1760007374781 0.00025043369606533275 89219
1760007375149 0.0002493684969215691 89229
1760007375520 0.0002482754749630008 89239
1760007375887 0.0002471548945626523 89249
1760007376267 0.00024600702675920435 89259
1760007376653 0.0002448321491914369 89269
1760007377038 0.0002436305460310753 89279
1760007377426 0.00024240250791405732 89289
1760007377808 0.00024114833187023548 89299
1760007378204 0.00023986832125153366 89309
1760007378571 0.00023856278565857427 89319
1760007378944 0.000237232040865794 89329
1760007379327 0.00023587640874506654 89339
1760007379706 0.0002344962171878501 89349
1760007380086 0.00023309180002587922 89359
1760007380462 0.0002316634969504199 89369
1760007380835 0.00023021165343010706 89379
1760007381217 0.00022873662062738493 89389
1760007381599 0.00022723875531357015 89399
1760007381988 0.00022571841978255832 89409
1760007382380 0.00022417598176319463 89419
1760007382763 0.00022261181433033003 89429
1760007383137 0.0002210262958145844 89439
1760007383512 0.00021941980971083822 89449
1760007383891 0.0002177927445854755 89459
1760007384271 0.00021614549398239985 89469
1760007384647 0.00021447845632784646 89479
1760007385028 0.00021279203483401383 89489
1760007385558 0.00021108663740153675 89499
1760007385951 0.00020936267652082652 89509
1760007386332 0.00020762056917230027 89519
1760007386727 0.00020586073672552437 89529
1760007387152 0.00020408360483729644 89539
1760007387558 0.00020228960334869013 89549
1760007387940 0.00020047916618108806 89559
1760007388327 0.00019865273123122787 89569
1760007388711 0.00019681074026528614 89579
1760007389103 0.00019495363881202754 89589
1760007389497 0.00019308187605504264 89599
1760007389877 0.0001911959047241027 89609
1760007390278 0.00018929618098565605 89619
1760007390677 0.0001873831643324939 89629
1760007391070 0.00018545731747261082 89639
1760007391457 0.0001835191062172882 89649
1760007391863 0.00018156899936842672 89659
1760007392259 0.00017960746860515577 89669
1760007392649 0.00017763498836974662 89679
1760007393051 0.0001756520357528573 89689
1760007393416 0.00017365909037813745 89699
1760007393780 0.0001716566342862197 89709
1760007394162 0.00016964515181812692 89719
1760007394548 0.00016762512949812308 89729
1760007394935 0.00016559705591603574 89739
1760007395325 0.0001635614216090793 89749
1760007395716 0.000161518718943207 89759
1760007396105 0.00015946944199402065 89769
1760007396496 0.00015741408642726675 89779
1760007396892 0.00015535314937894837 89789
1760007397279 0.00015328712933508073 89799
1760007397667 0.00015121652601112094 89809
1760007398066 0.00014914184023110012 89819
1760007398464 0.0001470635738064872 89829
1760007398858 0.00014498222941481398 89839
1760007399247 0.00014289831047809094 89849
1760007399632 0.00014081232104104271 89859
1760007400035 0.00013872476564919314 89869
1760007400437 0.0001366361492268288 89879
1760007400840 0.0001345469769548716 89889
1760007401246 0.00013245775414868867 89899
1760007401652 0.00013036898613586997 89909
1760007402053 0.00012828117813400302 89919
1760007402433 0.00012619483512847423 89929
1760007402806 0.00012411046175032618 89939
1760007403182 0.00012202856215420088 89949
1760007403582 0.00011994963989639795 89959
1760007403967 0.00011787419781307799 89969
1760007404351 0.00011580273789863956 89979
1760007404729 0.00011373576118430028 89989
1760007405112 0.00011167376761691044 89999
1760007405489 0.00010961725593802936 90009
1760007405877 0.00010756672356329285 90019
1760007406269 0.00010552266646210158 90029
1760007406663 0.00010348557903765936 90039
1760007407061 0.00010145595400738998 90049
1760007407460 9.943428228376205e-05 90059
1760007407839 9.742105285555012e-05 90069
1760007408209 9.541675266956144e-05 90079
1760007408590 9.342186651285635e-05 90089
1760007408980 9.143687689549123e-05 90099
1760007409371 8.946226393381194e-05 90109
1760007409761 8.749850523432666e-05 90119
1760007410144 8.554607577818524e-05 90129
1760007410532 8.360544780629417e-05 90139
1760007410918 8.167709070509377e-05 90149
1760007411306 7.976147089302626e-05 90159
1760007411705 7.785905170772133e-05 90169
1760007412079 7.59702932939272e-05 90179
1760007412468 7.409565249221378e-05 90189
1760007412855 7.22355827284748e-05 90199
1760007413255 7.039053390425672e-05 90209
1760007413627 6.856095228793867e-05 90219
1760007413996 6.674728040679279e-05 90229
1760007414389 6.494995693994785e-05 90239
1760007414789 6.316941661228499e-05 90249
1760007415162 6.140609008928898e-05 90259
1760007415536 5.966040387288187e-05 90269
1760007415907 5.7932780198263105e-05 90279
1760007416276 5.622363693178271e-05 90289
1760007416652 5.453338746986969e-05 90299
1760007417028 5.286244063904301e-05 90309
1760007417410 5.1211200597027095e-05 90319
1760007417783 4.958006673499658e-05 90329
1760007418160 4.796943358097472e-05 90339
1760007418533 4.637969070440685e-05 90349
1760007418906 4.481122262193442e-05 90359
1760007419307 4.326440870439033e-05 90369
1760007419690 4.1739623085039315e-05 90379
1760007420083 4.023723456908478e-05 90389
1760007420465 3.8757606544465134e-05 90399
1760007420815 3.730109689395922e-05 90409
1760007421168 3.586805790862446e-05 90419
1760007421520 3.445883620258683e-05 90429
1760007421879 3.307377262920391e-05 90439
1760007422232 3.171320219862198e-05 90449
1760007422584 3.037745399674532e-05 90459
1760007422935 2.9066851105639585e-05 90469
1760007423290 2.778171052538654e-05 90479
1760007423644 2.652234309741027e-05 90489
1760007424001 2.528905342929269e-05 90499
1760007424368 2.408213982109747e-05 90509
1760007424718 2.2901894193218602e-05 90519
1760007425074 2.174860201577304e-05 90529
1760007425430 2.062254223955288e-05 90539
1760007425785 1.9523987228554466e-05 90549
1760007426142 1.8453202694101074e-05 90559
1760007426519 1.741044763057396e-05 90569
1760007426875 1.639597425276885e-05 90579
1760007427239 1.54100279348917e-05 90589
1760007427629 1.4452847151209217e-05 90599
1760007428022 1.3524663418368236e-05 90609
1760007428422 1.2625701239398072e-05 90619
1760007428812 1.1756178049409005e-05 90629
1760007429201 1.0916304163000698e-05 90639
1760007429576 1.010628272339261e-05 90649
1760007429954 9.326309653288898e-06 90659
1760007430330 8.57657360749017e-06 90669
1760007430703 7.857255927262638e-06 90679
1760007431074 7.168530596476627e-06 90689
1760007431473 6.51056419952449e-06 90699
1760007431866 5.883515881028148e-06 90709
1760007432250 5.287537307346356e-06 90719
1760007432641 4.722772629890568e-06 90729
1760007433050 4.189358450258485e-06 90739
1760007433444 3.687423787193906e-06 90749
1760007433822 3.217090045380348e-06 90759
1760007434197 2.778470986076552e-06 90769
1760007434585 2.3716726996006974e-06 90779
1760007434973 1.996793579669824e-06 90789
1760007435341 1.6539242996011665e-06 90799
1760007435721 1.3431477903805448e-06 90809
1760007436095 1.064539220603696e-06 90819
1760007436464 8.181659782948461e-07 90829
1760007436840 6.040876546074087e-07 90839
1760007437234 4.223560294104731e-07 90849
1760007437605 2.7301505876459103e-07 90859
1760007437984 1.5610086429002052e-07 90869
1760007438362 7.164172442975578e-08 90879
1760007438746 1.9658067609892668e-08 90889
1760007439122 1.6246729837386272e-10 90899
1760007439495 0.0002686629375811995 90909
1760007439882 0.00026861745078122807 90919
1760007440265 0.00026853948535500135 90929
1760007440663 0.00026842906016028825 90939
1760007441048 0.0002682862019060149 90949
1760007441431 0.00026811094514580435 90959
1760007441815 0.00026790333226961894 90969
1760007442206 0.0002676634134935076 90979
1760007442593 0.00026739124684745953 90989
1760007442977 0.0002670868981613684 90999
1760007443365 0.00026675044104911 91009
1760007443759 0.0002663819568907369 91019
1760007444153 0.0002659815348127945 91029
1760007444537 0.00026554927166676435 91039
1760007444916 0.00026508527200563766 91049
1760007445287 0.000264589648058627 91059
1760007445658 0.0002640625197040212 91069
1760007446036 0.00026350401444018946 91079
1760007446411 0.00026291426735474343 91089
1760007446803 0.0002622934210918629 91099
1760007447175 0.0002616416258177937 91109
1760007447537 0.0002609590391845269 91119
1760007447916 0.0002602458262916667 91129
1760007448319 0.0002595021596464972 91139
1760007448706 0.0002587282191222576 91149
1760007449088 0.0002579241919146357 91159
1760007449468 0.00025709027249648986 91169
1760007449848 0.00025622666257081155 91179
1760007450241 0.00025533357102193867 91189
1760007450613 0.0002544112138650318 91199
1760007450978 0.00025345981419382595 91209
1760007451365 0.00025247960212667025 91219
1760007451740 0.00025147081475086823 91229
1760007452119 0.00025043369606533275 91239
1760007452493 0.0002493684969215691 91249
1760007452880 0.0002482754749630008 91259
1760007453266 0.0002471548945626523 91269
1760007453649 0.00024600702675920435 91279
1760007454037 0.0002448321491914369 91289
1760007454442 0.0002436305460310753 91299
1760007454839 0.00024240250791405732 91309
1760007455236 0.00024114833187023548 91319
1760007455619 0.00023986832125153366 91329
1760007456012 0.00023856278565857427 91339
1760007456396 0.000237232040865794 91349
1760007456787 0.00023587640874506654 91359
1760007457166 0.0002344962171878501 91369
1760007457536 0.00023309180002587922 91379
1760007457910 0.0002316634969504199 91389
1760007458291 0.00023021165343010706 91399
1760007458677 0.00022873662062738493 91409
1760007459052 0.00022723875531357015 91419
1760007459447 0.00022571841978255832 91429
1760007459816 0.00022417598176319463 91439
1760007460181 0.00022261181433033003 91449
1760007460542 0.0002210262958145844 91459
1760007460906 0.00021941980971083822 91469
1760007461251 0.0002177927445854755 91479
1760007461609 0.00021614549398239985 91489
1760007461981 0.00021447845632784646 91499
1760007462349 0.00021279203483401383 91509
1760007462728 0.00021108663740153675 91519
1760007463089 0.00020936267652082652 91529
1760007463464 0.00020762056917230027 91539
1760007463835 0.00020586073672552437 91549
1760007464188 0.00020408360483729644 91559
1760007464544 0.00020228960334869013 91569
1760007464913 0.00020047916618108806 91579
1760007465273 0.00019865273123122787 91589
1760007465649 0.00019681074026528614 91599
1760007466005 0.00019495363881202754 91609
1760007466365 0.00019308187605504264 91619
1760007466727 0.0001911959047241027 91629
1760007467088 0.00018929618098565605 91639
1760007467459 0.0001873831643324939 91649
1760007467835 0.00018545731747261082 91659
1760007468209 0.0001835191062172882 91669
1760007468577 0.00018156899936842672 91679
1760007468935 0.00017960746860515577 91689
1760007469298 0.00017763498836974662 91699
1760007469679 0.0001756520357528573 91709
1760007470085 0.00017365909037813745 91719
1760007470454 0.0001716566342862197 91729
1760007470845 0.00016964515181812692 91739
1760007471245 0.00016762512949812308 91749
1760007471595 0.00016559705591603574 91759
1760007471951 0.0001635614216090793 91769
1760007472312 0.000161518718943207 91779
1760007472670 0.00015946944199402065 91789
1760007473032 0.00015741408642726675 91799
1760007473383 0.00015535314937894837 91809
1760007473731 0.00015328712933508073 91819
1760007474077 0.00015121652601112094 91829
1760007474426 0.00014914184023110012 91839
1760007474772 0.0001470635738064872 91849
1760007475116 0.00014498222941481398 91859
1760007475465 0.00014289831047809094 91869
1760007475826 0.00014081232104104271 91879
1760007476188 0.00013872476564919314 91889
1760007476547 0.0001366361492268288 91899
1760007476912 0.0001345469769548716 91909
1760007477295 0.00013245775414868867 91919
1760007477662 0.00013036898613586997 91929
1760007478058 0.00012828117813400302 91939
1760007478436 0.00012619483512847423 91949
1760007478824 0.00012411046175032618 91959
1760007479191 0.00012202856215420088 91969
1760007479569 0.00011994963989639795 91979
1760007479932 0.00011787419781307799 91989
1760007480297 0.00011580273789863956 91999
1760007480669 0.00011373576118430028 92009
1760007481028 0.00011167376761691044 92019
1760007481392 0.00010961725593802936 92029
1760007481755 0.00010756672356329285 92039
1760007482112 0.00010552266646210158 92049
1760007482466 0.00010348557903765936 92059
1760007482819 0.00010145595400738998 92069
1760007483173 9.943428228376205e-05 92079
1760007483527 9.742105285555012e-05 92089
1760007483890 9.541675266956144e-05 92099
1760007484258 9.342186651285635e-05 92109
1760007484628 9.143687689549123e-05 92119
1760007485001 8.946226393381194e-05 92129
1760007485374 8.749850523432666e-05 92139
1760007485747 8.554607577818524e-05 92149
1760007486120 8.360544780629417e-05 92159
1760007486485 8.167709070509377e-05 92169
1760007486854 7.976147089302626e-05 92179
1760007487224 7.785905170772133e-05 92189
1760007487592 7.59702932939272e-05 92199
1760007487960 7.409565249221378e-05 92209
1760007488329 7.22355827284748e-05 92219
1760007488707 7.039053390425672e-05 92229
1760007489072 6.856095228793867e-05 92239
1760007489435 6.674728040679279e-05 92249
1760007489800 6.494995693994785e-05 92259
1760007490167 6.316941661228499e-05 92269
1760007490537 6.140609008928898e-05 92279
1760007490902 5.966040387288187e-05 92289
1760007491267 5.7932780198263105e-05 92299
1760007491625 5.622363693178271e-05 92309
1760007491986 5.453338746986969e-05 92319
1760007492348 5.286244063904301e-05 92329
1760007492706 5.1211200597027095e-05 92339
1760007493062 4.958006673499658e-05 92349
1760007493417 4.796943358097472e-05 92359
1760007493763 4.637969070440685e-05 92369
1760007494108 4.481122262193442e-05 92379
1760007494454 4.326440870439033e-05 92389
1760007494801 4.1739623085039315e-05 92399
1760007495146 4.023723456908478e-05 92409
1760007495511 3.8757606544465134e-05 92419
1760007495883 3.730109689395922e-05 92429
1760007496259 3.586805790862446e-05 92439
1760007496633 3.445883620258683e-05 92449
1760007497010 3.307377262920391e-05 92459
1760007497387 3.171320219862198e-05 92469
1760007497753 3.037745399674532e-05 92479
1760007498126 2.9066851105639585e-05 92489
1760007498502 2.778171052538654e-05 92499
1760007498874 2.652234309741027e-05 92509
1760007499248 2.528905342929269e-05 92519
1760007499623 2.408213982109747e-05 92529
1760007499996 2.2901894193218602e-05 92539
1760007500364 2.174860201577304e-05 92549
1760007500736 2.062254223955288e-05 92559
1760007501107 1.9523987228554466e-05 92569
1760007501483 1.8453202694101074e-05 92579
1760007501863 1.741044763057396e-05 92589
1760007502249 1.639597425276885e-05 92599
1760007502617 1.54100279348917e-05 92609
1760007502980 1.4452847151209217e-05 92619
1760007503354 1.3524663418368236e-05 92629
1760007503719 1.2625701239398072e-05 92639
1760007504088 1.1756178049409005e-05 92649
1760007504462 1.0916304163000698e-05 92659
1760007504823 1.010628272339261e-05 92669
1760007505183 9.326309653288898e-06 92679
1760007505543 8.57657360749017e-06 92689
1760007505899 7.857255927262638e-06 92699
1760007506271 7.168530596476627e-06 92709
1760007506645 6.51056419952449e-06 92719
1760007507014 5.883515881028148e-06 92729
1760007507369 5.287537307346356e-06 92739
1760007507737 4.722772629890568e-06 92749
1760007508102 4.189358450258485e-06 92759
1760007508958 3.687423787193906e-06 92769
1760007509322 3.217090045380348e-06 92779
1760007509686 2.778470986076552e-06 92789
1760007510047 2.3716726996006974e-06 92799
1760007510410 1.996793579669824e-06 92809
1760007510780 1.6539242996011665e-06 92819
1760007511160 1.3431477903805448e-06 92829
1760007511550 1.064539220603696e-06 92839
1760007511944 8.181659782948461e-07 92849
1760007512333 6.040876546074087e-07 92859
1760007512720 4.223560294104731e-07 92869
1760007513108 2.7301505876459103e-07 92879
1760007513499 1.5610086429002052e-07 92889
1760007528182 7.1283515807607e-08 92899
1760007528585 1.9559777271843207e-08 92909
1760007528959 1.616549618819934e-10 92919
1760007529334 0.0002673196228932935 92929
1760007529708 0.0002672743635273219 92939
1760007530104 0.0002671967879282264 92949
1760007530466 0.00026708691485948687 92959
1760007530836 0.00026694477089648486 92969
1760007531183 0.00026677039042007533 92979
1760007531543 0.0002665638156082709 92989
1760007531905 0.00026632509642604015 92999
1760007532283 0.0002660542906132223 93009
1760007532640 0.0002657514636705616 93019
1760007533009 0.00026541668884386447 93029
1760007533384 0.0002650500471062832 93039
1760007533762 0.00026465162713873057 93049
1760007534138 0.0002642215253084306 93059
1760007534526 0.0002637598456456095 93069
1760007534919 0.00026326669981833393 93079
1760007535313 0.0002627422071055011 93089
1760007535689 0.0002621864943679885 93099
1760007536073 0.0002615996960179697 93109
1760007536462 0.0002609819539864036 93119
1760007536855 0.00026033341768870477 93129
1760007537250 0.0002596542439886043 93139
1760007537647 0.0002589445971602084 93149
1760007538038 0.0002582046488482647 93159
1760007538432 0.00025743457802664637 93169
1760007538824 0.0002566345709550625 93179
1760007539198 0.0002558048211340074 93189
1760007539608 0.0002549455292579575 93199
1760007539996 0.000254056903166829 93209
1760007540387 0.00025313915779570667 93219
1760007540775 0.00025219251512285685 93229
1760007541161 0.00025121720411603693 93239
1760007541547 0.0002502134606771139 93249
1760007541936 0.0002491815275850061 93259
1760007542333 0.00024812165443696124 93269
1760007542721 0.0002470340975881858 93279
1760007543098 0.00024591912008983905 93289
1760007543483 0.00024477699162540835 93299
1760007543871 0.0002436079884454797 93309
1760007544256 0.00024241239330091994 93319
1760007544642 0.00024119049537448705 93329
1760007545035 0.00023994259021088433 93339
1760007545424 0.000238668979645276 93349
1760007545811 0.00023736997173028142 93359
1760007546200 0.00023604588066146505 93369
1760007546590 0.00023469702670134122 93379
1760007546974 0.00023332373610191086 93389
1760007547355 0.00023192634102574982 93399
1760007547744 0.00023050517946566782 93409
1760007548143 0.00022906059516295655 93419
1760007548543 0.00022759293752424803 93429
1760007548946 0.0002261025615370023 93439
1760007549332 0.00022458982768364555 93449
1760007549725 0.00022305510185437866 93459
1760007550131 0.0002214987552586784 93469
1760007550523 0.0002199211643355115 93479
1760007550909 0.00021832271066228405 93489
1760007551294 0.00021670378086254813 93499
1760007551677 0.00021506476651248784 93509
1760007552045 0.00021340606404620724 93519
1760007552448 0.00021172807465984377 93529
1760007552835 0.00021003120421452906 93539
1760007553230 0.0002083158631382224 93549
1760007553627 0.00020658246632643878 93559
1760007554023 0.00020483143304189677 93569
1760007554402 0.00020306318681310995 93579
1760007554784 0.00020127815533194668 93589
1760007555156 0.00019947677035018262 93599
1760007555533 0.00019765946757507175 93609
1760007555921 0.00019582668656395973 93619
1760007556296 0.0001939788706179674 93629
1760007556672 0.00019211646667476742 93639
1760007557052 0.00019023992520048218 93649
1760007557435 0.0001883497000807278 93659
1760007557819 0.00018644624851083146 93669
1760007558215 0.00018453003088524778 93679
1760007558603 0.00018260151068620178 93689
1760007558984 0.00018066115437158462 93699
1760007559370 0.00017870943126213 93709
1760007559773 0.00017674681342789788 93719
1760007560156 0.00017477377557409301 93729
1760007560547 0.00017279079492624677 93739
1760007560926 0.00017079835111478858 93749
1760007561300 0.0001687969260590363 93759
1760007561676 0.0001667870038506325 93769
1760007562053 0.00016476907063645555 93779
1760007562443 0.0001627436145010339 93789
1760007562836 0.00016071112534849099 93799
1760007563226 0.00015867209478405056 93809
1760007563606 0.00015662701599513043 93819
1760007563994 0.00015457638363205363 93829
1760007564378 0.0001525206936884053 93839
1760007564765 0.00015046044338106534 93849
1760007565155 0.00014839613102994462 93859
1760007565540 0.00014632825593745478 93869
1760007565909 0.00014425731826773992 93879
1760007566294 0.0001421838189257005 93889
1760007566689 0.0001401082594358375 93899
1760007567087 0.00013803114182094718 93909
1760007567471 0.00013595296848069465 93919
1760007567855 0.00013387424207009726 93929
1760007568245 0.00013179546537794523 93939
1760007568628 0.0001297171412051906 93949
1760007569028 0.00012763977224333303 93959
1760007569414 0.00012556386095283187 93969
1760007569812 0.00012348990944157455 93979
1760007570180 0.00012141841934342989 93989
1760007570544 0.00011934989169691597 93999
1760007570911 0.0001172848268240126 94009
1760007571279 0.00011522372420914636 94019
1760007571662 0.00011316708237837877 94029
1760007572084 0.00011111539877882589 94039
1760007572478 0.00010906916965833923 94049
1760007572887 0.0001070288899454764 94059
1760007573295 0.00010499505312979107 94069
1760007573698 0.00010296815114247108 94079
1760007574100 0.00010094867423735304 94089
1760007574509 9.893711087234324e-05 94099
1760007574906 9.693394759127238e-05 94109
1760007575307 9.493966890621363e-05 94119
1760007575695 9.295475718029208e-05 94129
1760007576084 9.097969251101378e-05 94139
1760007576487 8.90149526141429e-05 94149
1760007576879 8.706101270815503e-05 94159
1760007577266 8.511834539929431e-05 94169
1760007577658 8.318742056726271e-05 94179
1760007578057 8.126870525156831e-05 94189
1760007578452 7.936266353856112e-05 94199
1760007578831 7.746975644918273e-05 94209
1760007579231 7.559044182745757e-05 94219
1760007579613 7.372517422975271e-05 94229
1760007580011 7.187440481483242e-05 94239
1760007580406 7.003858123473544e-05 94249
1760007580807 6.821814752649898e-05 94259
1760007581207 6.641354400475883e-05 94269
1760007581610 6.462520715524811e-05 94279
1760007582011 6.285356952922356e-05 94289
1760007582414 6.109905963884254e-05 94299
1760007582826 5.936210185351747e-05 94309
1760007583229 5.76431162972718e-05 94319
1760007583618 5.5942518747123796e-05 94329
1760007583998 5.4260720532520346e-05 94339
1760007584374 5.25981284358478e-05 94349
1760007584758 5.095514459404196e-05 94359
1760007585143 4.93321664013216e-05 94369
1760007585536 4.7729586413069846e-05 94379
1760007585931 4.614779225088481e-05 94389
1760007586317 4.4587166508824746e-05 94399
1760007586719 4.304808666086838e-05 94409
1760007587101 4.1530924969614124e-05 94419
1760007587485 4.003604839623936e-05 94429
1760007587869 3.856381851174281e-05 94439
1760007588242 3.7114591409489426e-05 94449
1760007588609 3.5688717619081334e-05 94459
1760007588979 3.42865420215739e-05 94469
1760007589358 3.290840376605789e-05 94479
1760007589738 3.1554636187628866e-05 94489
1760007590121 3.0225566726761595e-05 94499
1760007590497 2.892151685011139e-05 94509
1760007590887 2.7642801972759608e-05 94519
1760007591274 2.638973138192322e-05 94529
1760007591638 2.5162608162146227e-05 94539
1760007591992 2.3961729121991986e-05 94549
1760007592356 2.278738472225251e-05 94559
1760007592722 2.1639859005694176e-05 94569
1760007593090 2.051942952835512e-05 94579
1760007593457 1.9426367292411695e-05 94589
1760007593833 1.8360936680630568e-05 94599
1760007594214 1.732339539242109e-05 94609
1760007594595 1.631399438150501e-05 94619
1760007594952 1.5332977795217242e-05 94629
1760007595310 1.4380582915453172e-05 94639
1760007595668 1.3457040101276395e-05 94649
1760007596028 1.2562572733201083e-05 94659
1760007596387 1.169739715916196e-05 94669
1760007596751 1.0861722642185694e-05 94679
1760007597121 1.0055751309775648e-05 94689
1760007597481 9.279678105022453e-06 94699
1760007597839 8.53369073945272e-06 94709
1760007598195 7.817969647626325e-06 94719
1760007598516 7.132687943494244e-06 94729
1760007598789 6.478011378526868e-06 94739
1760007599087 5.854098301623007e-06 94749
1760007599398 5.261099620809625e-06 94759
1760007599734 4.699158766741115e-06 94769
1760007600101 4.1684116580071925e-06 94779
1760007600476 3.6689866682579362e-06 94789
1760007600855 3.2010045951534466e-06 94799
1760007601238 2.7645786311461694e-06 94809
1760007601624 2.359814336102694e-06 94819
1760007602012 1.9868096117714755e-06 94829
1760007602403 1.6456546781031607e-06 94839
1760007602792 1.3364320514286422e-06 94849
1760007603190 1.0592165245006775e-06 94859
1760007603580 8.14075148403372e-07 94869
1760007603963 6.010672163343717e-07 94879
1760007604351 4.2024424926342075e-07 94889
1760007604737 2.716499834707681e-07 94899
1760007605122 1.5532035996857044e-07 94909
1760007605498 7.1283515807607e-08 94919
1760007605869 1.9559777271843207e-08 94929
1760007606237 1.616549618819934e-10 94939
1760007606614 0.0002673196228932935 94949
1760007606995 0.0002672743635273219 94959
1760007607371 0.0002671967879282264 94969
1760007607737 0.00026708691485948687 94979
1760007608122 0.00026694477089648486 94989
1760007608509 0.00026677039042007533 94999
1760007608883 0.0002665638156082709 95009
1760007609257 0.00026632509642604015 95019
1760007609636 0.0002660542906132223 95029
1760007610020 0.0002657514636705616 95039
1760007610394 0.00026541668884386447 95049
1760007610765 0.0002650500471062832 95059
1760007611144 0.00026465162713873057 95069
1760007611525 0.0002642215253084306 95079
1760007611904 0.0002637598456456095 95089
1760007612281 0.00026326669981833393 95099
1760007612655 0.0002627422071055011 95109
1760007613032 0.0002621864943679885 95119
1760007613437 0.0002615996960179697 95129
1760007613819 0.0002609819539864036 95139
1760007614209 0.00026033341768870477 95149
1760007614594 0.0002596542439886043 95159
1760007614969 0.0002589445971602084 95169
1760007615339 0.0002582046488482647 95179
1760007615707 0.00025743457802664637 95189
1760007616076 0.0002566345709550625 95199
1760007616467 0.0002558048211340074 95209
1760007616838 0.0002549455292579575 95219
1760007617212 0.000254056903166829 95229
1760007617594 0.00025313915779570667 95239
1760007617977 0.00025219251512285685 95249
1760007618355 0.00025121720411603693 95259
1760007618728 0.0002502134606771139 95269
1760007619092 0.0002491815275850061 95279
1760007619469 0.00024812165443696124 95289
1760007619849 0.0002470340975881858 95299
1760007620229 0.00024591912008983905 95309
1760007620595 0.00024477699162540835 95319
1760007620965 0.0002436079884454797 95329
1760007621340 0.00024241239330091994 95339
1760007621704 0.00024119049537448705 95349
1760007622072 0.00023994259021088433 95359
1760007622441 0.000238668979645276 95369
1760007622804 0.00023736997173028142 95379
1760007623172 0.00023604588066146505 95389
1760007623534 0.00023469702670134122 95399
1760007623893 0.00023332373610191086 95409
1760007624252 0.00023192634102574982 95419
1760007624616 0.00023050517946566782 95429
1760007624980 0.00022906059516295655 95439
1760007625352 0.00022759293752424803 95449
1760007625729 0.0002261025615370023 95459
1760007626114 0.00022458982768364555 95469
1760007626496 0.00022305510185437866 95479
1760007626884 0.0002214987552586784 95489
1760007627254 0.0002199211643355115 95499
1760007627632 0.00021832271066228405 95509
1760007628015 0.00021670378086254813 95519
1760007628401 0.00021506476651248784 95529
1760007628757 0.00021340606404620724 95539
1760007629115 0.00021172807465984377 95549
1760007629471 0.00021003120421452906 95559
1760007629836 0.0002083158631382224 95569
1760007630191 0.00020658246632643878 95579
1760007630547 0.00020483143304189677 95589
1760007630905 0.00020306318681310995 95599
1760007631265 0.00020127815533194668 95609
1760007631627 0.00019947677035018262 95619
1760007631995 0.00019765946757507175 95629
1760007632373 0.00019582668656395973 95639
1760007632770 0.0001939788706179674 95649
1760007633171 0.00019211646667476742 95659
1760007633537 0.00019023992520048218 95669
1760007633897 0.0001883497000807278 95679
1760007634256 0.00018644624851083146 95689
1760007634624 0.00018453003088524778 95699
1760007634994 0.00018260151068620178 95709
1760007635363 0.00018066115437158462 95719
1760007635727 0.00017870943126213 95729
1760007636098 0.00017674681342789788 95739
1760007636468 0.00017477377557409301 95749
1760007636836 0.00017279079492624677 95759
1760007637195 0.00017079835111478858 95769
1760007637562 0.0001687969260590363 95779
1760007637933 0.0001667870038506325 95789
1760007638307 0.00016476907063645555 95799
1760007638675 0.0001627436145010339 95809
1760007639031 0.00016071112534849099 95819
1760007639392 0.00015867209478405056 95829
1760007639755 0.00015662701599513043 95839
1760007640123 0.00015457638363205363 95849
1760007640494 0.0001525206936884053 95859
1760007640853 0.00015046044338106534 95869
1760007641218 0.00014839613102994462 95879
1760007641588 0.00014632825593745478 95889
1760007641955 0.00014425731826773992 95899
1760007642327 0.0001421838189257005 95909
1760007642697 0.0001401082594358375 95919
1760007643065 0.00013803114182094718 95929
1760007643437 0.00013595296848069465 95939
1760007643802 0.00013387424207009726 95949
1760007644200 0.00013179546537794523 95959
1760007644591 0.0001297171412051906 95969
1760007644962 0.00012763977224333303 95979
1760007645321 0.00012556386095283187 95989
1760007645693 0.00012348990944157455 95999
1760007646071 0.00012141841934342989 96009
1760007646456 0.00011934989169691597 96019
1760007646834 0.0001172848268240126 96029
1760007647215 0.00011522372420914636 96039
1760007647579 0.00011316708237837877 96049
1760007647943 0.00011111539877882589 96059
1760007648304 0.00010906916965833923 96069
1760007648670 0.0001070288899454764 96079
1760007649037 0.00010499505312979107 96089
1760007649409 0.00010296815114247108 96099
1760007649783 0.00010094867423735304 96109
1760007650149 9.893711087234324e-05 96119
1760007650523 9.693394759127238e-05 96129
1760007650894 9.493966890621363e-05 96139
1760007651267 9.295475718029208e-05 96149
1760007651637 9.097969251101378e-05 96159
1760007652012 8.90149526141429e-05 96169
1760007652378 8.706101270815503e-05 96179
1760007652737 8.511834539929431e-05 96189
1760007653098 8.318742056726271e-05 96199
1760007653462 8.126870525156831e-05 96209
1760007653836 7.936266353856112e-05 96219
1760007654209 7.746975644918273e-05 96229
1760007654592 7.559044182745757e-05 96239
1760007654967 7.372517422975271e-05 96249
1760007655339 7.187440481483242e-05 96259
1760007655714 7.003858123473544e-05 96269
1760007656089 6.821814752649898e-05 96279
1760007656455 6.641354400475883e-05 96289
1760007656824 6.462520715524811e-05 96299
1760007657186 6.285356952922356e-05 96309
1760007657543 6.109905963884254e-05 96319
1760007657912 5.936210185351747e-05 96329
1760007658285 5.76431162972718e-05 96339
1760007658651 5.5942518747123796e-05 96349
1760007659017 5.4260720532520346e-05 96359
1760007659389 5.25981284358478e-05 96369
1760007659767 5.095514459404196e-05 96379
1760007660132 4.93321664013216e-05 96389
1760007660499 4.7729586413069846e-05 96399
1760007660875 4.614779225088481e-05 96409
1760007661232 4.4587166508824746e-05 96419
1760007661604 4.304808666086838e-05 96429
1760007661973 4.1530924969614124e-05 96439
1760007662352 4.003604839623936e-05 96449
1760007662720 3.856381851174281e-05 96459
1760007663097 3.7114591409489426e-05 96469
1760007663468 3.5688717619081334e-05 96479
1760007663840 3.42865420215739e-05 96489
1760007664215 3.290840376605789e-05 96499
1760007664584 3.1554636187628866e-05 96509
1760007664956 3.0225566726761595e-05 96519
1760007665331 2.892151685011139e-05 96529
1760007665702 2.7642801972759608e-05 96539
1760007666078 2.638973138192322e-05 96549
1760007666456 2.5162608162146227e-05 96559
1760007666837 2.3961729121991986e-05 96569
1760007667213 2.278738472225251e-05 96579
1760007667594 2.1639859005694176e-05 96589
1760007667979 2.051942952835512e-05 96599
1760007668367 1.9426367292411695e-05 96609
1760007668750 1.8360936680630568e-05 96619
1760007669127 1.732339539242109e-05 96629
1760007669495 1.631399438150501e-05 96639
1760007669848 1.5332977795217242e-05 96649
1760007670202 1.4380582915453172e-05 96659
1760007670550 1.3457040101276395e-05 96669
1760007670899 1.2562572733201083e-05 96679
1760007671263 1.169739715916196e-05 96689
1760007671684 1.0861722642185694e-05 96699
1760007672062 1.0055751309775648e-05 96709
1760007672410 9.279678105022453e-06 96719
1760007672756 8.53369073945272e-06 96729
1760007673111 7.817969647626325e-06 96739
1760007673462 7.132687943494244e-06 96749
1760007673817 6.478011378526868e-06 96759
1760007674174 5.854098301623007e-06 96769
1760007674526 5.261099620809625e-06 96779
1760007674881 4.699158766741115e-06 96789
1760007675228 4.1684116580071925e-06 96799
1760007676033 3.6689866682579362e-06 96809
1760007676352 3.2010045951534466e-06 96819
1760007676697 2.7645786311461694e-06 96829
1760007677043 2.359814336102694e-06 96839
1760007677408 1.9868096117714755e-06 96849
1760007677777 1.6456546781031607e-06 96859
1760007678155 1.3364320514286422e-06 96869
1760007678536 1.0592165245006775e-06 96879
1760007678901 8.14075148403372e-07 96889
1760007679266 6.010672163343717e-07 96899
1760007679632 4.2024424926342075e-07 96909
1760007680000 2.716499834707681e-07 96919
1760007680360 1.5532035996857044e-07 96929
1760007693868 7.092709822856896e-08 96939
1760007694254 1.9461978385483988e-08 96949
1760007694625 1.6084668707258342e-10 96959
1760007695029 0.000265983024778827 96969
1760007695409 0.00026593799170968534 96979
1760007695798 0.0002658608039885852 96989
1760007696162 0.0002657514802851894 96999
1760007696508 0.0002656100470420024 97009
1760007696842 0.00026543653846797493 97019
1760007697180 0.0002652309965302295 97029
1760007697519 0.0002649934709439099 97039
1760007697860 0.00026472401916015614 97049
1760007698196 0.00026442270635220876 97059
1760007698539 0.00026408960539964514 97069
1760007698904 0.00026372479687075174 97079
1760007699289 0.0002633283690030369 97089
1760007699681 0.00026290041768188836 97099
1760007700076 0.0002624410464173814 97109
1760007700445 0.00026195036631924224 97119
1760007700819 0.0002614284960699736 97129
1760007701183 0.00026087556189614857 97139
1760007701552 0.00026029169753787984 97149
1760007701910 0.00025967704421647156 97159
1760007702269 0.0002590317506002612 97169
1760007702647 0.00025835597276866124 97179
1760007703025 0.0002576498741744073 97189
1760007703408 0.0002569136256040234 97199
1760007703779 0.0002561474051365131 97209
1760007704150 0.0002553513981002872 97219
1760007704530 0.0002545257970283374 97229
1760007704898 0.0002536708016116677 97239
1760007705269 0.00025278661865099487 97249
1760007705628 0.0002518734620067281 97259
1760007705988 0.0002509315525472425 97269
1760007706350 0.00024996111809545674 97279
1760007706709 0.0002489623933737283 97289
1760007707082 0.00024793561994708105 97299
1760007707442 0.00024688104616477644 97309
1760007707809 0.00024579892710024486 97319
1760007708178 0.00024468952448938983 97329
1760007708534 0.0002435531066672813 97339
1760007708917 0.00024238994850325229 97349
1760007709292 0.00024120033133441532 97359
1760007709668 0.0002399845428976146 97369
1760007710047 0.0002387428772598299 97379
1760007710413 0.0002374756347470496 97389
1760007710773 0.00023618312187162997 97399
1760007711137 0.0002348656512581577 97409
1760007711497 0.00023352354156783452 97419
1760007711882 0.00023215711742140128 97429
1760007712266 0.00023076670932062107 97439
1760007712635 0.00022935265356833947 97449
1760007713004 0.00022791529218714175 97459
1760007713377 0.00022645497283662678 97469
1760007713755 0.00022497204872931728 97479
1760007714131 0.0002234668785452273 97489
1760007714503 0.00022193982634510678 97499
1760007714876 0.000220391261482385 97509
1760007715236 0.0002188215585138339 97519
1760007715604 0.0002172310971089726 97529
1760007715979 0.00021562026195823538 97539
1760007716350 0.0002139894426799254 97549
1760007716739 0.0002123390337259762 97559
1760007717127 0.00021066943428654455 97569
1760007717500 0.0002089810481934564 97579
1760007717876 0.00020727428382253128 97589
1760007718249 0.0002055495539948066 97599
1760007718619 0.0002038072758766873 97609
1760007718983 0.0002020478708790444 97619
1760007719356 0.00020027176455528694 97629
1760007719727 0.0001984793864984317 97639
1760007720104 0.00019667117023719637 97649
1760007720478 0.00019484755313113993 97659
1760007720853 0.00019300897626487755 97669
1760007721241 0.00019115588434139358 97679
1760007721634 0.00018928872557447975 97689
1760007722003 0.00018740795158032414 97699
1760007722365 0.0001855140172682773 97709
1760007722740 0.00018360738073082154 97719
1760007723124 0.00018168850313277077 97729
1760007723492 0.00017975784859972668 97739
1760007723879 0.00017781588410581935 97749
1760007724269 0.0001758630793607584 97759
1760007724640 0.00017389990669622253 97769
1760007725014 0.00017192684095161553 97779
1760007725403 0.00016994435935921464 97789
1760007725766 0.0001679529414287411 97799
1760007726132 0.0001659530688313793 97809
1760007726504 0.00016394522528327327 97819
1760007726877 0.00016192989642852874 97829
1760007727250 0.00015990756972174852 97839
1760007727620 0.0001578787343101303 97849
1760007727995 0.00015584388091515478 97859
1760007728372 0.00015380350171389335 97869
1760007728747 0.0001517580902199633 97879
1760007729123 0.00014970814116416 97889
1760007729457 0.00014765415037479488 97899
1760007729789 0.0001455966146577675 97909
1760007730132 0.0001435360316764012 97919
1760007730473 0.00014147289983107198 97929
1760007730823 0.00013940771813865832 97939
1760007731168 0.00013734098611184245 97949
1760007731526 0.00013527320363829117 97959
1760007731868 0.00013320487085974675 97969
1760007732211 0.0001311364880510555 97979
1760007732560 0.00012906855549916466 97989
1760007732908 0.00012700157338211635 97999
1760007733259 0.0001249360416480677 98009
1760007733607 0.00012287245989436667 98019
1760007733965 0.00012081132724671273 98029
1760007734357 0.0001187531422384314 98039
1760007734740 0.00011669840268989253 98049
1760007735134 0.00011464760558810062 98059
1760007735496 0.00011260124696648688 98069
1760007735866 0.00011055982178493175 98079
1760007736239 0.00010852382381004753 98089
1760007736603 0.00010649374549574901 98099
1760007736965 0.00010447007786414212 98109
1760007737338 0.00010245331038675871 98119
1760007737723 0.00010044393086616627 98129
1760007738091 9.844242531798152e-05 98139
1760007738447 9.644927785331601e-05 98149
1760007738801 9.446497056168256e-05 98159
1760007739156 9.248998339439062e-05 98169
1760007739519 9.05247940484587e-05 98179
1760007739877 8.856987785107217e-05 98189
1760007740235 8.662570764461426e-05 98199
1760007740597 8.469275367229784e-05 98209
1760007740961 8.27714834644264e-05 98219
1760007741328 8.086236172531046e-05 98229
1760007741701 7.896585022086832e-05 98239
1760007742065 7.708240766693681e-05 98249
1760007742433 7.521248961832028e-05 98259
1760007742796 7.335654835860395e-05 98269
1760007743172 7.151503279075826e-05 98279
1760007743541 6.968838832856176e-05 98289
1760007743911 6.787705678886648e-05 98299
1760007744283 6.608147628473503e-05 98309
1760007744651 6.430208111947187e-05 98319
1760007745020 6.253930168157744e-05 98329
1760007745387 6.079356434064832e-05 98339
1760007745762 5.906529134424987e-05 98349
1760007746133 5.735490071578543e-05 98359
1760007746505 5.5662806153388175e-05 98369
1760007746871 5.398941692985774e-05 98379
1760007747237 5.233513779366856e-05 98389
1760007747603 5.070036887107175e-05 98399
1760007747967 4.908550556931499e-05 98409
1760007748333 4.74909384810045e-05 98419
1760007748696 4.591705328963039e-05 98429
1760007749066 4.436423067628062e-05 98439
1760007749429 4.283284622756404e-05 98449
1760007749789 4.132327034476605e-05 98459
1760007750151 3.983586815425816e-05 98469
1760007750514 3.8370999419184096e-05 98479
1760007750874 3.692901845244198e-05 98489
1760007751236 3.551027403098593e-05 98499
1760007751600 3.411510931146603e-05 98509
1760007751957 3.27438617472276e-05 98519
1760007752315 3.139686300669072e-05 98529
1760007752674 3.0074438893127784e-05 98539
1760007753035 2.877690926586083e-05 98549
1760007753408 2.7504587962895808e-05 98559
1760007753782 2.62577827250136e-05 98569
1760007754157 2.5036795121335495e-05 98579
1760007754526 2.3841920476382023e-05 98589
1760007754894 2.2673447798641248e-05 98599
1760007755270 2.1531659710665705e-05 98609
1760007755657 2.041683238071334e-05 98619
1760007756036 1.9329235455949637e-05 98629
1760007756425 1.8269131997227416e-05 98639
1760007756802 1.7236778415458985e-05 98649
1760007757178 1.6232424409597482e-05 98659
1760007757559 1.5256312906241156e-05 98669
1760007757939 1.4308680000875904e-05 98679
1760007758313 1.3389754900770013e-05 98689
1760007758697 1.2499759869535077e-05 98699
1760007759075 1.163891017336615e-05 98709
1760007759462 1.0807414028974767e-05 98719
1760007759840 1.0005472553226769e-05 98729
1760007760216 9.23327971449734e-06 98739
1760007760587 8.491022285755454e-06 98749
1760007760948 7.778879799388193e-06 98759
1760007761307 7.097024503776773e-06 98769
1760007761673 6.445621321634233e-06 98779
1760007762035 5.824827810114892e-06 98789
1760007762394 5.234794122705576e-06 98799
1760007762757 4.675662972907409e-06 98809
1760007763120 4.147569599717157e-06 98819
1760007763491 3.6506417349166466e-06 98829
1760007763855 3.1849995721776793e-06 98839
1760007764206 2.7507557379904384e-06 98849
1760007764556 2.3480152644221804e-06 98859
1760007764908 1.9768755637126178e-06 98869
1760007765265 1.6374264047126449e-06 98879
1760007765621 1.329749891171499e-06 98889
1760007765984 1.0539204418781742e-06 98899
1760007766361 8.100047726613551e-07 98909
1760007766741 5.980618802526997e-07 98919
1760007767125 4.1814302801710364e-07 98929
1760007767497 2.702917335534143e-07 98939
1760007767854 1.5454375816872757e-07 98949
1760007768237 7.092709822856896e-08 98959
1760007768630 1.9461978385483988e-08 98969
1760007769015 1.6084668707258342e-10 98979
1760007769415 0.000265983024778827 98989
1760007769802 0.00026593799170968534 98999
1760007770177 0.0002658608039885852 99009
1760007770562 0.0002657514802851894 99019
1760007770957 0.0002656100470420024 99029
1760007771350 0.00026543653846797493 99039
1760007771748 0.0002652309965302295 99049
1760007772141 0.0002649934709439099 99059
1760007772534 0.00026472401916015614 99069
1760007772919 0.00026442270635220876 99079
1760007773318 0.00026408960539964514 99089
1760007773712 0.00026372479687075174 99099
1760007774092 0.0002633283690030369 99109
1760007774469 0.00026290041768188836 99119
1760007774841 0.0002624410464173814 99129
1760007775221 0.00026195036631924224 99139
1760007775609 0.0002614284960699736 99149
1760007775991 0.00026087556189614857 99159
1760007776374 0.00026029169753787984 99169
1760007776743 0.00025967704421647156 99179
1760007777113 0.0002590317506002612 99189
1760007777481 0.00025835597276866124 99199
1760007777867 0.0002576498741744073 99209
1760007778257 0.0002569136256040234 99219
1760007778650 0.0002561474051365131 99229
1760007779042 0.0002553513981002872 99239
1760007779428 0.0002545257970283374 99249
1760007779810 0.0002536708016116677 99259
1760007780203 0.00025278661865099487 99269
1760007780595 0.0002518734620067281 99279
1760007781003 0.0002509315525472425 99289
1760007781410 0.00024996111809545674 99299
1760007781776 0.0002489623933737283 99309
1760007782139 0.00024793561994708105 99319
1760007782501 0.00024688104616477644 99329
1760007782875 0.00024579892710024486 99339
1760007783269 0.00024468952448938983 99349
1760007783663 0.0002435531066672813 99359
1760007784041 0.00024238994850325229 99369
1760007784428 0.00024120033133441532 99379
1760007784818 0.0002399845428976146 99389
1760007785194 0.0002387428772598299 99399
1760007785574 0.0002374756347470496 99409
1760007785966 0.00023618312187162997 99419
1760007786364 0.0002348656512581577 99429
1760007786750 0.00023352354156783452 99439
1760007787138 0.00023215711742140128 99449
1760007787507 0.00023076670932062107 99459
1760007787873 0.00022935265356833947 99469
1760007788261 0.00022791529218714175 99479
1760007788656 0.00022645497283662678 99489
1760007789045 0.00022497204872931728 99499
1760007789451 0.0002234668785452273 99509
1760007789856 0.00022193982634510678 99519
1760007790269 0.000220391261482385 99529
1760007790666 0.0002188215585138339 99539
1760007791047 0.0002172310971089726 99549
1760007791434 0.00021562026195823538 99559
1760007791821 0.0002139894426799254 99569
1760007792211 0.0002123390337259762 99579
1760007792587 0.00021066943428654455 99589
1760007792962 0.0002089810481934564 99599
1760007793361 0.00020727428382253128 99609
1760007793730 0.0002055495539948066 99619
1760007794107 0.0002038072758766873 99629
1760007794494 0.0002020478708790444 99639
1760007794893 0.00020027176455528694 99649
1760007795292 0.0001984793864984317 99659
1760007795683 0.00019667117023719637 99669
1760007796088 0.00019484755313113993 99679
1760007796486 0.00019300897626487755 99689
1760007796885 0.00019115588434139358 99699
1760007797267 0.00018928872557447975 99709
1760007797642 0.00018740795158032414 99719
1760007798026 0.0001855140172682773 99729
1760007798407 0.00018360738073082154 99739
1760007798788 0.00018168850313277077 99749
1760007799155 0.00017975784859972668 99759
1760007799528 0.00017781588410581935 99769
1760007799903 0.0001758630793607584 99779
1760007800288 0.00017389990669622253 99789
1760007800670 0.00017192684095161553 99799
1760007801066 0.00016994435935921464 99809
1760007801435 0.0001679529414287411 99819
1760007801815 0.0001659530688313793 99829
1760007802210 0.00016394522528327327 99839
1760007802602 0.00016192989642852874 99849
1760007802987 0.00015990756972174852 99859
1760007803370 0.0001578787343101303 99869
1760007803755 0.00015584388091515478 99879
1760007804138 0.00015380350171389335 99889
1760007804522 0.0001517580902199633 99899
1760007804904 0.00014970814116416 99909
1760007805274 0.00014765415037479488 99919
1760007805631 0.0001455966146577675 99929
1760007805988 0.0001435360316764012 99939
1760007806341 0.00014147289983107198 99949
1760007806709 0.00013940771813865832 99959
1760007807079 0.00013734098611184245 99969
1760007807452 0.00013527320363829117 99979
1760007807830 0.00013320487085974675 99989
1760007808216 0.0001311364880510555 99999
1760007808594 0.00012906855549916466 100009
1760007808969 0.00012700157338211635 100019
1760007809340 0.0001249360416480677 100029
1760007809707 0.00012287245989436667 100039
1760007810073 0.00012081132724671273 100049
1760007810455 0.0001187531422384314 100059
1760007810825 0.00011669840268989253 100069
1760007811193 0.00011464760558810062 100079
1760007811566 0.00011260124696648688 100089
1760007811940 0.00011055982178493175 100099
1760007812327 0.00010852382381004753 100109
1760007812719 0.00010649374549574901 100119
1760007813091 0.00010447007786414212 100129
1760007813462 0.00010245331038675871 100139
1760007813822 0.00010044393086616627 100149
1760007814174 9.844242531798152e-05 100159
1760007814522 9.644927785331601e-05 100169
1760007814876 9.446497056168256e-05 100179
1760007815244 9.248998339439062e-05 100189
1760007815622 9.05247940484587e-05 100199
1760007816003 8.856987785107217e-05 100209
1760007816355 8.662570764461426e-05 100219
1760007816652 8.469275367229784e-05 100229
1760007816900 8.27714834644264e-05 100239
1760007817120 8.086236172531046e-05 100249
1760007817411 7.896585022086832e-05 100259
1760007817729 7.708240766693681e-05 100269
1760007818083 7.521248961832028e-05 100279
1760007818438 7.335654835860395e-05 100289
1760007818783 7.151503279075826e-05 100299
1760007819132 6.968838832856176e-05 100309
1760007819484 6.787705678886648e-05 100319
1760007819836 6.608147628473503e-05 100329
1760007820169 6.430208111947187e-05 100339
1760007820526 6.253930168157744e-05 100349
1760007820873 6.079356434064832e-05 100359
1760007821218 5.906529134424987e-05 100369
1760007821594 5.735490071578543e-05 100379
1760007821979 5.5662806153388175e-05 100389
1760007822360 5.398941692985774e-05 100399
1760007822761 5.233513779366856e-05 100409
1760007823153 5.070036887107175e-05 100419
1760007823535 4.908550556931499e-05 100429
1760007823909 4.74909384810045e-05 100439
1760007824295 4.591705328963039e-05 100449
1760007824687 4.436423067628062e-05 100459
1760007825067 4.283284622756404e-05 100469
1760007825452 4.132327034476605e-05 100479
1760007825837 3.983586815425816e-05 100489
1760007826228 3.8370999419184096e-05 100499
1760007826614 3.692901845244198e-05 100509
1760007827000 3.551027403098593e-05 100519
1760007827386 3.411510931146603e-05 100529
1760007827758 3.27438617472276e-05 100539
1760007828142 3.139686300669072e-05 100549
1760007828520 3.0074438893127784e-05 100559
1760007828897 2.877690926586083e-05 100569
1760007829271 2.7504587962895808e-05 100579
1760007829632 2.62577827250136e-05 100589
1760007829992 2.5036795121335495e-05 100599
1760007830364 2.3841920476382023e-05 100609
1760007830727 2.2673447798641248e-05 100619
1760007831096 2.1531659710665705e-05 100629
1760007831472 2.041683238071334e-05 100639
1760007831849 1.9329235455949637e-05 100649
1760007832227 1.8269131997227416e-05 100659
1760007832604 1.7236778415458985e-05 100669
1760007832975 1.6232424409597482e-05 100679
1760007833356 1.5256312906241156e-05 100689
1760007833731 1.4308680000875904e-05 100699
1760007834113 1.3389754900770013e-05 100709
1760007834500 1.2499759869535077e-05 100719
1760007834883 1.163891017336615e-05 100729
1760007835259 1.0807414028974767e-05 100739
1760007835633 1.0005472553226769e-05 100749
1760007836009 9.23327971449734e-06 100759
1760007836382 8.491022285755454e-06 100769
1760007836756 7.778879799388193e-06 100779
1760007837129 7.097024503776773e-06 100789
1760007837500 6.445621321634233e-06 100799
1760007837870 5.824827810114892e-06 100809
1760007838259 5.234794122705576e-06 100819
1760007838641 4.675662972907409e-06 100829
1760007839030 4.147569599717157e-06 100839
1760007839910 3.6506417349166466e-06 100849
1760007840268 3.1849995721776793e-06 100859
1760007840623 2.7507557379904384e-06 100869
1760007840978 2.3480152644221804e-06 100879
1760007841341 1.9768755637126178e-06 100889
1760007841706 1.6374264047126449e-06 100899
1760007842066 1.329749891171499e-06 100909
1760007842427 1.0539204418781742e-06 100919
1760007842788 8.100047726613551e-07 100929
1760007843150 5.980618802526997e-07 100939
1760007843516 4.1814302801710364e-07 100949
1760007843876 2.702917335534143e-07 100959
1760007844237 1.5454375816872757e-07 100969
1760007857915 7.057246273742612e-08 100979
1760007858271 1.9364668493556568e-08 100989
1760007858630 1.600424536372205e-10 100999
1760007859006 0.00026465310965493287 101009
1760007859398 0.0002646083017511369 101019
1760007859758 0.00026453149996864226 101029
1760007860171 0.0002644227228837634 101039
1760007860525 0.0002642819968067924 101049
1760007860878 0.00026410935577563503 101059
1760007861230 0.00026390484154757834 101069
1760007861581 0.00026366850358919036 101079
1760007861937 0.00026340039906435535 101089
1760007862289 0.00026310059282044773 101099
1760007862657 0.00026276915737264686 101109
1760007863029 0.000262406172886398 101119
1760007863393 0.0002620117271580217 101129
1760007863776 0.0002615859155934789 101139
1760007864160 0.0002611288411852945 101149
1760007864545 0.000260640614487646 101159
1760007864918 0.0002601213535896237 101169
1760007865299 0.0002595711840866678 101179
1760007865688 0.00025899023905019046 101189
1760007866067 0.00025837865899538915 101199
1760007866440 0.0002577365918472599 101209
1760007866796 0.0002570641929048179 101219
1760007867146 0.0002563616248035353 101229
1760007867502 0.00025562905747600323 101239
1760007867871 0.0002548666681108305 101249
1760007868240 0.0002540746411097858 101259
1760007868678 0.0002532531680431957 101269
1760007869070 0.0002524024476036094 101279
1760007869460 0.00025152268555773987 101289
1760007869828 0.00025061409469669447 101299
1760007870201 0.0002496768947845063 101309
1760007870566 0.00024871131250497945 101319
1760007870939 0.00024771758140685967 101329
1760007871304 0.0002466959418473456 101339
1760007871676 0.00024564664093395253 101349
1760007872051 0.0002445699324647436 101359
1760007872413 0.00024346607686694287 101369
1760007872782 0.00024233534113394487 101379
1760007873150 0.000241177998760736 101389
1760007873505 0.00023999432967774324 101399
1760007873870 0.0002387846201831265 101409
1760007874229 0.00023754916287353073 101419
1760007874580 0.00023628825657331435 101429
1760007874949 0.00023500220626227183 101439
1760007875324 0.0002336913230018669 101449
1760007875702 0.00023235592385999532 101459
1760007876087 0.00023099633183429425 101469
1760007876464 0.00022961287577401794 101479
1760007876836 0.00022820589030049775 101489
1760007877217 0.00022677571572620603 101499
1760007877595 0.00022532269797244364 101509
1760007877966 0.00022384718848567067 101519
1760007878352 0.00022234954415250116 101529
1760007878729 0.00022083012721338123 101539
1760007879116 0.00021928930517497305 101549
1760007879496 0.00021772745072126472 101559
1760007879876 0.00021614494162342773 101569
1760007880247 0.0002145421606484442 101579
1760007880627 0.00021291949546652577 101589
1760007881013 0.0002112773385573463 101599
1760007881395 0.0002096160871151118 101609
1760007881771 0.0002079361429524891 101619
1760007882137 0.00020623791240341862 101629
1760007882508 0.00020452180622483254 101639
1760007882876 0.00020278823949730382 101649
1760007883251 0.00020103763152464916 101659
1760007883639 0.00019927040573251048 101669
1760007884009 0.00019748698956593953 101679
1760007884402 0.00019568781438601037 101689
1760007884779 0.00019387331536548422 101699
1760007885161 0.00019204393138355316 101709
1760007885532 0.0001902001049196866 101719
1760007885916 0.00018834228194660734 101729
1760007886300 0.0001864709118224225 101739
1760007886679 0.0001845864471819359 101749
1760007887045 0.0001826893438271674 101759
1760007887414 0.0001807800606171069 101769
1760007887780 0.00017885905935672805 101779
1760007888159 0.00017692680468529024 101789
1760007888540 0.00017498376396395457 101799
1760007888908 0.00017303040716274142 101809
1760007889270 0.00017106720674685743 101819
1760007889636 0.00016909463756241855 101829
1760007890000 0.00016711317672159738 101839
1760007890368 0.0001651233034872224 101849
1760007890733 0.0001631254991568569 101859
1760007891101 0.00016112024694638609 101869
1760007891482 0.00015910803187313977 101879
1760007891878 0.00015708934063857964 101889
1760007892283 0.00015506466151057899 101899
1760007892667 0.00015303448420532387 101909
1760007893037 0.00015099929976886345 101919
1760007893409 0.0001489596004583392 101929
1760007893788 0.0001469158796229209 101939
1760007894177 0.00014486863158447866 101949
1760007894611 0.0001428183515180192 101959
1760007895003 0.00014076553533191662 101969
1760007895386 0.00013871067954796502 101979
1760007895760 0.00013665428118128322 101989
1760007896140 0.0001345968376200997 101999
1760007896523 0.000132538846505448 102009
1760007896893 0.00013048080561080022 102019
1760007897260 0.00012842321272166883 102029
1760007897643 0.00012636656551520575 102039
1760007898013 0.00012431136143982736 102049
1760007898402 0.00012225809759489485 102059
1760007898806 0.00012020727061047916 102069
1760007899193 0.00011815937652723923 102079
1760007899565 0.00011611491067644306 102089
1760007899947 0.00011407436756016012 102099
1760007900323 0.00011203824073165443 102109
1760007900716 0.00011000702267600709 102119
1760007901099 0.00010798120469099727 102129
1760007901481 0.00010596127676827025 102139
1760007901858 0.00010394772747482139 102149
1760007902231 0.00010194104383482491 102159
1760007902610 9.994171121183543e-05 102169
1760007902993 9.79502131913916e-05 102179
1760007903396 9.596703146404942e-05 102189
1760007903783 9.399264570887414e-05 102199
1760007904175 9.202753347741866e-05 102209
1760007904553 9.00721700782164e-05 102219
1760007904936 8.812702846181681e-05 102229
1760007905327 8.619257910639118e-05 102239
1760007905701 8.426928990393635e-05 102249
1760007906067 8.235762604710425e-05 102259
1760007906445 8.04580499166839e-05 102269
1760007906826 7.857102096976397e-05 102279
1760007907207 7.669699562860212e-05 102289
1760007907587 7.483642717022866e-05 102299
1760007907977 7.298976561681092e-05 102309
1760007908362 7.115745762680446e-05 102319
1760007908756 6.933994638691895e-05 102329
1760007909174 6.753767150492214e-05 102339
1760007909578 6.575106890331135e-05 102349
1760007909945 6.39805707138745e-05 102359
1760007910311 6.222660517316955e-05 102369
1760007910688 6.0489596518945076e-05 102379
1760007911065 5.876996488752862e-05 102389
1760007911425 5.70681262122065e-05 102399
1760007911828 5.538449212262123e-05 102409
1760007912199 5.3719469845208447e-05 102419
1760007912592 5.207346210470021e-05 102429
1760007912975 5.0446867026716384e-05 102439
1760007913351 4.884007804146841e-05 102449
1760007913728 4.725348378859947e-05 102459
1760007914097 4.568746802318223e-05 102469
1760007914467 4.414240952289921e-05 102479
1760007914847 4.2618681996426215e-05 102489
1760007915228 4.1116653993042214e-05 102499
1760007915610 3.9636688813486865e-05 102509
1760007915994 3.8179144422088175e-05 102519
1760007916396 3.674437336017976e-05 102529
1760007916804 3.5332722660831e-05 102539
1760007917226 3.3944533764908695e-05 102549
1760007917630 3.258014243849146e-05 102559
1760007918032 3.123987869165727e-05 102569
1760007918415 2.9924066698662144e-05 102579
1760007918791 2.8633024719531525e-05 102589
1760007919170 2.7367065023081328e-05 102599
1760007919555 2.6126493811388532e-05 102609
1760007919955 2.4911611145728814e-05 102619
1760007920330 2.372271087400011e-05 102629
1760007920703 2.2560080559648037e-05 102639
1760007921068 2.1424001412112374e-05 102649
1760007921468 2.031474821880977e-05 102659
1760007921869 1.9232589278669885e-05 102669
1760007922233 1.8177786337241278e-05 102679
1760007922597 1.715059452338169e-05 102689
1760007922966 1.6151262287549493e-05 102699
1760007923337 1.5180031341709949e-05 102709
1760007923711 1.4237136600871523e-05 102719
1760007924073 1.3322806126266162e-05 102729
1760007924442 1.24372610701874e-05 102739
1760007924812 1.1580715622499318e-05 102749
1760007925181 1.0753376958829892e-05 102759
1760007925575 9.955445190460635e-06 102769
1760007925965 9.187113315924854e-06 102779
1760007926358 8.448567174326677e-06 102789
1760007926735 7.73998540039125e-06 102799
1760007927117 7.061539381257888e-06 102809
1760007927503 6.4133932150260614e-06 102819
1760007927883 5.795703671064317e-06 102829
1760007928275 5.208620152092048e-06 102839
1760007928657 4.652284658042872e-06 102849
1760007929056 4.126831751718571e-06 102859
1760007929449 3.6323885262420628e-06 102869
1760007929839 3.1690745743167905e-06 102879
1760007930228 2.737001959300486e-06 102889
1760007930598 2.3362751881000695e-06 102899
1760007930967 1.9669911858940548e-06 102909
1760007931331 1.6292392726890816e-06 102919
1760007931699 1.3231011417156413e-06 102929
1760007932084 1.0486508396687832e-06 102939
1760007932475 8.059547487980482e-07 102949
1760007932840 5.950715708514363e-07 102959
1760007933219 4.1605231287701806e-07 102969
1760007933597 2.689402748856472e-07 102979
1760007933969 1.5377103937788391e-07 102989
1760007934374 7.057246273742612e-08 102999
1760007934767 1.9364668493556568e-08 103009
1760007935149 1.600424536372205e-10 103019
1760007935520 0.00026465310965493287 103029
1760007935889 0.0002646083017511369 103039
1760007936254 0.00026453149996864226 103049
1760007936633 0.0002644227228837634 103059
1760007937002 0.0002642819968067924 103069
1760007937378 0.00026410935577563503 103079
1760007937747 0.00026390484154757834 103089
1760007938114 0.00026366850358919036 103099
1760007938509 0.00026340039906435535 103109
1760007938878 0.00026310059282044773 103119
1760007939235 0.00026276915737264686 103129
1760007939601 0.000262406172886398 103139
1760007939973 0.0002620117271580217 103149
1760007940340 0.0002615859155934789 103159
1760007940704 0.0002611288411852945 103169
1760007941062 0.000260640614487646 103179
1760007941430 0.0002601213535896237 103189
1760007941792 0.0002595711840866678 103199
1760007942146 0.00025899023905019046 103209
1760007942496 0.00025837865899538915 103219
1760007942852 0.0002577365918472599 103229
1760007943188 0.0002570641929048179 103239
1760007943558 0.0002563616248035353 103249
1760007943916 0.00025562905747600323 103259
1760007944275 0.0002548666681108305 103269
1760007944636 0.0002540746411097858 103279
1760007944993 0.0002532531680431957 103289
1760007945356 0.0002524024476036094 103299
1760007945734 0.00025152268555773987 103309
1760007946101 0.00025061409469669447 103319
1760007946480 0.0002496768947845063 103329
1760007946855 0.00024871131250497945 103339
1760007947227 0.00024771758140685967 103349
1760007947602 0.0002466959418473456 103359
1760007947966 0.00024564664093395253 103369
1760007948337 0.0002445699324647436 103379
1760007948708 0.00024346607686694287 103389
1760007949084 0.00024233534113394487 103399
1760007949469 0.000241177998760736 103409
1760007949853 0.00023999432967774324 103419
1760007950231 0.0002387846201831265 103429
1760007950610 0.00023754916287353073 103439
1760007950988 0.00023628825657331435 103449
1760007951365 0.00023500220626227183 103459
1760007951747 0.0002336913230018669 103469
1760007952132 0.00023235592385999532 103479
1760007952515 0.00023099633183429425 103489
1760007952902 0.00022961287577401794 103499
1760007953291 0.00022820589030049775 103509
1760007953685 0.00022677571572620603 103519
1760007954082 0.00022532269797244364 103529
1760007954469 0.00022384718848567067 103539
1760007954862 0.00022234954415250116 103549
1760007955242 0.00022083012721338123 103559
1760007955626 0.00021928930517497305 103569
1760007956001 0.00021772745072126472 103579
1760007956393 0.00021614494162342773 103589
1760007956781 0.0002145421606484442 103599
1760007957175 0.00021291949546652577 103609
1760007957542 0.0002112773385573463 103619
1760007957914 0.0002096160871151118 103629
1760007958306 0.0002079361429524891 103639
1760007958688 0.00020623791240341862 103649
1760007959067 0.00020452180622483254 103659
1760007959459 0.00020278823949730382 103669
1760007959852 0.00020103763152464916 103679
1760007960238 0.00019927040573251048 103689
1760007960622 0.00019748698956593953 103699
1760007961012 0.00019568781438601037 103709
1760007961404 0.00019387331536548422 103719
1760007961786 0.00019204393138355316 103729
1760007962166 0.0001902001049196866 103739
1760007962556 0.00018834228194660734 103749
1760007962930 0.0001864709118224225 103759
1760007963317 0.0001845864471819359 103769
1760007963697 0.0001826893438271674 103779
1760007964074 0.0001807800606171069 103789
1760007964424 0.00017885905935672805 103799
1760007964774 0.00017692680468529024 103809
1760007965121 0.00017498376396395457 103819
1760007965471 0.00017303040716274142 103829
1760007965834 0.00017106720674685743 103839
1760007966187 0.00016909463756241855 103849
1760007966548 0.00016711317672159738 103859
1760007966912 0.0001651233034872224 103869
1760007967268 0.0001631254991568569 103879
1760007967617 0.00016112024694638609 103889
1760007967975 0.00015910803187313977 103899
1760007968321 0.00015708934063857964 103909
1760007968670 0.00015506466151057899 103919
1760007969020 0.00015303448420532387 103929
1760007969369 0.00015099929976886345 103939
1760007969721 0.0001489596004583392 103949
1760007970074 0.0001469158796229209 103959
1760007970435 0.00014486863158447866 103969
1760007970788 0.0001428183515180192 103979
1760007971201 0.00014076553533191662 103989
1760007971584 0.00013871067954796502 103999
1760007971961 0.00013665428118128322 104009
1760007972341 0.0001345968376200997 104019
1760007972709 0.000132538846505448 104029
1760007973074 0.00013048080561080022 104039
1760007973425 0.00012842321272166883 104049
1760007973770 0.00012636656551520575 104059
1760007974121 0.00012431136143982736 104069
1760007974508 0.00012225809759489485 104079
1760007974879 0.00012020727061047916 104089
1760007975248 0.00011815937652723923 104099
1760007975614 0.00011611491067644306 104109
1760007975964 0.00011407436756016012 104119
1760007976338 0.00011203824073165443 104129
1760007976705 0.00011000702267600709 104139
1760007977085 0.00010798120469099727 104149
1760007977456 0.00010596127676827025 104159
1760007977829 0.00010394772747482139 104169
1760007978214 0.00010194104383482491 104179
1760007978602 9.994171121183543e-05 104189
1760007978976 9.79502131913916e-05 104199
1760007979346 9.596703146404942e-05 104209
1760007979715 9.399264570887414e-05 104219
1760007980082 9.202753347741866e-05 104229
1760007980455 9.00721700782164e-05 104239
1760007980841 8.812702846181681e-05 104249
1760007981216 8.619257910639118e-05 104259
1760007981603 8.426928990393635e-05 104269
1760007981999 8.235762604710425e-05 104279
1760007982394 8.04580499166839e-05 104289
1760007982792 7.857102096976397e-05 104299
1760007983180 7.669699562860212e-05 104309
1760007983549 7.483642717022866e-05 104319
1760007983928 7.298976561681092e-05 104329
1760007984299 7.115745762680446e-05 104339
1760007984671 6.933994638691895e-05 104349
1760007985047 6.753767150492214e-05 104359
1760007985592 6.575106890331135e-05 104369
1760007985984 6.39805707138745e-05 104379
1760007986377 6.222660517316955e-05 104389
1760007986766 6.0489596518945076e-05 104399
1760007987157 5.876996488752862e-05 104409
1760007987549 5.70681262122065e-05 104419
1760007987937 5.538449212262123e-05 104429
1760007988322 5.3719469845208447e-05 104439
1760007988710 5.207346210470021e-05 104449
1760007989080 5.0446867026716384e-05 104459
1760007989471 4.884007804146841e-05 104469
1760007989846 4.725348378859947e-05 104479
1760007990218 4.568746802318223e-05 104489
1760007990576 4.414240952289921e-05 104499
1760007990939 4.2618681996426215e-05 104509
1760007991308 4.1116653993042214e-05 104519
1760007991683 3.9636688813486865e-05 104529
1760007992056 3.8179144422088175e-05 104539
1760007992429 3.674437336017976e-05 104549
1760007992806 3.5332722660831e-05 104559
1760007993169 3.3944533764908695e-05 104569
1760007993550 3.258014243849146e-05 104579
1760007993924 3.123987869165727e-05 104589
1760007994319 2.9924066698662144e-05 104599
1760007994707 2.8633024719531525e-05 104609
1760007995083 2.7367065023081328e-05 104619
1760007995459 2.6126493811388532e-05 104629
1760007995849 2.4911611145728814e-05 104639
1760007996225 2.372271087400011e-05 104649
1760007996606 2.2560080559648037e-05 104659
1760007996984 2.1424001412112374e-05 104669
1760007997354 2.031474821880977e-05 104679
1760007997733 1.9232589278669885e-05 104689
1760007998114 1.8177786337241278e-05 104699
1760007998506 1.715059452338169e-05 104709
1760007998892 1.6151262287549493e-05 104719
1760007999272 1.5180031341709949e-05 104729
1760007999646 1.4237136600871523e-05 104739
1760008000034 1.3322806126266162e-05 104749
1760008000412 1.24372610701874e-05 104759
1760008000798 1.1580715622499318e-05 104769
1760008001165 1.0753376958829892e-05 104779
1760008001533 9.955445190460635e-06 104789
1760008001892 9.187113315924854e-06 104799
1760008002254 8.448567174326677e-06 104809
1760008002606 7.73998540039125e-06 104819
1760008002960 7.061539381257888e-06 104829
1760008003317 6.4133932150260614e-06 104839
1760008003687 5.795703671064317e-06 104849
1760008004060 5.208620152092048e-06 104859
1760008004428 4.652284658042872e-06 104869
1760008004793 4.126831751718571e-06 104879
1760008005663 3.6323885262420628e-06 104889
1760008006035 3.1690745743167905e-06 104899
1760008006393 2.737001959300486e-06 104909
1760008006756 2.3362751881000695e-06 104919
1760008007123 1.9669911858940548e-06 104929
1760008007481 1.6292392726890816e-06 104939
1760008007835 1.3231011417156413e-06 104949
1760008008201 1.0486508396687832e-06 104959
1760008008561 8.059547487980482e-07 104969
1760008008921 5.950715708514363e-07 104979
1760008009280 4.1605231287701806e-07 104989
1760008009636 2.689402748856472e-07 104999
1760008009994 1.5377103937788391e-07 105009
1760008025115 7.021960042373897e-08 105019
1760008025501 1.9267845151088782e-08 105029
1760008025888 1.5924224136903438e-10 105039
1760008026252 0.0002633298441066582 105049
1760008026631 0.0002632852602423812 105059
1760008027023 0.00026320884246879906 105069
1760008027453 0.0002631006092693446 105079
1760008027827 0.0002629605868227584 105089
1760008028196 0.0002627888089967568 105099
1760008028552 0.0002625853173398404 105109
1760008028934 0.00026235016107124435 105119
1760008029299 0.00026208339706903355 105129
1760008029676 0.00026178508985634546 105139
1760008030071 0.0002614553115857836 105149
1760008030457 0.000261094142021966 105159
1760008030849 0.00026070166852223156 105169
1760008031277 0.0002602779860155115 105179
1760008031669 0.000259823196979368 105189
1760008032061 0.0002593374114152078 105199
1760008032463 0.00025882074682167557 105209
1760008032863 0.0002582733281662344 105219
1760008033251 0.0002576952878549395 105229
1760008033638 0.0002570867657004122 105239
1760008034013 0.0002564479088880236 105249
1760008034397 0.0002557788719402938 105259
1760008034781 0.00025507981667951754 105269
1760008035154 0.00025435091218862317 105279
1760008035545 0.00025359233477027635 105289
1760008035912 0.0002528042679042368 105299
1760008036281 0.00025198690220297964 105309
1760008036661 0.0002511404353655913 105319
1760008037057 0.0002502650721299511 105329
1760008037455 0.000249361024223211 105339
1760008037839 0.00024842851031058375 105349
1760008038221 0.00024746775594245454 105359
1760008038619 0.00024647899349982533 105369
1760008039011 0.00024546246213810887 105379
1760008039401 0.0002444184077292827 105389
1760008039786 0.00024334708280241985 105399
1760008040180 0.00024224874648260812 105409
1760008040568 0.0002411236644282751 105419
1760008040963 0.0002399721087669323 105429
1760008041350 0.0002387943580293545 105439
1760008041731 0.00023759069708221086 105449
1760008042115 0.00023636141705916304 105459
1760008042502 0.00023510681529044774 105469
1760008042886 0.00023382719523096045 105479
1760008043260 0.00023252286638685755 105489
1760008043645 0.0002311941442406953 105499
1760008044027 0.00022984135017512276 105509
1760008044420 0.00022846481139514785 105519
1760008044801 0.00022706486084899524 105529
1760008045181 0.00022564183714757498 105539
1760008045555 0.0002241960844825814 105549
1760008045931 0.0002227279525432423 105559
1760008046313 0.00022123779643173862 105569
1760008046685 0.00021972597657731428 105579
1760008047057 0.00021819285864909817 105589
1760008047423 0.0002166388134676584 105599
1760008047798 0.00021506421691531058 105609
1760008048168 0.00021346944984520195 105619
1760008048553 0.0002118548979891931 105629
1760008048918 0.00021022095186455956 105639
1760008049295 0.00020856800667953622 105649
1760008049668 0.00020689646223772664 105659
1760008050056 0.0002052067228414015 105669
1760008050440 0.00020349919719370835 105679
1760008050805 0.0002017742982998173 105689
1760008051175 0.0002000324433670259 105699
1760008051570 0.00019827405370384792 105709
1760008051970 0.0001964995546181098 105719
1760008052362 0.0001947093753140803 105729
1760008052760 0.00019290394878865676 105739
1760008053142 0.00019108371172663538 105749
1760008053528 0.00018924910439508815 105759
1760008053915 0.0001874005705368743 105769
1760008054300 0.00018553855726331038 105779
1760008054679 0.0001836635149460262 105789
1760008055057 0.00018177589710803157 105799
1760008055444 0.00017987616031402135 105809
1760008055821 0.00017796476405994437 105819
1760008056236 0.00017604217066186377 105829
1760008056617 0.0001741088451441348 105839
1760008057003 0.00017216525512692767 105849
1760008057378 0.00017021187071312313 105859
1760008057779 0.00016824916437460644 105869
1760008058170 0.0001662776108379894 105879
1760008058541 0.00016429768696978628 105889
1760008058913 0.0001623098716610726 105899
1760008059309 0.00016031464571165415 105909
1760008059670 0.00015831249171377405 105919
1760008060036 0.00015630389393538673 105929
1760008060407 0.00015428933820302608 105939
1760008060786 0.00015226931178429723 105949
1760008061163 0.00015024430327001913 105959
1760008061542 0.0001482148024560475 105969
1760008061915 0.00014618130022480628 105979
1760008062288 0.00014414428842655623 105989
1760008062663 0.0001421042597604291 105999
1760008063040 0.000140061707655257 106009
1760008063421 0.00013801712615022518 106019
1760008063804 0.0001359710097753768 106029
1760008064180 0.0001339238534319992 106039
1760008064558 0.00013187615227292076 106049
1760008064945 0.00012982840158274621 106059
1760008065329 0.00012778109665806048 106069
1760008065714 0.0001257347326876297 106079
1760008066092 0.0001236898046326282 106089
1760008066471 0.00012164680710692035 106099
1760008066845 0.00011960623425742675 106109
1760008067215 0.00011756857964460302 106119
1760008067584 0.00011553433612306083 106129
1760008067947 0.0001135039957223593 106139
1760008068325 0.00011147804952799616 106149
1760008068708 0.00010945698756262704 106159
1760008069086 0.00010744129866754228 106169
1760008069470 0.00010543147038442889 106179
1760008069862 0.00010342798883744728 106189
1760008070259 0.00010143133861565078 106199
1760008070637 9.944200265577625e-05 106209
1760008071013 9.746046212543465e-05 106219
1760008071384 9.548719630672916e-05 106229
1760008071763 9.352268248032975e-05 106239
1760008072141 9.156739581003156e-05 106249
1760008072527 8.962180922782532e-05 106259
1760008072902 8.768639331950771e-05 106269
1760008073281 8.576161621085922e-05 106279
1760008073655 8.384794345441665e-05 106289
1760008074039 8.194583791686873e-05 106299
1760008074407 8.005575966710048e-05 106309
1760008074762 7.817816586491514e-05 106319
1760008075122 7.63135106504591e-05 106329
1760008075478 7.446224503437752e-05 106339
1760008075828 7.262481678872687e-05 106349
1760008076176 7.080167033867044e-05 106359
1760008076539 6.899324665498436e-05 106369
1760008076904 6.719998314739752e-05 106379
1760008077278 6.542231355879479e-05 106389
1760008077632 6.366066786030513e-05 106399
1760008077986 6.19154721473037e-05 106409
1760008078351 6.0187148536350346e-05 106419
1760008078710 5.847611506309097e-05 106429
1760008079076 5.678278558114546e-05 106439
1760008079443 5.5107569662008116e-05 106449
1760008079802 5.34508724959824e-05 106459
1760008080160 5.1813094794176706e-05 106469
1760008080528 5.01946326915828e-05 106479
1760008080909 4.8595877651261065e-05 106489
1760008081282 4.7017216369656466e-05 106499
1760008081673 4.545903068306632e-05 106509
1760008082036 4.392169747528472e-05 106519
1760008082408 4.240558858644408e-05 106529
1760008082775 4.0911070723077e-05 106539
1760008083142 3.943850536941943e-05 106549
1760008083528 3.798824869997773e-05 106559
1760008083927 3.656065149337886e-05 106569
1760008084302 3.515605904752684e-05 106579
1760008084672 3.377481109608415e-05 106589
1760008085045 3.2417241726298996e-05 106599
1760008085417 3.108367929819898e-05 106609
1760008085795 2.977444636516883e-05 106619
1760008086167 2.8489859595933866e-05 106629
1760008086539 2.7230229697965918e-05 106639
1760008086913 2.5995861342331587e-05 106649
1760008087274 2.4787053090000168e-05 106659
1760008087649 2.360409731963011e-05 106669
1760008088031 2.2447280156849797e-05 106679
1760008088411 2.1316881405051813e-05 106689
1760008088766 2.021317447771572e-05 106699
1760008089133 1.9136426332276534e-05 106709
1760008089510 1.808689740555507e-05 106719
1760008089892 1.7064841550764778e-05 106729
1760008090285 1.6070505976111744e-05 106739
1760008090666 1.5104131185001397e-05 106749
1760008091033 1.4165950917867166e-05 106759
1760008091418 1.325619209563483e-05 106769
1760008091786 1.2375074764836462e-05 106779
1760008092150 1.152281204438682e-05 106789
1760008092519 1.069961007403574e-05 106799
1760008092884 9.90566796450833e-06 106809
1760008093263 9.141177749345227e-06 106819
1760008093637 8.406324338455043e-06 106829
1760008094018 7.701285473389293e-06 106839
1760008094389 7.026231684351598e-06 106849
1760008094755 6.3813262489509306e-06 106859
1760008095121 5.7667251527089945e-06 106869
1760008095485 5.182577051331587e-06 106879
1760008095846 4.629023234752658e-06 106889
1760008096210 4.1061975929599775e-06 106899
1760008096585 3.6142265836108522e-06 106909
1760008096947 3.153229201445206e-06 106919
1760008097315 2.7233169495039836e-06 106929
1760008097671 2.324593812159569e-06 106939
1760008098035 1.957156229964584e-06 106949
1760008098392 1.621093076325636e-06 106959
1760008098749 1.316485636007063e-06 106969
1760008099104 1.0434075854704393e-06 106979
1760008099463 8.019249750540579e-07 106989
1760008099828 5.92096212997179e-07 106999
1760008100191 4.1397205131263295e-07 107009
1760008100564 2.675955735112189e-07 107019
1760008100928 1.530021841809945e-07 107029
1760008101289 7.021960042373897e-08 107039
1760008101643 1.9267845151088782e-08 107049
1760008101993 1.5924224136903438e-10 107059
1760008102357 0.0002633298441066582 107069
1760008102719 0.0002632852602423812 107079
1760008103089 0.00026320884246879906 107089
1760008103445 0.0002631006092693446 107099
1760008103763 0.0002629605868227584 107109
1760008104130 0.0002627888089967568 107119
1760008104496 0.0002625853173398404 107129
1760008104860 0.00026235016107124435 107139
1760008105231 0.00026208339706903355 107149
1760008105619 0.00026178508985634546 107159
1760008105992 0.0002614553115857836 107169
1760008106370 0.000261094142021966 107179
1760008106775 0.00026070166852223156 107189
1760008107170 0.0002602779860155115 107199
1760008107563 0.000259823196979368 107209
1760008107951 0.0002593374114152078 107219
1760008108330 0.00025882074682167557 107229
1760008108710 0.0002582733281662344 107239
1760008109091 0.0002576952878549395 107249
1760008109457 0.0002570867657004122 107259
1760008109821 0.0002564479088880236 107269
1760008110185 0.0002557788719402938 107279
1760008110540 0.00025507981667951754 107289
1760008110894 0.00025435091218862317 107299
1760008111248 0.00025359233477027635 107309
1760008111606 0.0002528042679042368 107319
1760008111962 0.00025198690220297964 107329
1760008112321 0.0002511404353655913 107339
1760008112685 0.0002502650721299511 107349
1760008113051 0.000249361024223211 107359
1760008113426 0.00024842851031058375 107369
1760008113817 0.00024746775594245454 107379
1760008114198 0.00024647899349982533 107389
1760008114576 0.00024546246213810887 107399
1760008114939 0.0002444184077292827 107409
1760008115301 0.00024334708280241985 107419
1760008115666 0.00024224874648260812 107429
1760008116039 0.0002411236644282751 107439
1760008116418 0.0002399721087669323 107449
1760008116792 0.0002387943580293545 107459
1760008117171 0.00023759069708221086 107469
1760008117554 0.00023636141705916304 107479
1760008117931 0.00023510681529044774 107489
1760008118319 0.00023382719523096045 107499
1760008118707 0.00023252286638685755 107509
1760008119072 0.0002311941442406953 107519
1760008119440 0.00022984135017512276 107529
1760008119803 0.00022846481139514785 107539
1760008120187 0.00022706486084899524 107549
1760008120555 0.00022564183714757498 107559
1760008120928 0.0002241960844825814 107569
1760008121294 0.0002227279525432423 107579
1760008121697 0.00022123779643173862 107589
1760008122075 0.00021972597657731428 107599
1760008122458 0.00021819285864909817 107609
1760008122841 0.0002166388134676584 107619
1760008123217 0.00021506421691531058 107629
1760008123591 0.00021346944984520195 107639
1760008123971 0.0002118548979891931 107649
1760008124352 0.00021022095186455956 107659
1760008124733 0.00020856800667953622 107669
1760008125128 0.00020689646223772664 107679
1760008125509 0.0002052067228414015 107689
1760008125883 0.00020349919719370835 107699
1760008126255 0.0002017742982998173 107709
1760008126621 0.0002000324433670259 107719
1760008127007 0.00019827405370384792 107729
1760008127401 0.0001964995546181098 107739
1760008127793 0.0001947093753140803 107749
1760008128185 0.00019290394878865676 107759
1760008128584 0.00019108371172663538 107769
1760008128944 0.00018924910439508815 107779
1760008129306 0.0001874005705368743 107789
1760008129672 0.00018553855726331038 107799
1760008130040 0.0001836635149460262 107809
1760008130405 0.00018177589710803157 107819
1760008130774 0.00017987616031402135 107829
1760008131150 0.00017796476405994437 107839
1760008131511 0.00017604217066186377 107849
1760008131871 0.0001741088451441348 107859
1760008132239 0.00017216525512692767 107869
1760008132584 0.00017021187071312313 107879
1760008132948 0.00016824916437460644 107889
1760008133320 0.0001662776108379894 107899
1760008133685 0.00016429768696978628 107909
1760008134045 0.0001623098716610726 107919
1760008134428 0.00016031464571165415 107929
1760008134790 0.00015831249171377405 107939
1760008135153 0.00015630389393538673 107949
1760008135531 0.00015428933820302608 107959
1760008135899 0.00015226931178429723 107969
1760008136261 0.00015024430327001913 107979
1760008136638 0.0001482148024560475 107989
1760008137001 0.00014618130022480628 107999
1760008137369 0.00014414428842655623 108009
1760008137735 0.0001421042597604291 108019
1760008138104 0.000140061707655257 108029
1760008138470 0.00013801712615022518 108039
1760008138845 0.0001359710097753768 108049
1760008139210 0.0001339238534319992 108059
1760008139581 0.00013187615227292076 108069
1760008139965 0.00012982840158274621 108079
1760008140343 0.00012778109665806048 108089
1760008140738 0.0001257347326876297 108099
1760008141126 0.0001236898046326282 108109
1760008141508 0.00012164680710692035 108119
1760008141898 0.00011960623425742675 108129
1760008142277 0.00011756857964460302 108139
1760008142668 0.00011553433612306083 108149
1760008143036 0.0001135039957223593 108159
1760008143397 0.00011147804952799616 108169
1760008143800 0.00010945698756262704 108179
1760008144215 0.00010744129866754228 108189
1760008144588 0.00010543147038442889 108199
1760008144962 0.00010342798883744728 108209
1760008145334 0.00010143133861565078 108219
1760008145723 9.944200265577625e-05 108229
1760008146123 9.746046212543465e-05 108239
1760008146533 9.548719630672916e-05 108249
1760008146906 9.352268248032975e-05 108259
1760008147283 9.156739581003156e-05 108269
1760008147665 8.962180922782532e-05 108279
1760008148041 8.768639331950771e-05 108289
1760008148448 8.576161621085922e-05 108299
1760008148833 8.384794345441665e-05 108309
1760008149214 8.194583791686873e-05 108319
1760008149588 8.005575966710048e-05 108329
1760008149965 7.817816586491514e-05 108339
1760008150348 7.63135106504591e-05 108349
1760008150736 7.446224503437752e-05 108359
1760008151121 7.262481678872687e-05 108369
1760008151494 7.080167033867044e-05 108379
1760008151888 6.899324665498436e-05 108389
1760008152277 6.719998314739752e-05 108399
1760008152676 6.542231355879479e-05 108409
1760008153069 6.366066786030513e-05 108419
1760008153455 6.19154721473037e-05 108429
1760008153848 6.0187148536350346e-05 108439
1760008154235 5.847611506309097e-05 108449
1760008154615 5.678278558114546e-05 108459
1760008154988 5.5107569662008116e-05 108469
1760008155380 5.34508724959824e-05 108479
1760008155756 5.1813094794176706e-05 108489
1760008156123 5.01946326915828e-05 108499
1760008156500 4.8595877651261065e-05 108509
1760008156868 4.7017216369656466e-05 108519
1760008157243 4.545903068306632e-05 108529
1760008157617 4.392169747528472e-05 108539
1760008158004 4.240558858644408e-05 108549
1760008158414 4.0911070723077e-05 108559
1760008158820 3.943850536941943e-05 108569
1760008159226 3.798824869997773e-05 108579
1760008159621 3.656065149337886e-05 108589
1760008160006 3.515605904752684e-05 108599
1760008160411 3.377481109608415e-05 108609
1760008160796 3.2417241726298996e-05 108619
1760008161170 3.108367929819898e-05 108629
1760008161548 2.977444636516883e-05 108639
1760008161928 2.8489859595933866e-05 108649
1760008162313 2.7230229697965918e-05 108659
1760008162687 2.5995861342331587e-05 108669
1760008163056 2.4787053090000168e-05 108679
1760008163441 2.360409731963011e-05 108689
1760008163826 2.2447280156849797e-05 108699
1760008164213 2.1316881405051813e-05 108709
1760008164594 2.021317447771572e-05 108719
1760008164965 1.9136426332276534e-05 108729
1760008165342 1.808689740555507e-05 108739
1760008165716 1.7064841550764778e-05 108749
1760008166105 1.6070505976111744e-05 108759
1760008166497 1.5104131185001397e-05 108769
1760008166895 1.4165950917867166e-05 108779
1760008167284 1.325619209563483e-05 108789
1760008167668 1.2375074764836462e-05 108799
1760008168065 1.152281204438682e-05 108809
1760008168465 1.069961007403574e-05 108819
1760008168842 9.90566796450833e-06 108829
1760008169220 9.141177749345227e-06 108839
1760008169615 8.406324338455043e-06 108849
1760008169994 7.701285473389293e-06 108859
1760008170384 7.026231684351598e-06 108869
1760008170766 6.3813262489509306e-06 108879
1760008171142 5.7667251527089945e-06 108889
1760008171517 5.182577051331587e-06 108899
1760008171883 4.629023234752658e-06 108909
1760008172250 4.1061975929599775e-06 108919
1760008173084 3.6142265836108522e-06 108929
1760008173451 3.153229201445206e-06 108939
1760008173817 2.7233169495039836e-06 108949
1760008174186 2.324593812159569e-06 108959
1760008174555 1.957156229964584e-06 108969
1760008174932 1.621093076325636e-06 108979
1760008175295 1.316485636007063e-06 108989
1760008175660 1.0434075854704393e-06 108999
1760008176022 8.019249750540579e-07 109009
1760008176388 5.92096212997179e-07 109019
1760008176746 4.1397205131263295e-07 109029
1760008177111 2.675955735112189e-07 109039
1760008177480 1.530021841809945e-07 109049
1760008194145 6.986850242162028e-08 109059
1760008194435 1.917150592533334e-08 109069
1760008194739 1.584460301621892e-10 109079
1760008195103 0.0002620131948861249 109089
1760008195524 0.0002619688339411693 109099
1760008195872 0.00026189279825645503 109109
1760008196249 0.0002617851062229979 109119
1760008196597 0.0002616457838886446 109129
1760008196947 0.00026147486495177306 109139
1760008197307 0.0002612723907531412 109149
1760008197670 0.00026103841026588816 109159
1760008198033 0.0002607729800836884 109169
1760008198402 0.00026047616440706375 109179
1760008198770 0.0002601480350278547 109189
1760008199139 0.00025978867131185615 109199
1760008199500 0.0002593981601796204 109209
1760008199876 0.00025897659608543395 109219
1760008200254 0.00025852408099447116 109229
1760008200641 0.00025804072435813176 109239
1760008201010 0.0002575266430875672 109249
1760008201377 0.0002569819615254033 109259
1760008201746 0.0002564068114156648 109269
1760008202124 0.00025580133187191016 109279
1760008202508 0.00025516566934358345 109289
1760008202902 0.0002544999775805923 109299
1760008203270 0.00025380441759612 109309
1760008203649 0.0002530791576276801 109319
1760008204026 0.00025232437309642496 109329
1760008204408 0.0002515402465647156 109339
1760008204791 0.00025072696769196475 109349
1760008205175 0.00024988473318876336 109359
1760008205563 0.00024901374676930137 109369
1760008205930 0.0002481142191020949 109379
1760008206306 0.00024718636775903084 109389
1760008206703 0.00024623041716274224 109399
1760008207072 0.0002452465985323262 109409
1760008207439 0.00024423514982741836 109419
1760008207817 0.00024319631569063636 109429
1760008208208 0.00024213034738840777 109439
1760008208610 0.0002410375027501951 109449
1760008209005 0.00023991804610613377 109459
1760008209391 0.00023877224822309765 109469
1760008209782 0.00023760038623920775 109479
1760008210173 0.0002364027435967998 109489
1760008210551 0.00023517960997386725 109499
1760008210944 0.00023393128121399552 109509
1760008211318 0.00023265805925480563 109519
1760008211687 0.00023136025205492327 109529
1760008212055 0.00023003817351949186 109539
1760008212429 0.00022869214342424715 109549
1760008212795 0.0002273224873381721 109559
1760008213172 0.0002259295365447503 109569
1760008213564 0.0002245136279618371 109579
1760008213943 0.00022307510406016848 109589
1760008214320 0.00022161431278052608 109599
1760008214713 0.00022013160744957993 109609
1760008215100 0.00021862734669442772 109619
1760008215494 0.00021710189435585268 109629
1760008215877 0.0002155556194003201 109639
1760008216256 0.00021398889583073403 109649
1760008216631 0.00021240210259597595 109659
1760008217000 0.00021079562349924716 109669
1760008217375 0.00020916984710523678 109679
1760008217760 0.00020752516664613856 109689
1760008218137 0.00020586197992653803 109699
1760008218515 0.0002041806892271945 109709
1760008218885 0.0002024817012077398 109719
1760008219272 0.0002007654268083182 109729
1760008219649 0.00019903228115019078 109739
1760008220013 0.0001972826834353287 109749
1760008220372 0.00019551705684501926 109759
1760008220724 0.00019373582843750992 109769
1760008221109 0.0001919394290447135 109779
1760008221465 0.0001901282931680022 109789
1760008221814 0.0001883028588731127 109799
1760008222188 0.00018646356768418993 109809
1760008222549 0.00018461086447699382 109819
1760008222917 0.00018274519737129606 109829
1760008223270 0.0001808670176224914 109839
1760008223630 0.00017897677951245124 109849
1760008223995 0.00017707494023964465 109859
1760008224372 0.00017516195980855445 109869
1760008224752 0.0001732383009184141 109879
1760008225140 0.00017130442885129304 109889
1760008225515 0.00016936081135955752 109899
1760008225903 0.00016740791855273342 109909
1760008226280 0.00016544622278379944 109919
1760008226659 0.00016347619853493734 109929
1760008227045 0.00016149832230276726 109939
1760008227429 0.00015951307248309588 109949
1760008227791 0.0001575209292552052 109959
1760008228160 0.0001555223744657098 109969
1760008228529 0.00015351789151201096 109979
1760008228901 0.00015150796522537575 109989
1760008229275 0.00014949308175366905 109999
1760008229636 0.00014747372844376724 110009
1760008230011 0.00014545039372368228 110019
1760008230396 0.00014342356698442347 110029
1760008230775 0.00014139373846162694 110039
1760008231157 0.00013936139911698074 110049
1760008231534 0.00013732704051947406 110059
1760008231911 0.00013529115472649993 110069
1760008232298 0.0001332542341648392 110079
1760008232674 0.00013121677151155616 110089
1760008233035 0.00012917925957483249 110099
1760008233403 0.00012714219117477017 110109
1760008233771 0.00012510605902419156 110119
1760008234140 0.00012307135560946507 110129
1760008234511 0.00012103857307138576 110139
1760008234889 0.00011900820308613962 110149
1760008235264 0.00011698073674638 110159
1760008235636 0.00011495666444244554 110169
1760008236011 0.00011293647574374752 110179
1760008236395 0.00011092065928035618 110189
1760008236773 0.00010890970262481392 110199
1760008237153 0.00010690409217420457 110209
1760008237541 0.00010490431303250675 110219
1760008237916 0.00010291084889326005 110229
1760008238291 0.00010092418192257253 110239
1760008238679 9.894479264249737e-05 110249
1760008239078 9.697315981480747e-05 110259
1760008239482 9.500976032519553e-05 110269
1760008239853 9.305506906792812e-05 110279
1760008240222 9.11095588309814e-05 110289
1760008240614 8.91737001816862e-05 110299
1760008240971 8.724796135291017e-05 110309
1760008241339 8.533280812980493e-05 110319
1760008241690 8.342870373714457e-05 110329
1760008242032 8.153610872728439e-05 110339
1760008242385 7.965548086876498e-05 110349
1760008242758 7.778727503559057e-05 110359
1760008243128 7.59319430972068e-05 110369
1760008243513 7.408993380920564e-05 110379
1760008243916 7.226169270478323e-05 110389
1760008244284 7.044766198697709e-05 110399
1760008244626 6.864828042170942e-05 110409
1760008244994 6.686398323166055e-05 110419
1760008245379 6.509520199100082e-05 110429
1760008245724 6.33423645210036e-05 110439
1760008246102 6.160589478656718e-05 110449
1760008246483 5.988621279366859e-05 110459
1760008246856 5.818373448777552e-05 110469
1760008247230 5.649887165323974e-05 110479
1760008247603 5.483203181369808e-05 110489
1760008248005 5.318361813350249e-05 110499
1760008248400 5.1554029320205824e-05 110509
1760008248768 4.994365952812489e-05 110519
1760008249140 4.835289826300476e-05 110529
1760008249499 4.6782130287808185e-05 110539
1760008249862 4.523173552965099e-05 110549
1760008250226 4.370208898790829e-05 110559
1760008250601 4.219356064351186e-05 110569
1760008250999 4.070651536946162e-05 110579
1760008251351 3.9241312842572336e-05 110589
1760008251713 3.779830745647784e-05 110599
1760008252076 3.637784823591197e-05 110609
1760008252433 3.49802787522892e-05 110619
1760008252804 3.360593704060373e-05 110629
1760008253167 3.2255155517667505e-05 110639
1760008253532 3.0928260901707986e-05 110649
1760008253905 2.9625574133342988e-05 110659
1760008254272 2.8347410297954196e-05 110669
1760008254668 2.7094078549476092e-05 110679
1760008255076 2.586588203561993e-05 110689
1760008255464 2.4663117824550166e-05 110699
1760008255849 2.348607683303196e-05 110709
1760008256233 2.233504375606555e-05 110719
1760008256577 2.1210296998026553e-05 110729
1760008256921 2.0112108605327144e-05 110739
1760008257266 1.904074420061515e-05 110749
1760008257609 1.7996462918527294e-05 110759
1760008257952 1.6979517343010954e-05 110769
1760008258293 1.5990153446231186e-05 110779
1760008258637 1.5028610529076392e-05 110789
1760008258982 1.409512116327783e-05 110799
1760008259328 1.3189911135156655e-05 110809
1760008259675 1.231319939101228e-05 110819
1760008260020 1.1465197984164886e-05 110829
1760008260365 1.0646112023665563e-05 110839
1760008260711 9.85613962468579e-06 110849
1760008261060 9.095471860598502e-06 110859
1760008261412 8.364292716762768e-06 110869
1760008261761 7.662779046022347e-06 110879
1760008262107 6.9911005259298405e-06 110889
1760008262457 6.3494196177061765e-06 110899
1760008262806 5.73789152694545e-06 110909
1760008263158 5.156664166074929e-06 110919
1760008263509 4.605878118578894e-06 110929
1760008263862 4.085666604995177e-06 110939
1760008264211 3.5961554506927984e-06 110949
1760008264561 3.1374630554379804e-06 110959
1760008264926 2.7097003647564637e-06 110969
1760008265296 2.312970843098771e-06 110979
1760008265668 1.947370448814761e-06 110989
1760008266034 1.6129876109440078e-06 110999
1760008266401 1.3099032078270278e-06 111009
1760008266770 1.038190547543087e-06 111019
1760008267146 7.979153501787877e-07 111029
1760008267515 5.891357319321931e-07 111039
1760008267884 4.119021910560698e-07 111049
1760008268251 2.6625759564366284e-07 111059
1760008268613 1.5223717326008952e-07 111069
1760008268978 6.986850242162028e-08 111079
1760008269352 1.917150592533334e-08 111089
1760008269718 1.584460301621892e-10 111099
1760008270081 0.0002620131948861249 111109
1760008270449 0.0002619688339411693 111119
1760008270814 0.00026189279825645503 111129
1760008271176 0.0002617851062229979 111139
1760008271553 0.0002616457838886446 111149
1760008271919 0.00026147486495177306 111159
1760008272279 0.0002612723907531412 111169
1760008272644 0.00026103841026588816 111179
1760008273009 0.0002607729800836884 111189
1760008273365 0.00026047616440706375 111199
1760008273737 0.0002601480350278547 111209
1760008274110 0.00025978867131185615 111219
1760008274478 0.0002593981601796204 111229
1760008274849 0.00025897659608543395 111239
1760008275219 0.00025852408099447116 111249
1760008275602 0.00025804072435813176 111259
1760008275991 0.0002575266430875672 111269
1760008276376 0.0002569819615254033 111279
1760008276773 0.0002564068114156648 111289
1760008277168 0.00025580133187191016 111299
1760008277557 0.00025516566934358345 111309
1760008277956 0.0002544999775805923 111319
1760008278340 0.00025380441759612 111329
1760008278721 0.0002530791576276801 111339
1760008279101 0.00025232437309642496 111349
1760008279472 0.0002515402465647156 111359
1760008279849 0.00025072696769196475 111369
1760008280223 0.00024988473318876336 111379
1760008280585 0.00024901374676930137 111389
1760008280943 0.0002481142191020949 111399
1760008281299 0.00024718636775903084 111409
1760008281654 0.00024623041716274224 111419
1760008282007 0.0002452465985323262 111429
1760008282362 0.00024423514982741836 111439
1760008282716 0.00024319631569063636 111449
1760008283075 0.00024213034738840777 111459
1760008283439 0.0002410375027501951 111469
1760008283801 0.00023991804610613377 111479
1760008284157 0.00023877224822309765 111489
1760008284520 0.00023760038623920775 111499
1760008284901 0.0002364027435967998 111509
1760008285333 0.00023517960997386725 111519
1760008285818 0.00023393128121399552 111529
1760008286202 0.00023265805925480563 111539
1760008286590 0.00023136025205492327 111549
1760008286971 0.00023003817351949186 111559
1760008287344 0.00022869214342424715 111569
1760008287747 0.0002273224873381721 111579
1760008288124 0.0002259295365447503 111589
1760008288506 0.0002245136279618371 111599
1760008288888 0.00022307510406016848 111609
1760008289257 0.00022161431278052608 111619
1760008289629 0.00022013160744957993 111629
1760008290029 0.00021862734669442772 111639
1760008290436 0.00021710189435585268 111649
1760008290841 0.0002155556194003201 111659
1760008291252 0.00021398889583073403 111669
1760008291651 0.00021240210259597595 111679
1760008292056 0.00021079562349924716 111689
1760008292440 0.00020916984710523678 111699
1760008292824 0.00020752516664613856 111709
1760008293211 0.00020586197992653803 111719
1760008293603 0.0002041806892271945 111729
1760008293992 0.0002024817012077398 111739
1760008294377 0.0002007654268083182 111749
1760008294779 0.00019903228115019078 111759
1760008295153 0.0001972826834353287 111769
1760008295533 0.00019551705684501926 111779
1760008295910 0.00019373582843750992 111789
1760008296299 0.0001919394290447135 111799
1760008296686 0.0001901282931680022 111809
1760008297071 0.0001883028588731127 111819
1760008297456 0.00018646356768418993 111829
1760008297810 0.00018461086447699382 111839
1760008298164 0.00018274519737129606 111849
1760008298529 0.0001808670176224914 111859
1760008298896 0.00017897677951245124 111869
1760008299259 0.00017707494023964465 111879
1760008299635 0.00017516195980855445 111889
1760008299980 0.0001732383009184141 111899
1760008300329 0.00017130442885129304 111909
1760008300688 0.00016936081135955752 111919
1760008301068 0.00016740791855273342 111929
1760008301443 0.00016544622278379944 111939
1760008301826 0.00016347619853493734 111949
1760008302210 0.00016149832230276726 111959
1760008302617 0.00015951307248309588 111969
1760008302996 0.0001575209292552052 111979
1760008303379 0.0001555223744657098 111989
1760008303750 0.00015351789151201096 111999
1760008304154 0.00015150796522537575 112009
1760008304544 0.00014949308175366905 112019
1760008304940 0.00014747372844376724 112029
1760008305328 0.00014545039372368228 112039
1760008305723 0.00014342356698442347 112049
1760008306125 0.00014139373846162694 112059
1760008306529 0.00013936139911698074 112069
1760008306932 0.00013732704051947406 112079
1760008307316 0.00013529115472649993 112089
1760008307713 0.0001332542341648392 112099
1760008308099 0.00013121677151155616 112109
1760008308484 0.00012917925957483249 112119
1760008308864 0.00012714219117477017 112129
1760008309242 0.00012510605902419156 112139
1760008309616 0.00012307135560946507 112149
1760008309990 0.00012103857307138576 112159
1760008310369 0.00011900820308613962 112169
1760008310746 0.00011698073674638 112179
1760008311125 0.00011495666444244554 112189
1760008311511 0.00011293647574374752 112199
1760008311900 0.00011092065928035618 112209
1760008312288 0.00010890970262481392 112219
1760008312689 0.00010690409217420457 112229
1760008313092 0.00010490431303250675 112239
1760008313493 0.00010291084889326005 112249
1760008313859 0.00010092418192257253 112259
1760008314236 9.894479264249737e-05 112269
1760008314614 9.697315981480747e-05 112279
1760008315000 9.500976032519553e-05 112289
1760008315399 9.305506906792812e-05 112299
1760008315792 9.11095588309814e-05 112309
1760008316175 8.91737001816862e-05 112319
1760008316563 8.724796135291017e-05 112329
1760008316952 8.533280812980493e-05 112339
1760008317343 8.342870373714457e-05 112349
1760008317718 8.153610872728439e-05 112359
1760008318102 7.965548086876498e-05 112369
1760008318492 7.778727503559057e-05 112379
1760008318880 7.59319430972068e-05 112389
1760008319275 7.408993380920564e-05 112399
1760008319665 7.226169270478323e-05 112409
1760008320049 7.044766198697709e-05 112419
1760008320422 6.864828042170942e-05 112429
1760008320799 6.686398323166055e-05 112439
1760008321173 6.509520199100082e-05 112449
1760008321563 6.33423645210036e-05 112459
1760008321949 6.160589478656718e-05 112469
1760008322344 5.988621279366859e-05 112479
1760008322739 5.818373448777552e-05 112489
1760008323143 5.649887165323974e-05 112499
1760008323534 5.483203181369808e-05 112509
1760008323927 5.318361813350249e-05 112519
1760008324315 5.1554029320205824e-05 112529
1760008324705 4.994365952812489e-05 112539
1760008325089 4.835289826300476e-05 112549
1760008325472 4.6782130287808185e-05 112559
1760008325850 4.523173552965099e-05 112569
1760008326226 4.370208898790829e-05 112579
1760008326610 4.219356064351186e-05 112589
1760008326990 4.070651536946162e-05 112599
1760008327370 3.9241312842572336e-05 112609
1760008327746 3.779830745647784e-05 112619
1760008328129 3.637784823591197e-05 112629
1760008328513 3.49802787522892e-05 112639
1760008328890 3.360593704060373e-05 112649
1760008329251 3.2255155517667505e-05 112659
1760008329618 3.0928260901707986e-05 112669
1760008329968 2.9625574133342988e-05 112679
1760008330316 2.8347410297954196e-05 112689
1760008330668 2.7094078549476092e-05 112699
1760008331021 2.586588203561993e-05 112709
1760008331385 2.4663117824550166e-05 112719
1760008331754 2.348607683303196e-05 112729
1760008332137 2.233504375606555e-05 112739
1760008332515 2.1210296998026553e-05 112749
1760008332894 2.0112108605327144e-05 112759
1760008333281 1.904074420061515e-05 112769
1760008333677 1.7996462918527294e-05 112779
1760008334070 1.6979517343010954e-05 112789
1760008334426 1.5990153446231186e-05 112799
1760008334781 1.5028610529076392e-05 112809
1760008335135 1.409512116327783e-05 112819
1760008335487 1.3189911135156655e-05 112829
1760008335839 1.231319939101228e-05 112839
1760008336198 1.1465197984164886e-05 112849
1760008336561 1.0646112023665563e-05 112859
1760008336940 9.85613962468579e-06 112869
1760008337322 9.095471860598502e-06 112879
1760008337695 8.364292716762768e-06 112889
1760008338075 7.662779046022347e-06 112899
1760008338458 6.9911005259298405e-06 112909
1760008338837 6.3494196177061765e-06 112919
1760008339217 5.73789152694545e-06 112929
1760008339589 5.156664166074929e-06 112939
1760008339957 4.605878118578894e-06 112949
1760008340356 4.085666604995177e-06 112959
1760008341204 3.5961554506927984e-06 112969
1760008341577 3.1374630554379804e-06 112979
1760008341941 2.7097003647564637e-06 112989
1760008342309 2.312970843098771e-06 112999
1760008342675 1.947370448814761e-06 113009
1760008343041 1.6129876109440078e-06 113019
1760008343419 1.3099032078270278e-06 113029
1760008343802 1.038190547543087e-06 113039
1760008344182 7.979153501787877e-07 113049
1760008344559 5.891357319321931e-07 113059
1760008344934 4.119021910560698e-07 113069
1760008345313 2.6625759564366284e-07 113079
1760008345695 1.5223717326008952e-07 113089
1760008362372 6.951915990951217e-08 113099
1760008362768 1.9075648395706673e-08 113109
1760008363179 1.5765380001137827e-10 113119
1760008363548 0.00026070312891169424 113129
1760008363935 0.0002606589897714634 113139
1760008364316 0.0002605833342651728 113149
1760008364703 0.0002604761806918829 113159
1760008365070 0.00026033755496920137 113169
1760008365428 0.00026016749062701417 113179
1760008365792 0.0002599660287993755 113189
1760008366177 0.0002597332182145587 113199
1760008366545 0.0002594691151832699 113209
1760008366939 0.00025917378358502837 113219
1760008367315 0.0002588472948527154 113229
1760008367716 0.0002584897279552969 113239
1760008368111 0.0002581011693787223 113249
1760008368495 0.0002576817131050068 113259
1760008368888 0.0002572314605894988 113269
1760008369285 0.00025675052073634107 113279
1760008369661 0.00025623900987212933 113289
1760008370042 0.00025569705171777626 113299
1760008370395 0.00025512477735858643 113309
1760008370753 0.0002545223252125506 113319
1760008371093 0.0002538898409968655 113329
1760008371416 0.00025322747769268935 113339
1760008371753 0.0002525353955081394 113349
1760008372109 0.0002518137618395417 113359
1760008372502 0.0002510627512309428 113369
1760008372908 0.00025028254533189206 113379
1760008373306 0.00024947333285350496 113389
1760008373689 0.0002486353095228195 113399
1760008374088 0.00024776867803545487 113409
1760008374460 0.0002468736480065844 113419
1760008374827 0.00024595043592023566 113429
1760008375200 0.00024499926507692854 113439
1760008375571 0.00024402036553966458 113449
1760008375957 0.00024301397407828124 113459
1760008376337 0.00024198033411218316 113469
1760008376712 0.00024091969565146571 113479
1760008377091 0.0002398323152364441 113489
1760008377467 0.00023871845587560307 113499
1760008377837 0.00023757838698198214 113509
1760008378209 0.00023641238430801168 113519
1760008378593 0.0002352207298788158 113529
1760008378966 0.00023400371192399788 113539
1760008379338 0.00023276162480792553 113549
1760008379710 0.0002314947689585316 113559
1760008380096 0.00023020345079464863 113569
1760008380474 0.00022888798265189436 113579
1760008380855 0.0002275486827071259 113589
1760008381239 0.00022618587490148124 113599
1760008381632 0.00022479988886202652 113609
1760008382030 0.0002233910598220279 113619
1760008382402 0.00022195972853986763 113629
1760008382776 0.00022050624121662345 113639
1760008383154 0.00021903094941233203 113649
1760008383532 0.00021753420996095557 113659
1760008383903 0.0002160163848840734 113669
1760008384272 0.0002144778413033185 113679
1760008384644 0.00021291895135158034 113689
1760008385033 0.00021134009208299606 113699
1760008385408 0.0002097416453817509 113709
1760008385784 0.00020812399786971055 113719
1760008386165 0.00020648754081290785 113729
1760008386535 0.00020483267002690533 113739
1760008386911 0.0002031597857810585 113749
1760008387288 0.0002014692927017011 113759
1760008387660 0.0001997615996742766 113769
1760008388030 0.00019803711974443982 113779
1760008388413 0.00019629627001815204 113789
1760008388776 0.00019453947156079416 113799
1760008389146 0.00019276714929532235 113809
1760008389521 0.0001909797318994899 113819
1760008389894 0.0001891776517021622 113829
1760008390291 0.00018736134457874714 113839
1760008390695 0.00018553124984576897 113849
1760008391077 0.00018368781015460885 113859
1760008391447 0.00018183147138443957 113869
1760008391820 0.00017996268253437893 113879
1760008392210 0.000178081895614889 113889
1760008392603 0.00017618956553844644 113899
1760008392988 0.00017428615000951168 113909
1760008393375 0.00017237210941382203 113919
1760008393765 0.00017044790670703658 113929
1760008394163 0.00016851400730275972 113939
1760008394557 0.00016657087895996975 113949
1760008394952 0.00016461899166988044 113959
1760008395348 0.00016265881754226266 113969
1760008395733 0.0001606908306912534 113979
1760008396130 0.00015871550712068038 113989
1760008396518 0.00015673332460892916 113999
1760008396913 0.00015474476259338125 114009
1760008397301 0.0001527503020544509 114019
1760008397687 0.00015075042539924887 114029
1760008398081 0.0001487456163449007 114039
1760008398471 0.0001467363598015484 114049
1760008398860 0.00014472314175506385 114059
1760008399244 0.00014270644914950135 114069
1760008399621 0.0001406867697693188 114079
1760008400004 0.00013866459212139582 114089
1760008400379 0.00013664040531687668 114099
1760008400747 0.0001346146989528674 114109
1760008401120 0.000132587962994015 114119
1760008401497 0.00013056068765399838 114129
1760008401868 0.0001285333632769583 114139
1760008402246 0.00012650648021889633 114149
1760008402623 0.00012448052872907062 114159
1760008403003 0.00012245599883141774 114169
1760008403384 0.00012043338020602881 114179
1760008403754 0.00011841316207070892 114189
1760008404129 0.00011639583306264809 114199
1760008404511 0.0001143818811202333 114209
1760008404895 0.00011237179336502877 114219
1760008405277 0.00011036605598395439 114229
1760008405660 0.00010836515411168984 114239
1760008406044 0.00010636957171333355 114249
1760008406425 0.00010437979146734422 114259
1760008406820 0.00010239629464879374 114269
1760008407203 0.00010041956101295965 114279
1760008407579 9.845006867928488e-05 114289
1760008407956 9.648829401573343e-05 114299
1760008408336 9.453471152356954e-05 114309
1760008408715 9.258979372258847e-05 114319
1760008409092 9.065401103682649e-05 114329
1760008409471 8.872783168077776e-05 114339
1760008409852 8.681172154614562e-05 114349
1760008410225 8.49061440891559e-05 114359
1760008410615 8.301156021845884e-05 114369
1760008411002 8.112842818364796e-05 114379
1760008411392 7.925720346442115e-05 114389
1760008411790 7.739833866041261e-05 114399
1760008412186 7.555228338172077e-05 114409
1760008412565 7.371948414015959e-05 114419
1760008412936 7.19003842412593e-05 114429
1760008413313 7.009542367704219e-05 114439
1760008413689 6.830503901960088e-05 114449
1760008414066 6.652966331550224e-05 114459
1760008414446 6.47697259810458e-05 114469
1760008414829 6.302565269839858e-05 114479
1760008415209 6.129786531263434e-05 114489
1760008415592 5.958678172970025e-05 114499
1760008415982 5.789281581533664e-05 114509
1760008416349 5.6216377294973535e-05 114519
1760008416706 5.4557871654629585e-05 114529
1760008417067 5.2917700042834974e-05 114539
1760008417440 5.129625917360479e-05 114549
1760008417801 4.969394123048426e-05 114559
1760008418156 4.811113377168973e-05 114569
1760008418525 4.6548219636369146e-05 114579
1760008418899 4.500557685200273e-05 114589
1760008419266 4.348357854296875e-05 114599
1760008419628 4.19825928402943e-05 114609
1760008419990 4.0502982792614305e-05 114619
1760008420342 3.904510627835947e-05 114629
1760008420717 3.760931591919545e-05 114639
1760008421084 3.619595899473241e-05 114649
1760008421448 3.4805377358527757e-05 114659
1760008421819 3.3437907355400706e-05 114669
1760008422171 3.2093879740079165e-05 114679
1760008422519 3.0773619597199446e-05 114689
1760008422867 2.947744626267627e-05 114699
1760008423227 2.8205673246464425e-05 114709
1760008423595 2.695860815672871e-05 114719
1760008423951 2.573655262544183e-05 114729
1760008424334 2.4539802235427414e-05 114739
1760008424716 2.33686464488668e-05 114749
1760008425091 2.222336853728522e-05 114759
1760008425466 2.1104245513036418e-05 114769
1760008425843 2.0011548062300508e-05 114779
1760008426223 1.8945540479612074e-05 114789
1760008426613 1.7906480603934655e-05 114799
1760008427000 1.68946197562959e-05 114809
1760008427373 1.591020267900003e-05 114819
1760008427742 1.495346747643101e-05 114829
1760008428117 1.402464555746144e-05 114839
1760008428490 1.3123961579480872e-05 114849
1760008428868 1.2251633394057218e-05 114859
1760008429234 1.1407871994244062e-05 114869
1760008429611 1.0592881463547235e-05 114879
1760008429983 9.806858926562359e-06 114889
1760008430356 9.04999450129551e-06 114899
1760008430733 8.322471253178954e-06 114909
1760008431101 7.6244651507922354e-06 114919
1760008431471 6.956145023300191e-06 114929
1760008431862 6.317672519617645e-06 114939
1760008432251 5.709202069310722e-06 114949
1760008432634 5.130880845244555e-06 114959
1760008433009 4.5828487279859995e-06 114969
1760008433386 4.065238271970201e-06 114979
1760008433753 3.5781746734393338e-06 114989
1760008434126 3.12177574016079e-06 114999
1760008434536 2.6961518629326813e-06 115009
1760008434911 2.3014059888832773e-06 115019
1760008435275 1.9376335965706874e-06 115029
1760008435637 1.6049226728892878e-06 115039
1760008436000 1.3033536917878926e-06 115049
1760008436376 1.0329995948053715e-06 115059
1760008436750 7.939257734278937e-07 115069
1760008437123 5.861900532725321e-07 115079
1760008437500 4.0984268010078946e-07 115089
1760008437875 2.6492630766544446e-07 115099
1760008438254 1.5147598739378906e-07 115109
1760008438651 6.951915990951217e-08 115119
1760008439028 1.9075648395706673e-08 115129
1760008439397 1.5765380001137827e-10 115139
1760008439776 0.00026070312891169424 115149
1760008440158 0.0002606589897714634 115159
1760008440542 0.0002605833342651728 115169
1760008440916 0.0002604761806918829 115179
1760008441292 0.00026033755496920137 115189
1760008441674 0.00026016749062701417 115199
1760008442060 0.0002599660287993755 115209
1760008442452 0.0002597332182145587 115219
1760008442843 0.0002594691151832699 115229
1760008443213 0.00025917378358502837 115239
1760008443582 0.0002588472948527154 115249
1760008443970 0.0002584897279552969 115259
1760008444352 0.0002581011693787223 115269
1760008444735 0.0002576817131050068 115279
1760008445111 0.0002572314605894988 115289
1760008445495 0.00025675052073634107 115299
1760008445857 0.00025623900987212933 115309
1760008446221 0.00025569705171777626 115319
1760008446610 0.00025512477735858643 115329
1760008446992 0.0002545223252125506 115339
1760008447374 0.0002538898409968655 115349
1760008447740 0.00025322747769268935 115359
1760008448112 0.0002525353955081394 115369
1760008448480 0.0002518137618395417 115379
1760008448846 0.0002510627512309428 115389
1760008449225 0.00025028254533189206 115399
1760008449609 0.00024947333285350496 115409
1760008449978 0.0002486353095228195 115419
1760008450345 0.00024776867803545487 115429
1760008450720 0.0002468736480065844 115439
1760008451088 0.00024595043592023566 115449
1760008451460 0.00024499926507692854 115459
1760008451827 0.00024402036553966458 115469
1760008452202 0.00024301397407828124 115479
1760008452570 0.00024198033411218316 115489
1760008452952 0.00024091969565146571 115499
1760008453322 0.0002398323152364441 115509
1760008453704 0.00023871845587560307 115519
1760008454077 0.00023757838698198214 115529
1760008454461 0.00023641238430801168 115539
1760008454835 0.0002352207298788158 115549
1760008455203 0.00023400371192399788 115559
1760008455583 0.00023276162480792553 115569
1760008455949 0.0002314947689585316 115579
1760008456333 0.00023020345079464863 115589
1760008456717 0.00022888798265189436 115599
1760008457100 0.0002275486827071259 115609
1760008457476 0.00022618587490148124 115619
1760008457851 0.00022479988886202652 115629
1760008458237 0.0002233910598220279 115639
1760008458610 0.00022195972853986763 115649
1760008458981 0.00022050624121662345 115659
1760008459346 0.00021903094941233203 115669
1760008459724 0.00021753420996095557 115679
1760008460096 0.0002160163848840734 115689
1760008460457 0.0002144778413033185 115699
1760008460823 0.00021291895135158034 115709
1760008461190 0.00021134009208299606 115719
1760008461548 0.0002097416453817509 115729
1760008461892 0.00020812399786971055 115739
1760008462240 0.00020648754081290785 115749
1760008462585 0.00020483267002690533 115759
1760008462956 0.0002031597857810585 115769
1760008463338 0.0002014692927017011 115779
1760008463699 0.0001997615996742766 115789
1760008464060 0.00019803711974443982 115799
1760008464426 0.00019629627001815204 115809
1760008464803 0.00019453947156079416 115819
1760008465174 0.00019276714929532235 115829
1760008465554 0.0001909797318994899 115839
1760008465927 0.0001891776517021622 115849
1760008466297 0.00018736134457874714 115859
1760008466674 0.00018553124984576897 115869
1760008467049 0.00018368781015460885 115879
1760008467422 0.00018183147138443957 115889
1760008467794 0.00017996268253437893 115899
1760008468170 0.000178081895614889 115909
1760008468538 0.00017618956553844644 115919
1760008468905 0.00017428615000951168 115929
1760008469283 0.00017237210941382203 115939
1760008469647 0.00017044790670703658 115949
1760008470022 0.00016851400730275972 115959
1760008470404 0.00016657087895996975 115969
1760008470780 0.00016461899166988044 115979
1760008471158 0.00016265881754226266 115989
1760008471539 0.0001606908306912534 115999
1760008471919 0.00015871550712068038 116009
1760008472301 0.00015673332460892916 116019
1760008472670 0.00015474476259338125 116029
1760008473047 0.0001527503020544509 116039
1760008473419 0.00015075042539924887 116049
1760008473787 0.0001487456163449007 116059
1760008474153 0.0001467363598015484 116069
1760008474549 0.00014472314175506385 116079
1760008474957 0.00014270644914950135 116089
1760008475340 0.0001406867697693188 116099
1760008475715 0.00013866459212139582 116109
1760008476085 0.00013664040531687668 116119
1760008476459 0.0001346146989528674 116129
1760008476825 0.000132587962994015 116139
1760008477185 0.00013056068765399838 116149
1760008477551 0.0001285333632769583 116159
1760008477927 0.00012650648021889633 116169
1760008478303 0.00012448052872907062 116179
1760008478672 0.00012245599883141774 116189
1760008479052 0.00012043338020602881 116199
1760008479435 0.00011841316207070892 116209
1760008479812 0.00011639583306264809 116219
1760008480189 0.0001143818811202333 116229
1760008480551 0.00011237179336502877 116239
1760008480915 0.00011036605598395439 116249
1760008481278 0.00010836515411168984 116259
1760008481647 0.00010636957171333355 116269
1760008482016 0.00010437979146734422 116279
1760008482386 0.00010239629464879374 116289
1760008482754 0.00010041956101295965 116299
1760008483118 9.845006867928488e-05 116309
1760008483498 9.648829401573343e-05 116319
1760008483874 9.453471152356954e-05 116329
1760008484263 9.258979372258847e-05 116339
1760008484660 9.065401103682649e-05 116349
1760008485054 8.872783168077776e-05 116359
1760008485434 8.681172154614562e-05 116369
1760008485804 8.49061440891559e-05 116379
1760008486175 8.301156021845884e-05 116389
1760008486551 8.112842818364796e-05 116399
1760008486918 7.925720346442115e-05 116409
1760008487290 7.739833866041261e-05 116419
1760008487668 7.555228338172077e-05 116429
1760008488059 7.371948414015959e-05 116439
1760008488443 7.19003842412593e-05 116449
1760008488808 7.009542367704219e-05 116459
1760008489182 6.830503901960088e-05 116469
1760008489549 6.652966331550224e-05 116479
1760008489919 6.47697259810458e-05 116489
1760008490298 6.302565269839858e-05 116499
1760008490686 6.129786531263434e-05 116509
1760008491069 5.958678172970025e-05 116519
1760008491442 5.789281581533664e-05 116529
1760008491819 5.6216377294973535e-05 116539
1760008492206 5.4557871654629585e-05 116549
1760008492597 5.2917700042834974e-05 116559
1760008492991 5.129625917360479e-05 116569
1760008493372 4.969394123048426e-05 116579
1760008493748 4.811113377168973e-05 116589
1760008494130 4.6548219636369146e-05 116599
1760008494517 4.500557685200273e-05 116609
1760008494894 4.348357854296875e-05 116619
1760008495272 4.19825928402943e-05 116629
1760008495646 4.0502982792614305e-05 116639
1760008496010 3.904510627835947e-05 116649
1760008496386 3.760931591919545e-05 116659
1760008496755 3.619595899473241e-05 116669
1760008497129 3.4805377358527757e-05 116679
1760008497498 3.3437907355400706e-05 116689
1760008497867 3.2093879740079165e-05 116699
1760008498243 3.0773619597199446e-05 116709
1760008498616 2.947744626267627e-05 116719
1760008498985 2.8205673246464425e-05 116729
1760008499371 2.695860815672871e-05 116739
1760008499746 2.573655262544183e-05 116749
1760008500148 2.4539802235427414e-05 116759
1760008500529 2.33686464488668e-05 116769
1760008500916 2.222336853728522e-05 116779
1760008501296 2.1104245513036418e-05 116789
1760008501684 2.0011548062300508e-05 116799
1760008502079 1.8945540479612074e-05 116809
1760008502457 1.7906480603934655e-05 116819
1760008502847 1.68946197562959e-05 116829
1760008503231 1.591020267900003e-05 116839
1760008503622 1.495346747643101e-05 116849
1760008504007 1.402464555746144e-05 116859
1760008504391 1.3123961579480872e-05 116869
1760008504766 1.2251633394057218e-05 116879
1760008505139 1.1407871994244062e-05 116889
1760008505516 1.0592881463547235e-05 116899
1760008505897 9.806858926562359e-06 116909
1760008506271 9.04999450129551e-06 116919
1760008506661 8.322471253178954e-06 116929
1760008507039 7.6244651507922354e-06 116939
1760008507418 6.956145023300191e-06 116949
1760008507805 6.317672519617645e-06 116959
1760008508188 5.709202069310722e-06 116969
1760008508583 5.130880845244555e-06 116979
1760008508976 4.5828487279859995e-06 116989
1760008509367 4.065238271970201e-06 116999
1760008510229 3.5781746734393338e-06 117009
1760008510606 3.12177574016079e-06 117019
1760008510984 2.6961518629326813e-06 117029
1760008511360 2.3014059888832773e-06 117039
1760008511734 1.9376335965706874e-06 117049
1760008512101 1.6049226728892878e-06 117059
1760008512473 1.3033536917878926e-06 117069
1760008512848 1.0329995948053715e-06 117079
1760008513248 7.939257734278937e-07 117089
1760008513642 5.861900532725321e-07 117099
1760008514026 4.0984268010078946e-07 117109
1760008514411 2.6492630766544446e-07 117119
1760008514791 1.5147598739378906e-07 117129
1760008529518 6.917156410996462e-08 117139
1760008529891 1.8980270153728137e-08 117149
1760008530267 1.5686553101132137e-10 117159
1760008530636 0.0002593996132671358 117169
1760008531012 0.0002593556948226061 117179
1760008531402 0.0002592804175938469 117189
1760008531797 0.00025917379978842344 117199
1760008532180 0.00025903586719435535 117209
1760008532587 0.0002588666531738791 117219
1760008532969 0.00025866619865537867 117229
1760008533343 0.0002584345521234859 117239
1760008533711 0.00025817176960735356 117249
1760008534081 0.00025787791466710323 117259
1760008534458 0.00025755305837845186 117269
1760008534842 0.0002571972793155204 117279
1760008535216 0.0002568106635318287 117289
1760008535575 0.00025639330453948174 117299
1760008535926 0.0002559453032865513 117309
1760008536282 0.00025546676813265935 117319
1760008536656 0.0002549578148227687 117329
1760008537048 0.00025441856645918735 117339
1760008537427 0.0002538491534717935 117349
1760008537800 0.00025324971358648785 117359
1760008538177 0.00025262039179188117 117369
1760008538547 0.0002519613403042259 117379
1760008538916 0.00025127271853059866 117389
1760008539296 0.00025055469303034394 117399
1760008539677 0.0002498074374747881 117409
1760008540061 0.0002490311326052326 117419
1760008540452 0.0002482259661892374 117429
1760008540864 0.0002473921329752054 117439
1760008541244 0.0002465298346452776 117449
1760008541621 0.0002456392797665515 117459
1760008541991 0.0002447206837406345 117469
1760008542356 0.0002437742687515439 117479
1760008542723 0.00024280026371196624 117489
1760008543093 0.00024179890420788984 117499
1760008543462 0.00024077043244162224 117509
1760008543826 0.00023971509717320838 117519
1760008544208 0.00023863315366026187 117529
1760008544593 0.00023752486359622505 117539
1760008544976 0.00023639049504707224 117549
1760008545360 0.0002352303223864716 117559
1760008545745 0.00023404462622942174 117569
1760008546132 0.0002328336933643779 117579
1760008546519 0.0002315978166838859 117589
1760008546903 0.00023033729511373895 117599
1760008547292 0.00022905243354067538 117609
1760008547675 0.0002277435427386349 117619
1760008548060 0.00022641093929359028 117629
1760008548451 0.00022505494552697383 117639
1760008548839 0.00022367588941771637 117649
1760008549223 0.00022227410452291778 117659
1760008549611 0.0002208499298971683 117669
1760008550009 0.00021940371001054034 117679
1760008550397 0.00021793579466527037 117689
1760008550786 0.0002164465389111508 117699
1760008551173 0.00021493630295965304 117709
1760008551551 0.0002134054520968019 117719
1760008551935 0.00021185435659482244 117729
1760008552325 0.0002102833916225811 117739
1760008552713 0.00020869293715484216 117749
1760008553110 0.000207083377880362 117759
1760008553495 0.0002054551031088433 117769
1760008553873 0.0002038085066767708 117779
1760008554257 0.00020214398685215322 117789
1760008554668 0.0002004619462381926 117799
1760008555081 0.00019876279167590523 117809
1760008555483 0.0001970469341457176 117819
1760008555878 0.00019531478866806126 117829
1760008556271 0.00019356677420299018 117839
1760008556679 0.00019180331354884573 117849
1760008557085 0.00019002483323999247 117859
1760008557481 0.0001882317634436514 117869
1760008557858 0.00018642453785585342 117879
1760008558259 0.00018460359359654012 117889
1760008558629 0.0001827693711038358 117899
1760008559019 0.00018092231402751737 117909
1760008559398 0.00017906286912170705 117919
1760008559774 0.00017719148613681452 117929
1760008560153 0.0001753086177107542 117939
1760008560523 0.00017341471925946413 117949
1760008560907 0.00017151024886675293 117959
1760008561293 0.0001695956671735014 117969
1760008561679 0.00016767143726624593 117979
1760008562065 0.0001657380245651699 117989
1760008562450 0.00016379589671153104 117999
1760008562840 0.00016184552345455133 118009
1760008563224 0.00015988737653779714 118019
1760008563603 0.00015792192958507699 118029
1760008563992 0.0001559496579858845 118039
1760008564375 0.00015397103878041433 118049
1760008564752 0.00015198655054417864 118059
1760008565134 0.00014999667327225262 118069
1760008565522 0.00014800188826317618 118079
1760008565912 0.00014600267800254067 118089
1760008566301 0.00014399952604628852 118099
1760008566694 0.00014199291690375384 118109
1760008567081 0.0001399833359204722 118119
1760008567466 0.00013797126916078884 118129
1760008567843 0.00013595720329029231 118139
1760008568236 0.00013394162545810309 118149
1760008568628 0.00013192502317904494 118159
1760008569013 0.00012990788421572837 118169
1760008569396 0.0001278906964605735 118179
1760008569772 0.00012587394781780184 118189
1760008570147 0.00012385812608542524 118199
1760008570527 0.00012184371883726065 118209
1760008570895 0.00011983121330499868 118219
1760008571269 0.00011782109626035537 118229
1760008571667 0.00011581385389733486 118239
1760008572050 0.00011380997171463213 118249
1760008572428 0.00011180993439820363 118259
1760008572817 0.00010981422570403462 118269
1760008573186 0.00010782332834113138 118279
1760008573570 0.00010583772385476688 118289
1760008573973 0.00010385789251000749 118299
1760008574350 0.00010188431317554977 118309
1760008574735 9.991746320789486e-05 118319
1760008575116 9.795781833588846e-05 118329
1760008575487 9.600585254565476e-05 118339
1760008575871 9.40620379659517e-05 118349
1760008576245 9.212684475397553e-05 118359
1760008576633 9.020074098164236e-05 118369
1760008577027 8.828419252237387e-05 118379
1760008577419 8.63776629384149e-05 118389
1760008577785 8.448161336871012e-05 118399
1760008578150 8.259650241736655e-05 118409
1760008578515 8.072278604272972e-05 118419
1760008578884 7.886091744709905e-05 118429
1760008579254 7.701134696711055e-05 118439
1760008579633 7.517452196481216e-05 118449
1760008580023 7.33508867194588e-05 118459
1760008580392 7.154088232005301e-05 118469
1760008580763 6.974494655865699e-05 118479
1760008581133 6.796351382450287e-05 118489
1760008581503 6.619701499892473e-05 118499
1760008581884 6.444587735114059e-05 118509
1760008582251 6.271052443490658e-05 118519
1760008582625 6.099137598607117e-05 118529
1760008582998 5.9288847821051746e-05 118539
1760008583379 5.7603351736259954e-05 118549
1760008583755 5.5935295408498674e-05 118559
1760008584136 5.428508229635644e-05 118569
1760008584521 5.26531115426208e-05 118579
1760008584893 5.103977787773677e-05 118589
1760008585330 4.944547152433184e-05 118599
1760008585826 4.7870578102831286e-05 118609
1760008586217 4.63154785381873e-05 118619
1760008586589 4.478054896774272e-05 118629
1760008586968 4.3266160650253905e-05 118639
1760008587326 4.177267987609283e-05 118649
1760008587684 4.030046787865124e-05 118659
1760008588047 3.8849880746967674e-05 118669
1760008588416 3.742126933959947e-05 118679
1760008588789 3.6014979199758744e-05 118689
1760008589159 3.463135047173512e-05 118699
1760008589531 3.3270717818623706e-05 118709
1760008589898 3.193341034137877e-05 118719
1760008590256 3.0619751499213444e-05 118729
1760008590618 2.933005903136289e-05 118739
1760008590980 2.80646448802321e-05 118749
1760008591356 2.6823815115945065e-05 118759
1760008591731 2.560786986231462e-05 118769
1760008592122 2.4417103224250277e-05 118779
1760008592506 2.3251803216622464e-05 118789
1760008592890 2.211225169459879e-05 118799
1760008593274 2.0998724285471237e-05 118809
1760008593656 1.9911490321989004e-05 118819
1760008594038 1.8850812777214016e-05 118829
1760008594418 1.7816948200914982e-05 118839
1760008594805 1.681014665751442e-05 118849
1760008595187 1.583065166560503e-05 118859
1760008595577 1.4878700139048854e-05 118869
1760008595976 1.3954522329674132e-05 118879
1760008596373 1.3058341771583468e-05 118889
1760008596752 1.2190375227086932e-05 118899
1760008597125 1.1350832634272842e-05 118909
1760008597501 1.0539917056229498e-05 118919
1760008597876 9.757824631929548e-06 118929
1760008598254 9.004744528789032e-06 118939
1760008598634 8.28085889691306e-06 118949
1760008599012 7.586342825038274e-06 118959
1760008599394 6.92136429818369e-06 118969
1760008599776 6.286084157019557e-06 118979
1760008600157 5.680656058964169e-06 118989
1760008600539 5.105226441018332e-06 118999
1760008600918 4.55993448434607e-06 119009
1760008601302 4.0449120806103506e-06 119019
1760008601687 3.5602838000721373e-06 119029
1760008602058 3.1061668614599863e-06 119039
1760008602432 2.6826711036180177e-06 119049
1760008602818 2.2898989589388608e-06 119059
1760008603180 1.927945428587834e-06 119069
1760008603545 1.5968980595248413e-06 119079
1760008603911 1.296836923328953e-06 119089
1760008604276 1.0278345968313447e-06 119099
1760008604641 7.899561445607542e-07 119109
1760008605007 5.832591030061694e-07 119119
1760008605382 4.077934667002855e-07 119129
1760008605754 2.6360167612711725e-07 119139
1760008606122 1.5071860745682013e-07 119149
1760008606505 6.917156410996462e-08 119159
1760008606885 1.8980270153728137e-08 119169
1760008607263 1.5686553101132137e-10 119179
1760008607643 0.0002593996132671358 119189
1760008608028 0.0002593556948226061 119199
1760008608414 0.0002592804175938469 119209
1760008608801 0.00025917379978842344 119219
1760008609175 0.00025903586719435535 119229
1760008609550 0.0002588666531738791 119239
1760008609924 0.00025866619865537867 119249
1760008610297 0.0002584345521234859 119259
1760008610678 0.00025817176960735356 119269
1760008611057 0.00025787791466710323 119279
1760008611436 0.00025755305837845186 119289
1760008611817 0.0002571972793155204 119299
1760008612215 0.0002568106635318287 119309
1760008612611 0.00025639330453948174 119319
1760008613005 0.0002559453032865513 119329
1760008613400 0.00025546676813265935 119339
1760008613775 0.0002549578148227687 119349
1760008614143 0.00025441856645918735 119359
1760008614516 0.0002538491534717935 119369
1760008614872 0.00025324971358648785 119379
1760008615224 0.00025262039179188117 119389
1760008615601 0.0002519613403042259 119399
1760008615982 0.00025127271853059866 119409
1760008616361 0.00025055469303034394 119419
1760008616754 0.0002498074374747881 119429
1760008617149 0.0002490311326052326 119439
1760008617536 0.0002482259661892374 119449
1760008617920 0.0002473921329752054 119459
1760008618306 0.0002465298346452776 119469
1760008618695 0.0002456392797665515 119479
1760008619075 0.0002447206837406345 119489
1760008619450 0.0002437742687515439 119499
1760008619830 0.00024280026371196624 119509
1760008620203 0.00024179890420788984 119519
1760008620580 0.00024077043244162224 119529
1760008620962 0.00023971509717320838 119539
1760008621363 0.00023863315366026187 119549
1760008621767 0.00023752486359622505 119559
1760008622160 0.00023639049504707224 119569
1760008622542 0.0002352303223864716 119579
1760008622921 0.00023404462622942174 119589
1760008623315 0.0002328336933643779 119599
1760008623702 0.0002315978166838859 119609
1760008624093 0.00023033729511373895 119619
1760008624469 0.00022905243354067538 119629
1760008624855 0.0002277435427386349 119639
1760008625226 0.00022641093929359028 119649
1760008625607 0.00022505494552697383 119659
1760008625975 0.00022367588941771637 119669
1760008626351 0.00022227410452291778 119679
1760008626726 0.0002208499298971683 119689
1760008627100 0.00021940371001054034 119699
1760008627489 0.00021793579466527037 119709
1760008627867 0.0002164465389111508 119719
1760008628244 0.00021493630295965304 119729
1760008628608 0.0002134054520968019 119739
1760008628977 0.00021185435659482244 119749
1760008629344 0.0002102833916225811 119759
1760008629712 0.00020869293715484216 119769
1760008630083 0.000207083377880362 119779
1760008630458 0.0002054551031088433 119789
1760008630835 0.0002038085066767708 119799
1760008631233 0.00020214398685215322 119809
1760008631609 0.0002004619462381926 119819
1760008631999 0.00019876279167590523 119829
1760008632407 0.0001970469341457176 119839
1760008632794 0.00019531478866806126 119849
1760008633181 0.00019356677420299018 119859
1760008633558 0.00019180331354884573 119869
1760008633938 0.00019002483323999247 119879
1760008634313 0.0001882317634436514 119889
1760008634694 0.00018642453785585342 119899
1760008635072 0.00018460359359654012 119909
1760008635450 0.0001827693711038358 119919
1760008635833 0.00018092231402751737 119929
1760008636203 0.00017906286912170705 119939
1760008636572 0.00017719148613681452 119949
1760008636940 0.0001753086177107542 119959
1760008637350 0.00017341471925946413 119969
1760008637735 0.00017151024886675293 119979
1760008638125 0.0001695956671735014 119989
1760008638513 0.00016767143726624593 119999
1760008638896 0.0001657380245651699 120009
1760008639285 0.00016379589671153104 120019
1760008639668 0.00016184552345455133 120029
1760008640047 0.00015988737653779714 120039
1760008640432 0.00015792192958507699 120049
1760008640810 0.0001559496579858845 120059
1760008641190 0.00015397103878041433 120069
1760008641572 0.00015198655054417864 120079
1760008641949 0.00014999667327225262 120089
1760008642346 0.00014800188826317618 120099
1760008642721 0.00014600267800254067 120109
1760008643085 0.00014399952604628852 120119
1760008643451 0.00014199291690375384 120129
1760008643827 0.0001399833359204722 120139
1760008644211 0.00013797126916078884 120149
1760008644594 0.00013595720329029231 120159
1760008644974 0.00013394162545810309 120169
1760008645353 0.00013192502317904494 120179
1760008645749 0.00012990788421572837 120189
1760008646128 0.0001278906964605735 120199
1760008646518 0.00012587394781780184 120209
1760008646913 0.00012385812608542524 120219
1760008647298 0.00012184371883726065 120229
1760008647691 0.00011983121330499868 120239
1760008648065 0.00011782109626035537 120249
1760008648442 0.00011581385389733486 120259
1760008648818 0.00011380997171463213 120269
1760008649189 0.00011180993439820363 120279
1760008649566 0.00010981422570403462 120289
1760008649950 0.00010782332834113138 120299
1760008650332 0.00010583772385476688 120309
1760008650714 0.00010385789251000749 120319
1760008651094 0.00010188431317554977 120329
1760008651475 9.991746320789486e-05 120339
1760008651856 9.795781833588846e-05 120349
1760008652238 9.600585254565476e-05 120359
1760008652620 9.40620379659517e-05 120369
1760008653009 9.212684475397553e-05 120379
1760008653388 9.020074098164236e-05 120389
1760008653774 8.828419252237387e-05 120399
1760008654157 8.63776629384149e-05 120409
1760008654538 8.448161336871012e-05 120419
1760008654913 8.259650241736655e-05 120429
1760008655282 8.072278604272972e-05 120439
1760008655649 7.886091744709905e-05 120449
1760008656014 7.701134696711055e-05 120459
1760008656394 7.517452196481216e-05 120469
1760008656770 7.33508867194588e-05 120479
1760008657134 7.154088232005301e-05 120489
1760008657496 6.974494655865699e-05 120499
1760008657848 6.796351382450287e-05 120509
1760008658203 6.619701499892473e-05 120519
1760008658570 6.444587735114059e-05 120529
1760008658939 6.271052443490658e-05 120539
1760008659307 6.099137598607117e-05 120549
1760008659676 5.9288847821051746e-05 120559
1760008660059 5.7603351736259954e-05 120569
1760008660442 5.5935295408498674e-05 120579
1760008660815 5.428508229635644e-05 120589
1760008661180 5.26531115426208e-05 120599
1760008661553 5.103977787773677e-05 120609
1760008661921 4.944547152433184e-05 120619
1760008662282 4.7870578102831286e-05 120629
1760008662642 4.63154785381873e-05 120639
1760008663007 4.478054896774272e-05 120649
1760008663392 4.3266160650253905e-05 120659
1760008663777 4.177267987609283e-05 120669
1760008664155 4.030046787865124e-05 120679
1760008664538 3.8849880746967674e-05 120689
1760008664916 3.742126933959947e-05 120699
1760008665303 3.6014979199758744e-05 120709
1760008665675 3.463135047173512e-05 120719
1760008666040 3.3270717818623706e-05 120729
1760008666421 3.193341034137877e-05 120739
1760008666783 3.0619751499213444e-05 120749
1760008667143 2.933005903136289e-05 120759
1760008667508 2.80646448802321e-05 120769
1760008667857 2.6823815115945065e-05 120779
1760008668203 2.560786986231462e-05 120789
1760008668567 2.4417103224250277e-05 120799
1760008668927 2.3251803216622464e-05 120809
1760008669274 2.211225169459879e-05 120819
1760008669629 2.0998724285471237e-05 120829
1760008670013 1.9911490321989004e-05 120839
1760008670388 1.8850812777214016e-05 120849
1760008670770 1.7816948200914982e-05 120859
1760008671141 1.681014665751442e-05 120869
1760008671521 1.583065166560503e-05 120879
1760008671910 1.4878700139048854e-05 120889
1760008672286 1.3954522329674132e-05 120899
1760008672669 1.3058341771583468e-05 120909
1760008673059 1.2190375227086932e-05 120919
1760008673434 1.1350832634272842e-05 120929
1760008673831 1.0539917056229498e-05 120939
1760008674226 9.757824631929548e-06 120949
1760008674600 9.004744528789032e-06 120959
1760008674979 8.28085889691306e-06 120969
1760008675363 7.586342825038274e-06 120979
1760008675740 6.92136429818369e-06 120989
1760008676113 6.286084157019557e-06 120999
1760008676484 5.680656058964169e-06 121009
1760008676859 5.105226441018332e-06 121019
1760008677246 4.55993448434607e-06 121029
1760008677628 4.0449120806103506e-06 121039
1760008678475 3.5602838000721373e-06 121049
1760008678869 3.1061668614599863e-06 121059
1760008679257 2.6826711036180177e-06 121069
1760008679643 2.2898989589388608e-06 121079
1760008680015 1.927945428587834e-06 121089
1760008680386 1.5968980595248413e-06 121099
1760008680771 1.296836923328953e-06 121109
1760008681150 1.0278345968313447e-06 121119
1760008681531 7.899561445607542e-07 121129
1760008681901 5.832591030061694e-07 121139
1760008682292 4.077934667002855e-07 121149
1760008682668 2.6360167612711725e-07 121159
1760008683040 1.5071860745682013e-07 121169
1760008696423 6.88257062894148e-08 121179
1760008696818 1.88853688029595e-08 121189
1760008697219 1.5608120335626477e-10 121199
1760008697607 0.0002581026152008001 121209
1760008697997 0.0002580589163484931 121219
1760008698347 0.00025798401550587767 121229
1760008698805 0.00025787793078948135 121239
1760008699166 0.0002577406878583836 121249
1760008699526 0.0002575723199080097 121259
1760008699899 0.00025737286766210174 121269
1760008700259 0.0002571423793628685 121279
1760008700663 0.00025688091075931683 121289
1760008701043 0.00025658852509376776 121299
1760008701419 0.0002562652930865596 121309
1760008701798 0.0002559112929189428 121319
1760008702179 0.00025552661021416956 121329
1760008702562 0.00025511133801678435 121339
1760008702943 0.0002546655767701186 121349
1760008703325 0.00025418943429199607 121359
1760008703703 0.0002536830257486549 121369
1760008704081 0.00025314647362689144 121379
1760008704475 0.0002525799077044346 121389
1760008704858 0.0002519834650185554 121399
1760008705248 0.0002513572898329218 121409
1760008705634 0.0002507015336027048 121419
1760008706027 0.0002500163549379457 121429
1760008706413 0.0002493019195651923 121439
1760008706794 0.0002485584002874142 121449
1760008707180 0.0002477859769422064 121459
1760008707564 0.0002469848363582912 121469
1760008707946 0.00024615517231032943 121479
1760008708330 0.0002452971854720512 121489
1760008708710 0.00024441108336771875 121499
1760008709088 0.00024349708032193133 121509
1760008709454 0.0002425553974077862 121519
1760008709829 0.00024158626239340644 121529
1760008710200 0.00024058990968685038 121539
1760008710568 0.00023956658027941415 121549
1760008710940 0.00023851652168734236 121559
1760008711306 0.00023743998789196058 121569
1760008711671 0.00023633723927824396 121579
1760008712039 0.0002352085425718369 121589
1760008712407 0.0002340541707745393 121599
1760008712771 0.00023287440309827462 121609
1760008713149 0.00023166952489755602 121619
1760008713532 0.0002304398276004665 121629
1760008713914 0.00022918560863817027 121639
1760008714298 0.00022790717137297203 121649
1760008714695 0.00022660482502494174 121659
1760008715076 0.00022527888459712234 121669
1760008715461 0.00022392967079933897 121679
1760008715856 0.0002225575099706278 121689
1760008716225 0.0002211627340003032 121699
1760008716589 0.00021974568024768246 121709
1760008716966 0.00021830669146048764 121719
1760008717325 0.000216846115691944 121729
1760008717679 0.00021536430621659506 121739
1760008718036 0.00021386162144485478 121749
1760008718387 0.0002123384248363179 121759
1760008718739 0.00021079508481184836 121769
1760008719107 0.00020923197466446818 121779
1760008719475 0.00020764947246906796 121789
1760008719823 0.0002060479609909602 121799
1760008720181 0.0002044278275932991 121809
1760008720543 0.00020278946414338696 121819
1760008720904 0.00020113326691789248 121829
1760008721271 0.00019945963650700165 121839
1760008721632 0.00019776897771752572 121849
1760008721988 0.00019606169947498903 121859
1760008722338 0.00019433821472472098 121869
1760008722702 0.00019259894033197525 121879
1760008723060 0.0001908442969811015 121889
1760008723414 0.0001890747090737925 121899
1760008723773 0.00018729060462643313 121909
1760008724131 0.00018549241516657415 121919
1760008724502 0.00018368057562855744 121929
1760008724888 0.00018185552424831663 121939
1760008725269 0.0001800177024573798 121949
1760008725636 0.00017816755477609853 121959
1760008726015 0.00017630552870613047 121969
1760008726388 0.00017443207462220043 121979
1760008726766 0.0001725476456631668 121989
1760008727157 0.00017065269762241917 121999
1760008727549 0.0001687476888376339 122009
1760008727940 0.0001668330800799147 122019
1760008728328 0.00016490933444234405 122029
1760008728721 0.00016297691722797338 122039
1760008729113 0.0001610362958372786 122049
1760008729502 0.00015908793965510815 122059
1760008729883 0.0001571323199371516 122069
1760008730281 0.0001551699096959551 122079
1760008730661 0.00015320118358651226 122089
1760008731034 0.00015122661779145774 122099
1760008731421 0.00014924668990589138 122109
1760008731805 0.00014726187882186032 122119
1760008732174 0.00014527266461252796 122129
1760008732542 0.0001432795284160571 122139
1760008732922 0.0001412829523192351 122149
1760008733300 0.00013928341924086986 122159
1760008733686 0.00013728141281498492 122169
1760008734088 0.00013527741727384086 122179
1760008734466 0.00013327191733081257 122189
1760008734838 0.0001312653980631497 122199
1760008735212 0.00012925834479464974 122209
1760008735588 0.00012725124297827066 122219
1760008735968 0.00012524457807871282 122229
1760008736341 0.00012323883545499814 122239
1760008736715 0.00012123450024307435 122249
1760008737091 0.00011923205723847369 122259
1760008737459 0.0001172319907790536 122269
1760008737833 0.0001152347846278482 122279
1760008738201 0.00011324092185605898 122289
1760008738575 0.00011125088472621261 122299
1760008738955 0.00010926515457551445 122309
1760008739325 0.00010728421169942574 122319
1760008739696 0.00010530853523549304 122329
1760008740066 0.00010333860304745746 122339
1760008740435 0.00010137489160967203 122349
1760008740806 9.94178758918554e-05 122359
1760008741183 9.746802924420902e-05 122369
1760008741566 9.55258232829265e-05 122379
1760008741947 9.359172777612194e-05 122389
1760008742325 9.166621053020565e-05 122399
1760008742703 8.974973727673415e-05 122409
1760008743067 8.784277155976201e-05 122419
1760008743429 8.594577462372282e-05 122429
1760008743781 8.405920530186656e-05 122439
1760008744140 8.218351990527973e-05 122449
1760008744494 8.031917211251608e-05 122459
1760008744847 7.846661285986356e-05 122469
1760008745198 7.6626290232275e-05 122479
1760008745561 7.479864935498811e-05 122489
1760008745914 7.298413228586151e-05 122499
1760008746266 7.118317790845275e-05 122509
1760008746629 6.93962218258637e-05 122519
1760008746986 6.762369625538036e-05 122529
1760008747341 6.586602992393011e-05 122539
1760008747702 6.412364796438489e-05 122549
1760008748058 6.239697181273206e-05 122559
1760008748419 6.068641910614082e-05 122569
1760008748781 5.8992403581946495e-05 122579
1760008749135 5.731533497757866e-05 122589
1760008749495 5.565561893145618e-05 122599
1760008749851 5.401365688487466e-05 122609
1760008750217 5.23898459849077e-05 122619
1760008750574 5.0784578988348083e-05 122629
1760008750930 4.9198244166710185e-05 122639
1760008751287 4.763122521231713e-05 122649
1760008751641 4.6083901145496364e-05 122659
1760008751995 4.455664622290401e-05 122669
1760008752358 4.304982984700264e-05 122679
1760008752713 4.1563816476712366e-05 122689
1760008753067 4.0098965539257984e-05 122699
1760008753420 3.8655631343232835e-05 122709
1760008753771 3.723416299290148e-05 122719
1760008754117 3.583490430375995e-05 122729
1760008754466 3.4458193719376445e-05 122739
1760008754828 3.310436422953059e-05 122749
1760008755184 3.177374328967188e-05 122759
1760008755546 3.046665274171738e-05 122769
1760008755932 2.9183408736206077e-05 122779
1760008756286 2.7924321655830943e-05 122789
1760008756639 2.668969604036534e-05 122799
1760008756993 2.547983051300305e-05 122809
1760008757347 2.4295017708129027e-05 122819
1760008757694 2.3135544200539353e-05 122829
1760008758053 2.20016904361258e-05 122839
1760008758413 2.089373066404388e-05 122849
1760008758758 1.981193287037906e-05 122859
1760008759127 1.8756558713327947e-05 122869
1760008759491 1.772786345991041e-05 122879
1760008759857 1.672609592422685e-05 122889
1760008760222 1.5751498407277003e-05 122899
1760008760598 1.480430663835361e-05 122909
1760008760972 1.3884749718025764e-05 122919
1760008761353 1.299305006272555e-05 122929
1760008761729 1.2129423350951497e-05 122939
1760008762114 1.1294078471101477e-05 122949
1760008762500 1.0487217470948352e-05 122959
1760008762881 9.7090355087699e-06 122969
1760008763259 8.959720806145088e-06 122979
1760008763643 8.239454602428494e-06 122989
1760008764027 7.548411110913083e-06 122999
1760008764411 6.8867574766927715e-06 123009
1760008764789 6.25465373623446e-06 123019
1760008765178 5.652252778669348e-06 123029
1760008765557 5.07970030881324e-06 123039
1760008765936 4.5371348119243394e-06 123049
1760008766310 4.024687520207299e-06 123059
1760008766688 3.5424823810717766e-06 123069
1760008767064 3.0906360271526866e-06 123079
1760008767439 2.669257748099928e-06 123089
1760008767829 2.2784494641441666e-06 123099
1760008768281 1.918305701444895e-06 123109
1760008768660 1.5889135692272172e-06 123119
1760008769038 1.2903527387123084e-06 123129
1760008769412 1.0226954238471882e-06 123139
1760008769785 7.860063638379505e-07 123149
1760008770167 5.803428074911386e-07 123159
1760008770533 4.0575449936678406e-07 123169
1760008770914 2.6228366774648167e-07 123179
1760008771292 1.4996501441953603e-07 123189
1760008771670 6.88257062894148e-08 123199
1760008772046 1.88853688029595e-08 123209
1760008772419 1.5608120335626477e-10 123219
1760008772811 0.0002581026152008001 123229
1760008773203 0.0002580589163484931 123239
1760008773586 0.00025798401550587767 123249
1760008773971 0.00025787793078948135 123259
1760008774372 0.0002577406878583836 123269
1760008774763 0.0002575723199080097 123279
1760008775141 0.00025737286766210174 123289
1760008775499 0.0002571423793628685 123299
1760008775864 0.00025688091075931683 123309
1760008776233 0.00025658852509376776 123319
1760008776594 0.0002562652930865596 123329
1760008776951 0.0002559112929189428 123339
1760008777311 0.00025552661021416956 123349
1760008777669 0.00025511133801678435 123359
1760008778039 0.0002546655767701186 123369
1760008778399 0.00025418943429199607 123379
1760008778770 0.0002536830257486549 123389
1760008779119 0.00025314647362689144 123399
1760008779469 0.0002525799077044346 123409
1760008779818 0.0002519834650185554 123419
1760008780169 0.0002513572898329218 123429
1760008780526 0.0002507015336027048 123439
1760008780887 0.0002500163549379457 123449
1760008781242 0.0002493019195651923 123459
1760008781605 0.0002485584002874142 123469
1760008781965 0.0002477859769422064 123479
1760008782323 0.0002469848363582912 123489
1760008782682 0.00024615517231032943 123499
1760008783026 0.0002452971854720512 123509
1760008783374 0.00024441108336771875 123519
1760008783727 0.00024349708032193133 123529
1760008784074 0.0002425553974077862 123539
1760008784421 0.00024158626239340644 123549
1760008784772 0.00024058990968685038 123559
1760008785124 0.00023956658027941415 123569
1760008785474 0.00023851652168734236 123579
1760008785824 0.00023743998789196058 123589
1760008786182 0.00023633723927824396 123599
1760008786531 0.0002352085425718369 123609
1760008786878 0.0002340541707745393 123619
1760008787228 0.00023287440309827462 123629
1760008787583 0.00023166952489755602 123639
1760008787943 0.0002304398276004665 123649
1760008788302 0.00022918560863817027 123659
1760008788625 0.00022790717137297203 123669
1760008788899 0.00022660482502494174 123679
1760008789131 0.00022527888459712234 123689
1760008789337 0.00022392967079933897 123699
1760008789646 0.0002225575099706278 123709
1760008789971 0.0002211627340003032 123719
1760008790318 0.00021974568024768246 123729
1760008790670 0.00021830669146048764 123739
1760008791029 0.000216846115691944 123749
1760008791397 0.00021536430621659506 123759
1760008791750 0.00021386162144485478 123769
1760008792104 0.0002123384248363179 123779
1760008792452 0.00021079508481184836 123789
1760008792800 0.00020923197466446818 123799
1760008793175 0.00020764947246906796 123809
1760008793532 0.0002060479609909602 123819
1760008793881 0.0002044278275932991 123829
1760008794241 0.00020278946414338696 123839
1760008794602 0.00020113326691789248 123849
1760008794958 0.00019945963650700165 123859
1760008795363 0.00019776897771752572 123869
1760008795746 0.00019606169947498903 123879
1760008796130 0.00019433821472472098 123889
1760008796503 0.00019259894033197525 123899
1760008796893 0.0001908442969811015 123909
1760008797282 0.0001890747090737925 123919
1760008797677 0.00018729060462643313 123929
1760008798054 0.00018549241516657415 123939
1760008798440 0.00018368057562855744 123949
1760008798828 0.00018185552424831663 123959
1760008799225 0.0001800177024573798 123969
1760008799605 0.00017816755477609853 123979
1760008799990 0.00017630552870613047 123989
1760008800373 0.00017443207462220043 123999
1760008800746 0.0001725476456631668 124009
1760008801115 0.00017065269762241917 124019
1760008801482 0.0001687476888376339 124029
1760008801855 0.0001668330800799147 124039
1760008802251 0.00016490933444234405 124049
1760008802622 0.00016297691722797338 124059
1760008802990 0.0001610362958372786 124069
1760008803357 0.00015908793965510815 124079
1760008803733 0.0001571323199371516 124089
1760008804104 0.0001551699096959551 124099
1760008804487 0.00015320118358651226 124109
1760008804847 0.00015122661779145774 124119
1760008805224 0.00014924668990589138 124129
1760008805590 0.00014726187882186032 124139
1760008805955 0.00014527266461252796 124149
1760008806332 0.0001432795284160571 124159
1760008806711 0.0001412829523192351 124169
1760008807081 0.00013928341924086986 124179
1760008807451 0.00013728141281498492 124189
1760008807843 0.00013527741727384086 124199
1760008808206 0.00013327191733081257 124209
1760008808609 0.0001312653980631497 124219
1760008809001 0.00012925834479464974 124229
1760008809374 0.00012725124297827066 124239
1760008809751 0.00012524457807871282 124249
1760008810131 0.00012323883545499814 124259
1760008810521 0.00012123450024307435 124269
1760008810895 0.00011923205723847369 124279
1760008811278 0.0001172319907790536 124289
1760008811659 0.0001152347846278482 124299
1760008812049 0.00011324092185605898 124309
1760008812431 0.00011125088472621261 124319
1760008812808 0.00010926515457551445 124329
1760008813186 0.00010728421169942574 124339
1760008813556 0.00010530853523549304 124349
1760008813925 0.00010333860304745746 124359
1760008814298 0.00010137489160967203 124369
1760008814675 9.94178758918554e-05 124379
1760008815043 9.746802924420902e-05 124389
1760008815439 9.55258232829265e-05 124399
1760008815836 9.359172777612194e-05 124409
1760008816219 9.166621053020565e-05 124419
1760008816611 8.974973727673415e-05 124429
1760008816991 8.784277155976201e-05 124439
1760008817374 8.594577462372282e-05 124449
1760008817765 8.405920530186656e-05 124459
1760008818161 8.218351990527973e-05 124469
1760008818541 8.031917211251608e-05 124479
1760008818941 7.846661285986356e-05 124489
1760008819335 7.6626290232275e-05 124499
1760008819719 7.479864935498811e-05 124509
1760008820120 7.298413228586151e-05 124519
1760008820523 7.118317790845275e-05 124529
1760008820907 6.93962218258637e-05 124539
1760008821295 6.762369625538036e-05 124549
1760008821691 6.586602992393011e-05 124559
1760008822083 6.412364796438489e-05 124569
1760008822462 6.239697181273206e-05 124579
1760008822855 6.068641910614082e-05 124589
1760008823248 5.8992403581946495e-05 124599
1760008823642 5.731533497757866e-05 124609
1760008824029 5.565561893145618e-05 124619
1760008824389 5.401365688487466e-05 124629
1760008824747 5.23898459849077e-05 124639
1760008825102 5.0784578988348083e-05 124649
1760008825452 4.9198244166710185e-05 124659
1760008825799 4.763122521231713e-05 124669
1760008826150 4.6083901145496364e-05 124679
1760008826509 4.455664622290401e-05 124689
1760008826858 4.304982984700264e-05 124699
1760008827216 4.1563816476712366e-05 124709
1760008827575 4.0098965539257984e-05 124719
1760008827939 3.8655631343232835e-05 124729
1760008828300 3.723416299290148e-05 124739
1760008828658 3.583490430375995e-05 124749
1760008829008 3.4458193719376445e-05 124759
1760008829366 3.310436422953059e-05 124769
1760008829723 3.177374328967188e-05 124779
1760008830106 3.046665274171738e-05 124789
1760008830492 2.9183408736206077e-05 124799
1760008830878 2.7924321655830943e-05 124809
1760008831248 2.668969604036534e-05 124819
1760008831609 2.547983051300305e-05 124829
1760008831973 2.4295017708129027e-05 124839
1760008832350 2.3135544200539353e-05 124849
1760008832725 2.20016904361258e-05 124859
1760008833103 2.089373066404388e-05 124869
1760008833486 1.981193287037906e-05 124879
1760008833874 1.8756558713327947e-05 124889
1760008834255 1.772786345991041e-05 124899
1760008834626 1.672609592422685e-05 124909
1760008834997 1.5751498407277003e-05 124919
1760008835369 1.480430663835361e-05 124929
1760008835730 1.3884749718025764e-05 124939
1760008836093 1.299305006272555e-05 124949
1760008836486 1.2129423350951497e-05 124959
1760008836863 1.1294078471101477e-05 124969
1760008837232 1.0487217470948352e-05 124979
1760008837604 9.7090355087699e-06 124989
1760008837984 8.959720806145088e-06 124999
1760008838373 8.239454602428494e-06 125009
1760008838746 7.548411110913083e-06 125019
1760008839109 6.8867574766927715e-06 125029
1760008839493 6.25465373623446e-06 125039
1760008839898 5.652252778669348e-06 125049
1760008840298 5.07970030881324e-06 125059
1760008840686 4.5371348119243394e-06 125069
1760008841068 4.024687520207299e-06 125079
1760008841940 3.5424823810717766e-06 125089
1760008842312 3.0906360271526866e-06 125099
1760008842673 2.669257748099928e-06 125109
1760008843033 2.2784494641441666e-06 125119
1760008843400 1.918305701444895e-06 125129
1760008843785 1.5889135692272172e-06 125139
1760008844155 1.2903527387123084e-06 125149
1760008844532 1.0226954238471882e-06 125159
1760008844906 7.860063638379505e-07 125169
1760008845279 5.803428074911386e-07 125179
1760008845658 4.0575449936678406e-07 125189
1760008846030 2.6228366774648167e-07 125199
1760008904340 1.4996501441953603e-07 125209
1760008904769 6.848157775796772e-08 125219
1760008905152 1.87909419589447e-08 125229
1760008905533 1.5530079733948344e-10 125239
1760008905909 0.0002568121021247961 125249
1760008906283 0.0002567686217667506 125259
1760008906674 0.0002566940954283483 125269
1760008907075 0.00025658854113553393 125279
1760008907437 0.0002564519844190917 125289
1760008907801 0.00025628445830846964 125299
1760008908163 0.00025608600332379126 125309
1760008908549 0.0002558566674660541 125319
1760008908911 0.00025559650620552023 125329
1760008909272 0.0002553055824682989 125339
1760008909638 0.0002549839666211268 125349
1760008910007 0.00025463173645434803 125359
1760008910387 0.0002542489771630987 125369
1760008910794 0.0002538357813267004 125379
1760008911165 0.00025339224888626795 125389
1760008911533 0.00025291848712053605 125399
1760008911904 0.0002524146106199116 125409
1760008912288 0.00025188074125875697 125419
1760008912684 0.00025131700816591237 125429
1760008913079 0.00025072354769346264 125439
1760008913458 0.00025010050338375716 125449
1760008913835 0.0002494480259346913 125459
1760008914213 0.00024876627316325594 125469
1760008914594 0.00024805540996736627 125479
1760008914975 0.0002473156082859771 125489
1760008915347 0.0002465470470574954 125499
1760008915716 0.0002457499121764998 125509
1760008916086 0.00024492439644877777 125519
1760008916452 0.00024407069954469093 125529
1760008916827 0.00024318902795088013 125539
1760008917195 0.00024227959492032167 125549
1760008917577 0.00024134262042074724 125559
1760008917951 0.00024037833108143939 125569
1760008918339 0.00023938696013841613 125579
1760008918716 0.00023836874737801706 125589
1760008919103 0.00023732393907890562 125599
1760008919472 0.00023625278795250077 125609
1760008919843 0.00023515555308185272 125619
1760008920223 0.00023403249985897768 125629
1760008920601 0.00023288389992066658 125639
1760008920988 0.00023171003108278323 125649
1760008921376 0.00023051117727306822 125659
1760008921772 0.00022928762846246415 125669
1760008922165 0.00022803968059497938 125679
1760008922557 0.00022676763551610714 125689
1760008922953 0.00022547180089981702 125699
1760008923347 0.00022415249017413672 125709
1760008923724 0.00022281002244534226 125719
1760008924110 0.00022144472242077465 125729
1760008924493 0.00022005692033030165 125739
1760008924880 0.00021864695184644405 125749
1760008925270 0.0002172151580031852 125759
1760008925669 0.0002157618851134843 125769
1760008926008 0.00021428748468551207 125779
1760008926361 0.0002127923133376305 125789
1760008926749 0.00021127673271213629 125799
1760008927124 0.00020974110938778908 125809
1760008927502 0.00020818581479114582 125819
1760008927893 0.0002066112251067226 125829
1760008928284 0.0002050177211860054 125839
1760008928671 0.0002034056884553326 125849
1760008929065 0.00020177551682267 125859
1760008929452 0.00020012760058330298 125869
1760008929840 0.00019846233832446664 125879
1760008930227 0.00019678013282893808 125889
1760008930612 0.00019508139097761408 125899
1760008930987 0.00019336652365109736 125909
1760008931362 0.00019163594563031535 125919
1760008931751 0.000189890075496196 125929
1760008932136 0.00018812933552842353 125939
1760008932526 0.00018635415160330094 125949
1760008932912 0.00018456495309074127 125959
1760008933294 0.00018276217275041464 125969
1760008933669 0.00018094624662707504 125979
1760008934052 0.00017911761394509288 125989
1760008934427 0.00017727671700221802 125999
1760008934802 0.0001754240010625998 126009
1760008935172 0.00017355991424908944 126019
1760008935554 0.00017168490743485097 126029
1760008935920 0.00016979943413430708 126039
1760008936291 0.00016790395039344573 126049
1760008936663 0.00016599891467951512 126059
1760008937042 0.00016408478777013233 126069
1760008937430 0.0001621620326418335 126079
1760008937822 0.0001602311143580922 126089
1760008938213 0.00015829249995683262 126099
1760008938610 0.00015634665833746584 126109
1760008938977 0.00015439406014747532 126119
1760008939362 0.0001524351776685797 126129
1760008939750 0.00015047048470250045 126139
1760008940144 0.0001485004564563619 126149
1760008940527 0.000146525569427751 126159
1760008940918 0.0001445463012894653 126169
1760008941286 0.0001425631307739768 126179
1760008941650 0.0001405765375576389 126189
1760008942022 0.0001385870021446655 126199
1760008942391 0.00013659500575091 126209
1760008942747 0.00013460103018747164 126219
1760008943111 0.0001326055577441585 126229
1760008943483 0.00013060907107283396 126239
1760008943847 0.0001286120530706765 126249
1760008944234 0.0001266149867633793 126259
1760008944619 0.00012461835518831927 126269
1760008944989 0.00012262264127772314 126279
1760008945362 0.00012062832774185897 126289
1760008945733 0.0001186358969522813 126299
1760008946114 0.00011664583082515832 126309
1760008946495 0.00011465861070470894 126319
1760008946920 0.00011267471724677868 126329
1760008947301 0.00011069463030258154 126339
1760008947679 0.00010871882880263687 126349
1760008948051 0.0001067477906409286 126359
1760008948443 0.00010478199255931558 126369
1760008948825 0.00010282191003222016 126379
1760008949217 0.00010086801715162367 126389
1760008949603 9.892078651239611e-05 126399
1760008949980 9.698068909798796e-05 126409
1760008950352 9.504819416651185e-05 126419
1760008950729 9.312376913724132e-05 126429
1760008951105 9.120787947755462e-05 126439
1760008951490 8.930098859035047e-05 126449
1760008951867 8.740355770196319e-05 126459
1760008952249 8.55160457506042e-05 126469
1760008952624 8.363890927535723e-05 126479
1760008953010 8.177260230575332e-05 126489
1760008953381 7.991757625195349e-05 126499
1760008953752 7.807427979556422e-05 126509
1760008954124 7.624315878111362e-05 126519
1760008954501 7.442465610821316e-05 126529
1760008954873 7.26192116244322e-05 126539
1760008955257 7.082726201891048e-05 126549
1760008955629 6.904924071673438e-05 126559
1760008955996 6.728557777410345e-05 126569
1760008956355 6.553669977431046e-05 126579
1760008956727 6.380302972456295e-05 126589
1760008957104 6.208498695366839e-05 126599
1760008957477 6.038298701061011e-05 126609
1760008957843 5.8697441564036756e-05 126619
1760008958219 5.7028758302690765e-05 126629
1760008958582 5.53773408367989e-05 126639
1760008958957 5.3743588600450284e-05 126649
1760008959347 5.2127896754983155e-05 126659
1760008959723 5.053065609340634e-05 126669
1760008960106 4.895225294587663e-05 126679
1760008960483 4.739306908625554e-05 126689
1760008960857 4.5853481639768876e-05 126699
1760008961246 4.4333862991789484e-05 126709
1760008961632 4.283458069776762e-05 126719
1760008962023 4.13559973943288e-05 126729
1760008962396 3.989847071156169e-05 126739
1760008962780 3.846235318651667e-05 126749
1760008963147 3.704799217793697e-05 126759
1760008963517 3.565572978224115e-05 126769
1760008963893 3.428590275077956e-05 126779
1760008964257 3.2938842408382934e-05 126789
1760008964639 3.161487457322351e-05 126799
1760008964999 3.031431947800879e-05 126809
1760008965352 2.9037491692525044e-05 126819
1760008965707 2.7784700047551788e-05 126829
1760008966076 2.6556247560163512e-05 126839
1760008966448 2.535243136043803e-05 126849
1760008966817 2.4173542619588382e-05 126859
1760008967194 2.3019866479536654e-05 126869
1760008967570 2.189168198394517e-05 126879
1760008967934 2.078926201072366e-05 126889
1760008968309 1.9712873206027163e-05 126899
1760008968683 1.8662775919761305e-05 126909
1760008969055 1.7639224142610856e-05 126919
1760008969426 1.6642465444605713e-05 126929
1760008969803 1.567274091524062e-05 126939
1760008970171 1.4730285105161842e-05 126949
1760008970537 1.3815325969435633e-05 126959
1760008970904 1.2928084812411923e-05 126969
1760008971272 1.2068776234196739e-05 126979
1760008971623 1.123760807874597e-05 126989
1760008971985 1.0434781383593609e-05 126999
1760008972356 9.66049033122605e-06 127009
1760008972726 8.91492220211436e-06 127019
1760008973109 8.198257329416351e-06 127029
1760008973490 7.510669055358518e-06 127039
1760008973879 6.852323689309308e-06 127049
1760008974266 6.223380467553287e-06 127059
1760008974646 5.623991514776001e-06 127069
1760008975032 5.054301807269174e-06 127079
1760008975422 4.5144491378647175e-06 127089
1760008975801 4.004564082606262e-06 127099
1760008976182 3.5247699691664178e-06 127109
1760008976564 3.075182847016923e-06 127119
1760008976942 2.655911459359428e-06 127129
1760008977320 2.2670572168234457e-06 127139
1760008977697 1.9087141729376703e-06 127149
1760008978081 1.580969001381081e-06 127159
1760008978470 1.283900975018747e-06 127169
1760008978855 1.0175819467279521e-06 127179
1760008979239 7.820763320187607e-07 127189
1760008979623 5.774410934536829e-07 127199
1760008980017 4.0372572686995015e-07 127209
1760008980387 2.6097224940774927e-07 127219
1760008980764 1.4921518934743833e-07 127229
1760008981146 6.848157775796772e-08 127239
1760008981519 1.87909419589447e-08 127249
1760008981896 1.5530079733948344e-10 127259
1760008982286 0.0002568121021247961 127269
1760008982669 0.0002567686217667506 127279
1760008983050 0.0002566940954283483 127289
1760008983441 0.00025658854113553393 127299
1760008983827 0.0002564519844190917 127309
1760008984219 0.00025628445830846964 127319
1760008984611 0.00025608600332379126 127329
1760008984994 0.0002558566674660541 127339
1760008985401 0.00025559650620552023 127349
1760008985812 0.0002553055824682989 127359
1760008986229 0.0002549839666211268 127369
1760008986620 0.00025463173645434803 127379
1760008987031 0.0002542489771630987 127389
1760008987413 0.0002538357813267004 127399
1760008987781 0.00025339224888626795 127409
1760008988185 0.00025291848712053605 127419
1760008988560 0.0002524146106199116 127429
1760008988937 0.00025188074125875697 127439
1760008989339 0.00025131700816591237 127449
1760008989722 0.00025072354769346264 127459
1760008990109 0.00025010050338375716 127469
1760008990498 0.0002494480259346913 127479
1760008990885 0.00024876627316325594 127489
1760008991261 0.00024805540996736627 127499
1760008991655 0.0002473156082859771 127509
1760008992036 0.0002465470470574954 127519
1760008992416 0.0002457499121764998 127529
1760008992796 0.00024492439644877777 127539
1760008993185 0.00024407069954469093 127549
1760008993579 0.00024318902795088013 127559
1760008993956 0.00024227959492032167 127569
1760008994341 0.00024134262042074724 127579
1760008994721 0.00024037833108143939 127589
1760008995107 0.00023938696013841613 127599
1760008995487 0.00023836874737801706 127609
1760008995860 0.00023732393907890562 127619
1760008996232 0.00023625278795250077 127629
1760008996611 0.00023515555308185272 127639
1760008996994 0.00023403249985897768 127649
1760008997373 0.00023288389992066658 127659
1760008997755 0.00023171003108278323 127669
1760008998151 0.00023051117727306822 127679
1760008998530 0.00022928762846246415 127689
1760008998911 0.00022803968059497938 127699
1760008999314 0.00022676763551610714 127709
1760008999695 0.00022547180089981702 127719
1760009000090 0.00022415249017413672 127729
1760009000484 0.00022281002244534226 127739
1760009000880 0.00022144472242077465 127749
1760009001252 0.00022005692033030165 127759
1760009001625 0.00021864695184644405 127769
1760009001996 0.0002172151580031852 127779
1760009002366 0.0002157618851134843 127789
1760009002749 0.00021428748468551207 127799
1760009003123 0.0002127923133376305 127809
1760009003472 0.00021127673271213629 127819
1760009003820 0.00020974110938778908 127829
1760009004177 0.00020818581479114582 127839
1760009004549 0.0002066112251067226 127849
1760009004928 0.0002050177211860054 127859
1760009005304 0.0002034056884553326 127869
1760009005683 0.00020177551682267 127879
1760009006075 0.00020012760058330298 127889
1760009006441 0.00019846233832446664 127899
1760009006790 0.00019678013282893808 127909
1760009007136 0.00019508139097761408 127919
1760009007483 0.00019336652365109736 127929
1760009007839 0.00019163594563031535 127939
1760009008194 0.000189890075496196 127949
1760009008553 0.00018812933552842353 127959
1760009008908 0.00018635415160330094 127969
1760009009261 0.00018456495309074127 127979
1760009009620 0.00018276217275041464 127989
1760009009977 0.00018094624662707504 127999
1760009010336 0.00017911761394509288 128009
1760009010698 0.00017727671700221802 128019
1760009011057 0.0001754240010625998 128029
1760009011423 0.00017355991424908944 128039
1760009011782 0.00017168490743485097 128049
1760009012143 0.00016979943413430708 128059
1760009012500 0.00016790395039344573 128069
1760009012852 0.00016599891467951512 128079
1760009013216 0.00016408478777013233 128089
1760009013566 0.0001621620326418335 128099
1760009013929 0.0001602311143580922 128109
1760009014317 0.00015829249995683262 128119
1760009014696 0.00015634665833746584 128129
1760009015079 0.00015439406014747532 128139
1760009015465 0.0001524351776685797 128149
1760009015854 0.00015047048470250045 128159
1760009016231 0.0001485004564563619 128169
1760009016602 0.000146525569427751 128179
1760009016963 0.0001445463012894653 128189
1760009017319 0.0001425631307739768 128199
1760009017674 0.0001405765375576389 128209
1760009018040 0.0001385870021446655 128219
1760009018404 0.00013659500575091 128229
1760009018764 0.00013460103018747164 128239
1760009019124 0.0001326055577441585 128249
1760009019503 0.00013060907107283396 128259
1760009019873 0.0001286120530706765 128269
1760009020250 0.0001266149867633793 128279
1760009020620 0.00012461835518831927 128289
1760009020990 0.00012262264127772314 128299
1760009021359 0.00012062832774185897 128309
1760009021728 0.0001186358969522813 128319
1760009022088 0.00011664583082515832 128329
1760009022447 0.00011465861070470894 128339
1760009022810 0.00011267471724677868 128349
1760009023175 0.00011069463030258154 128359
1760009023543 0.00010871882880263687 128369
1760009023910 0.0001067477906409286 128379
1760009024277 0.00010478199255931558 128389
1760009024644 0.00010282191003222016 128399
1760009025019 0.00010086801715162367 128409
1760009025396 9.892078651239611e-05 128419
1760009025770 9.698068909798796e-05 128429
1760009026139 9.504819416651185e-05 128439
1760009026510 9.312376913724132e-05 128449
1760009026880 9.120787947755462e-05 128459
1760009027252 8.930098859035047e-05 128469
1760009027627 8.740355770196319e-05 128479
1760009028002 8.55160457506042e-05 128489
1760009028375 8.363890927535723e-05 128499
1760009028743 8.177260230575332e-05 128509
1760009029117 7.991757625195349e-05 128519
1760009029487 7.807427979556422e-05 128529
1760009029850 7.624315878111362e-05 128539
1760009030216 7.442465610821316e-05 128549
1760009030583 7.26192116244322e-05 128559
1760009030942 7.082726201891048e-05 128569
1760009031304 6.904924071673438e-05 128579
1760009031656 6.728557777410345e-05 128589
1760009032014 6.553669977431046e-05 128599
1760009032374 6.380302972456295e-05 128609
1760009032726 6.208498695366839e-05 128619
1760009033086 6.038298701061011e-05 128629
1760009033444 5.8697441564036756e-05 128639
1760009033803 5.7028758302690765e-05 128649
1760009034160 5.53773408367989e-05 128659
1760009034517 5.3743588600450284e-05 128669
1760009034869 5.2127896754983155e-05 128679
1760009035222 5.053065609340634e-05 128689
1760009035573 4.895225294587663e-05 128699
1760009035921 4.739306908625554e-05 128709
1760009036266 4.5853481639768876e-05 128719
1760009036613 4.4333862991789484e-05 128729
1760009036982 4.283458069776762e-05 128739
1760009037329 4.13559973943288e-05 128749
1760009037671 3.989847071156169e-05 128759
1760009038015 3.846235318651667e-05 128769
1760009038364 3.704799217793697e-05 128779
1760009038706 3.565572978224115e-05 128789
1760009039051 3.428590275077956e-05 128799
1760009039396 3.2938842408382934e-05 128809
1760009039740 3.161487457322351e-05 128819
1760009040084 3.031431947800879e-05 128829
1760009040429 2.9037491692525044e-05 128839
1760009040775 2.7784700047551788e-05 128849
1760009041123 2.6556247560163512e-05 128859
1760009041474 2.535243136043803e-05 128869
1760009041832 2.4173542619588382e-05 128879
1760009042178 2.3019866479536654e-05 128889
1760009042525 2.189168198394517e-05 128899
1760009042870 2.078926201072366e-05 128909
1760009043214 1.9712873206027163e-05 128919
1760009043558 1.8662775919761305e-05 128929
1760009043912 1.7639224142610856e-05 128939
1760009044267 1.6642465444605713e-05 128949
1760009044628 1.567274091524062e-05 128959
1760009044984 1.4730285105161842e-05 128969
1760009045315 1.3815325969435633e-05 128979
1760009045598 1.2928084812411923e-05 128989
1760009045837 1.2068776234196739e-05 128999
1760009046075 1.123760807874597e-05 129009
1760009046314 1.0434781383593609e-05 129019
1760009046587 9.66049033122605e-06 129029
1760009046817 8.91492220211436e-06 129039
1760009047023 8.198257329416351e-06 129049
1760009047334 7.510669055358518e-06 129059
1760009047681 6.852323689309308e-06 129069
1760009048031 6.223380467553287e-06 129079
1760009048378 5.623991514776001e-06 129089
1760009048729 5.054301807269174e-06 129099
1760009049074 4.5144491378647175e-06 129109
1760009049421 4.004564082606262e-06 129119
1760009050218 3.5247699691664178e-06 129129
1760009050558 3.075182847016923e-06 129139
1760009050900 2.655911459359428e-06 129149
1760009051243 2.2670572168234457e-06 129159
1760009051584 1.9087141729376703e-06 129169
1760009051926 1.580969001381081e-06 129179
1760009052272 1.283900975018747e-06 129189
1760009052621 1.0175819467279521e-06 129199
1760009052973 7.820763320187607e-07 129209
1760009053329 5.774410934536829e-07 129219
1760009053676 4.0372572686995015e-07 129229
1760009054023 2.6097224940774927e-07 129239
1760009068611 1.4846911340070116e-07 129249
1760009068940 6.813916986917787e-08 129259
1760009069328 1.8696987249149975e-08 129269
1760009069708 1.54524293352786e-10 129279
1760009070104 0.0002555280416141721 129289
1760009070502 0.00025548477865791684 129299
1760009070888 0.00025541062495120653 129309
1760009071306 0.0002553055984298563 129319
1760009071657 0.0002551697244969962 129329
1760009072019 0.0002550030360169273 129339
1760009072380 0.0002548055733071723 129349
1760009072752 0.00025457738412872386 129359
1760009073116 0.0002543185236744926 129369
1760009073484 0.00025402905455595737 129379
1760009073844 0.0002537090467880211 129389
1760009074206 0.0002533585777720763 129399
1760009074580 0.0002529777322772832 129409
1760009074958 0.0002525666024200669 129419
1760009075338 0.00025212528764183664 129429
1760009075713 0.0002516538946849334 129439
1760009076092 0.000251152537566812 129449
1760009076476 0.00025062133755246317 129459
1760009076874 0.0002500604231250828 129469
1760009077282 0.0002494699299549953 129479
1760009077675 0.0002488500008668384 129489
1760009078041 0.0002482007858050178 129499
1760009078431 0.00024752244179743963 129509
1760009078797 0.0002468151329175294 129519
1760009079172 0.0002460790302445472 129529
1760009079542 0.00024531431182220787 129539
1760009079932 0.00024452116261561725 129549
1760009080329 0.00024369977446653384 129559
1760009080715 0.00024285034604696747 129569
1760009081100 0.00024197308281112572 129579
1760009081472 0.00024106819694572006 129589
1760009081863 0.0002401359073186435 129599
1760009082246 0.00023917643942603217 129609
1760009082623 0.00023819002533772405 129619
1760009083001 0.00023717690364112695 129629
1760009083389 0.0002361373193835111 129639
1760009083765 0.00023507152401273826 129649
1760009084153 0.00023397977531644344 129659
1760009084529 0.0002328623373596828 129669
1760009084905 0.00023171948042106322 129679
1760009085276 0.0002305514809273693 129689
1760009085649 0.00022935862138670287 129699
1760009086025 0.0002281411903201518 129709
1760009086406 0.0002268994821920045 129719
1760009086788 0.0002256337973385266 129729
1760009087174 0.00022434444189531794 129739
1760009087570 0.00022303172772326603 129749
1760009087942 0.00022169597233311555 129759
1760009088329 0.00022033749880867077 129769
1760009088720 0.00021895663572865014 129779
1760009089089 0.00021755371708721182 129789
1760009089468 0.00021612908221316926 129799
1760009089840 0.00021468307568791686 129809
1760009090214 0.0002132160472620845 129819
1760009090598 0.00021172835177094235 129829
1760009090982 0.0002102203490485756 129839
1760009091360 0.00020869240384085012 129849
1760009091738 0.00020714488571719008 129859
1760009092136 0.00020557816898118898 129869
1760009092513 0.00020399263258007538 129879
1760009092899 0.00020238866001305591 129889
1760009093270 0.00020076663923855665 129899
1760009093646 0.00019912696258038646 129909
1760009094039 0.00019747002663284428 129919
1760009094409 0.00019579623216479337 129929
1760009094783 0.000194105984022726 129939
1760009095150 0.00019239969103284187 129949
1760009095532 0.00019067776590216378 129959
1760009095896 0.000188940625118715 129969
1760009096270 0.00018718868885078143 129979
1760009096652 0.00018542238084528443 129989
1760009097028 0.00018364212832528754 129999
1760009097395 0.00018184836188666256 130009
1760009097776 0.00018004151539393966 130019
1760009098147 0.00017822202587536743 130029
1760009098531 0.0001763903334172069 130039
1760009098917 0.0001745468810572868 130049
1760009099305 0.00017269211467784397 130059
1760009099688 0.0001708264828976767 130069
1760009100059 0.00016895043696363554 130079
1760009100445 0.00016706443064147848 130089
1760009100811 0.00016516892010611753 130099
1760009101186 0.00016326436383128166 130109
1760009101548 0.00016135122247862434 130119
1760009101956 0.00015942995878630173 130129
1760009102324 0.00015750103745704844 130139
1760009102687 0.0001555649250457785 130149
1760009103037 0.00015362208984673792 130159
1760009103406 0.0001516730017802368 130169
1760009103794 0.00014971813227898794 130179
1760009104147 0.0001477579541740801 130189
1760009104519 0.00014579294158061223 130199
1760009104883 0.00014382356978301798 130209
1760009105265 0.0001418503151201069 130219
1760009105632 0.0001398736548698507 130229
1760009106000 0.00013789406713394215 130239
1760009106375 0.00013591203072215542 130249
1760009106746 0.00013392802503653427 130259
1760009107111 0.0001319425299554377 130269
1760009107483 0.0001299560257174698 130279
1760009107856 0.0001279689928053231 130289
1760009108232 0.0001259819118295624 130299
1760009108615 0.00012399526341237767 130309
1760009108984 0.00012200952807133452 130319
1760009109354 0.00012002518610314967 130329
1760009109725 0.0001180427174675199 130339
1760009110091 0.00011606260167103254 130349
1760009110449 0.00011408531765118539 130359
1760009110807 0.00011211134366054478 130369
1760009111188 0.00011014115715106862 130379
1760009111559 0.00010817523465862368 130389
1760009111932 0.00010621405168772395 130399
1760009112302 0.000104258082596519 130409
1760009112673 0.00010230780048205906 130419
1760009113045 0.00010036367706586555 130429
1760009113434 9.842618257983413e-05 130439
1760009113813 9.649578565249802e-05 130449
1760009114180 9.457295319567929e-05 130459
1760009114551 9.265815029155511e-05 130469
1760009114921 9.075184008016685e-05 130479
1760009115302 8.885448364739871e-05 130489
1760009115668 8.696653991345338e-05 130499
1760009116034 8.508846552185118e-05 130509
1760009116403 8.322071472898043e-05 130519
1760009116772 8.136373929422455e-05 130529
1760009117143 7.951798837069372e-05 130539
1760009117520 7.768390839658641e-05 130549
1760009117899 7.586194298720805e-05 130559
1760009118286 7.40525328276721e-05 130569
1760009118658 7.225611556631004e-05 130579
1760009119023 7.047312570881593e-05 130589
1760009119393 6.870399451315071e-05 130599
1760009119766 6.694914988523294e-05 130609
1760009120146 6.52090162754389e-05 130619
1760009120513 6.348401457594014e-05 130629
1760009120889 6.177456201890004e-05 130639
1760009121267 6.008107207555705e-05 130649
1760009121645 5.840395435621657e-05 130659
1760009122013 5.6743614511177304e-05 130669
1760009122386 5.51004541326149e-05 130679
1760009122755 5.347487065744803e-05 130689
1760009123122 5.186725727120824e-05 130699
1760009123504 5.027800281293931e-05 130709
1760009123868 4.8707491681147246e-05 130719
1760009124242 4.715610374082426e-05 130729
1760009124615 4.5624214231570034e-05 130739
1760009124993 4.4112193676830535e-05 130749
1760009125361 4.262040779427878e-05 130759
1760009125699 4.1149217407357154e-05 130769
1760009126037 3.969897835800388e-05 130779
1760009126354 3.827004142058408e-05 130789
1760009126670 3.686275221704728e-05 130799
1760009126997 3.5477451133329945e-05 130809
1760009127386 3.411447323702566e-05 130819
1760009127780 3.277414819634102e-05 130829
1760009128176 3.14568002003574e-05 130839
1760009128511 3.0162747880618746e-05 130849
1760009128840 2.8892304234062416e-05 130859
1760009129187 2.764577654731403e-05 130869
1760009129517 2.6423466322362694e-05 130879
1760009129841 2.522566920363584e-05 130889
1760009130229 2.405267490649044e-05 130899
1760009130629 2.2904767147138972e-05 130909
1760009131017 2.1782223574025442e-05 130919
1760009131419 2.0685315700670043e-05 130929
1760009131810 1.961430883999703e-05 130939
1760009132198 1.85694620401625e-05 130949
1760009132568 1.7551028021897802e-05 130959
1760009132940 1.6559253117382684e-05 130969
1760009133321 1.5594377210664414e-05 130979
1760009133698 1.4656633679636031e-05 130989
1760009134076 1.3746249339588454e-05 130999
1760009134457 1.2863444388349863e-05 131009
1760009134861 1.2008432353025756e-05 131019
1760009135243 1.118142003835224e-05 131029
1760009135633 1.038260747667564e-05 131039
1760009136029 9.61218787956992e-06 131049
1760009136419 8.87034759110379e-06 131059
1760009136807 8.15726604276927e-06 131069
1760009137192 7.473115710081724e-06 131079
1760009137579 6.8180620708627605e-06 131089
1760009137961 6.19226356521552e-06 131099
1760009138332 5.595871557202121e-06 131109
1760009138692 5.029030298232827e-06 131119
1760009139052 4.491876892175394e-06 131129
1760009139435 3.984541262193231e-06 131139
1760009139839 3.5071461193205854e-06 131149
1760009140253 3.059806932781838e-06 131159
1760009140642 2.6426319020626307e-06 131169
1760009141025 2.2557219307393285e-06 131179
1760009141424 1.8991706020729819e-06 131189
1760009141815 1.5730641563741756e-06 131199
1760009142222 1.277481470143653e-06 131209
1760009142613 1.0124940369943123e-06 131219
1760009143006 7.781659503586668e-07 131229
1760009143397 5.745538879864144e-07 131239
1760009143769 4.017070982356004e-07 131249
1760009144144 2.596673881607105e-07 131259
1760009144517 1.4846911340070116e-07 131269
1760009144907 6.813916986917787e-08 131279
1760009145290 1.8696987249149975e-08 131289
1760009145672 1.54524293352786e-10 131299
1760009146056 0.0002555280416141721 131309
1760009146432 0.00025548477865791684 131319
1760009146832 0.00025541062495120653 131329
1760009147219 0.0002553055984298563 131339
1760009147608 0.0002551697244969962 131349
1760009147994 0.0002550030360169273 131359
1760009148375 0.0002548055733071723 131369
1760009148748 0.00025457738412872386 131379
1760009149104 0.0002543185236744926 131389
1760009149446 0.00025402905455595737 131399
1760009149792 0.0002537090467880211 131409
1760009150138 0.0002533585777720763 131419
1760009150484 0.0002529777322772832 131429
1760009150839 0.0002525666024200669 131439
1760009151197 0.00025212528764183664 131449
1760009151569 0.0002516538946849334 131459
1760009151928 0.000251152537566812 131469
1760009152295 0.00025062133755246317 131479
1760009152662 0.0002500604231250828 131489
1760009153016 0.0002494699299549953 131499
1760009153380 0.0002488500008668384 131509
1760009153738 0.0002482007858050178 131519
1760009154092 0.00024752244179743963 131529
1760009154444 0.0002468151329175294 131539
1760009154805 0.0002460790302445472 131549
1760009155173 0.00024531431182220787 131559
1760009155533 0.00024452116261561725 131569
1760009155894 0.00024369977446653384 131579
1760009156251 0.00024285034604696747 131589
1760009156611 0.00024197308281112572 131599
1760009156964 0.00024106819694572006 131609
1760009157326 0.0002401359073186435 131619
1760009157681 0.00023917643942603217 131629
1760009158039 0.00023819002533772405 131639
1760009158389 0.00023717690364112695 131649
1760009158737 0.0002361373193835111 131659
1760009159079 0.00023507152401273826 131669
1760009159431 0.00023397977531644344 131679
1760009159778 0.0002328623373596828 131689
1760009160136 0.00023171948042106322 131699
1760009160482 0.0002305514809273693 131709
1760009160826 0.00022935862138670287 131719
1760009161174 0.0002281411903201518 131729
1760009161521 0.0002268994821920045 131739
1760009161865 0.0002256337973385266 131749
1760009162215 0.00022434444189531794 131759
1760009162564 0.00022303172772326603 131769
1760009162921 0.00022169597233311555 131779
1760009163266 0.00022033749880867077 131789
1760009163613 0.00021895663572865014 131799
1760009163963 0.00021755371708721182 131809
1760009164319 0.00021612908221316926 131819
1760009164680 0.00021468307568791686 131829
1760009165032 0.0002132160472620845 131839
1760009165391 0.00021172835177094235 131849
1760009165752 0.0002102203490485756 131859
1760009166109 0.00020869240384085012 131869
1760009166474 0.00020714488571719008 131879
1760009166830 0.00020557816898118898 131889
1760009167205 0.00020399263258007538 131899
1760009167570 0.00020238866001305591 131909
1760009167941 0.00020076663923855665 131919
1760009168321 0.00019912696258038646 131929
1760009168703 0.00019747002663284428 131939
1760009169076 0.00019579623216479337 131949
1760009169457 0.000194105984022726 131959
1760009169839 0.00019239969103284187 131969
1760009170215 0.00019067776590216378 131979
1760009170601 0.000188940625118715 131989
1760009170986 0.00018718868885078143 131999
1760009171367 0.00018542238084528443 132009
1760009171741 0.00018364212832528754 132019
1760009172119 0.00018184836188666256 132029
1760009172492 0.00018004151539393966 132039
1760009172869 0.00017822202587536743 132049
1760009173251 0.0001763903334172069 132059
1760009173620 0.0001745468810572868 132069
1760009174000 0.00017269211467784397 132079
1760009174385 0.0001708264828976767 132089
1760009174757 0.00016895043696363554 132099
1760009175122 0.00016706443064147848 132109
1760009175490 0.00016516892010611753 132119
1760009175864 0.00016326436383128166 132129
1760009176230 0.00016135122247862434 132139
1760009176611 0.00015942995878630173 132149
1760009176996 0.00015750103745704844 132159
1760009177373 0.0001555649250457785 132169
1760009177728 0.00015362208984673792 132179
1760009178097 0.0001516730017802368 132189
1760009178454 0.00014971813227898794 132199
1760009178820 0.0001477579541740801 132209
1760009179195 0.00014579294158061223 132219
1760009179559 0.00014382356978301798 132229
1760009179923 0.0001418503151201069 132239
1760009180288 0.0001398736548698507 132249
1760009180644 0.00013789406713394215 132259
1760009181009 0.00013591203072215542 132269
1760009181360 0.00013392802503653427 132279
1760009181710 0.0001319425299554377 132289
1760009182058 0.0001299560257174698 132299
1760009182407 0.0001279689928053231 132309
1760009182755 0.0001259819118295624 132319
1760009183108 0.00012399526341237767 132329
1760009183469 0.00012200952807133452 132339
1760009183823 0.00012002518610314967 132349
1760009184178 0.0001180427174675199 132359
1760009184535 0.00011606260167103254 132369
1760009184864 0.00011408531765118539 132379
1760009185147 0.00011211134366054478 132389
1760009185669 0.00011014115715106862 132399
1760009186037 0.00010817523465862368 132409
1760009186412 0.00010621405168772395 132419
1760009186794 0.000104258082596519 132429
1760009187165 0.00010230780048205906 132439
1760009187546 0.00010036367706586555 132449
1760009187924 9.842618257983413e-05 132459
1760009188302 9.649578565249802e-05 132469
1760009188668 9.457295319567929e-05 132479
1760009189026 9.265815029155511e-05 132489
1760009189403 9.075184008016685e-05 132499
1760009189770 8.885448364739871e-05 132509
1760009190144 8.696653991345338e-05 132519
1760009190511 8.508846552185118e-05 132529
1760009190893 8.322071472898043e-05 132539
1760009191267 8.136373929422455e-05 132549
1760009191642 7.951798837069372e-05 132559
1760009192024 7.768390839658641e-05 132569
1760009192412 7.586194298720805e-05 132579
1760009192787 7.40525328276721e-05 132589
1760009193173 7.225611556631004e-05 132599
1760009193554 7.047312570881593e-05 132609
1760009193927 6.870399451315071e-05 132619
1760009194298 6.694914988523294e-05 132629
1760009194673 6.52090162754389e-05 132639
1760009195053 6.348401457594014e-05 132649
1760009195419 6.177456201890004e-05 132659
1760009195783 6.008107207555705e-05 132669
1760009196158 5.840395435621657e-05 132679
1760009196538 5.6743614511177304e-05 132689
1760009196920 5.51004541326149e-05 132699
1760009197310 5.347487065744803e-05 132709
1760009197692 5.186725727120824e-05 132719
1760009198080 5.027800281293931e-05 132729
1760009198449 4.8707491681147246e-05 132739
1760009198843 4.715610374082426e-05 132749
1760009199225 4.5624214231570034e-05 132759
1760009199636 4.4112193676830535e-05 132769
1760009200003 4.262040779427878e-05 132779
1760009200373 4.1149217407357154e-05 132789
1760009200745 3.969897835800388e-05 132799
1760009201121 3.827004142058408e-05 132809
1760009201500 3.686275221704728e-05 132819
1760009201893 3.5477451133329945e-05 132829
1760009202275 3.411447323702566e-05 132839
1760009202627 3.277414819634102e-05 132849
1760009202979 3.14568002003574e-05 132859
1760009203331 3.0162747880618746e-05 132869
1760009203679 2.8892304234062416e-05 132879
1760009204026 2.764577654731403e-05 132889
1760009204386 2.6423466322362694e-05 132899
1760009204739 2.522566920363584e-05 132909
1760009205104 2.405267490649044e-05 132919
1760009205469 2.2904767147138972e-05 132929
1760009205831 2.1782223574025442e-05 132939
1760009206200 2.0685315700670043e-05 132949
1760009206578 1.961430883999703e-05 132959
1760009206956 1.85694620401625e-05 132969
1760009207314 1.7551028021897802e-05 132979
1760009207690 1.6559253117382684e-05 132989
1760009208071 1.5594377210664414e-05 132999
1760009208437 1.4656633679636031e-05 133009
1760009208793 1.3746249339588454e-05 133019
1760009209165 1.2863444388349863e-05 133029
1760009209546 1.2008432353025756e-05 133039
1760009209924 1.118142003835224e-05 133049
1760009210285 1.038260747667564e-05 133059
1760009210644 9.61218787956992e-06 133069
1760009210999 8.87034759110379e-06 133079
1760009211359 8.15726604276927e-06 133089
1760009211724 7.473115710081724e-06 133099
1760009212081 6.8180620708627605e-06 133109
1760009212459 6.19226356521552e-06 133119
1760009212833 5.595871557202121e-06 133129
1760009213219 5.029030298232827e-06 133139
1760009213612 4.491876892175394e-06 133149
1760009214476 3.984541262193231e-06 133159
1760009214827 3.5071461193205854e-06 133169
1760009215178 3.059806932781838e-06 133179
1760009215521 2.6426319020626307e-06 133189
1760009215865 2.2557219307393285e-06 133199
1760009216207 1.8991706020729819e-06 133209
1760009216552 1.5730641563741756e-06 133219
1760009216931 1.277481470143653e-06 133229
1760009217306 1.0124940369943123e-06 133239
1760009217678 7.781659503586668e-07 133249
1760009218060 5.745538879864144e-07 133259
1760009218428 4.017070982356004e-07 133269
1760009218805 2.596673881607105e-07 133279
1760009232833 1.4772676783369764e-07 133289
1760009233201 6.779847401983199e-08 133299
1760009233562 1.8603502312904227e-08 133309
1760009233912 1.5375167188602208e-10 133319
1760009234261 0.00025425040140610126 133329
1760009234633 0.00025420735476462724 133339
1760009234968 0.0002541335718264505 133349
1760009235343 0.000254029070437707 133359
1760009235679 0.00025389387587451126 133369
1760009236017 0.00025372802083684266 133379
1760009236359 0.00025353154544063643 133389
1760009236698 0.00025330449720808025 133399
1760009237042 0.00025304693105612016 133409
1760009237421 0.0002527589092831776 133419
1760009237771 0.000252440501554081 133429
1760009238135 0.00025209178488321595 133439
1760009238487 0.0002517128436158968 133449
1760009238841 0.00025130376940796657 133459
1760009239196 0.00025086466120362744 133469
1760009239547 0.00025039562521150875 133479
1760009239898 0.0002498967748789779 133489
1760009240253 0.00024936823086470087 133499
1760009240606 0.0002488101210094574 133509
1760009240957 0.0002482225803052203 133519
1760009241324 0.0002476057508625042 133529
1760009241709 0.0002469597818759927 133539
1760009242085 0.00024628482958845245 133549
1760009242464 0.0002455810572529418 133559
1760009242865 0.0002448486350933245 133569
1760009243303 0.00024408774026309687 133579
1760009243692 0.0002432985568025392 133589
1760009244094 0.0002424812755942012 133599
1760009244481 0.00024163609431673266 133609
1760009244878 0.0002407632173970701 133619
1760009245282 0.00023986285596099146 133629
1760009245647 0.0002389352277820503 133639
1760009246012 0.00023798055722890204 133649
1760009246400 0.00023699907521103542 133659
1760009246780 0.00023599101912292133 133669
1760009247162 0.00023495663278659356 133679
1760009247541 0.00023389616639267458 133689
1760009247919 0.00023280987643986122 133699
1760009248301 0.00023169802567288438 133709
1760009248689 0.0002305608830189579 133719
1760009249066 0.00022939872352273246 133729
1760009249456 0.00022821182827976937 133739
1760009249841 0.00022700048436855106 133749
1760009250218 0.0002257649847810445 133759
1760009250615 0.00022450562835183398 133769
1760009250999 0.00022322271968584136 133779
1760009251388 0.00022191656908464972 133789
1760009251766 0.00022058749247144997 133799
1760009252140 0.00021923581131462743 133809
1760009252513 0.0002178618525500069 133819
1760009252899 0.00021646594850177576 133829
1760009253277 0.00021504843680210343 133839
1760009253652 0.00021360966030947728 133849
1760009254053 0.0002121499670257741 133859
1760009254445 0.00021066971001208764 133869
1760009254849 0.00020916924730333275 133879
1760009255214 0.0002076489418216459 133889
1760009255576 0.00020610916128860414 133899
1760009255937 0.00020455027813628303 133909
1760009256336 0.000202972669417175 133919
1760009256718 0.00020137671671299065 133929
1760009257079 0.00019976280604236388 133939
1760009257443 0.00019813132776748453 133949
1760009257832 0.00019648267649968008 133959
1760009258205 0.00019481725100396941 133969
1760009258563 0.00019313545410261238 133979
1760009258927 0.00019143769257767767 133989
1760009259291 0.00018972437707265297 133999
1760009259662 0.00018799592199312144 134009
1760009260033 0.00018625274540652752 134019
1760009260397 0.00018449526894105802 134029
1760009260778 0.0001827239176836611 134039
1760009261157 0.00018093912007722924 134049
1760009261544 0.00017914130781696998 134059
1760009261922 0.00017733091574599058 134069
1760009262297 0.00017550838175012088 134079
1760009262662 0.00017367414665200038 134089
1760009263028 0.00017182865410445475 134099
1760009263420 0.00016997235048318832 134109
1760009263787 0.00016810568477881735 134119
1760009264158 0.0001662291084882711 134129
1760009264528 0.00016434307550558695 134139
1760009264895 0.00016244804201212527 134149
1760009265270 0.0001605444663662312 134159
1760009265630 0.0001586328089923702 134169
1760009265992 0.0001567135322697632 134179
1760009266357 0.00015478710042054962 134189
1760009266719 0.00015285397939750425 134199
1760009267074 0.00015091463677133562 134209
1760009267437 0.00014896954161759302 134219
1760009267797 0.00014701916440320968 134229
1760009268160 0.00014506397687270918 134239
1760009268520 0.0001431044519341029 134249
1760009268887 0.0001411410635445064 134259
1760009269247 0.00013917428659550145 134269
1760009269625 0.00013720459679827246 134279
1760009269984 0.00013523247056854466 134289
1760009270333 0.0001332583849113516 134299
1760009270679 0.00013128281730566052 134309
1760009271026 0.00012930624558888244 134319
1760009271374 0.0001273291478412965 134329
1760009271733 0.00012535200227041458 134339
1760009272100 0.00012337528709531579 134349
1760009272447 0.00012139948043097785 134359
1760009272794 0.00011942506017263393 134369
1760009273163 0.0001174525038801823 134379
1760009273524 0.00011548228866267737 134389
1760009273883 0.00011351489106292947 134399
1760009274242 0.00011155078694224206 134409
1760009274605 0.00010959045136531329 134419
1760009274967 0.00010763435848533057 134429
1760009275340 0.00010568298142928534 134439
1760009275712 0.0001037367921835364 134449
1760009276083 0.00010179626147964876 134459
1760009276454 9.986185868053622e-05 134469
1760009276810 9.793405166693496e-05 134479
1760009277155 9.601330672423553e-05 134489
1760009277502 9.41000884297009e-05 134499
1760009277851 9.219485954009735e-05 134509
1760009278198 9.029808087976601e-05 134519
1760009278544 8.841021122916173e-05 134529
1760009278895 8.65317072138861e-05 134539
1760009279243 8.466302319424194e-05 134549
1760009279589 8.280461115533554e-05 134559
1760009279941 8.095692059775343e-05 134569
1760009280296 7.912039842884026e-05 134579
1760009280662 7.729548885460348e-05 134589
1760009281018 7.548263327227202e-05 134599
1760009281380 7.368227016353373e-05 134609
1760009281728 7.189483498847849e-05 134619
1760009282087 7.012076008027185e-05 134629
1760009282445 6.836047454058496e-05 134639
1760009282801 6.661440413580678e-05 134649
1760009283158 6.48829711940617e-05 134659
1760009283536 6.316659450306044e-05 134669
1760009283899 6.146568920880555e-05 134679
1760009284268 5.9780666715179274e-05 134689
1760009284631 5.811193458443549e-05 134699
1760009284990 5.645989643862142e-05 134709
1760009285353 5.4824951861951824e-05 134719
1760009285715 5.3207496304160794e-05 134729
1760009286082 5.16079209848522e-05 134739
1760009286450 5.002661279887462e-05 134749
1760009286797 4.846395422274151e-05 134759
1760009287144 4.692032322212014e-05 134769
1760009287491 4.539609316041218e-05 134779
1760009287837 4.389163270844638e-05 134789
1760009288192 4.240730575530739e-05 134799
1760009288544 4.0943471320320375e-05 134809
1760009288895 3.9500483466213865e-05 134819
1760009289257 3.807869121348116e-05 134829
1760009289622 3.6678438455962045e-05 134839
1760009289994 3.5300063877663295e-05 134849
1760009290341 3.3943900870840535e-05 134859
1760009290629 3.2610277455359314e-05 134869
1760009290943 3.129951619935561e-05 134879
1760009291340 3.0011934141215655e-05 134889
1760009291716 2.8747842712892105e-05 134899
1760009292084 2.750754766457746e-05 134909
1760009292447 2.6291348990750882e-05 134919
1760009292815 2.5099540857617663e-05 134929
1760009293236 2.3932411531957987e-05 134939
1760009293620 2.279024331140328e-05 134949
1760009293978 2.1673312456155317e-05 134959
1760009294377 2.058188912216669e-05 134969
1760009294746 1.9516237295797043e-05 134979
1760009295119 1.8476614729961685e-05 134989
1760009295497 1.7463272881788314e-05 134999
1760009295920 1.6476456851795773e-05 135009
1760009296290 1.5516405324611092e-05 135019
1760009296688 1.4583350511237852e-05 135029
1760009297089 1.3677518092890514e-05 135039
1760009297467 1.2799127166408113e-05 135049
1760009297842 1.1948390191260627e-05 135059
1760009298265 1.1125512938160479e-05 135069
1760009298646 1.0330694439292264e-05 135079
1760009299022 9.56412694017207e-06 135089
1760009299390 8.82599585314827e-06 135099
1760009299771 8.116479712555423e-06 135109
1760009300137 7.435750131531316e-06 135119
1760009300500 6.7839717605084474e-06 135129
1760009300864 6.161302247389443e-06 135139
1760009301226 5.567892199416111e-06 135149
1760009301585 5.0038851467416635e-06 135159
1760009301935 4.469417507714517e-06 135169
1760009302282 3.964618555882264e-06 135179
1760009302628 3.4896103887239828e-06 135189
1760009302980 3.0445078981179293e-06 135199
1760009303337 2.6294187425523178e-06 135209
1760009303694 2.2444433210856316e-06 135219
1760009304048 1.889674749062617e-06 135229
1760009304403 1.5651988355923047e-06 135239
1760009304752 1.271094062792935e-06 135249
1760009305103 1.0074315668093406e-06 135259
1760009305452 7.742751206068736e-07 135269
1760009305804 5.716811185464824e-07 135279
1760009306163 3.996985627444224e-07 135289
1760009306514 2.5836905121990696e-07 135299
1760009306864 1.4772676783369764e-07 135309
1760009307215 6.779847401983199e-08 135319
1760009307565 1.8603502312904227e-08 135329
1760009307919 1.5375167188602208e-10 135339
1760009308291 0.00025425040140610126 135349
1760009308648 0.00025420735476462724 135359
1760009309001 0.0002541335718264505 135369
1760009309353 0.000254029070437707 135379
1760009309704 0.00025389387587451126 135389
1760009310055 0.00025372802083684266 135399
1760009310408 0.00025353154544063643 135409
1760009310763 0.00025330449720808025 135419
1760009311119 0.00025304693105612016 135429
1760009311494 0.0002527589092831776 135439
1760009311857 0.000252440501554081 135449
1760009312226 0.00025209178488321595 135459
1760009312598 0.0002517128436158968 135469
1760009312980 0.00025130376940796657 135479
1760009313347 0.00025086466120362744 135489
1760009313704 0.00025039562521150875 135499
1760009314059 0.0002498967748789779 135509
1760009314416 0.00024936823086470087 135519
1760009314770 0.0002488101210094574 135529
1760009315142 0.0002482225803052203 135539
1760009315501 0.0002476057508625042 135549
1760009315849 0.0002469597818759927 135559
1760009316201 0.00024628482958845245 135569
1760009316555 0.0002455810572529418 135579
1760009316908 0.0002448486350933245 135589
1760009317262 0.00024408774026309687 135599
1760009317625 0.0002432985568025392 135609
1760009317988 0.0002424812755942012 135619
1760009318348 0.00024163609431673266 135629
1760009318705 0.0002407632173970701 135639
1760009319063 0.00023986285596099146 135649
1760009319428 0.0002389352277820503 135659
1760009319822 0.00023798055722890204 135669
1760009320221 0.00023699907521103542 135679
1760009320601 0.00023599101912292133 135689
1760009320975 0.00023495663278659356 135699
1760009321362 0.00023389616639267458 135709
1760009321739 0.00023280987643986122 135719
1760009322105 0.00023169802567288438 135729
1760009322477 0.0002305608830189579 135739
1760009322854 0.00022939872352273246 135749
1760009323230 0.00022821182827976937 135759
1760009323616 0.00022700048436855106 135769
1760009323985 0.0002257649847810445 135779
1760009324357 0.00022450562835183398 135789
1760009324731 0.00022322271968584136 135799
1760009325105 0.00022191656908464972 135809
1760009325484 0.00022058749247144997 135819
1760009325859 0.00021923581131462743 135829
1760009326236 0.0002178618525500069 135839
1760009326607 0.00021646594850177576 135849
1760009326982 0.00021504843680210343 135859
1760009327360 0.00021360966030947728 135869
1760009327783 0.0002121499670257741 135879
1760009328155 0.00021066971001208764 135889
1760009328501 0.00020916924730333275 135899
1760009328845 0.0002076489418216459 135909
1760009329191 0.00020610916128860414 135919
1760009329534 0.00020455027813628303 135929
1760009329882 0.000202972669417175 135939
1760009330233 0.00020137671671299065 135949
1760009330589 0.00019976280604236388 135959
1760009330939 0.00019813132776748453 135969
1760009331293 0.00019648267649968008 135979
1760009331643 0.00019481725100396941 135989
1760009331997 0.00019313545410261238 135999
1760009332353 0.00019143769257767767 136009
1760009332713 0.00018972437707265297 136019
1760009333064 0.00018799592199312144 136029
1760009333427 0.00018625274540652752 136039
1760009333788 0.00018449526894105802 136049
1760009334145 0.0001827239176836611 136059
1760009334512 0.00018093912007722924 136069
1760009334874 0.00017914130781696998 136079
1760009335235 0.00017733091574599058 136089
1760009335598 0.00017550838175012088 136099
1760009335950 0.00017367414665200038 136109
1760009336296 0.00017182865410445475 136119
1760009336663 0.00016997235048318832 136129
1760009337016 0.00016810568477881735 136139
1760009337377 0.0001662291084882711 136149
1760009337733 0.00016434307550558695 136159
1760009338100 0.00016244804201212527 136169
1760009338474 0.0001605444663662312 136179
1760009338836 0.0001586328089923702 136189
1760009339198 0.0001567135322697632 136199
1760009339562 0.00015478710042054962 136209
1760009339948 0.00015285397939750425 136219
1760009340321 0.00015091463677133562 136229
1760009340690 0.00014896954161759302 136239
1760009341066 0.00014701916440320968 136249
1760009341435 0.00014506397687270918 136259
1760009341803 0.0001431044519341029 136269
1760009342175 0.0001411410635445064 136279
1760009342548 0.00013917428659550145 136289
1760009342920 0.00013720459679827246 136299
1760009343292 0.00013523247056854466 136309
1760009343663 0.0001332583849113516 136319
1760009344035 0.00013128281730566052 136329
1760009344416 0.00012930624558888244 136339
1760009344785 0.0001273291478412965 136349
1760009345146 0.00012535200227041458 136359
1760009345520 0.00012337528709531579 136369
1760009345893 0.00012139948043097785 136379
1760009346291 0.00011942506017263393 136389
1760009346663 0.0001174525038801823 136399
1760009347037 0.00011548228866267737 136409
1760009347411 0.00011351489106292947 136419
1760009347783 0.00011155078694224206 136429
1760009348155 0.00010959045136531329 136439
1760009348533 0.00010763435848533057 136449
1760009348901 0.00010568298142928534 136459
1760009349268 0.0001037367921835364 136469
1760009349633 0.00010179626147964876 136479
1760009349998 9.986185868053622e-05 136489
1760009350370 9.793405166693496e-05 136499
1760009350735 9.601330672423553e-05 136509
1760009351100 9.41000884297009e-05 136519
1760009351471 9.219485954009735e-05 136529
1760009351836 9.029808087976601e-05 136539
1760009352203 8.841021122916173e-05 136549
1760009352575 8.65317072138861e-05 136559
1760009352944 8.466302319424194e-05 136569
1760009353324 8.280461115533554e-05 136579
1760009353695 8.095692059775343e-05 136589
1760009354066 7.912039842884026e-05 136599
1760009354444 7.729548885460348e-05 136609
1760009354817 7.548263327227202e-05 136619
1760009355187 7.368227016353373e-05 136629
1760009355558 7.189483498847849e-05 136639
1760009355931 7.012076008027185e-05 136649
1760009356305 6.836047454058496e-05 136659
1760009356677 6.661440413580678e-05 136669
1760009357048 6.48829711940617e-05 136679
1760009357424 6.316659450306044e-05 136689
1760009357801 6.146568920880555e-05 136699
1760009358180 5.9780666715179274e-05 136709
1760009358559 5.811193458443549e-05 136719
1760009358943 5.645989643862142e-05 136729
1760009359314 5.4824951861951824e-05 136739
1760009359683 5.3207496304160794e-05 136749
1760009360031 5.16079209848522e-05 136759
1760009360374 5.002661279887462e-05 136769
1760009360728 4.846395422274151e-05 136779
1760009361078 4.692032322212014e-05 136789
1760009361454 4.539609316041218e-05 136799
1760009361815 4.389163270844638e-05 136809
1760009362189 4.240730575530739e-05 136819
1760009362576 4.0943471320320375e-05 136829
1760009362948 3.9500483466213865e-05 136839
1760009363344 3.807869121348116e-05 136849
1760009363714 3.6678438455962045e-05 136859
1760009364104 3.5300063877663295e-05 136869
1760009364476 3.3943900870840535e-05 136879
1760009364834 3.2610277455359314e-05 136889
1760009365201 3.129951619935561e-05 136899
1760009365571 3.0011934141215655e-05 136909
1760009365940 2.8747842712892105e-05 136919
1760009366312 2.750754766457746e-05 136929
1760009366680 2.6291348990750882e-05 136939
1760009367048 2.5099540857617663e-05 136949
1760009367427 2.3932411531957987e-05 136959
1760009367795 2.279024331140328e-05 136969
1760009368167 2.1673312456155317e-05 136979
1760009368548 2.058188912216669e-05 136989
1760009368916 1.9516237295797043e-05 136999
1760009369293 1.8476614729961685e-05 137009
1760009369671 1.7463272881788314e-05 137019
1760009370048 1.6476456851795773e-05 137029
1760009370425 1.5516405324611092e-05 137039
1760009370804 1.4583350511237852e-05 137049
1760009371182 1.3677518092890514e-05 137059
1760009371562 1.2799127166408113e-05 137069
1760009371940 1.1948390191260627e-05 137079
1760009372316 1.1125512938160479e-05 137089
1760009372693 1.0330694439292264e-05 137099
1760009373073 9.56412694017207e-06 137109
1760009373452 8.82599585314827e-06 137119
1760009373832 8.116479712555423e-06 137129
1760009374213 7.435750131531316e-06 137139
1760009374590 6.7839717605084474e-06 137149
1760009374969 6.161302247389443e-06 137159
1760009375353 5.567892199416111e-06 137169
1760009375749 5.0038851467416635e-06 137179
1760009376124 4.469417507714517e-06 137189
1760009377005 3.964618555882264e-06 137199
1760009377379 3.4896103887239828e-06 137209
1760009377748 3.0445078981179293e-06 137219
1760009378121 2.6294187425523178e-06 137229
1760009378496 2.2444433210856316e-06 137239
1760009378872 1.889674749062617e-06 137249
1760009379243 1.5651988355923047e-06 137259
1760009379612 1.271094062792935e-06 137269
1760009379983 1.0074315668093406e-06 137279
1760009380355 7.742751206068736e-07 137289
1760009380726 5.716811185464824e-07 137299
1760009381094 3.996985627444224e-07 137309
1760009381472 2.5836905121990696e-07 137319
1760009396936 1.4698813399452915e-07 137329
1760009397305 6.745948164973283e-08 137339
1760009397678 1.8510484801339702e-08 137349
1760009398067 1.5298291352659196e-10 137359
1760009398447 0.0002529791493990707 137369
1760009398814 0.0002529363179908041 137379
1760009399199 0.00025286290396731823 137389
1760009399575 0.00025275892508551845 137399
1760009399955 0.00025262440649513867 137409
1760009400319 0.0002524593807326584 137419
1760009400688 0.0002522638877134332 137429
1760009401057 0.00025203797472203983 137439
1760009401430 0.0002517816964008395 137449
1760009401804 0.0002514951147367617 137459
1760009402209 0.0002511782990463106 137469
1760009402599 0.00025083132595879985 137479
1760009403005 0.00025045427939781727 137489
1760009403408 0.0002500472505609267 137499
1760009403808 0.0002496103378976093 137509
1760009404207 0.00024914364708545115 137519
1760009404596 0.000248647291004583 137529
1760009404989 0.0002481213897103773 137539
1760009405367 0.00024756607040441007 137549
1760009405745 0.0002469814674036942 137559
1760009406111 0.00024636772210819165 137569
1760009406482 0.00024572498296661274 137579
1760009406854 0.00024505340544051017 137589
1760009407224 0.0002443531519666771 137599
1760009407583 0.00024362439191785785 137609
1760009407941 0.00024286730156178134 137619
1760009408340 0.00024208206401852647 137629
1760009408711 0.00024126886921623016 137639
1760009409073 0.00024042791384514897 137649
1760009409443 0.00023955940131008475 137659
1760009409806 0.00023866354168118647 137669
1760009410175 0.00023774055164314 137679
1760009410548 0.0002367906544427575 137689
1760009410906 0.00023581407983498022 137699
1760009411255 0.0002348110640273067 137709
1760009411606 0.00023378184962266055 137719
1760009411958 0.00023272668556071117 137729
1760009412310 0.0002316458270576619 137739
1760009412667 0.00023053953554451993 137749
1760009413024 0.0002294080786038631 137759
1760009413394 0.0002282517299051188 137769
1760009413759 0.0002270707691383705 137779
1760009414123 0.00022586548194670827 137789
1760009414496 0.00022463615985713923 137799
1760009414869 0.0002233831002100748 137809
1760009415236 0.00022210660608741213 137819
1760009415608 0.00022080698623922642 137829
1760009415993 0.0002194845550090927 137839
1760009416366 0.00021813963225805427 137849
1760009416727 0.00021677254328725685 137859
1760009417102 0.00021538361875926687 137869
1760009417463 0.0002139731946180929 137879
1760009417826 0.00021254161200792989 137889
1760009418188 0.0002110892171906452 137899
1760009418567 0.00020961636146202717 137909
1760009418937 0.00020812340106681604 137919
1760009419294 0.00020661069711253765 137929
1760009419660 0.00020507861548216112 137939
1760009420024 0.0002035275267456016 137949
1760009420386 0.0002019578060700891 137959
1760009420746 0.00020036983312942568 137969
1760009421114 0.00019876399201215202 137979
1760009421468 0.0001971406711286471 137989
1760009421827 0.00019550026311718164 137999
1760009422176 0.00019384316474894956 138009
1760009422532 0.0001921697768320993 138019
1760009422895 0.00019048050411478925 138029
1760009423264 0.00018877575518728968 138039
1760009423623 0.00018705594238315582 138049
1760009423983 0.00018532148167949486 138059
1760009424350 0.0001835727925963527 138069
1760009424712 0.0001818102980952428 138079
1760009425071 0.00018003442447684308 138089
1760009425428 0.0001782456012778851 138099
1760009425792 0.0001764442611672606 138109
1760009426159 0.00017463083984137028 138119
1760009426523 0.00017280577591874036 138129
1760009426884 0.00017096951083393246 138139
1760009427236 0.00016912248873077236 138149
1760009427588 0.00016726515635492325 138159
1760009427949 0.00016539796294582973 138169
1760009428306 0.00016352136012805901 138179
1760009428665 0.0001616358018020646 138189
1760009429028 0.00015974174403440004 138199
1760009429386 0.00015783964494740836 138209
1760009429739 0.00015592996460841438 138219
1760009430095 0.00015401316491844684 138229
1760009430459 0.00015208970950051671 138239
1760009430813 0.0001501600635874789 138249
1760009431177 0.00014822469390950502 138259
1760009431536 0.00014628406858119362 138269
1760009431893 0.00014433865698834563 138279
1760009432266 0.00014238892967443237 138289
1760009432636 0.00014043535822678383 138299
1760009433007 0.00013847841516252392 138309
1760009433380 0.00013651857381428108 138319
1760009433757 0.0001345563082157019 138329
1760009434129 0.00013259209298679484 138339
1760009434509 0.0001306264032191322 138349
1760009434894 0.00012865971436093801 138359
1760009435270 0.00012669250210209 138369
1760009435663 0.0001247252422590625 138379
1760009436022 0.0001227584106598392 138389
1760009436392 0.00012079248302882294 138399
1760009436767 0.00011882793487177076 138409
1760009437128 0.00011686524136078138 138419
1760009437489 0.00011490487721936397 138429
1760009437850 0.00011294731660761481 138439
1760009438212 0.00011099303300753083 138449
1760009438582 0.00010904249910848671 138459
1760009438945 0.0001070961866929039 138469
1760009439310 0.0001051545665221389 138479
1760009439677 0.0001032181082226187 138489
1760009440042 0.00010128728017225052 138499
1760009440408 9.936254938713353e-05 138509
1760009440781 9.744438140860027e-05 138519
1760009441152 9.553324019061435e-05 138529
1760009441522 9.362958798755239e-05 138539
1760009441886 9.173388524239684e-05 138549
1760009442250 8.984659047536718e-05 138559
1760009442620 8.79681601730159e-05 138569
1760009442991 8.609904867781666e-05 138579
1760009443365 8.423970807827072e-05 138589
1760009443737 8.239058809955885e-05 138599
1760009444105 8.055213599476465e-05 138609
1760009444474 7.872479643669604e-05 138619
1760009444842 7.690901141033045e-05 138629
1760009445214 7.510522010591065e-05 138639
1760009445606 7.331385881271606e-05 138649
1760009445969 7.153536081353608e-05 138659
1760009446331 6.977015627987048e-05 138669
1760009446712 6.801867216788202e-05 138679
1760009447086 6.628133211512774e-05 138689
1760009447458 6.455855633809139e-05 138699
1760009447842 6.285076153054514e-05 138709
1760009448207 6.115836076276152e-05 138719
1760009448575 5.948176338160337e-05 138729
1760009448946 5.782137491151331e-05 138739
1760009449312 5.617759695642831e-05 138749
1760009449681 5.4550827102642063e-05 138759
1760009450048 5.2941458822639984e-05 138769
1760009450422 5.134988137992793e-05 138779
1760009450798 4.977647973488024e-05 138789
1760009451154 4.8221634451627795e-05 138799
1760009451523 4.6685721606009536e-05 138809
1760009451879 4.516911269461012e-05 138819
1760009452238 4.367217454490415e-05 138829
1760009452595 4.2195269226530845e-05 138839
1760009452955 4.0738753963718765e-05 138849
1760009453352 3.930298104888279e-05 138859
1760009453762 3.788829775741376e-05 138869
1760009454132 3.649504626368223e-05 138879
1760009454514 3.512356355827497e-05 138889
1760009454885 3.377418136648633e-05 138899
1760009455266 3.244722606808252e-05 138909
1760009455652 3.114301861835883e-05 138919
1760009456035 2.9861874470509572e-05 138929
1760009456411 2.860410349932764e-05 138939
1760009456804 2.737000992625457e-05 138949
1760009457185 2.6159892245797125e-05 138959
1760009457544 2.497404315332957e-05 138969
1760009457905 2.3812749474298197e-05 138979
1760009458275 2.267629209484626e-05 138989
1760009458637 2.1564945893874537e-05 138999
1760009459005 2.0478979676555858e-05 139009
1760009459376 1.9418656109318056e-05 139019
1760009459751 1.8384231656311876e-05 139029
1760009460122 1.737595651737937e-05 139039
1760009460500 1.6394074567536793e-05 139049
1760009460877 1.5438823297988036e-05 139059
1760009461231 1.451043375868166e-05 139069
1760009461580 1.3609130502426058e-05 139079
1760009461924 1.2735131530576072e-05 139089
1760009462271 1.1888648240304322e-05 139099
1760009462620 1.1069885373469675e-05 139109
1760009462991 1.02790409670958e-05 139119
1760009463344 9.51630630547121e-06 139129
1760009463716 8.781865873882529e-06 139139
1760009464091 8.075897313992645e-06 139149
1760009464466 7.398571380873659e-06 139159
1760009464849 6.7500519017059044e-06 139169
1760009465229 6.130495736152495e-06 139179
1760009465608 5.54005273841903e-06 139189
1760009465987 4.978865721007955e-06 139199
1760009466355 4.447070420175944e-06 139209
1760009466730 3.944795463102853e-06 139219
1760009467107 3.4721623367803623e-06 139229
1760009467476 3.0292853586273393e-06 139239
1760009467861 2.6162716488395557e-06 139249
1760009468224 2.2332211044802033e-06 139259
1760009468589 1.8802263753173037e-06 139269
1760009468963 1.557372841414343e-06 139279
1760009469334 1.26473859247897e-06 139289
1760009469707 1.002394408975294e-06 139299
1760009470098 7.704037450038391e-07 139309
1760009470453 5.6882271295375e-07 139319
1760009470822 3.977000699307002e-07 139329
1760009471193 2.570772059638074e-07 139339
1760009471580 1.4698813399452915e-07 139349
1760009471958 6.745948164973283e-08 139359
1760009472346 1.8510484801339702e-08 139369
1760009472765 1.5298291352659196e-10 139379
1760009473173 0.0002529791493990707 139389
1760009473564 0.0002529363179908041 139399
1760009473961 0.00025286290396731823 139409
1760009474352 0.00025275892508551845 139419
1760009474741 0.00025262440649513867 139429
1760009475123 0.0002524593807326584 139439
1760009475520 0.0002522638877134332 139449
1760009475919 0.00025203797472203983 139459
1760009476296 0.0002517816964008395 139469
1760009476707 0.0002514951147367617 139479
1760009477122 0.0002511782990463106 139489
1760009477538 0.00025083132595879985 139499
1760009477900 0.00025045427939781727 139509
1760009478285 0.0002500472505609267 139519
1760009478650 0.0002496103378976093 139529
1760009479037 0.00024914364708545115 139539
1760009479406 0.000248647291004583 139549
1760009479766 0.0002481213897103773 139559
1760009480126 0.00024756607040441007 139569
1760009480496 0.0002469814674036942 139579
1760009480868 0.00024636772210819165 139589
1760009481226 0.00024572498296661274 139599
1760009481586 0.00024505340544051017 139609
1760009481952 0.0002443531519666771 139619
1760009482317 0.00024362439191785785 139629
1760009482692 0.00024286730156178134 139639
1760009483074 0.00024208206401852647 139649
1760009483443 0.00024126886921623016 139659
1760009483816 0.00024042791384514897 139669
1760009484187 0.00023955940131008475 139679
1760009484558 0.00023866354168118647 139689
1760009484951 0.00023774055164314 139699
1760009485515 0.0002367906544427575 139709
1760009485946 0.00023581407983498022 139719
1760009486316 0.0002348110640273067 139729
1760009486686 0.00023378184962266055 139739
1760009487059 0.00023272668556071117 139749
1760009487430 0.0002316458270576619 139759
1760009487802 0.00023053953554451993 139769
1760009488174 0.0002294080786038631 139779
1760009488554 0.0002282517299051188 139789
1760009488927 0.0002270707691383705 139799
1760009489298 0.00022586548194670827 139809
1760009489676 0.00022463615985713923 139819
1760009490063 0.0002233831002100748 139829
1760009490421 0.00022210660608741213 139839
1760009490785 0.00022080698623922642 139849
1760009491164 0.0002194845550090927 139859
1760009491538 0.00021813963225805427 139869
1760009491914 0.00021677254328725685 139879
1760009492288 0.00021538361875926687 139889
1760009492664 0.0002139731946180929 139899
1760009493041 0.00021254161200792989 139909
1760009493422 0.0002110892171906452 139919
1760009493802 0.00020961636146202717 139929
1760009494192 0.00020812340106681604 139939
1760009494580 0.00020661069711253765 139949
1760009494952 0.00020507861548216112 139959
1760009495328 0.0002035275267456016 139969
1760009495720 0.0002019578060700891 139979
1760009496107 0.00020036983312942568 139989
1760009496491 0.00019876399201215202 139999
1760009496895 0.0001971406711286471 140009
1760009497275 0.00019550026311718164 140019
1760009497660 0.00019384316474894956 140029
1760009498043 0.0001921697768320993 140039
1760009498444 0.00019048050411478925 140049
1760009498842 0.00018877575518728968 140059
1760009499231 0.00018705594238315582 140069
1760009499615 0.00018532148167949486 140079
1760009500007 0.0001835727925963527 140089
1760009500396 0.0001818102980952428 140099
1760009500791 0.00018003442447684308 140109
1760009501163 0.0001782456012778851 140119
1760009501528 0.0001764442611672606 140129
1760009501918 0.00017463083984137028 140139
1760009502303 0.00017280577591874036 140149
1760009502712 0.00017096951083393246 140159
1760009503105 0.00016912248873077236 140169
1760009503489 0.00016726515635492325 140179
1760009503875 0.00016539796294582973 140189
1760009504248 0.00016352136012805901 140199
1760009504660 0.0001616358018020646 140209
1760009505047 0.00015974174403440004 140219
1760009505416 0.00015783964494740836 140229
1760009505774 0.00015592996460841438 140239
1760009506138 0.00015401316491844684 140249
1760009506522 0.00015208970950051671 140259
1760009506885 0.0001501600635874789 140269
1760009507243 0.00014822469390950502 140279
1760009507601 0.00014628406858119362 140289
1760009507965 0.00014433865698834563 140299
1760009508331 0.00014238892967443237 140309
1760009508697 0.00014043535822678383 140319
1760009509061 0.00013847841516252392 140329
1760009509431 0.00013651857381428108 140339
1760009509813 0.0001345563082157019 140349
1760009510182 0.00013259209298679484 140359
1760009510552 0.0001306264032191322 140369
1760009510910 0.00012865971436093801 140379
1760009511279 0.00012669250210209 140389
1760009511658 0.0001247252422590625 140399
1760009512033 0.0001227584106598392 140409
1760009512399 0.00012079248302882294 140419
1760009512776 0.00011882793487177076 140429
1760009513159 0.00011686524136078138 140439
1760009513537 0.00011490487721936397 140449
1760009513921 0.00011294731660761481 140459
1760009514298 0.00011099303300753083 140469
1760009514678 0.00010904249910848671 140479
1760009515067 0.0001070961866929039 140489
1760009515450 0.0001051545665221389 140499
1760009515827 0.0001032181082226187 140509
1760009516205 0.00010128728017225052 140519
1760009516589 9.936254938713353e-05 140529
1760009516970 9.744438140860027e-05 140539
1760009517342 9.553324019061435e-05 140549
1760009517709 9.362958798755239e-05 140559
1760009518076 9.173388524239684e-05 140569
1760009518442 8.984659047536718e-05 140579
1760009518809 8.79681601730159e-05 140589
1760009519178 8.609904867781666e-05 140599
1760009519548 8.423970807827072e-05 140609
1760009519919 8.239058809955885e-05 140619
1760009520288 8.055213599476465e-05 140629
1760009520657 7.872479643669604e-05 140639
1760009521029 7.690901141033045e-05 140649
1760009521399 7.510522010591065e-05 140659
1760009521781 7.331385881271606e-05 140669
1760009522152 7.153536081353608e-05 140679
1760009522533 6.977015627987048e-05 140689
1760009522909 6.801867216788202e-05 140699
1760009523271 6.628133211512774e-05 140709
1760009523641 6.455855633809139e-05 140719
1760009524010 6.285076153054514e-05 140729
1760009524378 6.115836076276152e-05 140739
1760009524749 5.948176338160337e-05 140749
1760009525129 5.782137491151331e-05 140759
1760009525510 5.617759695642831e-05 140769
1760009525901 5.4550827102642063e-05 140779
1760009526281 5.2941458822639984e-05 140789
1760009526661 5.134988137992793e-05 140799
1760009527036 4.977647973488024e-05 140809
1760009527412 4.8221634451627795e-05 140819
1760009527796 4.6685721606009536e-05 140829
1760009528191 4.516911269461012e-05 140839
1760009528576 4.367217454490415e-05 140849
1760009528966 4.2195269226530845e-05 140859
1760009529364 4.0738753963718765e-05 140869
1760009529836 3.930298104888279e-05 140879
1760009530266 3.788829775741376e-05 140889
1760009530654 3.649504626368223e-05 140899
1760009531080 3.512356355827497e-05 140909
1760009531528 3.377418136648633e-05 140919
1760009531949 3.244722606808252e-05 140929
1760009532363 3.114301861835883e-05 140939
1760009532773 2.9861874470509572e-05 140949
1760009533176 2.860410349932764e-05 140959
1760009533565 2.737000992625457e-05 140969
1760009533966 2.6159892245797125e-05 140979
1760009534334 2.497404315332957e-05 140989
1760009534713 2.3812749474298197e-05 140999
1760009535095 2.267629209484626e-05 141009
1760009535491 2.1564945893874537e-05 141019
1760009535926 2.0478979676555858e-05 141029
1760009536320 1.9418656109318056e-05 141039
1760009536709 1.8384231656311876e-05 141049
1760009537106 1.737595651737937e-05 141059
1760009537499 1.6394074567536793e-05 141069
1760009537913 1.5438823297988036e-05 141079
1760009538342 1.451043375868166e-05 141089
1760009538769 1.3609130502426058e-05 141099
1760009539201 1.2735131530576072e-05 141109
1760009539617 1.1888648240304322e-05 141119
1760009540027 1.1069885373469675e-05 141129
1760009540439 1.02790409670958e-05 141139
1760009540832 9.51630630547121e-06 141149
1760009541216 8.781865873882529e-06 141159
1760009541581 8.075897313992645e-06 141169
1760009541973 7.398571380873659e-06 141179
1760009542340 6.7500519017059044e-06 141189
1760009542704 6.130495736152495e-06 141199
1760009543067 5.54005273841903e-06 141209
1760009543420 4.978865721007955e-06 141219
1760009543774 4.447070420175944e-06 141229
1760009544624 3.944795463102853e-06 141239
1760009545009 3.4721623367803623e-06 141249
1760009545387 3.0292853586273393e-06 141259
1760009545743 2.6162716488395557e-06 141269
1760009546089 2.2332211044802033e-06 141279
1760009546435 1.8802263753173037e-06 141289
1760009546780 1.557372841414343e-06 141299
1760009547127 1.26473859247897e-06 141309
1760009547479 1.002394408975294e-06 141319
1760009547835 7.704037450038391e-07 141329
1760009548195 5.6882271295375e-07 141339
1760009548553 3.977000699307002e-07 141349
1760009548908 2.570772059638074e-07 141359
1760009563228 1.462531933245565e-07 141369
1760009563551 6.712218424148416e-08 141379
1760009563920 1.8417932377333006e-08 141389
1760009564288 1.52217998958959e-10 141399
1760009564654 0.00025171425365207536 141409
1760009565070 0.00025167163640085006 141419
1760009565481 0.0002515985894474816 141429
1760009565837 0.0002514951304600908 141439
1760009566201 0.000251361284462663 141449
1760009566571 0.0002511970838289951 141459
1760009566925 0.00025100256827486603 141469
1760009567286 0.0002507777848484296 141479
1760009567665 0.0002505227879188353 141489
1760009568046 0.0002502376391630779 141499
1760009568425 0.00024992240755107906 141509
1760009568830 0.0002495771693290058 141519
1760009569236 0.00024920200800082815 141529
1760009569635 0.00024879701430812205 141539
1760009570048 0.00024836228620812124 141549
1760009570497 0.0002478979288500239 141559
1760009570912 0.00024740405454956013 141569
1760009571354 0.00024688078276182546 141579
1760009571793 0.00024632824005238805 141589
1760009572263 0.00024574656006667574 141599
1760009572737 0.0002451358834976507 141609
1760009573180 0.00024449635805177966 141619
1760009573598 0.00024382813841330761 141629
1760009574035 0.0002431313862068437 141639
1760009574467 0.00024240626995826854 141649
1760009574872 0.00024165296505397244 141659
1760009575283 0.00024087165369843382 141669
1760009575708 0.000240062524870149 141679
1760009576130 0.00023922577427592322 141689
1760009576564 0.0002383616043035343 141699
1760009576983 0.00023747022397278052 141709
1760009577417 0.0002365518488849243 141719
1760009577830 0.00023560670117054369 141729
1760009578247 0.00023463500943580532 141739
1760009578685 0.00023363700870717016 141749
1760009579102 0.00023261294037454724 141759
1760009579530 0.00023156305213290762 141769
1760009579940 0.0002304875979223736 141779
1760009580403 0.00022938683786679733 141789
1760009580848 0.00022826103821084378 141799
1760009581313 0.00022711047125559318 141809
1760009581778 0.00022593541529267863 141819
1760009582277 0.00022473615453697473 141829
1760009582754 0.00022351297905785352 141839
1760009583214 0.0002222661847090244 141849
1760009583640 0.00022099607305697504 141859
1760009584059 0.0002197029513080303 141869
1760009584529 0.00021838713223404723 141879
1760009584903 0.00021704893409676398 141889
1760009585353 0.00021568868057082055 141899
1760009585793 0.0002143067006654705 141909
1760009586195 0.0002129033286450024 141919
1760009586628 0.00021147890394789022 141929
1760009587066 0.00021003377110469197 141939
1760009587471 0.00020856827965471704 141949
1760009587906 0.00020708278406148195 141959
1760009588300 0.00020557764362697496 141969
1760009588688 0.0002040532224047503 141979
1760009589067 0.00020250988911187358 141989
1760009589440 0.00020094801703973865 141999
1760009589818 0.00019936798396377853 142009
1760009590185 0.00019777017205209127 142019
1760009590562 0.00019615496777300386 142029
1760009590929 0.00019452276180159574 142039
1760009591289 0.00019287394892520478 142049
1760009591666 0.0001912089279479388 142059
1760009592051 0.0001895281015942153 142069
1760009592445 0.00018783187641135322 142079
1760009592818 0.00018612066267124003 142089
1760009593188 0.00018439487427109738 142099
1760009593581 0.00018265492863337094 142109
1760009593948 0.00018090124660476658 142119
1760009594313 0.00017913425235445887 142129
1760009594679 0.00017735437327149567 142139
1760009595040 0.0001755620398614243 142149
1760009595428 0.0001737576856421634 142159
1760009595825 0.00017194174703914666 142169
1760009596210 0.00017011466327976278 142179
1760009596611 0.0001682768762871185 142189
1760009597011 0.00016642883057314863 142199
1760009597381 0.00016457097313110055 142209
1760009597750 0.00016270375332741872 142219
1760009598120 0.0001608276227930543 142229
1760009598489 0.00015894303531422804 142239
1760009598857 0.0001570504467226713 142249
1760009599228 0.00015515031478537228 142259
1760009599595 0.0001532430990938546 142269
1760009599961 0.00015132926095301412 142279
1760009600329 0.0001494092632695415 142289
1760009600705 0.0001474835704399575 142299
1760009601083 0.00014555264823828767 142309
1760009601451 0.0001436169637034039 142319
1760009601842 0.0001416769850260602 142329
1760009602233 0.0001397331814356499 142339
1760009602585 0.0001377860230867113 142349
1760009602935 0.00013583598094520967 142359
1760009603302 0.0001338835266746234 142369
1760009603671 0.00013192913252186087 142379
1760009604031 0.00012997327120303653 142389
1760009604383 0.00012801641578913332 142399
1760009604743 0.00012605903959157953 142409
1760009605115 0.00012410161604776718 142419
1760009605471 0.00012214461860654 142429
1760009605822 0.00012018852061367883 142439
1760009606183 0.0001182337951974119 142449
1760009606544 0.00011628091515397747 142459
1760009606899 0.00011433035283326714 142469
1760009607261 0.00011238258002457673 142479
1760009607632 0.00011043806784249318 142489
1760009608018 0.00010849728661294428 142499
1760009608409 0.00010656070575943938 142509
1760009608786 0.0001046287936895282 142519
1760009609174 0.00010270201768150561 142529
1760009609557 0.00010078084377138926 142539
1760009609939 9.886573664019785e-05 142549
1760009610309 9.695715950155727e-05 142559
1760009610680 9.505557398966128e-05 142569
1760009611050 9.316144004761462e-05 142579
1760009611416 9.127521581618485e-05 142589
1760009611782 8.939735752299034e-05 142599
1760009612158 8.752831937215083e-05 142609
1760009612518 8.566855343442758e-05 142619
1760009612873 8.381850953787935e-05 142629
1760009613239 8.197863515906105e-05 142639
1760009613609 8.014937531479082e-05 142649
1760009613981 7.833117245451256e-05 142659
1760009614391 7.652446635327879e-05 142669
1760009614765 7.472969400538109e-05 142679
1760009615130 7.294728951865248e-05 142689
1760009615493 7.117768400946841e-05 142699
1760009615853 6.942130549847112e-05 142709
1760009616224 6.767857880704262e-05 142719
1760009616601 6.594992545455209e-05 142729
1760009616968 6.423576355640092e-05 142739
1760009617331 6.25365077228924e-05 142749
1760009617701 6.0852568958947704e-05 142759
1760009618084 5.918435456469535e-05 142769
1760009618464 5.753226803695574e-05 142779
1760009618850 5.589670897164616e-05 142789
1760009619222 5.427807296712885e-05 142799
1760009619597 5.267675152852678e-05 142809
1760009619972 5.109313197302829e-05 142819
1760009620364 4.952759733620583e-05 142829
1760009620754 4.798052627936966e-05 142839
1760009621151 4.645229299797949e-05 142849
1760009621539 4.494326713113707e-05 142859
1760009621947 4.345381367217963e-05 142869
1760009622373 4.1984292880398194e-05 142879
1760009622792 4.053506019390017e-05 142889
1760009623224 3.910646614363837e-05 142899
1760009623649 3.7698856268626686e-05 142909
1760009624075 3.631257103236382e-05 142919
1760009624486 3.4947945740483596e-05 142929
1760009624911 3.3605310459653897e-05 142939
1760009625372 3.22849899377421e-05 142949
1760009625791 3.0987303525267034e-05 142959
1760009626225 2.9712565098157022e-05 142969
1760009626642 2.8461082981831002e-05 142979
1760009627065 2.7233159876623294e-05 142989
1760009627494 2.602909278456814e-05 142999
1760009627940 2.4849172937562923e-05 143009
1760009628346 2.3693685726926703e-05 143019
1760009628754 2.2562910634372025e-05 143029
1760009629193 2.1457121164405164e-05 143039
1760009629612 2.037658477817308e-05 143049
1760009630016 1.9321562828771463e-05 143059
1760009630418 1.8292310498030316e-05 143069
1760009630852 1.728907673479247e-05 143079
1760009631296 1.6312104194699105e-05 143089
1760009631708 1.5361629181498095e-05 143099
1760009632126 1.4437881589888252e-05 143109
1760009632532 1.3541084849913928e-05 143119
1760009632971 1.2671455872923191e-05 143129
1760009633414 1.1829204999102801e-05 143139
1760009633807 1.1014535946602326e-05 143149
1760009634189 1.0227645762260321e-05 143159
1760009634561 9.468724773943854e-06 143169
1760009634966 8.737956544513116e-06 143179
1760009635390 8.035517827422682e-06 143189
1760009635818 7.36157852396929e-06 143199
1760009636244 6.716301642197374e-06 143209
1760009636661 6.099843257471732e-06 143219
1760009637076 5.512352474726934e-06 143229
1760009637495 4.953971392402915e-06 143239
1760009637904 4.424835068075064e-06 143249
1760009638365 3.925071485787339e-06 143259
1760009638843 3.4548015250964604e-06 143269
1760009639209 3.0141389318342025e-06 143279
1760009639583 2.603190290595358e-06 143289
1760009640019 2.2220549989578023e-06 143299
1760009640423 1.870825243440717e-06 143309
1760009640831 1.5495859772072713e-06 143319
1760009641258 1.2584148995165752e-06 143329
1760009641716 9.973824369304174e-07 143339
1760009642112 7.665517262788199e-07 143349
1760009642530 5.659785993889812e-07 143359
1760009642972 3.957115695810467e-07 143369
1760009643385 2.5579181993398837e-07 143379
1760009643783 1.462531933245565e-07 143389
1760009644165 6.712218424148416e-08 143399
1760009644566 1.8417932377333006e-08 143409
1760009644943 1.52217998958959e-10 143419
1760009645377 0.00025171425365207536 143429
1760009645817 0.00025167163640085006 143439
1760009646280 0.0002515985894474816 143449
1760009646745 0.0002514951304600908 143459
1760009647263 0.000251361284462663 143469
1760009647722 0.0002511970838289951 143479
1760009648156 0.00025100256827486603 143489
1760009648609 0.0002507777848484296 143499
1760009649090 0.0002505227879188353 143509
1760009649541 0.0002502376391630779 143519
1760009649981 0.00024992240755107906 143529
1760009650407 0.0002495771693290058 143539
1760009650812 0.00024920200800082815 143549
1760009651249 0.00024879701430812205 143559
1760009651686 0.00024836228620812124 143569
1760009652128 0.0002478979288500239 143579
1760009652592 0.00024740405454956013 143589
1760009653061 0.00024688078276182546 143599
1760009653486 0.00024632824005238805 143609
1760009653943 0.00024574656006667574 143619
1760009654375 0.0002451358834976507 143629
1760009654802 0.00024449635805177966 143639
1760009655257 0.00024382813841330761 143649
1760009655672 0.0002431313862068437 143659
1760009656184 0.00024240626995826854 143669
1760009656621 0.00024165296505397244 143679
1760009657122 0.00024087165369843382 143689
1760009657547 0.000240062524870149 143699
1760009657992 0.00023922577427592322 143709
1760009658432 0.0002383616043035343 143719
1760009658853 0.00023747022397278052 143729
1760009659390 0.0002365518488849243 143739
1760009659929 0.00023560670117054369 143749
1760009660374 0.00023463500943580532 143759
1760009660848 0.00023363700870717016 143769
1760009661282 0.00023261294037454724 143779
1760009661724 0.00023156305213290762 143789
1760009662145 0.0002304875979223736 143799
1760009662603 0.00022938683786679733 143809
1760009663061 0.00022826103821084378 143819
1760009663467 0.00022711047125559318 143829
1760009663866 0.00022593541529267863 143839
1760009664228 0.00022473615453697473 143849
1760009664630 0.00022351297905785352 143859
1760009665020 0.0002222661847090244 143869
1760009665383 0.00022099607305697504 143879
1760009665758 0.0002197029513080303 143889
1760009666140 0.00021838713223404723 143899
1760009666506 0.00021704893409676398 143909
1760009666878 0.00021568868057082055 143919
1760009667243 0.0002143067006654705 143929
1760009667620 0.0002129033286450024 143939
1760009667992 0.00021147890394789022 143949
1760009668365 0.00021003377110469197 143959
1760009668765 0.00020856827965471704 143969
1760009669159 0.00020708278406148195 143979
1760009669530 0.00020557764362697496 143989
1760009669894 0.0002040532224047503 143999
1760009670254 0.00020250988911187358 144009
1760009670612 0.00020094801703973865 144019
1760009670972 0.00019936798396377853 144029
1760009671329 0.00019777017205209127 144039
1760009671690 0.00019615496777300386 144049
1760009672047 0.00019452276180159574 144059
1760009672402 0.00019287394892520478 144069
1760009672768 0.0001912089279479388 144079
1760009673138 0.0001895281015942153 144089
1760009673497 0.00018783187641135322 144099
1760009673860 0.00018612066267124003 144109
1760009674233 0.00018439487427109738 144119
1760009674608 0.00018265492863337094 144129
1760009674985 0.00018090124660476658 144139
1760009675355 0.00017913425235445887 144149
1760009675729 0.00017735437327149567 144159
1760009676101 0.0001755620398614243 144169
1760009676477 0.0001737576856421634 144179
1760009676849 0.00017194174703914666 144189
1760009677232 0.00017011466327976278 144199
1760009677611 0.0001682768762871185 144209
1760009677990 0.00016642883057314863 144219
1760009678365 0.00016457097313110055 144229
1760009678742 0.00016270375332741872 144239
1760009679097 0.0001608276227930543 144249
1760009679452 0.00015894303531422804 144259
1760009679812 0.0001570504467226713 144269
1760009680168 0.00015515031478537228 144279
1760009680518 0.0001532430990938546 144289
1760009680863 0.00015132926095301412 144299
1760009681207 0.0001494092632695415 144309
1760009681558 0.0001474835704399575 144319
1760009681910 0.00014555264823828767 144329
1760009682267 0.0001436169637034039 144339
1760009682616 0.0001416769850260602 144349
1760009682962 0.0001397331814356499 144359
1760009683317 0.0001377860230867113 144369
1760009683687 0.00013583598094520967 144379
1760009684095 0.0001338835266746234 144389
1760009684525 0.00013192913252186087 144399
1760009684926 0.00012997327120303653 144409
1760009685369 0.00012801641578913332 144419
1760009685776 0.00012605903959157953 144429
1760009686220 0.00012410161604776718 144439
1760009686593 0.00012214461860654 144449
1760009686996 0.00012018852061367883 144459
1760009687414 0.0001182337951974119 144469
1760009687868 0.00011628091515397747 144479
1760009688295 0.00011433035283326714 144489
1760009688720 0.00011238258002457673 144499
1760009689150 0.00011043806784249318 144509
1760009689578 0.00010849728661294428 144519
1760009689988 0.00010656070575943938 144529
1760009690387 0.0001046287936895282 144539
1760009690807 0.00010270201768150561 144549
1760009691209 0.00010078084377138926 144559
1760009691632 9.886573664019785e-05 144569
1760009692052 9.695715950155727e-05 144579
1760009692479 9.505557398966128e-05 144589
1760009692906 9.316144004761462e-05 144599
1760009693341 9.127521581618485e-05 144609
1760009693752 8.939735752299034e-05 144619
1760009694173 8.752831937215083e-05 144629
1760009694560 8.566855343442758e-05 144639
1760009694994 8.381850953787935e-05 144649
1760009695394 8.197863515906105e-05 144659
1760009695796 8.014937531479082e-05 144669
1760009696179 7.833117245451256e-05 144679
1760009696575 7.652446635327879e-05 144689
1760009696990 7.472969400538109e-05 144699
1760009697381 7.294728951865248e-05 144709
1760009697777 7.117768400946841e-05 144719
1760009698171 6.942130549847112e-05 144729
1760009698566 6.767857880704262e-05 144739
1760009698988 6.594992545455209e-05 144749
1760009699391 6.423576355640092e-05 144759
1760009699816 6.25365077228924e-05 144769
1760009700218 6.0852568958947704e-05 144779
1760009700628 5.918435456469535e-05 144789
1760009701027 5.753226803695574e-05 144799
1760009701418 5.589670897164616e-05 144809
1760009701866 5.427807296712885e-05 144819
1760009702358 5.267675152852678e-05 144829
1760009702777 5.109313197302829e-05 144839
1760009703273 4.952759733620583e-05 144849
1760009703736 4.798052627936966e-05 144859
1760009704209 4.645229299797949e-05 144869
1760009704625 4.494326713113707e-05 144879
1760009705045 4.345381367217963e-05 144889
1760009705484 4.1984292880398194e-05 144899
1760009705902 4.053506019390017e-05 144909
1760009706339 3.910646614363837e-05 144919
1760009706830 3.7698856268626686e-05 144929
1760009707264 3.631257103236382e-05 144939
1760009707722 3.4947945740483596e-05 144949
1760009708141 3.3605310459653897e-05 144959
1760009708586 3.22849899377421e-05 144969
1760009709064 3.0987303525267034e-05 144979
1760009709570 2.9712565098157022e-05 144989
1760009710005 2.8461082981831002e-05 144999
1760009710533 2.7233159876623294e-05 145009
1760009711076 2.602909278456814e-05 145019
1760009711512 2.4849172937562923e-05 145029
1760009711974 2.3693685726926703e-05 145039
1760009712413 2.2562910634372025e-05 145049
1760009712863 2.1457121164405164e-05 145059
1760009713324 2.037658477817308e-05 145069
1760009713782 1.9321562828771463e-05 145079
1760009714233 1.8292310498030316e-05 145089
1760009714674 1.728907673479247e-05 145099
1760009715105 1.6312104194699105e-05 145109
1760009715598 1.5361629181498095e-05 145119
1760009716075 1.4437881589888252e-05 145129
1760009716502 1.3541084849913928e-05 145139
1760009716928 1.2671455872923191e-05 145149
1760009717338 1.1829204999102801e-05 145159
1760009717766 1.1014535946602326e-05 145169
1760009718208 1.0227645762260321e-05 145179
1760009718636 9.468724773943854e-06 145189
1760009719063 8.737956544513116e-06 145199
1760009719490 8.035517827422682e-06 145209
1760009719965 7.36157852396929e-06 145219
1760009720386 6.716301642197374e-06 145229
1760009720812 6.099843257471732e-06 145239
1760009721252 5.512352474726934e-06 145249
1760009721737 4.953971392402915e-06 145259
1760009722131 4.424835068075064e-06 145269
1760009723041 3.925071485787339e-06 145279
1760009723489 3.4548015250964604e-06 145289
1760009723917 3.0141389318342025e-06 145299
1760009724370 2.603190290595358e-06 145309
1760009724800 2.2220549989578023e-06 145319
1760009725222 1.870825243440717e-06 145329
1760009725617 1.5495859772072713e-06 145339
1760009726058 1.2584148995165752e-06 145349
1760009726462 9.973824369304174e-07 145359
1760009726897 7.665517262788199e-07 145369
1760009727301 5.659785993889812e-07 145379
1760009727677 3.957115695810467e-07 145389
1760009728056 2.5579181993398837e-07 145399
1760009743690 1.455219273579337e-07 145409
1760009744056 6.678657332027674e-08 145419
1760009744424 1.832584271544634e-08 145429
1760009744775 1.5145690896416421e-10 145439
1760009745152 0.000250455682383815 145449
1760009745554 0.0002504132782188458 145459
1760009746343 0.0002503405965002442 145469
1760009746711 0.00025023765480779034 145479
1760009747102 0.0002501044780403496 145489
1760009747473 0.00024994109840985015 145499
1760009747872 0.0002497475554334917 145509
1760009748249 0.00024952389592418746 145519
1760009748632 0.0002492701739792411 145529
1760009749028 0.0002489864509672625 145539
1760009749447 0.00024867279551332364 145549
1760009749875 0.0002483292834823608 145559
1760009750294 0.000247955997960824 145569
1760009750747 0.00024755302923658144 145579
1760009751209 0.00024712047477708064 145589
1760009751641 0.00024665843920577377 145599
1760009752053 0.0002461670342768123 145609
1760009752495 0.0002456463788480163 145619
1760009752948 0.0002450965988521261 145629
1760009753354 0.0002445178272663423 145639
1760009753815 0.00024391020408016242 145649
1760009754667 0.00024327387626152074 145659
1760009755080 0.00024260899772124108 145669
1760009755522 0.00024191572927580946 145679
1760009755952 0.0002411942386084772 145689
1760009756367 0.00024044470022870258 145699
1760009756776 0.00023966729542994165 145709
1760009757207 0.00023886221224579825 145719
1760009757625 0.0002380296454045436 145729
1760009758076 0.00023716979628201663 145739
1760009758474 0.00023628287285291664 145749
1760009758890 0.00023536908964049967 145759
1760009759311 0.00023442866766469096 145769
1760009759750 0.00023346183438862627 145779
1760009760172 0.0002324688236636343 145789
1760009760615 0.0002314498756726745 145799
1760009761034 0.00023040523687224308 145809
1760009761452 0.00022933515993276172 145819
1760009761872 0.00022823990367746335 145829
1760009762310 0.00022711973301978955 145839
1760009762733 0.00022597491889931522 145849
1760009763178 0.00022480573821621525 145859
1760009763625 0.00022361247376428986 145869
1760009764068 0.00022239541416256426 145879
1760009764517 0.0002211548537854793 145889
1760009764972 0.00021989109269169018 145899
1760009765424 0.00021860443655149014 145909
1760009765873 0.00021729519657287698 145919
1760009766309 0.00021596368942628018 145929
1760009766747 0.00021461023716796645 145939
1760009767228 0.00021323516716214316 145949
1760009767660 0.0002118388120017774 145959
1760009768167 0.00021042150942815076 145969
1760009768626 0.0002089836022491685 145979
1760009769069 0.00020752543825644344 145989
1760009769499 0.00020604737014117455 145999
1760009769942 0.00020454975540884008 146009
1760009770377 0.00020303295629272653 146019
1760009770774 0.00020149733966631423 146029
1760009771206 0.00019994327695453996 146039
1760009771650 0.00019837114404395965 146049
1760009772089 0.0001967813211918308 146059
1760009772520 0.00019517419293413882 146069
1760009772932 0.00019355014799258776 146079
1760009773414 0.00019190957918057878 146089
1760009773878 0.0001902528833081991 146099
1760009774304 0.00018858046108624423 146109
1760009774756 0.00018689271702929645 146119
1760009775187 0.00018519005935788382 146129
1760009775646 0.0001834728998997419 146139
1760009776078 0.00018174165399020408 146149
1760009776498 0.00017999674037174273 146159
1760009776933 0.00017823858109268658 146169
1760009777364 0.0001764676014051382 146179
1760009777801 0.0001746842296621172 146189
1760009778257 0.0001728888972139526 146199
1760009778735 0.0001710820383039509 146209
1760009779168 0.00016926408996336399 146219
1760009779588 0.0001674354919056829 146229
1760009780016 0.0001655966864202829 146239
1760009780437 0.00016374811826544506 146249
1760009780893 0.00016189023456078162 146259
1760009781364 0.00016002348467908901 146269
1760009781798 0.0001581483201376569 146279
1760009782220 0.00015626519448905794 146289
1760009782681 0.00015437456321144543 146299
1760009783148 0.00015247688359838535 146309
1760009783638 0.00015057261464824904 146319
1760009784084 0.0001486622169531938 146329
1760009784469 0.0001467461525877577 146339
1760009784871 0.00014482488499709622 146349
1760009785348 0.00014289887888488688 146359
1760009785857 0.0001409686001009299 146369
1760009786273 0.00013903451552847165 146379
1760009786667 0.00013709709297127774 146389
1760009787084 0.00013515680104048364 146399
1760009787498 0.00013321410904125027 146409
1760009787986 0.00013126948685925156 146419
1760009788441 0.00012932340484702134 146429
1760009788887 0.00012737633371018764 146439
1760009789272 0.00012542874439362163 146449
1760009789685 0.00012348110796752836 146459
1760009790077 0.00012153389551350729 146469
1760009790478 0.00011958757801061044 146479
1760009790895 0.00011764262622142484 146489
1760009791298 0.00011569951057820758 146499
1760009791671 0.00011375870106910082 146509
1760009792037 0.00011182066712445385 146519
1760009792399 0.00010988587750328071 146529
1760009792773 0.00010795480017987955 146539
1760009793137 0.00010602790223064219 146549
1760009793500 0.00010410564972108056 146559
1760009793864 0.00010218850759309808 146569
1760009794234 0.0001002769395525323 146579
1760009794602 9.837140795699686e-05 146589
1760009794964 9.647237370404948e-05 146599
1760009795328 9.458029611971297e-05 146609
1760009795694 9.269563284737655e-05 146619
1760009796067 9.081883973710393e-05 146629
1760009796437 8.895037073537538e-05 146639
1760009796801 8.709067777529007e-05 146649
1760009797152 8.524021066725544e-05 146659
1760009797518 8.339941699018996e-05 146669
1760009797884 8.156874198326575e-05 146679
1760009798250 7.974862843821688e-05 146689
1760009798616 7.793951659224e-05 146699
1760009798990 7.61418440215124e-05 146709
1760009799353 7.435604553535418e-05 146719
1760009799720 7.258255307105921e-05 146729
1760009800097 7.082179558942106e-05 146739
1760009800476 6.907419897097877e-05 146749
1760009800857 6.73401859130074e-05 146759
1760009801230 6.562017582727933e-05 146769
1760009801614 6.391458473861892e-05 146779
1760009801996 6.222382518427794e-05 146789
1760009802382 6.0548306114152964e-05 146799
1760009802761 5.8888432791871876e-05 146809
1760009803154 5.7244606696770956e-05 146819
1760009803533 5.5617225426787934e-05 146829
1760009803908 5.40066826022932e-05 146839
1760009804284 5.241336777088415e-05 146849
1760009804661 5.083766631316315e-05 146859
1760009805033 4.92799593495248e-05 146869
1760009805400 4.774062364797281e-05 146879
1760009805768 4.622003153298959e-05 146889
1760009806142 4.471855079548138e-05 146899
1760009806506 4.3236544603818725e-05 146909
1760009806870 4.17743714159962e-05 146919
1760009807242 4.033238489293067e-05 146929
1760009807598 3.8910933812920183e-05 146939
1760009807960 3.751036198728355e-05 146949
1760009808319 3.6131008177202e-05 146959
1760009808676 3.477320601178118e-05 146969
1760009809040 3.3437283907355624e-05 146979
1760009809397 3.212356498805339e-05 146989
1760009809756 3.08323670076407e-05 146999
1760009810129 2.9564002272666237e-05 147009
1760009810490 2.831877756692185e-05 147019
1760009810871 2.7096994077240177e-05 147029
1760009811253 2.5898947320645297e-05 147039
1760009811630 2.4724927072875108e-05 147049
1760009812012 2.357521729829207e-05 147059
1760009812397 2.2450096081200166e-05 147069
1760009812785 2.1349835558583137e-05 147079
1760009813198 2.027470185428221e-05 147089
1760009813597 1.922495501462761e-05 147099
1760009814000 1.8200848945540163e-05 147109
1760009814395 1.720263135111851e-05 147119
1760009814786 1.6230543673725613e-05 147129
1760009815191 1.5284821035590604e-05 147139
1760009815592 1.4365692181938811e-05 147149
1760009816014 1.3473379425664359e-05 147159
1760009816435 1.2608098593558575e-05 147169
1760009816847 1.1770058974107286e-05 147179
1760009817292 1.0959463266869315e-05 147189
1760009817744 1.017650753344902e-05 147199
1760009818175 9.421381150074134e-06 147209
1760009818604 8.69426676179055e-06 147219
1760009819031 7.995340238285568e-06 147229
1760009819442 7.324770631349444e-06 147239
1760009819853 6.682720133986387e-06 147249
1760009820267 6.069344041184373e-06 147259
1760009820701 5.4847907123533e-06 147269
1760009821066 4.9292015354409005e-06 147279
1760009821480 4.402710892734689e-06 147289
1760009821902 3.905446128358402e-06 147299
1760009822346 3.437527517470978e-06 147309
1760009822769 2.9990682371750314e-06 147319
1760009823193 2.590174339142381e-06 147329
1760009823569 2.2109447239630134e-06 147339
1760009823952 1.8614711172235136e-06 147349
1760009824327 1.5418380473212348e-06 147359
1760009824718 1.2521228250189923e-06 147369
1760009825117 9.923955247457654e-07 147379
1760009825519 7.627189676474258e-07 147389
1760009825896 5.631487063920363e-07 147399
1760009826281 3.9373301173314146e-07 147409
1760009826676 2.545128608343184e-07 147419
1760009827081 1.455219273579337e-07 147429
1760009827489 6.678657332027674e-08 147439
1760009827888 1.832584271544634e-08 147449
1760009828275 1.5145690896416421e-10 147459
1760009828688 0.000250455682383815 147469
1760009829101 0.0002504132782188458 147479
1760009829541 0.0002503405965002442 147489
1760009829982 0.00025023765480779034 147499
1760009830413 0.0002501044780403496 147509
1760009830811 0.00024994109840985015 147519
1760009831240 0.0002497475554334917 147529
1760009831676 0.00024952389592418746 147539
1760009832102 0.0002492701739792411 147549
1760009832557 0.0002489864509672625 147559
1760009833003 0.00024867279551332364 147569
1760009833446 0.0002483292834823608 147579
1760009833879 0.000247955997960824 147589
1760009834314 0.00024755302923658144 147599
1760009834774 0.00024712047477708064 147609
1760009835239 0.00024665843920577377 147619
1760009835684 0.0002461670342768123 147629
1760009836134 0.0002456463788480163 147639
1760009836535 0.0002450965988521261 147649
1760009836954 0.0002445178272663423 147659
1760009837435 0.00024391020408016242 147669
1760009837908 0.00024327387626152074 147679
1760009838379 0.00024260899772124108 147689
1760009838835 0.00024191572927580946 147699
1760009839280 0.0002411942386084772 147709
1760009839708 0.00024044470022870258 147719
1760009840177 0.00023966729542994165 147729
1760009840652 0.00023886221224579825 147739
1760009841122 0.0002380296454045436 147749
1760009841551 0.00023716979628201663 147759
1760009841984 0.00023628287285291664 147769
1760009842412 0.00023536908964049967 147779
1760009842888 0.00023442866766469096 147789
1760009843316 0.00023346183438862627 147799
1760009843740 0.0002324688236636343 147809
1760009844160 0.0002314498756726745 147819
1760009844620 0.00023040523687224308 147829
1760009845034 0.00022933515993276172 147839
1760009845502 0.00022823990367746335 147849
1760009845906 0.00022711973301978955 147859
1760009846305 0.00022597491889931522 147869
1760009846702 0.00022480573821621525 147879
1760009847082 0.00022361247376428986 147889
1760009847460 0.00022239541416256426 147899
1760009847861 0.0002211548537854793 147909
1760009848286 0.00021989109269169018 147919
1760009848711 0.00021860443655149014 147929
1760009849138 0.00021729519657287698 147939
1760009849561 0.00021596368942628018 147949
1760009850012 0.00021461023716796645 147959
1760009850419 0.00021323516716214316 147969
1760009850844 0.0002118388120017774 147979
1760009851319 0.00021042150942815076 147989
1760009851759 0.0002089836022491685 147999
1760009852094 0.00020752543825644344 148009
1760009852551 0.00020604737014117455 148019
1760009853021 0.00020454975540884008 148029
1760009853483 0.00020303295629272653 148039
1760009853899 0.00020149733966631423 148049
1760009854352 0.00019994327695453996 148059
1760009854765 0.00019837114404395965 148069
1760009855170 0.0001967813211918308 148079
1760009855538 0.00019517419293413882 148089
1760009855913 0.00019355014799258776 148099
1760009856276 0.00019190957918057878 148109
1760009856653 0.0001902528833081991 148119
1760009857050 0.00018858046108624423 148129
1760009857440 0.00018689271702929645 148139
1760009857829 0.00018519005935788382 148149
1760009858210 0.0001834728998997419 148159
1760009858575 0.00018174165399020408 148169
1760009858936 0.00017999674037174273 148179
1760009859300 0.00017823858109268658 148189
1760009859658 0.0001764676014051382 148199
1760009860022 0.0001746842296621172 148209
1760009860383 0.0001728888972139526 148219
1760009860751 0.0001710820383039509 148229
1760009861118 0.00016926408996336399 148239
1760009861476 0.0001674354919056829 148249
1760009861839 0.0001655966864202829 148259
1760009862199 0.00016374811826544506 148269
1760009862575 0.00016189023456078162 148279
1760009862963 0.00016002348467908901 148289
1760009863338 0.0001581483201376569 148299
1760009863720 0.00015626519448905794 148309
1760009864100 0.00015437456321144543 148319
1760009864474 0.00015247688359838535 148329
1760009864847 0.00015057261464824904 148339
1760009865216 0.0001486622169531938 148349
1760009865584 0.0001467461525877577 148359
1760009865949 0.00014482488499709622 148369
1760009866321 0.00014289887888488688 148379
1760009866689 0.0001409686001009299 148389
1760009867071 0.00013903451552847165 148399
1760009867443 0.00013709709297127774 148409
1760009867815 0.00013515680104048364 148419
1760009868187 0.00013321410904125027 148429
1760009868553 0.00013126948685925156 148439
1760009868912 0.00012932340484702134 148449
1760009869273 0.00012737633371018764 148459
1760009869638 0.00012542874439362163 148469
1760009869999 0.00012348110796752836 148479
1760009870358 0.00012153389551350729 148489
1760009870716 0.00011958757801061044 148499
1760009871077 0.00011764262622142484 148509
1760009871444 0.00011569951057820758 148519
1760009871807 0.00011375870106910082 148529
1760009872188 0.00011182066712445385 148539
1760009872562 0.00010988587750328071 148549
1760009872945 0.00010795480017987955 148559
1760009873321 0.00010602790223064219 148569
1760009873697 0.00010410564972108056 148579
1760009874086 0.00010218850759309808 148589
1760009874505 0.0001002769395525323 148599
1760009874918 9.837140795699686e-05 148609
1760009875333 9.647237370404948e-05 148619
1760009875740 9.458029611971297e-05 148629
1760009876178 9.269563284737655e-05 148639
1760009876608 9.081883973710393e-05 148649
1760009877029 8.895037073537538e-05 148659
1760009877458 8.709067777529007e-05 148669
1760009877878 8.524021066725544e-05 148679
1760009878322 8.339941699018996e-05 148689
1760009878749 8.156874198326575e-05 148699
1760009879189 7.974862843821688e-05 148709
1760009879618 7.793951659224e-05 148719
1760009880021 7.61418440215124e-05 148729
1760009880422 7.435604553535418e-05 148739
1760009880804 7.258255307105921e-05 148749
1760009881228 7.082179558942106e-05 148759
1760009881637 6.907419897097877e-05 148769
1760009882041 6.73401859130074e-05 148779
1760009882431 6.562017582727933e-05 148789
1760009882814 6.391458473861892e-05 148799
1760009883222 6.222382518427794e-05 148809
1760009883611 6.0548306114152964e-05 148819
1760009884005 5.8888432791871876e-05 148829
1760009884413 5.7244606696770956e-05 148839
1760009884833 5.5617225426787934e-05 148849
1760009885249 5.40066826022932e-05 148859
1760009885686 5.241336777088415e-05 148869
1760009886127 5.083766631316315e-05 148879
1760009886551 4.92799593495248e-05 148889
1760009886973 4.774062364797281e-05 148899
1760009887402 4.622003153298959e-05 148909
1760009887839 4.471855079548138e-05 148919
1760009888283 4.3236544603818725e-05 148929
1760009888711 4.17743714159962e-05 148939
1760009889125 4.033238489293067e-05 148949
1760009889530 3.8910933812920183e-05 148959
1760009889933 3.751036198728355e-05 148969
1760009890353 3.6131008177202e-05 148979
1760009890785 3.477320601178118e-05 148989
1760009891253 3.3437283907355624e-05 148999
1760009891680 3.212356498805339e-05 149009
1760009892125 3.08323670076407e-05 149019
1760009892584 2.9564002272666237e-05 149029
1760009893044 2.831877756692185e-05 149039
1760009893524 2.7096994077240177e-05 149049
1760009893966 2.5898947320645297e-05 149059
1760009894409 2.4724927072875108e-05 149069
1760009894850 2.357521729829207e-05 149079
1760009895297 2.2450096081200166e-05 149089
1760009895737 2.1349835558583137e-05 149099
1760009896154 2.027470185428221e-05 149109
1760009896601 1.922495501462761e-05 149119
1760009897057 1.8200848945540163e-05 149129
1760009897465 1.720263135111851e-05 149139
1760009897831 1.6230543673725613e-05 149149
1760009898217 1.5284821035590604e-05 149159
1760009898627 1.4365692181938811e-05 149169
1760009899066 1.3473379425664359e-05 149179
1760009899437 1.2608098593558575e-05 149189
1760009899807 1.1770058974107286e-05 149199
1760009900173 1.0959463266869315e-05 149209
1760009900545 1.017650753344902e-05 149219
1760009900919 9.421381150074134e-06 149229
1760009901283 8.69426676179055e-06 149239
1760009901655 7.995340238285568e-06 149249
1760009902019 7.324770631349444e-06 149259
1760009902390 6.682720133986387e-06 149269
1760009902762 6.069344041184373e-06 149279
1760009903136 5.4847907123533e-06 149289
1760009903507 4.9292015354409005e-06 149299
1760009903878 4.402710892734689e-06 149309
1760009904759 3.905446128358402e-06 149319
1760009905116 3.437527517470978e-06 149329
1760009905472 2.9990682371750314e-06 149339
1760009905829 2.590174339142381e-06 149349
1760009906185 2.2109447239630134e-06 149359
1760009906543 1.8614711172235136e-06 149369
1760009906900 1.5418380473212348e-06 149379
1760009907258 1.2521228250189923e-06 149389
1760009907614 9.923955247457654e-07 149399
1760009907975 7.627189676474258e-07 149409
1760009908335 5.631487063920363e-07 149419
1760009908695 3.9373301173314146e-07 149429
1760009909059 2.545128608343184e-07 149439
1760009924356 1.4479431772114403e-07 149449
1760009924728 6.645264045367536e-08 149459
1760009925103 1.8234213501869107e-08 149469
1760009925470 1.5069962441934337e-10 149479
1760009925843 0.0002492034039718959 149489
1760009926206 0.0002491612118277516 149499
1760009926614 0.000249088893517743 149509
1760009926952 0.00024898646653375144 149519
1760009927298 0.0002488539556501479 149529
1760009927635 0.0002486913929178009 149539
1760009927977 0.00024849881765632426 149549
1760009928315 0.00024827627644456653 149559
1760009928659 0.00024802382310934495 149569
1760009929010 0.0002477415187124262 149579
1760009929363 0.000247429431535757 149589
1760009929715 0.00024708763706494897 149599
1760009930072 0.00024671621797101994 149609
1760009930441 0.00024631526409039857 149619
1760009930809 0.0002458848724031952 149629
1760009931181 0.0002454251470097449 149639
1760009931548 0.00024493619910542823 149649
1760009931913 0.00024441814695377623 149659
1760009932267 0.00024387111585786545 149669
1760009932633 0.00024329523813001062 149679
1760009933001 0.00024269065305976162 149689
1760009933357 0.00024205750688021315 149699
1760009933718 0.00024139595273263488 149709
1760009934071 0.0002407061506294304 149719
1760009934422 0.00023998826741543483 149729
1760009934775 0.00023924247672755906 149739
1760009935141 0.00023846895895279194 149749
1760009935509 0.00023766790118456927 149759
1760009935872 0.00023683949717752086 149769
1760009936231 0.00023598394730060655 149779
1760009936596 0.00023510145848865206 149789
1760009936950 0.00023419224419229717 149799
1760009937311 0.00023325652432636752 149809
1760009937679 0.00023229452521668316 149819
1760009938046 0.00023130647954531613 149829
1760009938383 0.00023029262629431111 149839
1760009938669 0.00022925321068788186 149849
1760009938913 0.00022818848413309791 149859
1760009939128 0.00022709870415907603 149869
1760009939339 0.0002259841343546906 149879
1760009939552 0.00022484504430481865 149889
1760009939765 0.00022368170952513416 149899
1760009939976 0.0002224944113954684 149909
1760009940281 0.00022128343709175143 149919
1760009940612 0.0002200490795165519 149929
1760009940968 0.00021879163722823172 149939
1760009941337 0.0002175114143687327 149949
1760009941700 0.00021620872059001261 149959
1760009942064 0.00021488387097914877 149969
1760009942430 0.00021353718598212662 149979
1760009942765 0.00021216899132633246 149989
1760009943117 0.0002107796179417685 149999
1760009943479 0.00020936940188101002 150009
1760009943839 0.00020793868423792266 150019
1760009944197 0.00020648781106516123 150029
1760009944553 0.0002050171332904687 150039
1760009944912 0.00020352700663179587 150049
1760009945269 0.00020201779151126292 150059
1760009945631 0.00020048985296798266 150069
1760009946000 0.00019894356056976726 150079
1760009946369 0.00019737928832373985 150089
1760009946749 0.00019579741458587165 150099
1760009947119 0.00019419832196946815 150109
1760009947494 0.00019258239725262482 150119
1760009947863 0.00019095003128467587 150129
1760009948232 0.0001893016188916581 150139
1760009948602 0.000187637558780813 150149
1760009948979 0.00018595825344414998 150159
1760009949349 0.00018426410906109442 150169
1760009949717 0.00018255553540024317 150179
1760009950087 0.00018083294572025308 150189
1760009950456 0.000179096756669884 150199
1760009950826 0.00017734738818722312 150209
1760009951196 0.0001755852633981125 150219
1760009951569 0.0001738108085138066 150229
1760009951936 0.00017202445272788283 150239
1760009952306 0.00017022662811243115 150249
1760009952677 0.00016841776951354717 150259
1760009953047 0.00016659831444615448 150269
1760009953421 0.00016476870298818148 150279
1760009953807 0.00016292937767411783 150289
1760009954189 0.0001610807833879777 150299
1760009954561 0.00015922336725569355 150309
1760009954932 0.0001573575785369686 150319
1760009955307 0.00015548386851661265 150329
1760009955676 0.0001536026903953882 150339
1760009956040 0.0001517144991803934 150349
1760009956401 0.0001498197515750078 150359
1760009956761 0.00014791890586842785 150369
1760009957132 0.00014601242182481891 150379
1760009957506 0.00014410076057211072 150389
1760009957878 0.00014218438449046242 150399
1760009958243 0.00014026375710042525 150409
1760009958658 0.0001383393429508293 150419
1760009959037 0.00013641160750642135 150429
1760009959405 0.00013448101703528121 150439
1760009959775 0.00013254803849604402 150449
1760009960144 0.0001306131394249553 150459
1760009960519 0.00012867678782278624 150469
1760009960898 0.00012673945204163671 150479
1760009961268 0.00012480160067165354 150489
1760009961639 0.0001228637024276907 150499
1760009962009 0.00012092622603593975 150509
1760009962378 0.00011898964012055737 150519
1760009962748 0.00011705441309031771 150529
1760009963121 0.00011512101302531654 150539
1760009963493 0.00011318990756375531 150549
1760009963857 0.00011126156378883158 150559
1760009964235 0.0001093364481157643 150569
1760009964606 0.00010741502617898015 150579
1760009964968 0.00010549776271948898 150589
1760009965333 0.00010358512147247515 150599
1760009965697 0.00010167756505513259 150609
1760009966063 9.977555485476965e-05 150619
1760009966429 9.787955091721188e-05 150629
1760009966800 9.599001183552923e-05 150639
1760009967176 9.41073946391144e-05 150649
1760009967525 9.223215468313966e-05 150659
1760009967878 9.036474553841841e-05 150669
1760009968234 8.85056188816985e-05 150679
1760009968589 8.665522438641361e-05 150689
1760009968943 8.481400961391916e-05 150699
1760009969295 8.298241990523901e-05 150709
1760009969652 8.116089827334942e-05 150719
1760009970012 7.93498852960258e-05 150729
1760009970377 7.75498190092788e-05 150739
1760009970743 7.576113480140484e-05 150749
1760009971107 7.398426530767741e-05 150759
1760009971473 7.221964030570392e-05 150769
1760009971840 7.046768661147395e-05 150779
1760009972203 6.872882797612388e-05 150789
1760009972567 6.700348498344236e-05 150799
1760009972932 6.529207494814293e-05 150809
1760009973306 6.359501181492583e-05 150819
1760009973678 6.191270605835654e-05 150829
1760009974054 6.02455645835822e-05 150839
1760009974423 5.859399062791251e-05 150849
1760009974794 5.695838366328711e-05 150859
1760009975164 5.533913929965399e-05 150869
1760009975533 5.373664918928174e-05 150879
1760009975904 5.2151300932029725e-05 150889
1760009976279 5.0583477981597336e-05 150899
1760009976658 4.9033559552777176e-05 150909
1760009977016 4.750192052973294e-05 150919
1760009977370 4.5988931375324643e-05 150929
1760009977722 4.4494958041503976e-05 150939
1760009978075 4.302036188079963e-05 150949
1760009978430 4.156549955891622e-05 150959
1760009978788 4.0130722968466015e-05 150969
1760009979143 3.871637914385558e-05 150979
1760009979506 3.732281017734713e-05 150989
1760009979887 3.595035313631599e-05 150999
1760009980267 3.459933998172227e-05 151009
1760009980640 3.327009748781885e-05 151019
1760009981013 3.196294716311312e-05 151029
1760009981388 3.067820517260249e-05 151039
1760009981758 2.9416182261302907e-05 151049
1760009982129 2.8177183679087238e-05 151059
1760009982500 2.6961509106853976e-05 151069
1760009982873 2.576945258404207e-05 151079
1760009983257 2.4601302437510732e-05 151089
1760009983619 2.3457341211800607e-05 151099
1760009984001 2.2337845600794165e-05 151109
1760009984398 2.1243086380790223e-05 151119
1760009984773 2.01733283450108e-05 151129
1760009985140 1.9128830239554468e-05 151139
1760009985510 1.8109844700812463e-05 151149
1760009985883 1.711661819436292e-05 151159
1760009986267 1.6149390955356983e-05 151169
1760009986644 1.5208396930412652e-05 151179
1760009987034 1.4293863721029116e-05 151189
1760009987419 1.3406012528536036e-05 151199
1760009987812 1.2545058100590781e-05 151209
1760009988199 1.171120867923675e-05 151219
1760009988562 1.0904665950534968e-05 151229
1760009988921 1.0125624995781774e-05 151239
1760009989287 9.374274244323763e-06 151249
1760009989660 8.650795427981596e-06 151259
1760009990032 7.95536353709414e-06 151269
1760009990406 7.288146778192696e-06 151279
1760009990783 6.649306533316456e-06 151289
1760009991195 6.0389973209784515e-06 151299
1760009991588 5.457366758791533e-06 151309
1760009991976 4.904555527763696e-06 151319
1760009992360 4.3806973382710155e-06 151329
1760009992731 3.88591889771661e-06 151339
1760009993112 3.420339879883623e-06 151349
1760009993482 2.984072895989156e-06 151359
1760009993851 2.577223467446669e-06 151369
1760009994219 2.1998900003431983e-06 151379
1760009994591 1.8521637616373959e-06 151389
1760009994963 1.5341288570846286e-06 151399
1760009995332 1.2458622108938973e-06 151409
1760009995708 9.874335471220366e-07 151419
1760009996084 7.589053728091886e-07 151429
1760009996455 5.603329628600761e-07 151439
1760009996834 3.9176434667447576e-07 151449
1760009997215 2.5324029653014683e-07 151459
1760009997595 1.4479431772114403e-07 151469
1760009997978 6.645264045367536e-08 151479
1760009998354 1.8234213501869107e-08 151489
1760009998723 1.5069962441934337e-10 151499
1760009999090 0.0002492034039718959 151509
1760009999456 0.0002491612118277516 151519
1760009999821 0.000249088893517743 151529
1760010000195 0.00024898646653375144 151539
1760010000580 0.0002488539556501479 151549
1760010000955 0.0002486913929178009 151559
1760010001327 0.00024849881765632426 151569
1760010001704 0.00024827627644456653 151579
1760010002082 0.00024802382310934495 151589
1760010002457 0.0002477415187124262 151599
1760010002833 0.000247429431535757 151609
1760010003208 0.00024708763706494897 151619
1760010003593 0.00024671621797101994 151629
1760010003970 0.00024631526409039857 151639
1760010004342 0.0002458848724031952 151649
1760010004727 0.0002454251470097449 151659
1760010005113 0.00024493619910542823 151669
1760010005489 0.00024441814695377623 151679
1760010005894 0.00024387111585786545 151689
1760010006284 0.00024329523813001062 151699
1760010006668 0.00024269065305976162 151709
1760010007036 0.00024205750688021315 151719
1760010007394 0.00024139595273263488 151729
1760010007763 0.0002407061506294304 151739
1760010008133 0.00023998826741543483 151749
1760010008492 0.00023924247672755906 151759
1760010008849 0.00023846895895279194 151769
1760010009208 0.00023766790118456927 151779
1760010009571 0.00023683949717752086 151789
1760010009946 0.00023598394730060655 151799
1760010010301 0.00023510145848865206 151809
1760010010662 0.00023419224419229717 151819
1760010011034 0.00023325652432636752 151829
1760010011400 0.00023229452521668316 151839
1760010011772 0.00023130647954531613 151849
1760010012140 0.00023029262629431111 151859
1760010012495 0.00022925321068788186 151869
1760010012863 0.00022818848413309791 151879
1760010013233 0.00022709870415907603 151889
1760010013619 0.0002259841343546906 151899
1760010013989 0.00022484504430481865 151909
1760010014359 0.00022368170952513416 151919
1760010014718 0.0002224944113954684 151929
1760010015073 0.00022128343709175143 151939
1760010015450 0.0002200490795165519 151949
1760010015826 0.00021879163722823172 151959
1760010016192 0.0002175114143687327 151969
1760010016562 0.00021620872059001261 151979
1760010016934 0.00021488387097914877 151989
1760010017303 0.00021353718598212662 151999
1760010017685 0.00021216899132633246 152009
1760010018056 0.0002107796179417685 152019
1760010018428 0.00020936940188101002 152029
1760010018800 0.00020793868423792266 152039
1760010019169 0.00020648781106516123 152049
1760010019547 0.0002050171332904687 152059
1760010019915 0.00020352700663179587 152069
1760010020283 0.00020201779151126292 152079
1760010020652 0.00020048985296798266 152089
1760010021014 0.00019894356056976726 152099
1760010021382 0.00019737928832373985 152109
1760010021751 0.00019579741458587165 152119
1760010022117 0.00019419832196946815 152129
1760010022483 0.00019258239725262482 152139
1760010022848 0.00019095003128467587 152149
1760010023218 0.0001893016188916581 152159
1760010023587 0.000187637558780813 152169
1760010023961 0.00018595825344414998 152179
1760010024333 0.00018426410906109442 152189
1760010024703 0.00018255553540024317 152199
1760010025071 0.00018083294572025308 152209
1760010025441 0.000179096756669884 152219
1760010025810 0.00017734738818722312 152229
1760010026179 0.0001755852633981125 152239
1760010026552 0.0001738108085138066 152249
1760010026923 0.00017202445272788283 152259
1760010027295 0.00017022662811243115 152269
1760010027667 0.00016841776951354717 152279
1760010028052 0.00016659831444615448 152289
1760010028424 0.00016476870298818148 152299
1760010028780 0.00016292937767411783 152309
1760010029131 0.0001610807833879777 152319
1760010029489 0.00015922336725569355 152329
1760010029840 0.0001573575785369686 152339
1760010030204 0.00015548386851661265 152349
1760010030562 0.0001536026903953882 152359
1760010030921 0.0001517144991803934 152369
1760010031276 0.0001498197515750078 152379
1760010031643 0.00014791890586842785 152389
1760010032008 0.00014601242182481891 152399
1760010032366 0.00014410076057211072 152409
1760010032746 0.00014218438449046242 152419
1760010033103 0.00014026375710042525 152429
1760010033466 0.0001383393429508293 152439
1760010033826 0.00013641160750642135 152449
1760010034209 0.00013448101703528121 152459
1760010034581 0.00013254803849604402 152469
1760010034962 0.0001306131394249553 152479
1760010035335 0.00012867678782278624 152489
1760010035711 0.00012673945204163671 152499
1760010036084 0.00012480160067165354 152509
1760010036458 0.0001228637024276907 152519
1760010036827 0.00012092622603593975 152529
1760010037201 0.00011898964012055737 152539
1760010037575 0.00011705441309031771 152549
1760010037947 0.00011512101302531654 152559
1760010038318 0.00011318990756375531 152569
1760010038717 0.00011126156378883158 152579
1760010039073 0.0001093364481157643 152589
1760010039421 0.00010741502617898015 152599
1760010039769 0.00010549776271948898 152609
1760010040116 0.00010358512147247515 152619
1760010040466 0.00010167756505513259 152629
1760010040816 9.977555485476965e-05 152639
1760010041165 9.787955091721188e-05 152649
1760010041517 9.599001183552923e-05 152659
1760010041867 9.41073946391144e-05 152669
1760010042216 9.223215468313966e-05 152679
1760010042565 9.036474553841841e-05 152689
1760010042916 8.85056188816985e-05 152699
1760010043274 8.665522438641361e-05 152709
1760010043643 8.481400961391916e-05 152719
1760010044010 8.298241990523901e-05 152729
1760010044377 8.116089827334942e-05 152739
1760010044743 7.93498852960258e-05 152749
1760010045110 7.75498190092788e-05 152759
1760010045479 7.576113480140484e-05 152769
1760010045846 7.398426530767741e-05 152779
1760010046219 7.221964030570392e-05 152789
1760010046583 7.046768661147395e-05 152799
1760010046949 6.872882797612388e-05 152809
1760010047314 6.700348498344236e-05 152819
1760010047688 6.529207494814293e-05 152829
1760010048069 6.359501181492583e-05 152839
1760010048450 6.191270605835654e-05 152849
1760010048816 6.02455645835822e-05 152859
1760010049178 5.859399062791251e-05 152869
1760010049533 5.695838366328711e-05 152879
1760010049888 5.533913929965399e-05 152889
1760010050262 5.373664918928174e-05 152899
1760010050631 5.2151300932029725e-05 152909
1760010051003 5.0583477981597336e-05 152919
1760010051376 4.9033559552777176e-05 152929
1760010051736 4.750192052973294e-05 152939
1760010052096 4.5988931375324643e-05 152949
1760010052451 4.4494958041503976e-05 152959
1760010052804 4.302036188079963e-05 152969
1760010053172 4.156549955891622e-05 152979
1760010053537 4.0130722968466015e-05 152989
1760010053898 3.871637914385558e-05 152999
1760010054253 3.732281017734713e-05 153009
1760010054608 3.595035313631599e-05 153019
1760010054967 3.459933998172227e-05 153029
1760010055323 3.327009748781885e-05 153039
1760010055681 3.196294716311312e-05 153049
1760010056044 3.067820517260249e-05 153059
1760010056408 2.9416182261302907e-05 153069
1760010056769 2.8177183679087238e-05 153079
1760010057125 2.6961509106853976e-05 153089
1760010057487 2.576945258404207e-05 153099
1760010057851 2.4601302437510732e-05 153109
1760010058206 2.3457341211800607e-05 153119
1760010058568 2.2337845600794165e-05 153129
1760010058942 2.1243086380790223e-05 153139
1760010059315 2.01733283450108e-05 153149
1760010059687 1.9128830239554468e-05 153159
1760010060061 1.8109844700812463e-05 153169
1760010060430 1.711661819436292e-05 153179
1760010060830 1.6149390955356983e-05 153189
1760010061240 1.5208396930412652e-05 153199
1760010061654 1.4293863721029116e-05 153209
1760010062034 1.3406012528536036e-05 153219
1760010062406 1.2545058100590781e-05 153229
1760010062785 1.171120867923675e-05 153239
1760010063168 1.0904665950534968e-05 153249
1760010063540 1.0125624995781774e-05 153259
1760010063910 9.374274244323763e-06 153269
1760010064290 8.650795427981596e-06 153279
1760010064672 7.95536353709414e-06 153289
1760010065057 7.288146778192696e-06 153299
1760010065446 6.649306533316456e-06 153309
1760010065817 6.0389973209784515e-06 153319
1760010066188 5.457366758791533e-06 153329
1760010066562 4.904555527763696e-06 153339
1760010066934 4.3806973382710155e-06 153349
1760010067797 3.88591889771661e-06 153359
1760010068162 3.420339879883623e-06 153369
1760010068527 2.984072895989156e-06 153379
1760010068887 2.577223467446669e-06 153389
1760010069248 2.1998900003431983e-06 153399
1760010069604 1.8521637616373959e-06 153409
1760010069964 1.5341288570846286e-06 153419
1760010070326 1.2458622108938973e-06 153429
1760010070687 9.874335471220366e-07 153439
1760010071050 7.589053728091886e-07 153449
1760010071414 5.603329628600761e-07 153459
1760010071789 3.9176434667447576e-07 153469
1760010072162 2.5324029653014683e-07 153479
1760010085203 1.4407034613253832e-07 153489
1760010085752 6.612037725140697e-08 153499
1760010086120 1.8143042434359762e-08 153509
1760010086476 1.4994612629724666e-10 153519
1760010086865 0.0002479573869520364 153529
1760010087253 0.0002479154057686128 153539
1760010087653 0.00024784344905015424 153549
1760010088089 0.0002477415342010827 153559
1760010088474 0.0002476096858718971 153569
1760010088860 0.0002474479359532119 153579
1760010089252 0.0002472563235680426 153589
1760010089628 0.00024703489506234367 153599
1760010089989 0.0002467837039937982 153609
1760010090366 0.00024650281111886403 153619
1760010090774 0.0002461922843780782 153629
1760010091134 0.0002458521988796242 153639
1760010091518 0.0002454826368811648 153649
1760010091922 0.00024508368776994657 153659
1760010092308 0.0002446554480411792 153669
1760010092702 0.0002441980212746962 153679
1760010093083 0.0002437115181099011 153689
1760010093448 0.00024319605621900733 153699
1760010093836 0.0002426517602785761 153709
1760010094199 0.00024207876193936057 153719
1760010094558 0.0002414771997944628 153729
1760010094945 0.00024084721934581208 153739
1760010095305 0.0002401889729689717 153749
1760010095675 0.00023950261987628325 153759
1760010096067 0.00023878832607835763 153769
1760010096446 0.00023804626434392124 153779
1760010096818 0.00023727661415802798 153789
1760010097183 0.0002364795616786464 153799
1760010097552 0.00023565529969163325 153809
1760010097931 0.0002348040275641035 153819
1760010098302 0.00023392595119620877 153829
1760010098679 0.00023302128297133568 153839
1760010099054 0.00023209024170473566 153849
1760010099416 0.00023113305259059972 153859
1760010099801 0.00023014994714758955 153869
1760010100181 0.00022914116316283956 153879
1760010100555 0.00022810694463444245 153889
1760010100934 0.0002270475417124324 153899
1760010101320 0.00022596321063828064 153909
1760010101685 0.00022485421368291714 153919
1760010102051 0.00022372081908329455 153929
1760010102414 0.0002225633009775085 153939
1760010102782 0.00022138193933849104 153949
1760010103149 0.00022017701990629268 153959
1760010103515 0.0002189488341189691 153969
1760010103880 0.00021769767904209055 153979
1760010104242 0.000216423857296889 153989
1760010104601 0.00021512767698706253 153999
1760010104962 0.00021380945162425302 154009
1760010105322 0.00021246950005221596 154019
1760010105678 0.00021110814636970078 154029
1760010106029 0.00020972571985205965 154039
1760010106334 0.00020832255487160495 154049
1760010106659 0.00020689899081673303 154059
1760010107022 0.0002054553720098354 154069
1760010107389 0.00020399204762401634 154079
1760010107746 0.0002025093715986369 154089
1760010108103 0.00020100770255370657 154099
1760010108460 0.00019948740370314273 154109
1760010108824 0.0001979488427669184 154119
1760010109184 0.00019639239188212114 154129
1760010109554 0.0001948184275129423 154139
1760010109922 0.0001932273303596208 154149
1760010110292 0.00019161948526636168 154159
1760010110655 0.00018999528112825247 154169
1760010111018 0.0001883551107971998 154179
1760010111382 0.0001866993709869089 154189
1760010111749 0.00018502846217692922 154199
1760010112111 0.00018334278851578893 154209
1760010112481 0.00018164275772324196 154219
1760010112859 0.0001799287809916518 154229
1760010113234 0.0001782012728865346 154239
1760010113618 0.00017646065124628702 154249
1760010114007 0.00017470733708112193 154259
1760010114394 0.00017294175447123757 154269
1760010114779 0.00017116433046424342 154279
1760010115158 0.000169375494971869 154289
1760010115545 0.0001675756806659794 154299
1760010115941 0.0001657653228739237 154309
1760010116324 0.00016394485947324056 154319
1760010116711 0.00016211473078574725 154329
1760010117078 0.00016027537947103782 154339
1760010117468 0.0001584272504194151 154349
1760010117854 0.00015657079064428377 154359
1760010118251 0.00015470644917402957 154369
1760010118681 0.00015283467694341126 154379
1760010119118 0.00015095592668449144 154389
1760010119558 0.00014907065281713277 154399
1760010119982 0.0001471793113390857 154409
1760010120414 0.0001452823597156948 154419
1760010120818 0.00014338025676925018 154429
1760010121234 0.0001414734625680101 154439
1760010121615 0.00013956243831492312 154449
1760010121996 0.00013764764623607514 154459
1760010122363 0.00013572954946888924 154469
1760010122734 0.00013380861195010478 154479
1760010123128 0.0001318852983035638 154489
1760010123538 0.00012996007372783052 154499
1760010123932 0.0001280334038836723 154509
1760010124313 0.00012610575478142852 154519
1760010124692 0.00012417759266829527 154529
1760010125077 0.00012224938391555224 154539
1760010125453 0.00012032159490576005 154549
1760010125841 0.00011839469191995459 154559
1760010126200 0.00011646914102486611 154569
1760010126607 0.00011454540796018996 154579
1760010126985 0.00011262395802593653 154589
1760010127371 0.00011070525596988742 154599
1760010127763 0.00010878976587518549 154609
1760010128157 0.00010687795104808524 154619
1760010128527 0.00010497027390589152 154629
1760010128913 0.00010306719586511278 154639
1760010129289 0.00010116917722985692 154649
1760010129643 9.92766770804958e-05 154659
1760010130015 9.739015316262581e-05 154669
1760010130367 9.551006177635158e-05 154679
1760010130727 9.363685766591883e-05 154689
1760010131101 9.177099390972396e-05 154699
1760010131471 8.991292181072632e-05 154709
1760010131842 8.806309078729001e-05 154719
1760010132213 8.622194826448155e-05 154729
1760010132583 8.438993956584957e-05 154739
1760010132946 8.256750780571281e-05 154749
1760010133328 8.075509378198268e-05 154759
1760010133698 7.895313586954565e-05 154769
1760010134071 7.71620699142324e-05 154779
1760010134448 7.538232912739781e-05 154789
1760010134818 7.361434398113903e-05 154799
1760010135189 7.18585421041754e-05 154809
1760010135568 7.011534817841659e-05 154819
1760010135943 6.838518383624326e-05 154829
1760010136317 6.666846755852515e-05 154839
1760010136690 6.496561457340222e-05 154849
1760010137064 6.32770367558512e-05 154859
1760010137440 6.160314252806476e-05 154869
1760010137821 5.994433676066429e-05 154879
1760010138197 5.8301020674772945e-05 154889
1760010138570 5.667359174497067e-05 154899
1760010138948 5.506244360315572e-05 154909
1760010139324 5.346796594333533e-05 154919
1760010139693 5.189054442736957e-05 154929
1760010140063 5.033056059168934e-05 154939
1760010140439 4.878839175501329e-05 154949
1760010140801 4.726441092708428e-05 154959
1760010141174 4.5758986718448015e-05 154969
1760010141543 4.4272483251296454e-05 154979
1760010141920 4.2805260071395633e-05 154989
1760010142285 4.1357672061121635e-05 154999
1760010142652 3.9930069353623686e-05 155009
1760010143038 3.85227972481363e-05 155019
1760010143410 3.71361961264604e-05 155029
1760010143780 3.5770601370634406e-05 155039
1760010144155 3.442634328181366e-05 155049
1760010144521 3.310374700037975e-05 155059
1760010144888 3.1803132427297556e-05 155069
1760010145264 3.052481414673948e-05 155079
1760010145642 2.9269101349996392e-05 155089
1760010146011 2.8036297760691802e-05 155099
1760010146379 2.6826701561319706e-05 155109
1760010146755 2.564060532112186e-05 155119
1760010147127 2.4478295925323178e-05 155129
1760010147501 2.3340054505741605e-05 155139
1760010147874 2.2226156372790195e-05 155149
1760010148258 2.113687094888627e-05 155159
1760010148672 2.0072461703285745e-05 155169
1760010149070 1.9033186088356695e-05 155179
1760010149485 1.80192954773084e-05 155189
1760010149894 1.70310351033911e-05 155199
1760010150307 1.6068644000580198e-05 155209
1760010150717 1.5132354945760589e-05 155219
1760010151135 1.422239440242397e-05 155229
1760010151540 1.3338982465893355e-05 155239
1760010151957 1.2482332810087826e-05 155249
1760010152344 1.1652652635840565e-05 155259
1760010152721 1.0850142620782293e-05 155269
1760010153122 1.0074996870802865e-05 155279
1760010153553 9.327402873102143e-06 155289
1760010153979 8.607541450841688e-06 155299
1760010154393 7.91558671940867e-06 155309
1760010154779 7.2517060443017325e-06 155319
1760010155181 6.616060000649873e-06 155329
1760010155550 6.0088023343735595e-06 155339
1760010155951 5.430079924997575e-06 155349
1760010156330 4.8800327501248775e-06 155359
1760010156727 4.35879385157966e-06 155369
1760010157116 3.866489303228026e-06 155379
1760010157517 3.403238180484205e-06 155389
1760010157919 2.96915253150921e-06 155399
1760010158335 2.5643373501094357e-06 155409
1760010158721 2.188890550341482e-06 155419
1760010159104 1.8429029428292089e-06 155429
1760010159519 1.5264582127992054e-06 155439
1760010159912 1.2396328998394276e-06 155449
1760010160298 9.824963793864262e-07 155459
1760010160665 7.551108459451427e-07 155469
1760010161028 5.575312980457757e-07 155479
1760010161400 3.898055249411034e-07 155489
1760010161770 2.519740950474961e-07 155499
1760010162135 1.4407034613253832e-07 155509
1760010162517 6.612037725140697e-08 155519
1760010162876 1.8143042434359762e-08 155529
1760010163258 1.4994612629724666e-10 155539
1760010163639 0.0002479573869520364 155549
1760010164008 0.0002479154057686128 155559
1760010164378 0.00024784344905015424 155569
1760010164747 0.0002477415342010827 155579
1760010165111 0.0002476096858718971 155589
1760010165469 0.0002474479359532119 155599
1760010165827 0.0002472563235680426 155609
1760010166187 0.00024703489506234367 155619
1760010166560 0.0002467837039937982 155629
1760010166929 0.00024650281111886403 155639
1760010167305 0.0002461922843780782 155649
1760010167683 0.0002458521988796242 155659
1760010168066 0.0002454826368811648 155669
1760010168436 0.00024508368776994657 155679
1760010168801 0.0002446554480411792 155689
1760010169179 0.0002441980212746962 155699
1760010169560 0.0002437115181099011 155709
1760010169924 0.00024319605621900733 155719
1760010170300 0.0002426517602785761 155729
1760010170675 0.00024207876193936057 155739
1760010171056 0.0002414771997944628 155749
1760010171440 0.00024084721934581208 155759
1760010171824 0.0002401889729689717 155769
1760010172193 0.00023950261987628325 155779
1760010172567 0.00023878832607835763 155789
1760010172946 0.00023804626434392124 155799
1760010173325 0.00023727661415802798 155809
1760010173700 0.0002364795616786464 155819
1760010174100 0.00023565529969163325 155829
1760010174480 0.0002348040275641035 155839
1760010174852 0.00023392595119620877 155849
1760010175230 0.00023302128297133568 155859
1760010175608 0.00023209024170473566 155869
1760010175992 0.00023113305259059972 155879
1760010176367 0.00023014994714758955 155889
1760010176742 0.00022914116316283956 155899
1760010177116 0.00022810694463444245 155909
1760010177495 0.0002270475417124324 155919
1760010177862 0.00022596321063828064 155929
1760010178232 0.00022485421368291714 155939
1760010178613 0.00022372081908329455 155949
1760010178994 0.0002225633009775085 155959
1760010179378 0.00022138193933849104 155969
1760010179753 0.00022017701990629268 155979
1760010180124 0.0002189488341189691 155989
1760010180492 0.00021769767904209055 155999
1760010180866 0.000216423857296889 156009
1760010181243 0.00021512767698706253 156019
1760010181613 0.00021380945162425302 156029
1760010181992 0.00021246950005221596 156039
1760010182370 0.00021110814636970078 156049
1760010182743 0.00020972571985205965 156059
1760010183115 0.00020832255487160495 156069
1760010183477 0.00020689899081673303 156079
1760010183830 0.0002054553720098354 156089
1760010184190 0.00020399204762401634 156099
1760010184564 0.0002025093715986369 156109
1760010184938 0.00020100770255370657 156119
1760010185315 0.00019948740370314273 156129
1760010185694 0.0001979488427669184 156139
1760010186073 0.00019639239188212114 156149
1760010186460 0.0001948184275129423 156159
1760010186848 0.0001932273303596208 156169
1760010187242 0.00019161948526636168 156179
1760010187646 0.00018999528112825247 156189
1760010188069 0.0001883551107971998 156199
1760010188454 0.0001866993709869089 156209
1760010188842 0.00018502846217692922 156219
1760010189263 0.00018334278851578893 156229
1760010189688 0.00018164275772324196 156239
1760010190143 0.0001799287809916518 156249
1760010190564 0.0001782012728865346 156259
1760010191002 0.00017646065124628702 156269
1760010191451 0.00017470733708112193 156279
1760010191885 0.00017294175447123757 156289
1760010192312 0.00017116433046424342 156299
1760010192718 0.000169375494971869 156309
1760010193129 0.0001675756806659794 156319
1760010193525 0.0001657653228739237 156329
1760010193896 0.00016394485947324056 156339
1760010194287 0.00016211473078574725 156349
1760010194620 0.00016027537947103782 156359
1760010194928 0.0001584272504194151 156369
1760010195240 0.00015657079064428377 156379
1760010195621 0.00015470644917402957 156389
1760010196020 0.00015283467694341126 156399
1760010196405 0.00015095592668449144 156409
1760010196861 0.00014907065281713277 156419
1760010197259 0.0001471793113390857 156429
1760010197643 0.0001452823597156948 156439
1760010198042 0.00014338025676925018 156449
1760010198507 0.0001414734625680101 156459
1760010198983 0.00013956243831492312 156469
1760010199401 0.00013764764623607514 156479
1760010199793 0.00013572954946888924 156489
1760010200192 0.00013380861195010478 156499
1760010200583 0.0001318852983035638 156509
1760010200960 0.00012996007372783052 156519
1760010201349 0.0001280334038836723 156529
1760010201758 0.00012610575478142852 156539
1760010202142 0.00012417759266829527 156549
1760010202487 0.00012224938391555224 156559
1760010202779 0.00012032159490576005 156569
1760010203190 0.00011839469191995459 156579
1760010203590 0.00011646914102486611 156589
1760010203991 0.00011454540796018996 156599
1760010204379 0.00011262395802593653 156609
1760010204768 0.00011070525596988742 156619
1760010205154 0.00010878976587518549 156629
1760010205446 0.00010687795104808524 156639
1760010205769 0.00010497027390589152 156649
1760010206210 0.00010306719586511278 156659
1760010206639 0.00010116917722985692 156669
1760010207048 9.92766770804958e-05 156679
1760010207453 9.739015316262581e-05 156689
1760010207845 9.551006177635158e-05 156699
1760010208260 9.363685766591883e-05 156709
1760010208677 9.177099390972396e-05 156719
1760010209105 8.991292181072632e-05 156729
1760010209486 8.806309078729001e-05 156739
1760010209855 8.622194826448155e-05 156749
1760010210229 8.438993956584957e-05 156759
1760010210605 8.256750780571281e-05 156769
1760010210977 8.075509378198268e-05 156779
1760010211354 7.895313586954565e-05 156789
1760010211726 7.71620699142324e-05 156799
1760010212099 7.538232912739781e-05 156809
1760010212464 7.361434398113903e-05 156819
1760010212828 7.18585421041754e-05 156829
1760010213200 7.011534817841659e-05 156839
1760010213571 6.838518383624326e-05 156849
1760010213940 6.666846755852515e-05 156859
1760010214316 6.496561457340222e-05 156869
1760010214675 6.32770367558512e-05 156879
1760010215035 6.160314252806476e-05 156889
1760010215398 5.994433676066429e-05 156899
1760010215762 5.8301020674772945e-05 156909
1760010216136 5.667359174497067e-05 156919
1760010216509 5.506244360315572e-05 156929
1760010216882 5.346796594333533e-05 156939
1760010217255 5.189054442736957e-05 156949
1760010217630 5.033056059168934e-05 156959
1760010218034 4.878839175501329e-05 156969
1760010218398 4.726441092708428e-05 156979
1760010218756 4.5758986718448015e-05 156989
1760010219148 4.4272483251296454e-05 156999
1760010219535 4.2805260071395633e-05 157009
1760010219911 4.1357672061121635e-05 157019
1760010220287 3.9930069353623686e-05 157029
1760010220661 3.85227972481363e-05 157039
1760010221036 3.71361961264604e-05 157049
1760010221418 3.5770601370634406e-05 157059
1760010221812 3.442634328181366e-05 157069
1760010222221 3.310374700037975e-05 157079
1760010222622 3.1803132427297556e-05 157089
1760010223017 3.052481414673948e-05 157099
1760010223395 2.9269101349996392e-05 157109
1760010223786 2.8036297760691802e-05 157119
1760010224175 2.6826701561319706e-05 157129
1760010224540 2.564060532112186e-05 157139
1760010224902 2.4478295925323178e-05 157149
1760010225279 2.3340054505741605e-05 157159
1760010225670 2.2226156372790195e-05 157169
1760010226047 2.113687094888627e-05 157179
1760010226427 2.0072461703285745e-05 157189
1760010226819 1.9033186088356695e-05 157199
1760010227212 1.80192954773084e-05 157209
1760010227599 1.70310351033911e-05 157219
1760010227975 1.6068644000580198e-05 157229
1760010228347 1.5132354945760589e-05 157239
1760010228718 1.422239440242397e-05 157249
1760010229091 1.3338982465893355e-05 157259
1760010229460 1.2482332810087826e-05 157269
1760010229831 1.1652652635840565e-05 157279
1760010230216 1.0850142620782293e-05 157289
1760010230585 1.0074996870802865e-05 157299
1760010230949 9.327402873102143e-06 157309
1760010231321 8.607541450841688e-06 157319
1760010231693 7.91558671940867e-06 157329
1760010232063 7.2517060443017325e-06 157339
1760010232436 6.616060000649873e-06 157349
1760010232804 6.0088023343735595e-06 157359
1760010233184 5.430079924997575e-06 157369
1760010233555 4.8800327501248775e-06 157379
1760010233927 4.35879385157966e-06 157389
1760010234759 3.866489303228026e-06 157399
1760010235128 3.403238180484205e-06 157409
1760010235496 2.96915253150921e-06 157419
1760010235872 2.5643373501094357e-06 157429
1760010236273 2.188890550341482e-06 157439
1760010236670 1.8429029428292089e-06 157449
1760010237029 1.5264582127992054e-06 157459
1760010237400 1.2396328998394276e-06 157469
1760010237776 9.824963793864262e-07 157479
1760010238153 7.551108459451427e-07 157489
1760010238526 5.575312980457757e-07 157499
1760010238895 3.898055249411034e-07 157509
1760010239271 2.519740950474961e-07 157519
1760010253447 1.433499944018756e-07 157529
1760010253867 6.578977536514993e-08 157539
1760010254279 1.8052327222187962e-08 157549
1760010254705 1.491963956657604e-10 157559
1760010255097 0.00024671760001727624 157569
1760010255511 0.00024667582873976975 157579
1760010255966 0.0002466042318049035 157589
1760010256392 0.00024650282653007724 157599
1760010256805 0.0002463716374425376 157609
1760010257201 0.0002462106962734458 157619
1760010257604 0.0002460200419502024 157629
1760010257997 0.00024579972058703193 157639
1760010258429 0.00024554978547382917 157649
1760010258847 0.0002452702970632697 157659
1760010259264 0.00024496132295618786 157669
1760010259696 0.0002446229378852261 157679
1760010260136 0.00024425522369675895 157689
1760010260590 0.0002438582693310968 157699
1760010261035 0.0002434321708009733 157709
1760010261483 0.00024297703116832266 157719
1760010261856 0.00024249296051935158 157729
1760010262296 0.0002419800759379123 157739
1760010262740 0.00024143850147718323 157749
1760010263180 0.00024086836812966375 157759
1760010263612 0.00024026981379549045 157769
1760010264067 0.000239642983249083 157779
1760010264484 0.0002389880281041268 157789
1760010264928 0.00023830510677690182 157799
1760010265353 0.00023759438444796583 157809
1760010265771 0.00023685603302220164 157819
1760010266188 0.0002360902310872378 157829
1760010266623 0.00023529716387025315 157839
1760010267065 0.00023447702319317508 157849
1760010267484 0.00023363000742628297 157859
1760010267912 0.0002327563214402277 157869
1760010268327 0.000231856176556479 157879
1760010268741 0.00023092979049621197 157889
1760010269178 0.0002299773873276467 157899
1760010269646 0.0002289991974118516 157909
1760010270104 0.00022799545734702534 157919
1760010270583 0.0002269664099112702 157929
1760010271012 0.00022591230400387022 157939
1760010271444 0.0002248333945850892 157949
1760010271852 0.00022372994261450255 157959
1760010272258 0.00022260221498787805 157969
1760010272667 0.00022145048447262092 157979
1760010273104 0.00022027502964179857 157989
1760010273548 0.0002190761348067612 157999
1760010274000 0.00021785408994837426 158009
1760010274449 0.00021660919064688008 158019
1760010274936 0.00021534173801040455 158029
1760010275372 0.0002140520386021272 158039
1760010275871 0.00021274040436613172 158049
1760010276466 0.00021140715255195486 158059
1760010276939 0.00021005260563785227 158069
1760010277405 0.00020867709125279934 158079
1760010277899 0.0002072809420972469 158089
1760010278438 0.00020586449586264936 158099
1760010278880 0.00020442809514978623 158109
1760010279327 0.00020297208738589623 158119
1760010279727 0.00020149682474064368 158129
1760010280122 0.00020000266404093803 158139
1760010280518 0.000198489966684627 158149
1760010280889 0.0001969590985530838 158159
1760010281256 0.00019541042992271052 158169
1760010281678 0.00019384433537537757 158179
1760010282057 0.00019226119370782267 158189
1760010282517 0.00019066138784002988 158199
1760010282958 0.0001890453047226112 158209
1760010283409 0.0001874133352432138 158219
1760010283834 0.00018576587413197436 158229
1760010284288 0.00018410331986604456 158239
1760010284688 0.00018242607457320998 158249
1760010285114 0.00018073454393462574 158259
1760010285523 0.00017902913708669352 158269
1760010285902 0.0001773102665221019 158279
1760010286295 0.00017557834799005557 158289
1760010286668 0.0001738338003957163 158299
1760010287041 0.00017207704569888136 158309
1760010287431 0.00017030850881192218 158319
1760010287816 0.00016852861749700964 158329
1760010288197 0.00016673780226264951 158339
1760010288571 0.0001649364962595541 158349
1760010288966 0.00016312513517587434 158359
1760010289328 0.0001613041571318185 158369
1760010289686 0.0001594740025736826 158379
1760010290039 0.000157635114167318 158389
1760010290393 0.00015578793669106234 158399
1760010290744 0.00015393291692815942 158409
1760010291098 0.00015207050355869417 158419
1760010291457 0.00015020114705106897 158429
1760010291814 0.0001483252995530471 158439
1760010292174 0.00014644341478239025 158449
1760010292538 0.00014455594791711634 158459
1760010292897 0.0001426633554854039 158469
1760010293255 0.00014076609525517006 158479
1760010293599 0.0001388646261233485 158489
1760010293944 0.00013695940800489476 158499
1760010294291 0.0001350509017215448 158509
1760010294637 0.00013313956889035426 158519
1760010295011 0.00013122587181204598 158529
1760010295367 0.00012931027335919134 158539
1760010295717 0.00012739323686425394 158549
1760010296068 0.00012547522600752137 158559
1760010296421 0.00012355670470495377 158569
1760010296770 0.00012163813699597448 158579
1760010297133 0.00011971998693123123 158589
1760010297496 0.0001178027184603548 158599
1760010297852 0.00011588679531974178 158609
1760010298203 0.000113972680920389 158619
1760010298556 0.00011206083823580684 158629
1760010298906 0.00011015172969003798 158639
1760010299253 0.00010824581704580954 158649
1760010299600 0.00010634356129284481 158659
1760010299948 0.00010444542253636205 158669
1760010300298 0.00010255185988578721 158679
1760010300646 0.00010066333134370763 158689
1760010300999 9.878029369509331e-05 158699
1760010301353 9.690320239681268e-05 158709
1760010301698 9.503251146746981e-05 158719
1760010302045 9.316867337758923e-05 158729
1760010302394 9.131213894017533e-05 158739
1760010302737 8.946335720167268e-05 158749
1760010303092 8.762277533335355e-05 158759
1760010303443 8.579083852315914e-05 158769
1760010303796 8.39679898680203e-05 158779
1760010304149 8.215467026668424e-05 158789
1760010304496 8.035131831307275e-05 158799
1760010304844 7.855837019019793e-05 158809
1760010305212 7.677625956466124e-05 158819
1760010305568 7.500541748176082e-05 158829
1760010305923 7.324627226123332e-05 158839
1760010306276 7.149924939365452e-05 158849
1760010306631 6.97647714375245e-05 158859
1760010306987 6.804325791706204e-05 158869
1760010307342 6.633512522073251e-05 158879
1760010307697 6.464078650053521e-05 158889
1760010308065 6.296065157207194e-05 158899
1760010308418 6.129512681542444e-05 158909
1760010308779 5.9644615076860965e-05 158919
1760010309141 5.800951557139908e-05 158929
1760010309496 5.639022378624581e-05 158939
1760010309850 5.478713138513994e-05 158949
1760010310207 5.3200626113618646e-05 158959
1760010310564 5.163109170523272e-05 158969
1760010310922 5.0078907788730895e-05 158979
1760010311278 4.854444979623822e-05 158989
1760010311639 4.7028088872448854e-05 158999
1760010311995 4.553019178485577e-05 159009
1760010312370 4.405112083503997e-05 159019
1760010312741 4.259123377103865e-05 159029
1760010313136 4.1150883700816026e-05 159039
1760010313530 3.9730419006855566e-05 159049
1760010313926 3.8330183261895616e-05 159059
1760010314306 3.695051514582809e-05 159069
1760010314670 3.5591748363781235e-05 159079
1760010315028 3.4254211565404594e-05 159089
1760010315381 3.293822826537785e-05 159099
1760010315741 3.164411676516107e-05 159109
1760010316105 3.037219007600578e-05 159119
1760010316478 2.9122755843246407e-05 159129
1760010316866 2.789611627188834e-05 159139
1760010317254 2.6692568053513104e-05 159149
1760010317625 2.5512402294516248e-05 159159
1760010317997 2.435590444569656e-05 159169
1760010318389 2.3223354233212896e-05 159179
1760010318784 2.211502559092624e-05 159189
1760010319162 2.1031186594141836e-05 159199
1760010319564 1.9972099394769316e-05 159209
1760010319955 1.8938020157914912e-05 159219
1760010320374 1.7929198999921858e-05 159229
1760010320798 1.6945879927874143e-05 159239
1760010321179 1.5988300780577294e-05 159249
1760010321567 1.5056693171031785e-05 159259
1760010321956 1.415128243041185e-05 159269
1760010322335 1.3272287553563888e-05 159279
1760010322714 1.2419921146037388e-05 159289
1760010323051 1.1594389372661363e-05 159299
1760010323459 1.079589190767838e-05 159309
1760010323874 1.002462188644885e-05 159319
1760010324289 9.280765858736632e-06 159329
1760010324705 8.564503743587479e-06 159339
1760010325127 7.876008785811626e-06 159349
1760010325535 7.215447514080224e-06 159359
1760010325953 6.582979700646623e-06 159369
1760010326380 5.978758322701691e-06 159379
1760010326803 5.402929525372587e-06 159389
1760010327242 4.855632586374252e-06 159399
1760010327654 4.336999882321761e-06 159409
1760010328073 3.847156856711886e-06 159419
1760010328471 3.3862219895817836e-06 159429
1760010328850 2.954306768851664e-06 159439
1760010329277 2.5515156633588885e-06 159449
1760010329691 2.1779460975897744e-06 159459
1760010330111 1.8336884281150627e-06 159469
1760010330524 1.5188259217352094e-06 159479
1760010330974 1.2334347353402305e-06 159489
1760010331400 9.77583897489494e-07 159499
1760010331836 7.513352917154169e-07 159509
1760010332246 5.547436415555468e-07 159519
1760010332661 3.8785649731639786e-07 159529
1760010333097 2.507142245722586e-07 159539
1760010333544 1.433499944018756e-07 159549
1760010333985 6.578977536514993e-08 159559
1760010334411 1.8052327222187962e-08 159569
1760010334847 1.491963956657604e-10 159579
1760010335262 0.00024671760001727624 159589
1760010335677 0.00024667582873976975 159599
1760010336107 0.0002466042318049035 159609
1760010336521 0.00024650282653007724 159619
1760010336990 0.0002463716374425376 159629
1760010337451 0.0002462106962734458 159639
1760010337888 0.0002460200419502024 159649
1760010338315 0.00024579972058703193 159659
1760010338689 0.00024554978547382917 159669
1760010339117 0.0002452702970632697 159679
1760010339568 0.00024496132295618786 159689
1760010339995 0.0002446229378852261 159699
1760010340385 0.00024425522369675895 159709
1760010340811 0.0002438582693310968 159719
1760010341222 0.0002434321708009733 159729
1760010341639 0.00024297703116832266 159739
1760010342052 0.00024249296051935158 159749
1760010342429 0.0002419800759379123 159759
1760010342820 0.00024143850147718323 159769
1760010343191 0.00024086836812966375 159779
1760010343586 0.00024026981379549045 159789
1760010343971 0.000239642983249083 159799
1760010344358 0.0002389880281041268 159809
1760010344723 0.00023830510677690182 159819
1760010345094 0.00023759438444796583 159829
1760010345461 0.00023685603302220164 159839
1760010345828 0.0002360902310872378 159849
1760010346194 0.00023529716387025315 159859
1760010346571 0.00023447702319317508 159869
1760010346924 0.00023363000742628297 159879
1760010347279 0.0002327563214402277 159889
1760010347626 0.000231856176556479 159899
1760010347989 0.00023092979049621197 159909
1760010348340 0.0002299773873276467 159919
1760010348688 0.0002289991974118516 159929
1760010349044 0.00022799545734702534 159939
1760010349393 0.0002269664099112702 159949
1760010349743 0.00022591230400387022 159959
1760010350089 0.0002248333945850892 159969
1760010350440 0.00022372994261450255 159979
1760010350792 0.00022260221498787805 159989
1760010351149 0.00022145048447262092 159999
1760010351507 0.00022027502964179857 160009
1760010351925 0.0002190761348067612 160019
1760010352308 0.00021785408994837426 160029
1760010352680 0.00021660919064688008 160039
1760010353063 0.00021534173801040455 160049
1760010353409 0.0002140520386021272 160059
1760010353754 0.00021274040436613172 160069
1760010354100 0.00021140715255195486 160079
1760010354450 0.00021005260563785227 160089
1760010354812 0.00020867709125279934 160099
1760010355171 0.0002072809420972469 160109
1760010355540 0.00020586449586264936 160119
1760010355912 0.00020442809514978623 160129
1760010356288 0.00020297208738589623 160139
1760010356688 0.00020149682474064368 160149
1760010357037 0.00020000266404093803 160159
1760010357383 0.000198489966684627 160169
1760010357726 0.0001969590985530838 160179
1760010358087 0.00019541042992271052 160189
1760010358439 0.00019384433537537757 160199
1760010358794 0.00019226119370782267 160209
1760010359146 0.00019066138784002988 160219
1760010359498 0.0001890453047226112 160229
1760010359851 0.0001874133352432138 160239
1760010360217 0.00018576587413197436 160249
1760010360578 0.00018410331986604456 160259
1760010360945 0.00018242607457320998 160269
1760010361294 0.00018073454393462574 160279
1760010361652 0.00017902913708669352 160289
1760010362010 0.0001773102665221019 160299
1760010362367 0.00017557834799005557 160309
1760010362737 0.0001738338003957163 160319
1760010363104 0.00017207704569888136 160329
1760010363474 0.00017030850881192218 160339
1760010363842 0.00016852861749700964 160349
1760010364211 0.00016673780226264951 160359
1760010364589 0.0001649364962595541 160369
1760010364965 0.00016312513517587434 160379
1760010365336 0.0001613041571318185 160389
1760010365704 0.0001594740025736826 160399
1760010366088 0.000157635114167318 160409
1760010366473 0.00015578793669106234 160419
1760010366848 0.00015393291692815942 160429
1760010367213 0.00015207050355869417 160439
1760010367587 0.00015020114705106897 160449
1760010367962 0.0001483252995530471 160459
1760010368343 0.00014644341478239025 160469
1760010368711 0.00014455594791711634 160479
1760010369063 0.0001426633554854039 160489
1760010369419 0.00014076609525517006 160499
1760010369782 0.0001388646261233485 160509
1760010370141 0.00013695940800489476 160519
1760010370519 0.0001350509017215448 160529
1760010370890 0.00013313956889035426 160539
1760010371284 0.00013122587181204598 160549
1760010371654 0.00012931027335919134 160559
1760010372004 0.00012739323686425394 160569
1760010372359 0.00012547522600752137 160579
1760010372724 0.00012355670470495377 160589
1760010373100 0.00012163813699597448 160599
1760010373485 0.00011971998693123123 160609
1760010373858 0.0001178027184603548 160619
1760010374227 0.00011588679531974178 160629
1760010374596 0.000113972680920389 160639
1760010374963 0.00011206083823580684 160649
1760010375331 0.00011015172969003798 160659
1760010375702 0.00010824581704580954 160669
1760010376071 0.00010634356129284481 160679
1760010376440 0.00010444542253636205 160689
1760010376803 0.00010255185988578721 160699
1760010377190 0.00010066333134370763 160709
1760010377557 9.878029369509331e-05 160719
1760010377930 9.690320239681268e-05 160729
1760010378302 9.503251146746981e-05 160739
1760010378671 9.316867337758923e-05 160749
1760010379034 9.131213894017533e-05 160759
1760010379395 8.946335720167268e-05 160769
1760010379764 8.762277533335355e-05 160779
1760010380122 8.579083852315914e-05 160789
1760010380490 8.39679898680203e-05 160799
1760010380841 8.215467026668424e-05 160809
1760010381203 8.035131831307275e-05 160819
1760010381569 7.855837019019793e-05 160829
1760010381951 7.677625956466124e-05 160839
1760010382329 7.500541748176082e-05 160849
1760010382705 7.324627226123332e-05 160859
1760010383072 7.149924939365452e-05 160869
1760010383464 6.97647714375245e-05 160879
1760010383831 6.804325791706204e-05 160889
1760010384201 6.633512522073251e-05 160899
1760010384575 6.464078650053521e-05 160909
1760010384943 6.296065157207194e-05 160919
1760010385396 6.129512681542444e-05 160929
1760010385856 5.9644615076860965e-05 160939
1760010386224 5.800951557139908e-05 160949
1760010386588 5.639022378624581e-05 160959
1760010386960 5.478713138513994e-05 160969
1760010387349 5.3200626113618646e-05 160979
1760010387729 5.163109170523272e-05 160989
1760010388093 5.0078907788730895e-05 160999
1760010388463 4.854444979623822e-05 161009
1760010388824 4.7028088872448854e-05 161019
1760010389196 4.553019178485577e-05 161029
1760010389561 4.405112083503997e-05 161039
1760010389924 4.259123377103865e-05 161049
1760010390288 4.1150883700816026e-05 161059
1760010390652 3.9730419006855566e-05 161069
1760010391019 3.8330183261895616e-05 161079
1760010391388 3.695051514582809e-05 161089
1760010391749 3.5591748363781235e-05 161099
1760010392107 3.4254211565404594e-05 161109
1760010392469 3.293822826537785e-05 161119
1760010392833 3.164411676516107e-05 161129
1760010393204 3.037219007600578e-05 161139
1760010393565 2.9122755843246407e-05 161149
1760010393927 2.789611627188834e-05 161159
1760010394286 2.6692568053513104e-05 161169
1760010394642 2.5512402294516248e-05 161179
1760010395000 2.435590444569656e-05 161189
1760010395374 2.3223354233212896e-05 161199
1760010395732 2.211502559092624e-05 161209
1760010396091 2.1031186594141836e-05 161219
1760010396459 1.9972099394769316e-05 161229
1760010396812 1.8938020157914912e-05 161239
1760010397164 1.7929198999921858e-05 161249
1760010397532 1.6945879927874143e-05 161259
1760010397894 1.5988300780577294e-05 161269
1760010398246 1.5056693171031785e-05 161279
1760010398611 1.415128243041185e-05 161289
1760010398969 1.3272287553563888e-05 161299
1760010399336 1.2419921146037388e-05 161309
1760010399691 1.1594389372661363e-05 161319
1760010400055 1.079589190767838e-05 161329
1760010400452 1.002462188644885e-05 161339
1760010400821 9.280765858736632e-06 161349
1760010401178 8.564503743587479e-06 161359
1760010401538 7.876008785811626e-06 161369
1760010401899 7.215447514080224e-06 161379
1760010402258 6.582979700646623e-06 161389
1760010402614 5.978758322701691e-06 161399
1760010403003 5.402929525372587e-06 161409
1760010403392 4.855632586374252e-06 161419
1760010403757 4.336999882321761e-06 161429
1760010404600 3.847156856711886e-06 161439
1760010404961 3.3862219895817836e-06 161449
1760010405327 2.954306768851664e-06 161459
1760010405691 2.5515156633588885e-06 161469
1760010406054 2.1779460975897744e-06 161479
1760010406418 1.8336884281150627e-06 161489
1760010406809 1.5188259217352094e-06 161499
1760010407156 1.2334347353402305e-06 161509
1760010407503 9.77583897489494e-07 161519
1760010407851 7.513352917154169e-07 161529
1760010408239 5.547436415555468e-07 161539
1760010408604 3.8785649731639786e-07 161549
1760010408966 2.507142245722586e-07 161559
1760010423582 1.4263324442986622e-07 161569
1760010423871 6.546082648832418e-08 161579
1760010424175 1.7962065586077022e-08 161589
1760010424548 1.484504136874316e-10 161599
1760010424916 0.00024548401201718984 161609
1760010425290 0.0002454424495960709 161619
1760010425722 0.0002453712106458789 161629
1760010426085 0.0002452703123974268 161639
1760010426447 0.00024513977925532494 161649
1760010426809 0.00024497964279207856 161659
1760010427164 0.00024478994174045133 161669
1760010427529 0.00024457072198409675 161679
1760010427934 0.00024432203654646003 161689
1760010428304 0.00024404394557795333 161699
1760010428674 0.00024373651634140687 161709
1760010429050 0.00024339982319579996 161719
1760010429423 0.00024303394757827515 161729
1760010429793 0.0002426389779844413 161739
1760010430165 0.00024221500994696843 161749
1760010430539 0.00024176214601248104 161759
1760010430909 0.0002412804957167548 161769
1760010431284 0.0002407701755582227 161779
1760010431660 0.00024023130896979727 161789
1760010432082 0.0002396640262890154 161799
1760010432457 0.000239068464726513 161809
1760010432840 0.00023844476833283758 161819
1760010433207 0.00023779308796360616 161829
1760010433579 0.0002371135812430173 161839
1760010433930 0.000236406412525726 161849
1760010434295 0.0002356717528570906 161859
1760010434671 0.0002349097799318016 161869
1760010435042 0.00023412067805090187 161879
1760010435420 0.0002333046380772092 161889
1760010435789 0.00023246185738915153 161899
1760010436159 0.00023159253983302656 161909
1760010436527 0.00023069689567369658 161919
1760010436893 0.0002297751415437309 161929
1760010437264 0.00022882750039100846 161939
1760010437641 0.0002278542014247923 161949
1760010438025 0.0002268554800602902 161959
1760010438404 0.00022583157786171384 161969
1760010438774 0.00022478274248385085 161979
1760010439145 0.00022370922761216376 161989
1760010439517 0.00022261129290143003 161999
1760010439898 0.00022148920391293865 162009
1760010440252 0.00022034323205025782 162019
1760010440609 0.00021917365449358956 162029
1760010440964 0.00021798075413272737 162039
1760010441316 0.00021676481949863238 162049
1760010441684 0.00021552614469364567 162059
1760010442042 0.0002142650293203525 162069
1760010442399 0.00021298177840911654 162079
1760010442762 0.00021167670234430107 162089
1760010443123 0.00021035011678919509 162099
1760010443482 0.000209002342609663 162109
1760010443842 0.00020763370579653532 162119
1760010444203 0.00020624453738676067 162129
1760010444561 0.0002048351733833361 162139
1760010444916 0.0002034059546740373 162149
1760010445303 0.00020195722694896673 162159
1760010445662 0.00020048934061694045 162169
1760010446018 0.00019900265072073334 162179
1760010446386 0.00019749751685120385 162189
1760010446745 0.00019597430306031837 162199
1760010447100 0.00019443337777309694 162209
1760010447462 0.00019287511369850066 162219
1760010447832 0.00019129988773928356 162229
1760010448196 0.0001897080809008297 162239
1760010448571 0.00018810007819899813 162249
1760010448946 0.0001864762685669977 162259
1760010449310 0.00018483704476131448 162269
1760010449674 0.00018318280326671432 162279
1760010450038 0.00018151394420034392 162289
1760010450414 0.0001798308712149526 162299
1760010450787 0.00017813399140126005 162309
1760010451160 0.00017642371518949138 162319
1760010451522 0.0001747004562501053 162329
1760010451877 0.0001729646313937377 162339
1760010452230 0.00017121666047038693 162349
1760010452580 0.00016945696626786256 162359
1760010452947 0.00016768597440952458 162369
1760010453337 0.00016590411325133624 162379
1760010453735 0.0001641118137782563 162389
1760010454122 0.00016230950949999495 162399
1760010454501 0.0001604976363461594 162409
1760010454877 0.00015867663256081418 162419
1760010455263 0.00015684693859648142 162429
1760010455656 0.00015500899700760702 162439
1760010456025 0.0001531632523435186 162449
1760010456388 0.0001513101510409007 162459
1760010456754 0.0001494501413158136 162469
1760010457115 0.00014758367305528185 162479
1760010457484 0.0001457111977084783 162489
1760010457859 0.00014383316817753074 162499
1760010458210 0.00014195003870797688 162509
1760010458572 0.0001400622647788942 162519
1760010458920 0.00013817030299273175 162529
1760010459268 0.00013627461096487028 162539
1760010459614 0.00013437564721293705 162549
1760010459970 0.00013247387104590248 162559
1760010460320 0.00013056974245298573 162569
1760010460668 0.0001286637219923954 162579
1760010461023 0.00012675627067993265 162589
1760010461381 0.00012484784987748374 162599
1760010461728 0.000122938921181429 162609
1760010462095 0.0001210299463109946 162619
1760010462453 0.00011912138699657507 162629
1760010462807 0.00011721370486805302 162639
1760010463170 0.00011530736134314306 162649
1760010463523 0.00011340281751578705 162659
1760010463875 0.0001115005340446278 162669
1760010464226 0.00010960097104158778 162679
1760010464589 0.00010770458796058049 162689
1760010464946 0.00010581184348638058 162699
1760010465300 0.00010392319542368024 162709
1760010465652 0.00010203910058635826 162719
1760010466005 0.00010016001468698908 162729
1760010466360 9.828639222661784e-05 162739
1760010466715 9.641868638482861e-05 162749
1760010467084 9.455734891013246e-05 162759
1760010467442 9.270283001070128e-05 162769
1760010467801 9.085557824547445e-05 162779
1760010468202 8.901604041566431e-05 162789
1760010468608 8.718466145668677e-05 162799
1760010469002 8.536188433054333e-05 162809
1760010469377 8.35481499186802e-05 162819
1760010469753 8.174389691535081e-05 162829
1760010470131 7.994956172150738e-05 162839
1760010470503 7.816557833924693e-05 162849
1760010470883 7.639237826683792e-05 162859
1760010471262 7.463039039435201e-05 162869
1760010471632 7.288004089992716e-05 162879
1760010471991 7.114175314668624e-05 162889
1760010472352 6.941594758033687e-05 162899
1760010472712 6.770304162747672e-05 162909
1760010473068 6.600344959462884e-05 162919
1760010473425 6.431758256803253e-05 162929
1760010473775 6.264584831421157e-05 162939
1760010474130 6.098865118134731e-05 162949
1760010474490 5.934639200147665e-05 162959
1760010474840 5.771946799354208e-05 162969
1760010475187 5.6108272667314575e-05 162979
1760010475539 5.451319572821423e-05 162989
1760010475896 5.293462298305055e-05 162999
1760010476247 5.1372936246706555e-05 163009
1760010476595 4.982851324978724e-05 163019
1760010476958 4.830172754725703e-05 163029
1760010477339 4.6792948428086604e-05 163039
1760010477705 4.530254082593149e-05 163049
1760010478062 4.3830865230864764e-05 163059
1760010478428 4.2378277602183455e-05 163069
1760010478791 4.094512928231194e-05 163079
1760010479162 3.9531766911821285e-05 163089
1760010479530 3.813853234558614e-05 163099
1760010479898 3.676576257009895e-05 163109
1760010480273 3.541378962196233e-05 163119
1760010480695 3.408294050757756e-05 163129
1760010481144 3.277353712405096e-05 163139
1760010481523 3.148589618133526e-05 163149
1760010481914 3.0220329125625752e-05 163159
1760010482287 2.8977142064030174e-05 163169
1760010482691 2.7756635690528896e-05 163179
1760010483107 2.6559105213245537e-05 163189
1760010483483 2.5384840283043666e-05 163199
1760010483859 2.4234124923468077e-05 163209
1760010484243 2.310723746204683e-05 163219
1760010484629 2.200445046297161e-05 163229
1760010485008 2.0926030661171128e-05 163239
1760010485395 1.987223889779547e-05 163249
1760010485756 1.8843330057125337e-05 163259
1760010486117 1.7839553004922247e-05 163269
1760010486461 1.6861150528234774e-05 163279
1760010486813 1.5908359276674408e-05 163289
1760010487172 1.4981409705176624e-05 163299
1760010487532 1.408052601825979e-05 163309
1760010487891 1.3205926115796068e-05 163319
1760010488246 1.2357821540307199e-05 163329
1760010488616 1.1536417425798055e-05 163339
1760010488985 1.0741912448139988e-05 163349
1760010489358 9.974498777016604e-06 163359
1760010489731 9.234362029442949e-06 163369
1760010490109 8.521681224869541e-06 163379
1760010490463 7.836628741882567e-06 163389
1760010490813 7.179370276509822e-06 163399
1760010491156 6.550064802143389e-06 163409
1760010491511 5.948864531088182e-06 163419
1760010491864 5.375914877745724e-06 163429
1760010492220 4.831354423442381e-06 163439
1760010492572 4.3153148829101526e-06 163449
1760010492942 3.827921072428326e-06 163459
1760010493314 3.3692908796338747e-06 163469
1760010493688 2.9395352350074056e-06 163479
1760010494053 2.5387580850420938e-06 163489
1760010494406 2.1670563671018254e-06 163499
1760010494765 1.8245199859744873e-06 163509
1760010495128 1.5112317921265331e-06 163519
1760010495492 1.2272675616635292e-06 163529
1760010495869 9.726959780020465e-07 163539
1760010496239 7.475786152568397e-07 163549
1760010496610 5.51969923347769e-07 163559
1760010496983 3.859172148298158e-07 163569
1760010497358 2.494606534493973e-07 163579
1760010497733 1.4263324442986622e-07 163589
1760010498116 6.546082648832418e-08 163599
1760010498492 1.7962065586077022e-08 163609
1760010498860 1.484504136874316e-10 163619
1760010499239 0.00024548401201718984 163629
1760010499601 0.0002454424495960709 163639
1760010499988 0.0002453712106458789 163649
1760010500355 0.0002452703123974268 163659
1760010500720 0.00024513977925532494 163669
1760010501080 0.00024497964279207856 163679
1760010501454 0.00024478994174045133 163689
1760010501840 0.00024457072198409675 163699
1760010502211 0.00024432203654646003 163709
1760010502576 0.00024404394557795333 163719
1760010502951 0.00024373651634140687 163729
1760010503321 0.00024339982319579996 163739
1760010503688 0.00024303394757827515 163749
1760010504059 0.0002426389779844413 163759
1760010504440 0.00024221500994696843 163769
1760010504811 0.00024176214601248104 163779
1760010505178 0.0002412804957167548 163789
1760010505546 0.0002407701755582227 163799
1760010505913 0.00024023130896979727 163809
1760010506286 0.0002396640262890154 163819
1760010506664 0.000239068464726513 163829
1760010507035 0.00023844476833283758 163839
1760010507408 0.00023779308796360616 163849
1760010507777 0.0002371135812430173 163859
1760010508147 0.000236406412525726 163869
1760010508535 0.0002356717528570906 163879
1760010508952 0.0002349097799318016 163889
1760010509367 0.00023412067805090187 163899
1760010509814 0.0002333046380772092 163909
1760010510218 0.00023246185738915153 163919
1760010510606 0.00023159253983302656 163929
1760010510972 0.00023069689567369658 163939
1760010511379 0.0002297751415437309 163949
1760010511778 0.00022882750039100846 163959
1760010512161 0.0002278542014247923 163969
1760010512570 0.0002268554800602902 163979
1760010512977 0.00022583157786171384 163989
1760010513387 0.00022478274248385085 163999
1760010513771 0.00022370922761216376 164009
1760010514135 0.00022261129290143003 164019
1760010514498 0.00022148920391293865 164029
1760010514879 0.00022034323205025782 164039
1760010515248 0.00021917365449358956 164049
1760010515616 0.00021798075413272737 164059
1760010515984 0.00021676481949863238 164069
1760010516352 0.00021552614469364567 164079
1760010516720 0.0002142650293203525 164089
1760010517088 0.00021298177840911654 164099
1760010517446 0.00021167670234430107 164109
1760010517810 0.00021035011678919509 164119
1760010518180 0.000209002342609663 164129
1760010518546 0.00020763370579653532 164139
1760010518937 0.00020624453738676067 164149
1760010519313 0.0002048351733833361 164159
1760010519686 0.0002034059546740373 164169
1760010520058 0.00020195722694896673 164179
1760010520433 0.00020048934061694045 164189
1760010520808 0.00019900265072073334 164199
1760010521178 0.00019749751685120385 164209
1760010521564 0.00019597430306031837 164219
1760010521951 0.00019443337777309694 164229
1760010522329 0.00019287511369850066 164239
1760010522759 0.00019129988773928356 164249
1760010523153 0.0001897080809008297 164259
1760010523527 0.00018810007819899813 164269
1760010523905 0.0001864762685669977 164279
1760010524287 0.00018483704476131448 164289
1760010524659 0.00018318280326671432 164299
1760010525038 0.00018151394420034392 164309
1760010525421 0.0001798308712149526 164319
1760010525801 0.00017813399140126005 164329
1760010526178 0.00017642371518949138 164339
1760010526557 0.0001747004562501053 164349
1760010526936 0.0001729646313937377 164359
1760010527314 0.00017121666047038693 164369
1760010527687 0.00016945696626786256 164379
1760010528051 0.00016768597440952458 164389
1760010528423 0.00016590411325133624 164399
1760010528804 0.0001641118137782563 164409
1760010529171 0.00016230950949999495 164419
1760010529540 0.0001604976363461594 164429
1760010529908 0.00015867663256081418 164439
1760010530287 0.00015684693859648142 164449
1760010530671 0.00015500899700760702 164459
1760010531034 0.0001531632523435186 164469
1760010531389 0.0001513101510409007 164479
1760010531759 0.0001494501413158136 164489
1760010532121 0.00014758367305528185 164499
1760010532494 0.0001457111977084783 164509
1760010532857 0.00014383316817753074 164519
1760010533241 0.00014195003870797688 164529
1760010533631 0.0001400622647788942 164539
1760010533996 0.00013817030299273175 164549
1760010534355 0.00013627461096487028 164559
1760010534733 0.00013437564721293705 164569
1760010535113 0.00013247387104590248 164579
1760010535481 0.00013056974245298573 164589
1760010535847 0.0001286637219923954 164599
1760010536214 0.00012675627067993265 164609
1760010536583 0.00012484784987748374 164619
1760010536964 0.000122938921181429 164629
1760010537340 0.0001210299463109946 164639
1760010537733 0.00011912138699657507 164649
1760010538146 0.00011721370486805302 164659
1760010538574 0.00011530736134314306 164669
1760010539041 0.00011340281751578705 164679
1760010539456 0.0001115005340446278 164689
1760010539837 0.00010960097104158778 164699
1760010540256 0.00010770458796058049 164709
1760010540658 0.00010581184348638058 164719
1760010541056 0.00010392319542368024 164729
1760010541455 0.00010203910058635826 164739
1760010541870 0.00010016001468698908 164749
1760010542244 9.828639222661784e-05 164759
1760010542614 9.641868638482861e-05 164769
1760010543004 9.455734891013246e-05 164779
1760010543402 9.270283001070128e-05 164789
1760010543805 9.085557824547445e-05 164799
1760010544198 8.901604041566431e-05 164809
1760010544584 8.718466145668677e-05 164819
1760010544974 8.536188433054333e-05 164829
1760010545354 8.35481499186802e-05 164839
1760010545756 8.174389691535081e-05 164849
1760010546180 7.994956172150738e-05 164859
1760010546646 7.816557833924693e-05 164869
1760010547046 7.639237826683792e-05 164879
1760010547482 7.463039039435201e-05 164889
1760010547889 7.288004089992716e-05 164899
1760010548301 7.114175314668624e-05 164909
1760010548710 6.941594758033687e-05 164919
1760010549123 6.770304162747672e-05 164929
1760010549489 6.600344959462884e-05 164939
1760010549865 6.431758256803253e-05 164949
1760010550233 6.264584831421157e-05 164959
1760010550604 6.098865118134731e-05 164969
1760010550980 5.934639200147665e-05 164979
1760010551362 5.771946799354208e-05 164989
1760010551745 5.6108272667314575e-05 164999
1760010552126 5.451319572821423e-05 165009
1760010552502 5.293462298305055e-05 165019
1760010552875 5.1372936246706555e-05 165029
1760010553257 4.982851324978724e-05 165039
1760010553646 4.830172754725703e-05 165049
1760010554031 4.6792948428086604e-05 165059
1760010554416 4.530254082593149e-05 165069
1760010554794 4.3830865230864764e-05 165079
1760010555173 4.2378277602183455e-05 165089
1760010555551 4.094512928231194e-05 165099
1760010555940 3.9531766911821285e-05 165109
1760010556328 3.813853234558614e-05 165119
1760010556716 3.676576257009895e-05 165129
1760010557101 3.541378962196233e-05 165139
1760010557482 3.408294050757756e-05 165149
1760010557864 3.277353712405096e-05 165159
1760010558249 3.148589618133526e-05 165169
1760010558646 3.0220329125625752e-05 165179
1760010559028 2.8977142064030174e-05 165189
1760010559413 2.7756635690528896e-05 165199
1760010559793 2.6559105213245537e-05 165209
1760010560172 2.5384840283043666e-05 165219
1760010560553 2.4234124923468077e-05 165229
1760010560935 2.310723746204683e-05 165239
1760010561321 2.200445046297161e-05 165249
1760010561708 2.0926030661171128e-05 165259
1760010562089 1.987223889779547e-05 165269
1760010562464 1.8843330057125337e-05 165279
1760010562837 1.7839553004922247e-05 165289
1760010563211 1.6861150528234774e-05 165299
1760010563583 1.5908359276674408e-05 165309
1760010563951 1.4981409705176624e-05 165319
1760010564328 1.408052601825979e-05 165329
1760010564696 1.3205926115796068e-05 165339
1760010565058 1.2357821540307199e-05 165349
1760010565418 1.1536417425798055e-05 165359
1760010565786 1.0741912448139988e-05 165369
1760010566153 9.974498777016604e-06 165379
1760010566519 9.234362029442949e-06 165389
1760010566884 8.521681224869541e-06 165399
1760010567248 7.836628741882567e-06 165409
1760010567608 7.179370276509822e-06 165419
1760010567976 6.550064802143389e-06 165429
1760010568347 5.948864531088182e-06 165439
1760010568711 5.375914877745724e-06 165449
1760010569086 4.831354423442381e-06 165459
1760010569461 4.3153148829101526e-06 165469
1760010570311 3.827921072428326e-06 165479
1760010570672 3.3692908796338747e-06 165489
1760010571037 2.9395352350074056e-06 165499
1760010571432 2.5387580850420938e-06 165509
1760010571809 2.1670563671018254e-06 165519
1760010572192 1.8245199859744873e-06 165529
1760010572572 1.5112317921265331e-06 165539
1760010572973 1.2272675616635292e-06 165549
1760010573401 9.726959780020465e-07 165559
1760010573834 7.475786152568397e-07 165569
1760010574292 5.51969923347769e-07 165579
1760010574742 3.859172148298158e-07 165589
1760010636957 2.494606534493973e-07 165599
1760010637352 1.419200782077169e-07 165609
1760010637813 6.513352235588257e-08 165619
1760010638268 1.7872255258146636e-08 165629
1760010638727 1.4770816161899447e-10 165639
1760010639181 0.0002442565919571039 165649
1760010639624 0.00024421523734809056 165659
1760010640166 0.0002441443545926496 165669
1760010640641 0.00024404396083543972 165679
1760010641114 0.00024391408035904832 165689
1760010641524 0.0002437547445781182 165699
1760010641947 0.00024356599203174912 165709
1760010642396 0.0002433478683741763 165719
1760010642827 0.00024310042636372774 165729
1760010643211 0.0002428237258500636 165739
1760010643602 0.00024251783375969988 165749
1760010644036 0.00024218282407982098 165759
1760010644556 0.0002418187778403838 165769
1760010645054 0.0002414257830945191 165779
1760010645490 0.0002410039348972336 165789
1760010645906 0.00024055333528241865 165799
1760010646403 0.00024007409323817104 165809
1760010646900 0.00023956632468043163 165819
1760010647286 0.0002390301524249483 165829
1760010647773 0.00023846570615757037 165839
1760010648293 0.00023787312240288044 165849
1760010648756 0.0002372525444911734 165859
1760010649202 0.00023660412252378817 165869
1760010649645 0.00023592801333680223 165879
1760010650048 0.00023522438046309738 165889
1760010650444 0.00023449339409280516 165899
1760010650813 0.00023373523103214263 165909
1760010651196 0.0002329500746606474 165919
1760010651574 0.00023213811488682315 165929
1760010651935 0.0002312995481022058 165939
1760010652297 0.00023043457713386146 165949
1760010652669 0.0002295434111953281 165959
1760010653047 0.00022862626583601228 165969
1760010653434 0.00022768336288905345 165979
1760010653816 0.00022671493041766838 165989
1760010654195 0.00022572120265998877 165999
1760010654579 0.00022470241997240529 166009
1760010654958 0.00022365882877143162 166019
1760010655342 0.00022259068147410295 166029
1760010655722 0.0002214982364369229 166039
1760010656101 0.00022038175789337397 166049
1760010656472 0.00021924151589000653 166059
1760010656847 0.00021807778622112163 166069
1760010657216 0.00021689085036206374 166079
1760010657588 0.00021568099540113922 166089
1760010657960 0.00021444851397017746 166099
1760010658338 0.00021319370417375078 166109
1760010658710 0.00021191686951707098 166119
1760010659083 0.00021061831883257957 166129
1760010659457 0.00020929836620524914 166139
1760010659832 0.0002079573308966147 166149
1760010660208 0.00020659553726755267 166159
1760010660583 0.00020521331469982687 166169
1760010660964 0.00020381099751641944 166179
1760010661341 0.0002023889249006671 166189
1760010661717 0.00020094744081422192 166199
1760010662094 0.00019948689391385577 166209
1760010662468 0.0001980076374671297 166219
1760010662842 0.00019651002926694786 166229
1760010663221 0.0001949944315450168 166239
1760010663595 0.0001934612108842315 166249
1760010663968 0.00019191073813000818 166259
1760010664331 0.00019034338830058715 166269
1760010664697 0.00018875954049632558 166279
1760010665059 0.00018715957780800316 166289
1760010665424 0.00018554388722416274 166299
1760010665788 0.00018391285953750792 166309
1760010666154 0.00018226688925038076 166319
1760010666516 0.00018060637447934221 166329
1760010666877 0.00017893171685887785 166339
1760010667239 0.00017724332144425375 166349
1760010667611 0.00017554159661354395 166359
1760010667988 0.00017382695396885476 166369
1760010668361 0.00017209980823676904 166379
1760010668733 0.00017036057716803503 166389
1760010669099 0.00016860968143652327 166399
1760010669466 0.00016684754453747698 166409
1760010669828 0.0001650745926850796 166419
1760010670200 0.00016329125470936501 166429
1760010670578 0.000161497961952495 166439
1760010670958 0.0001596951481644286 166449
1760010671335 0.00015788324939801013 166459
1760010671718 0.00015606270390349902 166469
1760010672094 0.000154233952022569 166479
1760010672465 0.00015239743608180104 166489
1760010672843 0.00015055360028569623 166499
1760010673251 0.00014870289060923457 166509
1760010673646 0.00014684575469000544 166519
1760010674044 0.0001449826417199359 166529
1760010674430 0.0001431140023366431 166539
1760010674832 0.000141240288514437 166549
1760010675225 0.00013936195345499975 166559
1760010675636 0.0001374794514777681 166569
1760010676088 0.00013559323791004595 166579
1760010676578 0.00013370376897687238 166589
1760010676992 0.000131811501690673 166599
1760010677397 0.00012991689374072083 166609
1760010677713 0.00012802040338243342 166619
1760010678005 0.000126122489326533 166629
1760010678307 0.00012422361062809634 166639
1760010678604 0.00012232422657552187 166649
1760010678903 0.00012042479657943963 166659
1760010679281 0.0001185257800615922 166669
1760010679595 0.00011662763634371277 166679
1760010679996 0.00011473082453642736 166689
1760010680355 0.00011283580342820812 166699
1760010680757 0.00011094303137440467 166709
1760010681178 0.00010905296618637984 166719
1760010681579 0.0001071660650207776 166729
1760010681991 0.00010528278426894869 166739
1760010682429 0.00010340357944656184 166749
1760010682862 0.00010152890508342648 166759
1760010683317 9.965921461355416e-05 166769
1760010683782 9.779496026548476e-05 166779
1760010684272 9.593659295290448e-05 166789
1760010684717 9.408456216558182e-05 166799
1760010685155 9.223931586064777e-05 166809
1760010685710 9.040130035424709e-05 166819
1760010686140 8.8570960213586e-05 166829
1760010686528 8.674873814940335e-05 166839
1760010686979 8.493507490889063e-05 166849
1760010687399 8.313040916908681e-05 166859
1760010687835 8.133517743077406e-05 166869
1760010688288 7.954981391289985e-05 166879
1760010688726 7.77747504475507e-05 166889
1760010689185 7.601041637550374e-05 166899
1760010689614 7.425723844238025e-05 166909
1760010690050 7.251564069542752e-05 166919
1760010690470 7.078604438095281e-05 166929
1760010690889 6.906886784243519e-05 166939
1760010691303 6.736452641933934e-05 166949
1760010691722 6.567343234665572e-05 166959
1760010692153 6.399599465519237e-05 166969
1760010692582 6.233261907264052e-05 166979
1760010692994 6.068370792544058e-05 166989
1760010693411 5.904966004146928e-05 166999
1760010693835 5.743087065357437e-05 167009
1760010694251 5.5827731303978006e-05 167019
1760010694650 5.424062974957317e-05 167029
1760010695040 5.2669949868135305e-05 167039
1760010695452 5.1116071565473027e-05 167049
1760010695855 4.957937068353831e-05 167059
1760010696372 4.806021890952075e-05 167069
1760010696888 4.655898368594618e-05 167079
1760010697379 4.507602812180184e-05 167089
1760010697816 4.3611710904710445e-05 167099
1760010698270 4.216638621417254e-05 167109
1760010698816 4.0740403635900385e-05 167119
1760010699276 3.933410807726218e-05 167129
1760010699652 3.7947839683858206e-05 167139
1760010699986 3.658193375724846e-05 167149
1760010700363 3.523672067385252e-05 167159
1760010700820 3.391252580503968e-05 167169
1760010701249 3.260966943843071e-05 167179
1760010701648 3.132846670042858e-05 167189
1760010702069 3.0069227479997624e-05 167199
1760010702537 2.8832256353710023e-05 167209
1760010702983 2.7617852512076256e-05 167219
1760010703442 2.6426309687179313e-05 167229
1760010703863 2.5257916081628448e-05 167239
1760010704295 2.411295429885074e-05 167249
1760010704697 2.2991701274736598e-05 167259
1760010705082 2.1894428210656753e-05 167269
1760010705455 2.0821400507865275e-05 167279
1760010705885 1.977287770330649e-05 167289
1760010706292 1.874911340683971e-05 167299
1760010706664 1.7750355239897636e-05 167309
1760010707056 1.67768447755936e-05 167319
1760010707426 1.582881748029104e-05 167329
1760010707726 1.4906502656650743e-05 167339
1760010708067 1.4010123388168492e-05 167349
1760010708487 1.3139896485217088e-05 167359
1760010708904 1.2296032432605664e-05 167369
1760010709302 1.1478735338669066e-05 167379
1760010709725 1.0688202885899289e-05 167389
1760010710138 9.924626283131523e-06 167399
1760010710530 9.188190219295735e-06 167409
1760010710930 8.479072818745194e-06 167419
1760010711329 7.797445598173155e-06 167429
1760010711715 7.143473425127273e-06 167439
1760010712098 6.517314478132673e-06 167449
1760010712503 5.919120208432742e-06 167459
1760010712874 5.349035303356995e-06 167469
1760010713261 4.8071976513251696e-06 167479
1760010713635 4.293738308495602e-06 167489
1760010714035 3.808781467066185e-06 167499
1760010714416 3.3524444252357055e-06 167509
1760010714822 2.9248375588323687e-06 167519
1760010715220 2.5260642946168836e-06 167529
1760010715633 2.1562210852663164e-06 167539
1760010716103 1.815397386044615e-06 167549
1760010716520 1.5036756331659006e-06 167559
1760010716893 1.2211312238552118e-06 167569
1760010717255 9.678324981120364e-07 167579
1760010717664 7.438407221805557e-07 167589
1760010718086 5.492100737310302e-07 167599
1760010718526 3.839876287556668e-07 167609
1760010718944 2.482133501821503e-07 167619
1760010719355 1.419200782077169e-07 167629
1760010719776 6.513352235588257e-08 167639
1760010720195 1.7872255258146636e-08 167649
1760010720603 1.4770816161899447e-10 167659
1760010721015 0.0002442565919571039 167669
1760010721395 0.00024421523734809056 167679
1760010721781 0.0002441443545926496 167689
1760010722168 0.00024404396083543972 167699
1760010722564 0.00024391408035904832 167709
1760010722969 0.0002437547445781182 167719
1760010723353 0.00024356599203174912 167729
1760010723739 0.0002433478683741763 167739
1760010724133 0.00024310042636372774 167749
1760010724543 0.0002428237258500636 167759
1760010725009 0.00024251783375969988 167769
1760010725404 0.00024218282407982098 167779
1760010725817 0.0002418187778403838 167789
1760010726215 0.0002414257830945191 167799
1760010726600 0.0002410039348972336 167809
1760010726975 0.00024055333528241865 167819
1760010727389 0.00024007409323817104 167829
1760010727834 0.00023956632468043163 167839
1760010728297 0.0002390301524249483 167849
1760010728779 0.00023846570615757037 167859
1760010729196 0.00023787312240288044 167869
1760010729623 0.0002372525444911734 167879
1760010730072 0.00023660412252378817 167889
1760010730442 0.00023592801333680223 167899
1760010730835 0.00023522438046309738 167909
1760010731294 0.00023449339409280516 167919
1760010731741 0.00023373523103214263 167929
1760010732177 0.0002329500746606474 167939
1760010732625 0.00023213811488682315 167949
1760010733042 0.0002312995481022058 167959
1760010733485 0.00023043457713386146 167969
1760010733917 0.0002295434111953281 167979
1760010734323 0.00022862626583601228 167989
1760010734756 0.00022768336288905345 167999
1760010735156 0.00022671493041766838 168009
1760010735550 0.00022572120265998877 168019
1760010735941 0.00022470241997240529 168029
1760010736371 0.00022365882877143162 168039
1760010736707 0.00022259068147410295 168049
1760010737094 0.0002214982364369229 168059
1760010737522 0.00022038175789337397 168069
1760010737961 0.00021924151589000653 168079
1760010738328 0.00021807778622112163 168089
1760010738764 0.00021689085036206374 168099
1760010739256 0.00021568099540113922 168109
1760010739723 0.00021444851397017746 168119
1760010740122 0.00021319370417375078 168129
1760010740601 0.00021191686951707098 168139
1760010741195 0.00021061831883257957 168149
1760010741691 0.00020929836620524914 168159
1760010742195 0.0002079573308966147 168169
1760010742705 0.00020659553726755267 168179
1760010743300 0.00020521331469982687 168189
1760010743833 0.00020381099751641944 168199
1760010744279 0.0002023889249006671 168209
1760010744698 0.00020094744081422192 168219
1760010745108 0.00019948689391385577 168229
1760010745471 0.0001980076374671297 168239
1760010745836 0.00019651002926694786 168249
1760010746204 0.0001949944315450168 168259
1760010746589 0.0001934612108842315 168269
1760010746973 0.00019191073813000818 168279
1760010747343 0.00019034338830058715 168289
1760010747702 0.00018875954049632558 168299
1760010748064 0.00018715957780800316 168309
1760010748427 0.00018554388722416274 168319
1760010748794 0.00018391285953750792 168329
1760010749151 0.00018226688925038076 168339
1760010749520 0.00018060637447934221 168349
1760010749888 0.00017893171685887785 168359
1760010750252 0.00017724332144425375 168369
1760010750609 0.00017554159661354395 168379
1760010750970 0.00017382695396885476 168389
1760010751333 0.00017209980823676904 168399
1760010751689 0.00017036057716803503 168409
1760010752060 0.00016860968143652327 168419
1760010752428 0.00016684754453747698 168429
1760010752789 0.0001650745926850796 168439
1760010753149 0.00016329125470936501 168449
1760010753521 0.000161497961952495 168459
1760010753897 0.0001596951481644286 168469
1760010754278 0.00015788324939801013 168479
1760010754648 0.00015606270390349902 168489
1760010755023 0.000154233952022569 168499
1760010755394 0.00015239743608180104 168509
1760010755761 0.00015055360028569623 168519
1760010756130 0.00014870289060923457 168529
1760010756498 0.00014684575469000544 168539
1760010756865 0.0001449826417199359 168549
1760010757235 0.0001431140023366431 168559
1760010757612 0.000141240288514437 168569
1760010757981 0.00013936195345499975 168579
1760010758350 0.0001374794514777681 168589
1760010758718 0.00013559323791004595 168599
1760010759085 0.00013370376897687238 168609
1760010759454 0.000131811501690673 168619
1760010759828 0.00012991689374072083 168629
1760010760197 0.00012802040338243342 168639
1760010760563 0.000126122489326533 168649
1760010760930 0.00012422361062809634 168659
1760010761299 0.00012232422657552187 168669
1760010761672 0.00012042479657943963 168679
1760010762034 0.0001185257800615922 168689
1760010762406 0.00011662763634371277 168699
1760010762773 0.00011473082453642736 168709
1760010763140 0.00011283580342820812 168719
1760010763501 0.00011094303137440467 168729
1760010763872 0.00010905296618637984 168739
1760010764241 0.0001071660650207776 168749
1760010764613 0.00010528278426894869 168759
1760010764973 0.00010340357944656184 168769
1760010765336 0.00010152890508342648 168779
1760010765704 9.965921461355416e-05 168789
1760010766072 9.779496026548476e-05 168799
1760010766439 9.593659295290448e-05 168809
1760010766798 9.408456216558182e-05 168819
1760010767166 9.223931586064777e-05 168829
1760010767532 9.040130035424709e-05 168839
1760010767898 8.8570960213586e-05 168849
1760010768268 8.674873814940335e-05 168859
1760010768640 8.493507490889063e-05 168869
1760010769008 8.313040916908681e-05 168879
1760010769377 8.133517743077406e-05 168889
1760010769745 7.954981391289985e-05 168899
1760010770117 7.77747504475507e-05 168909
1760010770497 7.601041637550374e-05 168919
1760010770875 7.425723844238025e-05 168929
1760010771253 7.251564069542752e-05 168939
1760010771628 7.078604438095281e-05 168949
1760010772007 6.906886784243519e-05 168959
1760010772390 6.736452641933934e-05 168969
1760010772809 6.567343234665572e-05 168979
1760010773228 6.399599465519237e-05 168989
1760010773641 6.233261907264052e-05 168999
1760010774081 6.068370792544058e-05 169009
1760010774502 5.904966004146928e-05 169019
1760010774833 5.743087065357437e-05 169029
1760010775148 5.5827731303978006e-05 169039
1760010775552 5.424062974957317e-05 169049
1760010775946 5.2669949868135305e-05 169059
1760010776334 5.1116071565473027e-05 169069
1760010776754 4.957937068353831e-05 169079
1760010777178 4.806021890952075e-05 169089
1760010777571 4.655898368594618e-05 169099
1760010777973 4.507602812180184e-05 169109
1760010778393 4.3611710904710445e-05 169119
1760010778854 4.216638621417254e-05 169129
1760010779316 4.0740403635900385e-05 169139
1760010779777 3.933410807726218e-05 169149
1760010780232 3.7947839683858206e-05 169159
1760010780665 3.658193375724846e-05 169169
1760010781087 3.523672067385252e-05 169179
1760010781532 3.391252580503968e-05 169189
1760010781966 3.260966943843071e-05 169199
1760010782375 3.132846670042858e-05 169209
1760010782802 3.0069227479997624e-05 169219
1760010783208 2.8832256353710023e-05 169229
1760010783605 2.7617852512076256e-05 169239
1760010783999 2.6426309687179313e-05 169249
1760010784395 2.5257916081628448e-05 169259
1760010784810 2.411295429885074e-05 169269
1760010785211 2.2991701274736598e-05 169279
1760010785609 2.1894428210656753e-05 169289
1760010786028 2.0821400507865275e-05 169299
1760010786432 1.977287770330649e-05 169309
1760010786904 1.874911340683971e-05 169319
1760010787345 1.7750355239897636e-05 169329
1760010787740 1.67768447755936e-05 169339
1760010788147 1.582881748029104e-05 169349
1760010788567 1.4906502656650743e-05 169359
1760010788974 1.4010123388168492e-05 169369
1760010789388 1.3139896485217088e-05 169379
1760010789792 1.2296032432605664e-05 169389
1760010790237 1.1478735338669066e-05 169399
1760010790677 1.0688202885899289e-05 169409
1760010791085 9.924626283131523e-06 169419
1760010791490 9.188190219295735e-06 169429
1760010791909 8.479072818745194e-06 169439
1760010792335 7.797445598173155e-06 169449
1760010792749 7.143473425127273e-06 169459
1760010793240 6.517314478132673e-06 169469
1760010793678 5.919120208432742e-06 169479
1760010794137 5.349035303356995e-06 169489
1760010794583 4.8071976513251696e-06 169499
1760010795054 4.293738308495602e-06 169509
1760010796013 3.808781467066185e-06 169519
1760010796433 3.3524444252357055e-06 169529
1760010796859 2.9248375588323687e-06 169539
1760010797346 2.5260642946168836e-06 169549
1760010797822 2.1562210852663164e-06 169559
1760010798289 1.815397386044615e-06 169569
1760010798765 1.5036756331659006e-06 169579
1760010799224 1.2211312238552118e-06 169589
1760010799671 9.678324981120364e-07 169599
1760010800129 7.438407221805557e-07 169609
1760010800582 5.492100737310302e-07 169619
1760010800988 3.839876287556668e-07 169629
1760010816396 2.469722834312396e-07 169639
1760010816834 1.4121047781667832e-07 169649
1760010817234 6.480785474410315e-08 169659
1760010817657 1.7782893981855903e-08 169669
1760010818051 1.4696962081089947e-10 169679
1760010818423 0.00024303530899731838 169689
1760010818821 0.0002429941611613501 169699
1760010819181 0.0002429236328196863 169709
1760010819538 0.0002428237410312625 169719
1760010819887 0.00024269450995725308 169729
1760010820244 0.0002425359708552276 169739
1760010820637 0.00024234816207159037 169749
1760010821007 0.0002421311290323054 169759
1760010821384 0.00024188492423190912 169769
1760010821774 0.00024160960722081326 169779
1760010822167 0.00024130524459090136 169789
1760010822570 0.00024097190995942187 169799
1760010822996 0.00024060968395118188 169809
1760010823397 0.00024021865417904651 169819
1760010823811 0.00023979891522274744 169829
1760010824229 0.00023935056860600656 169839
1760010824616 0.0002388737227719802 169849
1760010825015 0.00023836849305702946 169859
1760010825427 0.00023783500166282357 169869
1760010825863 0.0002372733776267825 169879
1760010826263 0.00023668375679086604 169889
1760010826673 0.00023606628176871752 169899
1760010827101 0.0002354211019111692 169909
1760010827542 0.0002347483732701182 169919
1760010827938 0.00023404825856078188 169929
1760010828352 0.00023332092712234113 169939
1760010828776 0.0002325665548769819 169949
1760010829225 0.00023178532428734416 169959
1760010829622 0.00023097742431238904 169969
1760010830036 0.00023014305036169478 169979
1760010830444 0.00022928240424819214 169989
1760010830894 0.00022839569413935146 169999
1760010831306 0.0002274831345068322 170009
1760010831723 0.00022654494607460816 170019
1760010832144 0.00022558135576558 170029
1760010832539 0.00022459259664668884 170039
1760010832931 0.00022357890787254325 170049
1760010833344 0.00022254053462757446 170059
1760010833781 0.00022147772806673243 170069
1760010834199 0.00022039074525473826 170079
1760010834629 0.0002192798491039071 170089
1760010835041 0.0002181453083105565 170099
1760010835446 0.00021698739729001602 170109
1760010835881 0.00021580639611025343 170119
1760010836267 0.00021460259042413354 170129
1760010836683 0.00021337627140032657 170139
1760010837124 0.000212127735652882 170149
1760010837534 0.00021085728516948563 170159
1760010837958 0.00020956522723841669 170169
1760010838364 0.00020825187437422288 170179
1760010838774 0.00020691754424213162 170189
1760010839191 0.0002055625595812149 170199
1760010839618 0.00020418724812632774 170209
1760010840034 0.00020279194252883733 170219
1760010840462 0.00020137698027616378 170229
1760010840903 0.00019994270361015082 170239
1760010841346 0.00019848945944428648 170249
1760010841774 0.00019701759927979404 170259
1760010842116 0.0001955274791206131 170269
1760010842522 0.00019401945938729172 170279
1760010842911 0.00019249390482981032 170289
1760010843344 0.00019095118443935812 170299
1760010843766 0.0001893916713590842 170309
1760010844207 0.00018781574279384393 170319
1760010844665 0.00018622377991896313 170329
1760010845071 0.00018461616778804192 170339
1760010845406 0.00018299329523982039 170349
1760010845784 0.00018135555480412887 170359
1760010846233 0.0001797033426069455 170369
1760010846729 0.00017803705827458346 170379
1760010847209 0.00017635710483703248 170389
1760010847692 0.00017466388863047623 170399
1760010848147 0.0001729578191990105 170409
1760010848621 0.00017123930919558518 170419
1760010849084 0.00016950877428219483 170429
1760010849543 0.00016776663302934064 170439
1760010850026 0.00016601330681478957 170449
1760010850481 0.0001642492197216542 170459
1760010850938 0.0001624747984358182 170469
1760010851437 0.00016069047214273253 170479
1760010851914 0.00015889667242360647 170489
1760010852362 0.00015709383315102007 170499
1760010852820 0.0001552823903839815 170509
1760010853293 0.00015346278226245613 170519
1760010853769 0.00015163544890139203 170529
1760010854263 0.00014980083228426772 170539
1760010854718 0.0001479593761561884 170549
1760010855175 0.0001461115259165554 170559
1760010855638 0.00014425772851133623 170569
1760010856070 0.0001423984323249599 170579
1760010856503 0.00014053408707186482 170589
1760010857001 0.00013866514368772472 170599
1760010857497 0.00013679205422037925 170609
1760010857973 0.0001349152717204957 170619
1760010858474 0.000133035250131988 170629
1760010858978 0.00013115244418221962 170639
1760010859521 0.00012926730927201722 170649
1760010860147 0.00012738030136552123 170659
1760010860684 0.00012549187687990032 170669
1760010861217 0.00012360249257495587 170679
1760010861663 0.00012171260544264425 170689
1760010862189 0.00011982267259654243 170699
1760010862644 0.00011793315116128424 170709
1760010863131 0.0001160444981619942 170719
1760010863662 0.00011415717041374522 170729
1760010864117 0.00011227162441106708 170739
1760010864567 0.00011038831621753264 170749
1760010864972 0.00010850770135544794 170759
1760010865392 0.0001066302346956737 170769
1760010865792 0.00010475637034760394 170779
1760010866188 0.00010288656154932904 170789
1760010866590 0.00010102126055800934 170799
1760010867034 9.916091854048638e-05 170809
1760010867483 9.730598546415733e-05 170819
1760010867921 9.545690998813995e-05 170829
1760010868401 9.36141393547539e-05 170839
1760010868908 9.177811928134453e-05 170849
1760010869422 8.994929385247584e-05 170859
1760010869923 8.812810541251806e-05 170869
1760010870377 8.631499445865633e-05 170879
1760010870838 8.451039953434617e-05 170889
1760010871306 8.271475712324137e-05 170899
1760010871715 8.092850154362019e-05 170909
1760010872197 7.915206484333535e-05 170919
1760010872647 7.738587669531295e-05 170929
1760010873105 7.563036429362622e-05 170939
1760010873564 7.388595225016835e-05 170949
1760010874018 7.215306249195039e-05 170959
1760010874442 7.043211415904805e-05 170969
1760010874882 6.872352350322302e-05 170979
1760010875350 6.702770378724264e-05 170989
1760010875819 6.534506518492243e-05 170999
1760010876298 6.36760146819164e-05 171009
1760010876784 6.202095597727731e-05 171019
1760010877210 6.0380289385813375e-05 171029
1760010877645 5.875441174126193e-05 171039
1760010878104 5.71437163003065e-05 171049
1760010878578 5.554859264745812e-05 171059
1760010879039 5.39694266008253e-05 171069
1760010879531 5.240660011879462e-05 171079
1760010880015 5.086049120764566e-05 171089
1760010880481 4.933147383012061e-05 171099
1760010880937 4.781991781497314e-05 171109
1760010881441 4.6326188767516446e-05 171119
1760010881919 4.485064798119283e-05 171129
1760010882370 4.339365235018689e-05 171139
1760010882813 4.195555428310168e-05 171149
1760010883284 4.0536701617720885e-05 171159
1760010883735 3.9137437536875866e-05 171169
1760010884179 3.775810048543892e-05 171179
1760010884609 3.639902408846222e-05 171189
1760010885030 3.5060537070483253e-05 171199
1760010885414 3.374296317601448e-05 171209
1760010885859 3.244662109123855e-05 171219
1760010886260 3.1171824366926444e-05 171229
1760010886715 2.9918881342597635e-05 171239
1760010887127 2.8688095071941473e-05 171249
1760010887549 2.7479763249515872e-05 171259
1760010888038 2.6294178138743414e-05 171269
1760010888506 2.5131626501220308e-05 171279
1760010889031 2.3992389527356483e-05 171289
1760010889491 2.2876742768362915e-05 171299
1760010889917 2.1784956069603467e-05 171309
1760010890347 2.0717293505325948e-05 171319
1760010890794 1.967401331478996e-05 171329
1760010891275 1.865536783980551e-05 171339
1760010891835 1.7661603463698147e-05 171349
1760010892343 1.6692960551715633e-05 171359
1760010892820 1.574967339288958e-05 171369
1760010893244 1.4831970143367488e-05 171379
1760010893669 1.394007277122765e-05 171389
1760010894093 1.3074197002791003e-05 171399
1760010894534 1.2234552270442636e-05 171409
1760010894985 1.142134166197572e-05 171419
1760010895446 1.0634761871469792e-05 171429
1760010895868 9.875003151715865e-06 171439
1760010896268 9.142249268199255e-06 171449
1760010896705 8.436677454651469e-06 171459
1760010897137 7.758458370182289e-06 171469
1760010897602 7.107756058001637e-06 171479
1760010898040 6.48472790574201e-06 171489
1760010898489 5.889524607390578e-06 171499
1760010898901 5.32229012684021e-06 171509
1760010899324 4.783161663068543e-06 171519
1760010899806 4.2722696169531235e-06 171529
1760010900249 3.789737559730854e-06 171539
1760010900698 3.335682203109527e-06 171549
1760010901131 2.9102133710382067e-06 171559
1760010901587 2.513433973143799e-06 171569
1760010902021 2.145439979839985e-06 171579
1760010902461 1.806320399114392e-06 171589
1760010902908 1.4961572550000712e-06 171599
1760010903422 1.2150255677359356e-06 171609
1760010903884 9.629933356214761e-07 171619
1760010904324 7.401215185696529e-07 171629
1760010904754 5.46464023362375e-07 171639
1760010905213 3.820676906118884e-07 171649
1760010905670 2.469722834312396e-07 171659
1760010906178 1.4121047781667832e-07 171669
1760010906681 6.480785474410315e-08 171679
1760010907146 1.7782893981855903e-08 171689
1760010907622 1.4696962081089947e-10 171699
1760010908072 0.00024303530899731838 171709
1760010908555 0.0002429941611613501 171719
1760010909052 0.0002429236328196863 171729
1760010909614 0.0002428237410312625 171739
1760010910067 0.00024269450995725308 171749
1760010910531 0.0002425359708552276 171759
1760010910972 0.00024234816207159037 171769
1760010911386 0.0002421311290323054 171779
1760010911788 0.00024188492423190912 171789
1760010912238 0.00024160960722081326 171799
1760010912741 0.00024130524459090136 171809
1760010913312 0.00024097190995942187 171819
1760010913890 0.00024060968395118188 171829
1760010914518 0.00024021865417904651 171839
1760010915025 0.00023979891522274744 171849
1760010915624 0.00023935056860600656 171859
1760010916120 0.0002388737227719802 171869
1760010916538 0.00023836849305702946 171879
1760010916926 0.00023783500166282357 171889
1760010917316 0.0002372733776267825 171899
1760010917693 0.00023668375679086604 171909
1760010918064 0.00023606628176871752 171919
1760010918427 0.0002354211019111692 171929
1760010918793 0.0002347483732701182 171939
1760010919170 0.00023404825856078188 171949
1760010919539 0.00023332092712234113 171959
1760010919914 0.0002325665548769819 171969
1760010920293 0.00023178532428734416 171979
1760010920671 0.00023097742431238904 171989
1760010921037 0.00023014305036169478 171999
1760010921421 0.00022928240424819214 172009
1760010921794 0.00022839569413935146 172019
1760010922159 0.0002274831345068322 172029
1760010922531 0.00022654494607460816 172039
1760010922905 0.00022558135576558 172049
1760010923281 0.00022459259664668884 172059
1760010923667 0.00022357890787254325 172069
1760010924033 0.00022254053462757446 172079
1760010924399 0.00022147772806673243 172089
1760010924765 0.00022039074525473826 172099
1760010925131 0.0002192798491039071 172109
1760010925505 0.0002181453083105565 172119
1760010925880 0.00021698739729001602 172129
1760010926255 0.00021580639611025343 172139
1760010926630 0.00021460259042413354 172149
1760010926992 0.00021337627140032657 172159
1760010927355 0.000212127735652882 172169
1760010927719 0.00021085728516948563 172179
1760010928080 0.00020956522723841669 172189
1760010928445 0.00020825187437422288 172199
1760010928811 0.00020691754424213162 172209
1760010929173 0.0002055625595812149 172219
1760010929531 0.00020418724812632774 172229
1760010929890 0.00020279194252883733 172239
1760010930255 0.00020137698027616378 172249
1760010930626 0.00019994270361015082 172259
1760010930996 0.00019848945944428648 172269
1760010931365 0.00019701759927979404 172279
1760010931727 0.0001955274791206131 172289
1760010932093 0.00019401945938729172 172299
1760010932479 0.00019249390482981032 172309
1760010932867 0.00019095118443935812 172319
1760010933229 0.0001893916713590842 172329
1760010933593 0.00018781574279384393 172339
1760010933949 0.00018622377991896313 172349
1760010934306 0.00018461616778804192 172359
1760010934668 0.00018299329523982039 172369
1760010935032 0.00018135555480412887 172379
1760010935406 0.0001797033426069455 172389
1760010935772 0.00017803705827458346 172399
1760010936129 0.00017635710483703248 172409
1760010936491 0.00017466388863047623 172419
1760010936851 0.0001729578191990105 172429
1760010937227 0.00017123930919558518 172439
1760010937571 0.00016950877428219483 172449
1760010937930 0.00016776663302934064 172459
1760010938292 0.00016601330681478957 172469
1760010938647 0.0001642492197216542 172479
1760010939007 0.0001624747984358182 172489
1760010939374 0.00016069047214273253 172499
1760010939726 0.00015889667242360647 172509
1760010940078 0.00015709383315102007 172519
1760010940431 0.0001552823903839815 172529
1760010940777 0.00015346278226245613 172539
1760010941125 0.00015163544890139203 172549
1760010941478 0.00014980083228426772 172559
1760010941842 0.0001479593761561884 172569
1760010942205 0.0001461115259165554 172579
1760010942570 0.00014425772851133623 172589
1760010942922 0.0001423984323249599 172599
1760010943289 0.00014053408707186482 172609
1760010943655 0.00013866514368772472 172619
1760010944024 0.00013679205422037925 172629
1760010944393 0.0001349152717204957 172639
1760010944761 0.000133035250131988 172649
1760010945124 0.00013115244418221962 172659
1760010945482 0.00012926730927201722 172669
1760010945841 0.00012738030136552123 172679
1760010946201 0.00012549187687990032 172689
1760010946565 0.00012360249257495587 172699
1760010946930 0.00012171260544264425 172709
1760010947297 0.00011982267259654243 172719
1760010947658 0.00011793315116128424 172729
1760010948016 0.0001160444981619942 172739
1760010948372 0.00011415717041374522 172749
1760010948737 0.00011227162441106708 172759
1760010949104 0.00011038831621753264 172769
1760010949469 0.00010850770135544794 172779
1760010949836 0.0001066302346956737 172789
1760010950199 0.00010475637034760394 172799
1760010950563 0.00010288656154932904 172809
1760010950929 0.00010102126055800934 172819
1760010951321 9.916091854048638e-05 172829
1760010951733 9.730598546415733e-05 172839
1760010952136 9.545690998813995e-05 172849
1760010952528 9.36141393547539e-05 172859
1760010952911 9.177811928134453e-05 172869
1760010953301 8.994929385247584e-05 172879
1760010953679 8.812810541251806e-05 172889
1760010954063 8.631499445865633e-05 172899
1760010954444 8.451039953434617e-05 172909
1760010954829 8.271475712324137e-05 172919
1760010955211 8.092850154362019e-05 172929
1760010955594 7.915206484333535e-05 172939
1760010955976 7.738587669531295e-05 172949
1760010956363 7.563036429362622e-05 172959
1760010956739 7.388595225016835e-05 172969
1760010957098 7.215306249195039e-05 172979
1760010957470 7.043211415904805e-05 172989
1760010957842 6.872352350322302e-05 172999
1760010958217 6.702770378724264e-05 173009
1760010958589 6.534506518492243e-05 173019
1760010958968 6.36760146819164e-05 173029
1760010959344 6.202095597727731e-05 173039
1760010959719 6.0380289385813375e-05 173049
1760010960094 5.875441174126193e-05 173059
1760010960467 5.71437163003065e-05 173069
1760010960842 5.554859264745812e-05 173079
1760010961221 5.39694266008253e-05 173089
1760010961596 5.240660011879462e-05 173099
1760010961970 5.086049120764566e-05 173109
1760010962346 4.933147383012061e-05 173119
1760010962723 4.781991781497314e-05 173129
1760010963100 4.6326188767516446e-05 173139
1760010963476 4.485064798119283e-05 173149
1760010963855 4.339365235018689e-05 173159
1760010964222 4.195555428310168e-05 173169
1760010964592 4.0536701617720885e-05 173179
1760010964961 3.9137437536875866e-05 173189
1760010965329 3.775810048543892e-05 173199
1760010965701 3.639902408846222e-05 173209
1760010966071 3.5060537070483253e-05 173219
1760010966439 3.374296317601448e-05 173229
1760010966813 3.244662109123855e-05 173239
1760010967187 3.1171824366926444e-05 173249
1760010967559 2.9918881342597635e-05 173259
1760010967930 2.8688095071941473e-05 173269
1760010968304 2.7479763249515872e-05 173279
1760010968676 2.6294178138743414e-05 173289
1760010969048 2.5131626501220308e-05 173299
1760010969423 2.3992389527356483e-05 173309
1760010969801 2.2876742768362915e-05 173319
1760010970171 2.1784956069603467e-05 173329
1760010970536 2.0717293505325948e-05 173339
1760010970904 1.967401331478996e-05 173349
1760010971268 1.865536783980551e-05 173359
1760010971622 1.7661603463698147e-05 173369
1760010971977 1.6692960551715633e-05 173379
1760010972333 1.574967339288958e-05 173389
1760010972689 1.4831970143367488e-05 173399
1760010973052 1.394007277122765e-05 173409
1760010973431 1.3074197002791003e-05 173419
1760010973788 1.2234552270442636e-05 173429
1760010974143 1.142134166197572e-05 173439
1760010974497 1.0634761871469792e-05 173449
1760010974853 9.875003151715865e-06 173459
1760010975212 9.142249268199255e-06 173469
1760010975570 8.436677454651469e-06 173479
1760010975928 7.758458370182289e-06 173489
1760010976290 7.107756058001637e-06 173499
1760010976659 6.48472790574201e-06 173509
1760010977022 5.889524607390578e-06 173519
1760010977382 5.32229012684021e-06 173529
1760010977750 4.783161663068543e-06 173539
1760010978623 4.2722696169531235e-06 173549
1760010978978 3.789737559730854e-06 173559
1760010979328 3.335682203109527e-06 173569
1760010979687 2.9102133710382067e-06 173579
1760010980031 2.513433973143799e-06 173589
1760010980375 2.145439979839985e-06 173599
1760010980721 1.806320399114392e-06 173609
1760010981067 1.4961572550000712e-06 173619
1760010981415 1.2150255677359356e-06 173629
1760010981768 9.629933356214761e-07 173639
1760010982114 7.401215185696529e-07 173649
1760010982460 5.46464023362375e-07 173659
1760010982805 3.820676906118884e-07 173669
1760010998710 2.4573742201408335e-07 173679
1760010999083 1.4050442542759492e-07 173689
1760010999460 6.448381547038264e-08 173699
1760010999833 1.7693979511946623e-08 173709
1760011000221 1.4623477270684497e-10 173719
1760011000583 0.00024182013245233178 173729
1760011000989 0.00024177919035554333 173739
1760011001408 0.00024170901465558789 173749
1760011001766 0.00024160962232610617 173759
1760011002131 0.00024148103740746681 173769
1760011002495 0.00024132329100095146 173779
1760011002858 0.00024113642126123242 173789
1760011003220 0.00024092047338714387 173799
1760011003585 0.00024067549961074956 173809
1760011003952 0.0002404015591847092 173819
1760011004317 0.00024009871836794687 173829
1760011004685 0.00023976705040962474 173839
1760011005051 0.00023940663553142597 173849
1760011005417 0.00023901756090815128 173859
1760011005813 0.0002385999206466337 173869
1760011006172 0.00023815381576297652 173879
1760011006536 0.00023767935415812028 173889
1760011006914 0.00023717665059174432 173899
1760011007291 0.00023664582665450945 173909
1760011007670 0.00023608701073864858 173919
1760011008050 0.00023550033800691172 173929
1760011008431 0.00023488595035987394 173939
1760011008804 0.00023424399640161337 173949
1760011009184 0.0002335746314037676 173959
1760011009562 0.00023287801726797796 173969
1760011009937 0.00023215432248672945 173979
1760011010307 0.000231403722102597 173989
1760011010686 0.00023062639766590742 173999
1760011011043 0.00022982253719082708 174009
1760011011403 0.00022899233510988628 174019
1760011011766 0.00022813599222695118 174029
1760011012128 0.0002272537156686547 174039
1760011012486 0.00022634571883429805 174049
1760011012846 0.00022541222134423513 174059
1760011013211 0.00022445344898675213 174069
1760011013565 0.00022346963366345538 174079
1760011013927 0.00022246101333318053 174089
1760011014280 0.00022142783195443658 174099
1760011014636 0.00022037033942639878 174109
1760011014990 0.00021928879152846456 174119
1760011015348 0.00021818344985838757 174129
1760011015705 0.0002170545817690037 174139
1760011016065 0.00021590246030356595 174149
1760011016432 0.00021472736412970217 174159
1760011016793 0.00021352957747201287 174169
1760011017154 0.00021230939004332494 174179
1760011017521 0.0002110670969746176 174189
1760011017879 0.0002098029987436382 174199
1760011018241 0.0002085174011022246 174209
1760011018607 0.00020721061500235177 174219
1760011018973 0.00020588295652092096 174229
1760011019341 0.00020453474678330883 174239
1760011019704 0.0002031663118856961 174249
1760011020068 0.00020177798281619314 174259
1760011020426 0.00020037009537478295 174269
1760011020789 0.00019894299009210004 174279
1760011021146 0.00019749701214706505 174289
1760011021506 0.00019603251128339505 174299
1760011021863 0.00019454984172501003 174309
1760011022221 0.00019304936209035525 174319
1760011022580 0.00019153143530566127 174329
1760011022941 0.00018999642851716135 174339
1760011023304 0.0001884447130022888 174349
1760011023666 0.0001868766640798747 174359
1760011024029 0.00018529266101936833 174369
1760011024364 0.00018369308694910172 174379
1760011024653 0.0001820783287636213 174389
1760011024900 0.00018044877703010822 174399
1760011025113 0.00017880482589391076 174409
1760011025339 0.00017714687298321053 174419
1760011025608 0.00017547531931284732 174429
1760011025880 0.00017379056918732385 174439
1760011026179 0.00017209303010301544 174449
1760011026525 0.00017038311264960725 174459
1760011026878 0.00016866123041078387 174469
1760011027232 0.00016692779986419393 174479
1760011027582 0.00016518324028071563 174489
1760011027934 0.0001634279736230459 174499
1760011028288 0.00016166242444363911 174509
1760011028665 0.00015988701978201885 174519
1760011029035 0.00015810218906148841 174529
1760011029406 0.00015630836398526496 174539
1760011029778 0.0001545059784320616 174549
1760011030149 0.00015269546835114387 174559
1760011030519 0.00015087727165688508 174569
1760011030893 0.0001490518281228464 174579
1760011031266 0.00014721957927540743 174589
1760011031645 0.00014538096828697262 174599
1760011032018 0.00014353643986877955 174609
1760011032391 0.00014168644016333509 174619
1760011032772 0.0001398314166365055 174629
1760011033149 0.0001379718179692861 174639
1760011033522 0.00013610809394927736 174649
1760011033891 0.00013424069536189322 174659
1760011034262 0.00013237007388132807 174669
1760011034638 0.00013049668196130852 174679
1760011035019 0.00012862097272565713 174689
1760011035389 0.00012674339985869364 174699
1760011035763 0.00012486441749550082 174709
1760011036132 0.0001229844801120811 174719
1760011036512 0.00012110404241543103 174729
1760011036886 0.00011922355923355972 174739
1760011037264 0.00011734348540547782 174749
1760011037646 0.00011546427567118424 174759
1760011038027 0.00011358638456167648 174769
1760011038401 0.00011171026628901174 174779
1760011038770 0.00010983637463644498 174789
1760011039139 0.0001079651628486707 174799
1760011039509 0.00010609708352219534 174809
1760011039888 0.00010423258849586592 174819
1760011040264 0.00010237212874158239 174829
1760011040646 0.0001005161542552193 174839
1760011041018 9.866511394778395e-05 174849
1760011041387 9.681945553683655e-05 174859
1760011041763 9.497962543819925e-05 174869
1760011042145 9.314606865798013e-05 174879
1760011042527 9.13192286849378e-05 174889
1760011042909 8.949954738321347e-05 174899
1760011043285 8.768746488545548e-05 174909
1760011043660 8.588341948636305e-05 174919
1760011044035 8.408784753667444e-05 174929
1760011044408 8.230118333762516e-05 174939
1760011044783 8.052385903590209e-05 174949
1760011045159 7.875630451911868e-05 174959
1760011045529 7.699894731183638e-05 174969
1760011045897 7.525221247215809e-05 174979
1760011046264 7.351652248891751e-05 174989
1760011046634 7.179229717949063e-05 174999
1760011047006 7.00799535882528e-05 175009
1760011047373 6.837990588570689e-05 175019
1760011047750 6.669256526830642e-05 175029
1760011048118 6.501833985899782e-05 175039
1760011048490 6.335763460850681e-05 175049
1760011048862 6.171085119739094e-05 175059
1760011049237 6.007838793888431e-05 175069
1760011049615 5.8460639682555616e-05 175079
1760011049997 5.685799771880497e-05 175089
1760011050368 5.527084968422083e-05 175099
1760011050740 5.3699579467821175e-05 175109
1760011051115 5.2144567118200654e-05 175119
1760011051489 5.060618875160743e-05 175129
1760011051872 4.908481646097001e-05 175139
1760011052246 4.758081822589827e-05 175149
1760011052623 4.609455782367886e-05 175159
1760011053004 4.462639474128686e-05 175169
1760011053383 4.317668408843596e-05 175179
1760011053760 4.174577651168617e-05 175189
1760011054150 4.033401810963228e-05 175199
1760011054527 3.894175034919149e-05 175209
1760011054911 3.7569309983011725e-05 175219
1760011055284 3.621702896801991e-05 175229
1760011055656 3.4885234385130833e-05 175239
1760011056027 3.357424836013441e-05 175249
1760011056402 3.228438798578236e-05 175259
1760011056777 3.101596524509181e-05 175269
1760011057151 2.9769286935884648e-05 175279
1760011057524 2.8544654596581766e-05 175289
1760011057905 2.7342364433268292e-05 175299
1760011058279 2.6162707248049697e-05 175309
1760011058651 2.5005968368714204e-05 175319
1760011059030 2.38724275797197e-05 175329
1760011059406 2.27623590545211e-05 175339
1760011059782 2.167603128925545e-05 175349
1760011060155 2.0613707037799318e-05 175359
1760011060533 1.957564324821601e-05 175369
1760011060907 1.8562091000606484e-05 175379
1760011061281 1.7573295446379658e-05 175389
1760011061660 1.6609495748957053e-05 175399
1760011062048 1.5670925025925135e-05 175409
1760011062421 1.4757810292650651e-05 175419
1760011062794 1.3870372407371511e-05 175429
1760011063168 1.3008826017777047e-05 175439
1760011063547 1.2173379509090422e-05 175449
1760011063932 1.136423495366584e-05 175459
1760011064308 1.0581588062112443e-05 175469
1760011064724 9.825628135957285e-06 175479
1760011065125 9.096538021858258e-06 175489
1760011065477 8.39449406737821e-06 175499
1760011065830 7.719666078331376e-06 175509
1760011066179 7.0722172777116285e-06 175519
1760011066529 6.4523042662133e-06 175529
1760011066876 5.860076984353625e-06 175539
1760011067226 5.2956786762060095e-06 175549
1760011067580 4.759245854753201e-06 175559
1760011067941 4.250908268868358e-06 175569
1760011068296 3.7707888719322e-06 175579
1760011068649 3.3190037920939793e-06 175589
1760011069001 2.8956623041830156e-06 175599
1760011069369 2.50086680327808e-06 175609
1760011069720 2.134712779940785e-06 175619
1760011070074 1.79728879711882e-06 175629
1760011070435 1.4886764687250708e-06 175639
1760011070795 1.208950439897256e-06 175649
1760011071145 9.581783689433688e-07 175659
1760011071501 7.364209109768045e-07 175669
1760011071863 5.437317032455632e-07 175679
1760011072221 3.8015735215882896e-07 175689
1760011072594 2.4573742201408335e-07 175699
1760011072957 1.4050442542759492e-07 175709
1760011073317 6.448381547038264e-08 175719
1760011073673 1.7693979511946623e-08 175729
1760011074031 1.4623477270684497e-10 175739
1760011074403 0.00024182013245233178 175749
1760011074766 0.00024177919035554333 175759
1760011075127 0.00024170901465558789 175769
1760011075487 0.00024160962232610617 175779
1760011075846 0.00024148103740746681 175789
1760011076206 0.00024132329100095146 175799
1760011076571 0.00024113642126123242 175809
1760011076954 0.00024092047338714387 175819
1760011077353 0.00024067549961074956 175829
1760011077724 0.0002404015591847092 175839
1760011078101 0.00024009871836794687 175849
1760011078476 0.00023976705040962474 175859
1760011078851 0.00023940663553142597 175869
1760011079238 0.00023901756090815128 175879
1760011079621 0.0002385999206466337 175889
1760011080000 0.00023815381576297652 175899
1760011080381 0.00023767935415812028 175909
1760011080753 0.00023717665059174432 175919
1760011081126 0.00023664582665450945 175929
1760011081513 0.00023608701073864858 175939
1760011081895 0.00023550033800691172 175949
1760011082262 0.00023488595035987394 175959
1760011082651 0.00023424399640161337 175969
1760011083031 0.0002335746314037676 175979
1760011083413 0.00023287801726797796 175989
1760011083788 0.00023215432248672945 175999
1760011084155 0.000231403722102597 176009
1760011084523 0.00023062639766590742 176019
1760011084891 0.00022982253719082708 176029
1760011085262 0.00022899233510988628 176039
1760011085642 0.00022813599222695118 176049
1760011086011 0.0002272537156686547 176059
1760011086379 0.00022634571883429805 176069
1760011086749 0.00022541222134423513 176079
1760011087116 0.00022445344898675213 176089
1760011087485 0.00022346963366345538 176099
1760011087856 0.00022246101333318053 176109
1760011088235 0.00022142783195443658 176119
1760011088604 0.00022037033942639878 176129
1760011088973 0.00021928879152846456 176139
1760011089340 0.00021818344985838757 176149
1760011089710 0.0002170545817690037 176159
1760011090082 0.00021590246030356595 176169
1760011090459 0.00021472736412970217 176179
1760011090846 0.00021352957747201287 176189
1760011091223 0.00021230939004332494 176199
1760011091603 0.0002110670969746176 176209
1760011091984 0.0002098029987436382 176219
1760011092372 0.0002085174011022246 176229
1760011092753 0.00020721061500235177 176239
1760011093129 0.00020588295652092096 176249
1760011093505 0.00020453474678330883 176259
1760011093879 0.0002031663118856961 176269
1760011094252 0.00020177798281619314 176279
1760011094612 0.00020037009537478295 176289
1760011094967 0.00019894299009210004 176299
1760011095322 0.00019749701214706505 176309
1760011095683 0.00019603251128339505 176319
1760011096042 0.00019454984172501003 176329
1760011096400 0.00019304936209035525 176339
1760011096754 0.00019153143530566127 176349
1760011097106 0.00018999642851716135 176359
1760011097463 0.0001884447130022888 176369
1760011097823 0.0001868766640798747 176379
1760011098176 0.00018529266101936833 176389
1760011098536 0.00018369308694910172 176399
1760011098894 0.0001820783287636213 176409
1760011099258 0.00018044877703010822 176419
1760011099621 0.00017880482589391076 176429
1760011099979 0.00017714687298321053 176439
1760011100332 0.00017547531931284732 176449
1760011100684 0.00017379056918732385 176459
1760011101034 0.00017209303010301544 176469
1760011101402 0.00017038311264960725 176479
1760011101770 0.00016866123041078387 176489
1760011102140 0.00016692779986419393 176499
1760011102518 0.00016518324028071563 176509
1760011102890 0.0001634279736230459 176519
1760011103265 0.00016166242444363911 176529
1760011103641 0.00015988701978201885 176539
1760011104017 0.00015810218906148841 176549
1760011104400 0.00015630836398526496 176559
1760011104776 0.0001545059784320616 176569
1760011105152 0.00015269546835114387 176579
1760011105526 0.00015087727165688508 176589
1760011105900 0.0001490518281228464 176599
1760011106270 0.00014721957927540743 176609
1760011106642 0.00014538096828697262 176619
1760011107022 0.00014353643986877955 176629
1760011107398 0.00014168644016333509 176639
1760011107770 0.0001398314166365055 176649
1760011108143 0.0001379718179692861 176659
1760011108518 0.00013610809394927736 176669
1760011108892 0.00013424069536189322 176679
1760011109271 0.00013237007388132807 176689
1760011109655 0.00013049668196130852 176699
1760011110030 0.00012862097272565713 176709
1760011110406 0.00012674339985869364 176719
1760011110777 0.00012486441749550082 176729
1760011111152 0.0001229844801120811 176739
1760011111528 0.00012110404241543103 176749
1760011111913 0.00011922355923355972 176759
1760011112288 0.00011734348540547782 176769
1760011112665 0.00011546427567118424 176779
1760011113102 0.00011358638456167648 176789
1760011113485 0.00011171026628901174 176799
1760011113851 0.00010983637463644498 176809
1760011114211 0.0001079651628486707 176819
1760011114577 0.00010609708352219534 176829
1760011114936 0.00010423258849586592 176839
1760011115302 0.00010237212874158239 176849
1760011115664 0.0001005161542552193 176859
1760011116027 9.866511394778395e-05 176869
1760011116404 9.681945553683655e-05 176879
1760011116778 9.497962543819925e-05 176889
1760011117145 9.314606865798013e-05 176899
1760011117517 9.13192286849378e-05 176909
1760011117898 8.949954738321347e-05 176919
1760011118281 8.768746488545548e-05 176929
1760011118640 8.588341948636305e-05 176939
1760011119013 8.408784753667444e-05 176949
1760011119383 8.230118333762516e-05 176959
1760011119752 8.052385903590209e-05 176969
1760011120134 7.875630451911868e-05 176979
1760011120508 7.699894731183638e-05 176989
1760011120884 7.525221247215809e-05 176999
1760011121265 7.351652248891751e-05 177009
1760011121634 7.179229717949063e-05 177019
1760011122002 7.00799535882528e-05 177029
1760011122374 6.837990588570689e-05 177039
1760011122747 6.669256526830642e-05 177049
1760011123118 6.501833985899782e-05 177059
1760011123496 6.335763460850681e-05 177069
1760011123866 6.171085119739094e-05 177079
1760011124232 6.007838793888431e-05 177089
1760011124604 5.8460639682555616e-05 177099
1760011124988 5.685799771880497e-05 177109
1760011125351 5.527084968422083e-05 177119
1760011125721 5.3699579467821175e-05 177129
1760011126092 5.2144567118200654e-05 177139
1760011126465 5.060618875160743e-05 177149
1760011126839 4.908481646097001e-05 177159
1760011127213 4.758081822589827e-05 177169
1760011127583 4.609455782367886e-05 177179
1760011127954 4.462639474128686e-05 177189
1760011128333 4.317668408843596e-05 177199
1760011128710 4.174577651168617e-05 177209
1760011129078 4.033401810963228e-05 177219
1760011129451 3.894175034919149e-05 177229
1760011129835 3.7569309983011725e-05 177239
1760011130210 3.621702896801991e-05 177249
1760011130580 3.4885234385130833e-05 177259
1760011130959 3.357424836013441e-05 177269
1760011131331 3.228438798578236e-05 177279
1760011131701 3.101596524509181e-05 177289
1760011132073 2.9769286935884648e-05 177299
1760011132447 2.8544654596581766e-05 177309
1760011132816 2.7342364433268292e-05 177319
1760011133189 2.6162707248049697e-05 177329
1760011133559 2.5005968368714204e-05 177339
1760011133928 2.38724275797197e-05 177349
1760011134298 2.27623590545211e-05 177359
1760011134676 2.167603128925545e-05 177369
1760011135046 2.0613707037799318e-05 177379
1760011135419 1.957564324821601e-05 177389
1760011135793 1.8562091000606484e-05 177399
1760011136166 1.7573295446379658e-05 177409
1760011136549 1.6609495748957053e-05 177419
1760011136925 1.5670925025925135e-05 177429
1760011137306 1.4757810292650651e-05 177439
1760011137680 1.3870372407371511e-05 177449
1760011138057 1.3008826017777047e-05 177459
1760011138442 1.2173379509090422e-05 177469
1760011138822 1.136423495366584e-05 177479
1760011139204 1.0581588062112443e-05 177489
1760011139587 9.825628135957285e-06 177499
1760011139961 9.096538021858258e-06 177509
1760011140341 8.39449406737821e-06 177519
1760011140721 7.719666078331376e-06 177529
1760011141098 7.0722172777116285e-06 177539
1760011141481 6.4523042662133e-06 177549
1760011141866 5.860076984353625e-06 177559
1760011142245 5.2956786762060095e-06 177569
1760011142622 4.759245854753201e-06 177579
1760011143495 4.250908268868358e-06 177589
1760011143858 3.7707888719322e-06 177599
1760011144223 3.3190037920939793e-06 177609
1760011144586 2.8956623041830156e-06 177619
1760011144947 2.50086680327808e-06 177629
1760011145310 2.134712779940785e-06 177639
1760011145672 1.79728879711882e-06 177649
1760011146037 1.4886764687250708e-06 177659
1760011146403 1.208950439897256e-06 177669
1760011146769 9.581783689433688e-07 177679
1760011147137 7.364209109768045e-07 177689
1760011147503 5.437317032455632e-07 177699
1760011147869 3.8015735215882896e-07 177709
1760011163138 2.4450873490401293e-07 177719
1760011163517 1.3980190330045695e-07 177729
1760011163889 6.416139639303072e-08 177739
1760011164265 1.760550961438689e-08 177749
1760011164640 1.4550359884331075e-10 177759
1760011165030 0.00024061103179007012 177769
1760011165446 0.00024057029440376562 177779
1760011165801 0.00024050046958230996 177789
1760011166155 0.00024040157421447564 177799
1760011166518 0.00024027363222042949 177809
1760011166875 0.0002401166745459467 177819
1760011167232 0.00023993073915492625 177829
1760011167590 0.00023971587102020815 177839
1760011167959 0.0002394721221126958 177849
1760011168332 0.00023919955138878565 177859
1760011168698 0.00023889822477610713 177869
1760011169072 0.00023856821515757663 177879
1760011169441 0.00023820960235376883 177889
1760011169814 0.00023782247310361051 177899
1760011170188 0.00023740692104340052 177909
1760011170562 0.00023696304668416164 177919
1760011170936 0.0002364909573873297 177929
1760011171307 0.00023599076733878558 177939
1760011171674 0.0002354625975212369 177949
1760011172044 0.00023490657568495533 177959
1760011172417 0.00023432283631687716 177969
1760011172786 0.00023371152060807455 177979
1760011173157 0.0002330727764196053 177989
1760011173527 0.00023240675824674878 177999
1760011173895 0.00023171362718163807 178009
1760011174263 0.00023099355087429578 178019
1760011174633 0.000230246703492084 178029
1760011175005 0.0002294732656775779 178039
1760011175373 0.00022867342450487294 178049
1760011175744 0.00022784737343433685 178059
1760011176111 0.0002269953122658164 178069
1760011176480 0.00022611744709031143 178079
1760011176852 0.00022521399024012654 178089
1760011177230 0.00022428516023751394 178099
1760011177604 0.00022333118174181835 178109
1760011177977 0.0002223522854951381 178119
1760011178349 0.00022134870826651465 178129
1760011178720 0.00022032069279466441 178139
1760011179094 0.00021926848772926678 178149
1760011179464 0.00021819234757082225 178159
1760011179833 0.00021709253260909564 178169
1760011180200 0.0002159693088601587 178179
1760011180567 0.00021482294800204813 178189
1760011180932 0.00021365372730905365 178199
1760011181299 0.0002124619295846528 178209
1760011181669 0.0002112478430931083 178219
1760011182039 0.00021001176148974452 178229
1760011182405 0.00020875398374992 178239
1760011182774 0.00020747481409671346 178249
1760011183141 0.00020617456192734 178259
1760011183511 0.00020485354173831635 178269
1760011183882 0.00020351207304939229 178279
1760011184255 0.00020215048032626762 178289
1760011184628 0.00020076909290211217 178299
1760011184999 0.00019936824489790903 178309
1760011185372 0.00019794827514163954 178319
1760011185745 0.00019650952708632973 178329
1760011186123 0.0001950523487269781 178339
1760011186504 0.000193577092516385 178349
1760011186891 0.00019208411527990346 178359
1760011187268 0.00019057377812913297 178369
1760011187647 0.00018904644637457552 178379
1760011188021 0.00018750248943727734 178389
1760011188424 0.00018594228075947535 178399
1760011188801 0.00018436619771427149 178409
1760011189170 0.0001827746215143562 178419
1760011189541 0.00018116793711980318 178429
1760011189925 0.00017954653314495767 178439
1760011190292 0.0001779108017644412 178449
1760011190671 0.00017626113861829448 178459
1760011191049 0.0001745979427162831 178469
1760011191426 0.00017292161634138722 178479
1760011191799 0.00017123256495250037 178489
1760011192172 0.00016953119708635922 178499
1760011192549 0.00016781792425872994 178509
1760011192929 0.00016609316086487296 178519
1760011193302 0.00016435732407931206 178529
1760011193686 0.00016261083375493067 178539
1760011194053 0.00016085411232142092 178549
1760011194433 0.00015908758468310876 178559
1760011194809 0.00015731167811618098 178569
1760011195194 0.00015552682216533865 178579
1760011195551 0.0001537334485399013 178589
1760011195932 0.00015193199100938814 178599
1760011196312 0.00015012288529860066 178609
1760011196701 0.00014830656898223217 178619
1760011197083 0.0001464834813790304 178629
1760011197464 0.00014465406344553778 178639
1760011197841 0.00014281875766943567 178649
1760011198214 0.0001409780079625184 178659
1760011198597 0.00013913225955332296 178669
1760011198979 0.0001372819588794397 178679
1760011199347 0.00013542755347953098 178689
1760011199711 0.00013356949188508377 178699
1760011200073 0.00013170822351192142 178709
1760011200456 0.00012984419855150198 178719
1760011200805 0.00012797786786202884 178729
1760011201165 0.00012610968285940016 178739
1760011201530 0.00012424009540802332 178749
1760011201895 0.00012236955771152068 178759
1760011202258 0.00012049852220335388 178769
1760011202627 0.00011862744143739192 178779
1760011202991 0.00011675676797845044 178789
1760011203372 0.00011488695429282831 178799
1760011203757 0.0001130184526388681 178809
1760011204129 0.00011115171495756668 178819
1760011204495 0.00010928719276326275 178829
1760011204864 0.00010742533703442735 178839
1760011205228 0.00010556659810458436 178849
1760011205603 0.0001037114255533866 178859
1760011205971 0.00010186026809787448 178869
1760011206337 0.0001000135734839432 178879
1760011206709 9.817178837804502e-05 178889
1760011207075 9.633535825915236e-05 178899
1760011207448 9.450472731100826e-05 178909
1760011207826 9.268033831469023e-05 178919
1760011208209 9.086263254151312e-05 178929
1760011208572 8.90520496462974e-05 178939
1760011208949 8.72490275610282e-05 178949
1760011209325 8.545400238893124e-05 178959
1760011209697 8.366740829899106e-05 178969
1760011210067 8.188967742093704e-05 178979
1760011210439 8.012123974072258e-05 178989
1760011210820 7.836252299652308e-05 178999
1760011211183 7.66139525752772e-05 179009
1760011211551 7.48759514097973e-05 179019
1760011211918 7.314893987647293e-05 179029
1760011212284 7.143333569359318e-05 179039
1760011212651 6.972955382031155e-05 179049
1760011213025 6.803800635627837e-05 179059
1760011213419 6.63591024419649e-05 179069
1760011213798 6.469324815970283e-05 179079
1760011214174 6.304084643546429e-05 179089
1760011214548 6.140229694140398e-05 179099
1760011214929 5.977799599918988e-05 179109
1760011215315 5.816833648414284e-05 179119
1760011215692 5.6573707730210945e-05 179129
1760011216060 5.499449543579972e-05 179139
1760011216435 5.343108157048207e-05 179149
1760011216812 5.188384428260965e-05 179159
1760011217185 5.035315780784939e-05 179169
1760011217566 4.883939237866516e-05 179179
1760011217942 4.7342914134768785e-05 179189
1760011218320 4.586408503456047e-05 179199
1760011218697 4.440326276758043e-05 179209
1760011219075 4.2960800667993774e-05 179219
1760011219449 4.153704762912774e-05 179229
1760011219825 4.013234801908412e-05 179239
1760011220207 3.8747041597445534e-05 179249
1760011220583 3.738146343309667e-05 179259
1760011220960 3.6035943823179804e-05 179269
1760011221335 3.471080821320518e-05 179279
1760011221715 3.340637711833374e-05 179289
1760011222098 3.212296604585345e-05 179299
1760011222468 3.086088541886635e-05 179309
1760011222844 2.9620440501205226e-05 179319
1760011223215 2.840193132359886e-05 179329
1760011223585 2.7205652611101954e-05 179339
1760011223957 2.6031893711809448e-05 179349
1760011224329 2.4880938526870632e-05 179359
1760011224704 2.3753065441821102e-05 179369
1760011225079 2.2648547259248495e-05 179379
1760011225457 2.1567651132809175e-05 179389
1760011225833 2.051063850261032e-05 179399
1760011226208 1.947776503197493e-05 179409
1760011226585 1.846928054560345e-05 179419
1760011226964 1.748542896914776e-05 179429
1760011227340 1.6526448270212268e-05 179439
1760011227713 1.5592570400795508e-05 179449
1760011228117 1.4684021241187398e-05 179459
1760011228490 1.3801020545334653e-05 179469
1760011228859 1.2943781887688163e-05 179479
1760011229225 1.2112512611544971e-05 179489
1760011229592 1.1307413778897512e-05 179499
1760011229958 1.0528680121801881e-05 179509
1760011230325 9.776499995277499e-06 179519
1760011230691 9.051055331748967e-06 179529
1760011231059 8.35252159704132e-06 179539
1760011231425 7.68106774793972e-06 179549
1760011231791 7.0368561913230706e-06 179559
1760011232160 6.4200427448822335e-06 179569
1760011232536 5.830776599431857e-06 179579
1760011232915 5.269200282824979e-06 179589
1760011233298 4.7354496254794345e-06 179599
1760011233677 4.229653727524017e-06 179609
1760011234056 3.751934927572539e-06 179619
1760011234434 3.3024087731335092e-06 179629
1760011234812 2.8811839926621007e-06 179639
1760011235192 2.48836246926169e-06 179649
1760011235568 2.124039216041081e-06 179659
1760011235946 1.7883023531332258e-06 179669
1760011236321 1.4812330863814455e-06 179679
1760011236704 1.2029056876977696e-06 179689
1760011237073 9.53387477098652e-07 179699
1760011237444 7.327388064219206e-07 179709
1760011237818 5.410130447293354e-07 179719
1760011238191 3.7825656539803484e-07 179729
1760011238568 2.4450873490401293e-07 179739
1760011238946 1.3980190330045695e-07 179749
1760011239321 6.416139639303072e-08 179759
1760011239698 1.760550961438689e-08 179769
1760011240080 1.4550359884331075e-10 179779
1760011240456 0.00024061103179007012 179789
1760011240826 0.00024057029440376562 179799
1760011241196 0.00024050046958230996 179809
1760011241570 0.00024040157421447564 179819
1760011241944 0.00024027363222042949 179829
1760011242319 0.0002401166745459467 179839
1760011242693 0.00023993073915492625 179849
1760011243067 0.00023971587102020815 179859
1760011243447 0.0002394721221126958 179869
1760011243826 0.00023919955138878565 179879
1760011244199 0.00023889822477610713 179889
1760011244577 0.00023856821515757663 179899
1760011244950 0.00023820960235376883 179909
1760011245332 0.00023782247310361051 179919
1760011245713 0.00023740692104340052 179929
1760011246085 0.00023696304668416164 179939
1760011246468 0.0002364909573873297 179949
1760011246845 0.00023599076733878558 179959
1760011247223 0.0002354625975212369 179969
1760011247598 0.00023490657568495533 179979
1760011247978 0.00023432283631687716 179989
1760011248362 0.00023371152060807455 179999
1760011248744 0.0002330727764196053 180009
1760011249118 0.00023240675824674878 180019
1760011249500 0.00023171362718163807 180029
1760011249874 0.00023099355087429578 180039
1760011250257 0.000230246703492084 180049
1760011250639 0.0002294732656775779 180059
1760011251020 0.00022867342450487294 180069
1760011251400 0.00022784737343433685 180079
1760011251789 0.0002269953122658164 180089
1760011252175 0.00022611744709031143 180099
1760011252552 0.00022521399024012654 180109
1760011252940 0.00022428516023751394 180119
1760011253321 0.00022333118174181835 180129
1760011253706 0.0002223522854951381 180139
1760011254083 0.00022134870826651465 180149
1760011254466 0.00022032069279466441 180159
1760011254847 0.00021926848772926678 180169
1760011255238 0.00021819234757082225 180179
1760011255621 0.00021709253260909564 180189
1760011256006 0.0002159693088601587 180199
1760011256374 0.00021482294800204813 180209
1760011256744 0.00021365372730905365 180219
1760011257111 0.0002124619295846528 180229
1760011257477 0.0002112478430931083 180239
1760011257842 0.00021001176148974452 180249
1760011258209 0.00020875398374992 180259
1760011258579 0.00020747481409671346 180269
1760011258948 0.00020617456192734 180279
1760011259322 0.00020485354173831635 180289
1760011259700 0.00020351207304939229 180299
1760011260070 0.00020215048032626762 180309
1760011260442 0.00020076909290211217 180319
1760011260812 0.00019936824489790903 180329
1760011261182 0.00019794827514163954 180339
1760011261560 0.00019650952708632973 180349
1760011261938 0.0001950523487269781 180359
1760011262310 0.000193577092516385 180369
1760011262679 0.00019208411527990346 180379
1760011263050 0.00019057377812913297 180389
1760011263421 0.00018904644637457552 180399
1760011263798 0.00018750248943727734 180409
1760011264169 0.00018594228075947535 180419
1760011264540 0.00018436619771427149 180429
1760011264910 0.0001827746215143562 180439
1760011265281 0.00018116793711980318 180449
1760011265651 0.00017954653314495767 180459
1760011266021 0.0001779108017644412 180469
1760011266399 0.00017626113861829448 180479
1760011266778 0.0001745979427162831 180489
1760011267149 0.00017292161634138722 180499
1760011267522 0.00017123256495250037 180509
1760011267892 0.00016953119708635922 180519
1760011268264 0.00016781792425872994 180529
1760011268654 0.00016609316086487296 180539
1760011269042 0.00016435732407931206 180549
1760011269410 0.00016261083375493067 180559
1760011269777 0.00016085411232142092 180569
1760011270149 0.00015908758468310876 180579
1760011270522 0.00015731167811618098 180589
1760011270892 0.00015552682216533865 180599
1760011271264 0.0001537334485399013 180609
1760011271640 0.00015193199100938814 180619
1760011272011 0.00015012288529860066 180629
1760011272384 0.00014830656898223217 180639
1760011272756 0.0001464834813790304 180649
1760011273134 0.00014465406344553778 180659
1760011273530 0.00014281875766943567 180669
1760011273889 0.0001409780079625184 180679
1760011274258 0.00013913225955332296 180689
1760011274629 0.0001372819588794397 180699
1760011275001 0.00013542755347953098 180709
1760011275373 0.00013356949188508377 180719
1760011275749 0.00013170822351192142 180729
1760011276118 0.00012984419855150198 180739
1760011276494 0.00012797786786202884 180749
1760011276869 0.00012610968285940016 180759
1760011277248 0.00012424009540802332 180769
1760011277627 0.00012236955771152068 180779
1760011278008 0.00012049852220335388 180789
1760011278381 0.00011862744143739192 180799
1760011278754 0.00011675676797845044 180809
1760011279127 0.00011488695429282831 180819
1760011279498 0.0001130184526388681 180829
1760011279876 0.00011115171495756668 180839
1760011280254 0.00010928719276326275 180849
1760011280632 0.00010742533703442735 180859
1760011281009 0.00010556659810458436 180869
1760011281384 0.0001037114255533866 180879
1760011281761 0.00010186026809787448 180889
1760011282136 0.0001000135734839432 180899
1760011282513 9.817178837804502e-05 180909
1760011282893 9.633535825915236e-05 180919
1760011283273 9.450472731100826e-05 180929
1760011283646 9.268033831469023e-05 180939
1760011284024 9.086263254151312e-05 180949
1760011284401 8.90520496462974e-05 180959
1760011284779 8.72490275610282e-05 180969
1760011285156 8.545400238893124e-05 180979
1760011285720 8.366740829899106e-05 180989
1760011286095 8.188967742093704e-05 180999
1760011286477 8.012123974072258e-05 181009
1760011286846 7.836252299652308e-05 181019
1760011287202 7.66139525752772e-05 181029
1760011287557 7.48759514097973e-05 181039
1760011287929 7.314893987647293e-05 181049
1760011288292 7.143333569359318e-05 181059
1760011288657 6.972955382031155e-05 181069
1760011289024 6.803800635627837e-05 181079
1760011289388 6.63591024419649e-05 181089
1760011289744 6.469324815970283e-05 181099
1760011290110 6.304084643546429e-05 181109
1760011290467 6.140229694140398e-05 181119
1760011290825 5.977799599918988e-05 181129
1760011291183 5.816833648414284e-05 181139
1760011291547 5.6573707730210945e-05 181149
1760011291909 5.499449543579972e-05 181159
1760011292271 5.343108157048207e-05 181169
1760011292638 5.188384428260965e-05 181179
1760011293000 5.035315780784939e-05 181189
1760011293362 4.883939237866516e-05 181199
1760011293722 4.7342914134768785e-05 181209
1760011294088 4.586408503456047e-05 181219
1760011294451 4.440326276758043e-05 181229
1760011294822 4.2960800667993774e-05 181239
1760011295182 4.153704762912774e-05 181249
1760011295536 4.013234801908412e-05 181259
1760011295893 3.8747041597445534e-05 181269
1760011296252 3.738146343309667e-05 181279
1760011296608 3.6035943823179804e-05 181289
1760011296973 3.471080821320518e-05 181299
1760011297345 3.340637711833374e-05 181309
1760011297711 3.212296604585345e-05 181319
1760011298075 3.086088541886635e-05 181329
1760011298436 2.9620440501205226e-05 181339
1760011298801 2.840193132359886e-05 181349
1760011299158 2.7205652611101954e-05 181359
1760011299516 2.6031893711809448e-05 181369
1760011299872 2.4880938526870632e-05 181379
1760011300231 2.3753065441821102e-05 181389
1760011300587 2.2648547259248495e-05 181399
1760011300946 2.1567651132809175e-05 181409
1760011301303 2.051063850261032e-05 181419
1760011301667 1.947776503197493e-05 181429
1760011302036 1.846928054560345e-05 181439
1760011302406 1.748542896914776e-05 181449
1760011302773 1.6526448270212268e-05 181459
1760011303135 1.5592570400795508e-05 181469
1760011303491 1.4684021241187398e-05 181479
1760011303849 1.3801020545334653e-05 181489
1760011304214 1.2943781887688163e-05 181499
1760011304577 1.2112512611544971e-05 181509
1760011304937 1.1307413778897512e-05 181519
1760011305292 1.0528680121801881e-05 181529
1760011305650 9.776499995277499e-06 181539
1760011306007 9.051055331748967e-06 181549
1760011306371 8.35252159704132e-06 181559
1760011306730 7.68106774793972e-06 181569
1760011307094 7.0368561913230706e-06 181579
1760011307454 6.4200427448822335e-06 181589
1760011307812 5.830776599431857e-06 181599
1760011308168 5.269200282824979e-06 181609
1760011308527 4.7354496254794345e-06 181619
1760011309373 4.229653727524017e-06 181629
1760011309730 3.751934927572539e-06 181639
1760011310083 3.3024087731335092e-06 181649
1760011310437 2.8811839926621007e-06 181659
1760011310791 2.48836246926169e-06 181669
1760011311145 2.124039216041081e-06 181679
1760011311500 1.7883023531332258e-06 181689
1760011311853 1.4812330863814455e-06 181699
1760011312207 1.2029056876977696e-06 181709
1760011312558 9.53387477098652e-07 181719
1760011312910 7.327388064219206e-07 181729
1760011313263 5.410130447293354e-07 181739
1760011313616 3.7825656539803484e-07 181749
1760011331112 2.432861912294929e-07 181759
1760011331471 1.3910289378395465e-07 181769
1760011331839 6.384058941106557e-08 181779
1760011332203 1.7517482066314956e-08 181789
1760011332562 1.447760808490942e-10 181799
1760011332930 0.00023940797663111977 181809
1760011333300 0.00023936744293174677 181819
1760011333649 0.0002392979672343984 181829
1760011334027 0.00023919956634340327 181839
1760011334413 0.00023907226405932733 181849
1760011334788 0.00023891609117321697 181859
1760011335141 0.0002387310854591516 181869
1760011335497 0.00023851729166510713 181879
1760011335854 0.00023827476150213234 181889
1760011336219 0.0002380035536318417 181899
1760011336584 0.0002377037336522266 181909
1760011336951 0.00023737537408178875 181919
1760011337319 0.00023701855434199998 181929
1760011337698 0.00023663336073809246 181939
1760011338071 0.0002362198864381835 181949
1760011338441 0.00023577823145074083 181959
1760011338811 0.00023530850260039302 181969
1760011339178 0.00023481081350209165 181979
1760011339551 0.00023428528453363072 181989
1760011339914 0.00023373204280653057 181999
1760011340279 0.00023315122213529276 182009
1760011340632 0.0002325429630050342 182019
1760011340985 0.00023190741253750728 182029
1760011341338 0.00023124472445551502 182039
1760011341699 0.00023055505904572988 182049
1760011342056 0.0002298385831199243 182059
1760011342446 0.00022909546997462358 182069
1760011342824 0.00022832589934919 182079
1760011343203 0.00022753005738234859 182089
1760011343582 0.00022670813656716518 182099
1760011343966 0.00022586033570448733 182109
1760011344343 0.00022498685985485988 182119
1760011344723 0.00022408792028892591 182129
1760011345100 0.0002231637344363264 182139
1760011345478 0.00022221452583310927 182149
1760011345862 0.0002212405240676624 182159
1760011346248 0.00022024196472518207 182169
1760011346640 0.00021921908933069108 182179
1760011347018 0.00021817214529062045 182189
1760011347402 0.00021710138583296815 182199
1760011347784 0.00021600706994605014 182209
1760011348174 0.00021488946231585791 182219
1760011348559 0.00021374883326203786 182229
1760011348935 0.00021258545867250837 182239
1760011349311 0.00021139961993672953 182249
1760011349696 0.00021019160387764275 182259
1760011350074 0.00020896170268229578 182269
1760011350459 0.0002077102138311704 182279
1760011350840 0.0002064374400262299 182289
1760011351222 0.0002051436891177033 182299
1760011351611 0.00020382927402962477 182309
1760011351995 0.00020249451268414533 182319
1760011352376 0.00020113972792463629 182329
1760011352747 0.0001997652474376016 182339
1760011353120 0.00019837140367341948 182349
1760011353494 0.00019695853376593134 182359
1760011353874 0.00019552697945089808 182369
1760011354246 0.00019407708698334318 182379
1760011354619 0.00019260920705380306 182389
1760011354991 0.00019112369470350394 182399
1760011355366 0.0001896209092384873 182409
1760011355750 0.00018810121414270266 182419
1760011356139 0.00018656497699009094 182429
1760011356523 0.00018501256935567797 182439
1760011356902 0.00018344436672570013 182449
1760011357282 0.0001818607484067844 182459
1760011357661 0.00018026209743420417 182469
1760011358046 0.0001786488004792329 182479
1760011358432 0.000177021247755619 182489
1760011358809 0.00017537983292520301 182499
1760011359175 0.00017372495300270168 182509
1760011359542 0.00017205700825968028 182519
1760011359911 0.00017037640212773784 182529
1760011360278 0.00016868354110092742 182539
1760011360641 0.00016697883463743629 182549
1760011361005 0.0001652626950605486 182559
1760011361373 0.00016353553745891548 182569
1760011361739 0.00016179777958615603 182579
1760011362107 0.00016004984175981381 182589
1760011362474 0.00015829214675969322 182599
1760011362840 0.0001565251197256001 182609
1760011363206 0.00015474918805451196 182619
1760011363573 0.00015296478129720177 182629
1760011363940 0.0001511723310543412 182639
1760011364307 0.00014937227087210764 182649
1760011364677 0.000147565036137321 182659
1760011365042 0.00014575106397213524 182669
1760011365407 0.00014393079312831008 182679
1760011365775 0.00014210466388108847 182689
1760011366142 0.0001402731179227058 182699
1760011366515 0.00013843659825555634 182709
1760011366890 0.00013659554908504248 182719
1760011367266 0.0001347504157121333 182729
1760011367638 0.00013290164442565834 182739
1760011368007 0.00013104968239436183 182749
1760011368388 0.00012919497755874447 182759
1760011368766 0.0001273379785227187 182769
1760011369142 0.00012547913444510317 182779
1760011369519 0.0001236188949309832 182789
1760011369894 0.00012175770992296307 182799
1760011370272 0.0001198960295923371 182809
1760011370652 0.00011803430423020495 182819
1760011371032 0.00011617298413855817 182829
1760011371416 0.00011431251952136416 182839
1760011371801 0.00011245336037567376 182849
1760011372172 0.00011059595638277885 182859
1760011372543 0.00010874075679944644 182869
1760011372913 0.00010688821034925521 182879
1760011373288 0.00010503876511406144 182889
1760011373657 0.00010319286842561966 182899
1760011374028 0.00010135096675738511 182909
1760011374403 9.951350561652348e-05 182919
1760011374778 9.76809294361548e-05 182929
1760011375157 9.58536814678566e-05 182939
1760011375533 9.403220367445321e-05 182949
1760011375907 9.221693662311678e-05 182959
1760011376278 9.040831937880555e-05 182969
1760011376651 8.860678939806592e-05 182979
1760011377023 8.681278242322305e-05 182989
1760011377401 8.502673237698658e-05 182999
1760011377777 8.324907125749611e-05 183009
1760011378152 8.148022903383236e-05 183019
1760011378528 7.972063354201897e-05 183029
1760011378906 7.797071038154046e-05 183039
1760011379282 7.623088281240081e-05 183049
1760011379661 7.450157165274831e-05 183059
1760011380036 7.278319517709055e-05 183069
1760011380411 7.107616901512521e-05 183079
1760011380784 6.938090605120999e-05 183089
1760011381158 6.769781632449697e-05 183099
1760011381537 6.602730692975507e-05 183109
1760011381919 6.436978191890432e-05 183119
1760011382302 6.272564220328696e-05 183129
1760011382689 6.109528545669696e-05 183139
1760011383076 5.947910601919394e-05 183149
1760011383462 5.7877494801722126e-05 183159
1760011383845 5.629083919155989e-05 183169
1760011384222 5.471952295862072e-05 183179
1760011384573 5.316392616262966e-05 183189
1760011384925 5.16244250611966e-05 183199
1760011385280 5.010139201881015e-05 183209
1760011385631 4.859519541677183e-05 183219
1760011386005 4.710619956409494e-05 183229
1760011386384 4.563476460938766e-05 183239
1760011386763 4.418124645374253e-05 183249
1760011387143 4.274599666465381e-05 183259
1760011387519 4.13293623909821e-05 183269
1760011387890 3.9931686278988696e-05 183279
1760011388261 3.85533063894583e-05 183289
1760011388634 3.719455611593118e-05 183299
1760011389007 3.5855764104063904e-05 183309
1760011389379 3.453725417213916e-05 183319
1760011389759 3.323934523274207e-05 183329
1760011390137 3.196235121562418e-05 183339
1760011390509 3.070658099177202e-05 183349
1760011390886 2.94723382986992e-05 183359
1760011391264 2.8259921666980862e-05 183369
1760011391641 2.7069624348046443e-05 183379
1760011392013 2.5901734243250403e-05 183389
1760011392393 2.475653383423628e-05 183399
1760011392765 2.3634300114611996e-05 183409
1760011393142 2.253530452295225e-05 183419
1760011393520 2.1459812877145128e-05 183429
1760011393891 2.040808531009727e-05 183439
1760011394263 1.9380376206815053e-05 183449
1760011394634 1.8376934142875434e-05 183459
1760011395003 1.739800182430202e-05 183469
1760011395373 1.6443816028861208e-05 183479
1760011395744 1.551460754879153e-05 183489
1760011396116 1.4610601134981461e-05 183499
1760011396487 1.3732015442607979e-05 183509
1760011396859 1.287906297824972e-05 183519
1760011397230 1.2051950048487245e-05 183529
1760011397599 1.1250876710003024e-05 183539
1760011397970 1.0476036721192872e-05 183549
1760011398339 9.727617495301111e-06 183559
1760011398711 9.005800055090223e-06 183569
1760011399082 8.310758989056114e-06 183579
1760011399452 7.642662409200021e-06 183589
1760011399823 7.0016719103664554e-06 183599
1760011400194 6.387942531157822e-06 183609
1760011400566 5.801622716434698e-06 183619
1760011400935 5.242854281410854e-06 183629
1760011401311 4.7117723773520375e-06 183639
1760011401679 4.208505458886396e-06 183649
1760011402050 3.733175252934676e-06 183659
1760011402422 3.2858967292678416e-06 183669
1760011402794 2.86677807269879e-06 183679
1760011403168 2.475920656915381e-06 183689
1760011403542 2.1134190199608755e-06 183699
1760011403917 1.7793608413675598e-06 183709
1760011404291 1.4738269209495381e-06 183719
1760011404672 1.1968911592592807e-06 183729
1760011405049 9.486205397131586e-07 183739
1760011405426 7.29075112389811e-07 183749
1760011405801 5.383079795056887e-07 183759
1760011406180 3.7636528257104464e-07 183769
1760011406562 2.432861912294929e-07 183779
1760011406948 1.3910289378395465e-07 183789
1760011407331 6.384058941106557e-08 183799
1760011407712 1.7517482066314956e-08 183809
1760011408104 1.447760808490942e-10 183819
1760011408502 0.00023940797663111977 183829
1760011408920 0.00023936744293174677 183839
1760011409314 0.0002392979672343984 183849
1760011409720 0.00023919956634340327 183859
1760011410124 0.00023907226405932733 183869
1760011410522 0.00023891609117321697 183879
1760011410902 0.0002387310854591516 183889
1760011411273 0.00023851729166510713 183899
1760011411642 0.00023827476150213234 183909
1760011412012 0.0002380035536318417 183919
1760011412381 0.0002377037336522266 183929
1760011412748 0.00023737537408178875 183939
1760011413119 0.00023701855434199998 183949
1760011413488 0.00023663336073809246 183959
1760011413859 0.0002362198864381835 183969
1760011414228 0.00023577823145074083 183979
1760011414599 0.00023530850260039302 183989
1760011414970 0.00023481081350209165 183999
1760011415367 0.00023428528453363072 184009
1760011415786 0.00023373204280653057 184019
1760011416180 0.00023315122213529276 184029
1760011416595 0.0002325429630050342 184039
1760011416974 0.00023190741253750728 184049
1760011417350 0.00023124472445551502 184059
1760011417721 0.00023055505904572988 184069
1760011418092 0.0002298385831199243 184079
1760011418464 0.00022909546997462358 184089
1760011418839 0.00022832589934919 184099
1760011419212 0.00022753005738234859 184109
1760011419586 0.00022670813656716518 184119
1760011419958 0.00022586033570448733 184129
1760011420333 0.00022498685985485988 184139
1760011420709 0.00022408792028892591 184149
1760011421081 0.0002231637344363264 184159
1760011421465 0.00022221452583310927 184169
1760011421845 0.0002212405240676624 184179
1760011422219 0.00022024196472518207 184189
1760011422599 0.00021921908933069108 184199
1760011422988 0.00021817214529062045 184209
1760011423374 0.00021710138583296815 184219
1760011423750 0.00021600706994605014 184229
1760011424124 0.00021488946231585791 184239
1760011424503 0.00021374883326203786 184249
1760011424879 0.00021258545867250837 184259
1760011425257 0.00021139961993672953 184269
1760011425630 0.00021019160387764275 184279
1760011426010 0.00020896170268229578 184289
1760011426378 0.0002077102138311704 184299
1760011426747 0.0002064374400262299 184309
1760011427126 0.0002051436891177033 184319
1760011427496 0.00020382927402962477 184329
1760011427867 0.00020249451268414533 184339
1760011428240 0.00020113972792463629 184349
1760011428619 0.0001997652474376016 184359
1760011428990 0.00019837140367341948 184369
1760011429361 0.00019695853376593134 184379
1760011429734 0.00019552697945089808 184389
1760011430106 0.00019407708698334318 184399
1760011430489 0.00019260920705380306 184409
1760011430871 0.00019112369470350394 184419
1760011431246 0.0001896209092384873 184429
1760011431626 0.00018810121414270266 184439
1760011432014 0.00018656497699009094 184449
1760011432391 0.00018501256935567797 184459
1760011432776 0.00018344436672570013 184469
1760011433163 0.0001818607484067844 184479
1760011433545 0.00018026209743420417 184489
1760011433924 0.0001786488004792329 184499
1760011434304 0.000177021247755619 184509
1760011434685 0.00017537983292520301 184519
1760011435059 0.00017372495300270168 184529
1760011435437 0.00017205700825968028 184539
1760011435814 0.00017037640212773784 184549
1760011436187 0.00016868354110092742 184559
1760011436568 0.00016697883463743629 184569
1760011436947 0.0001652626950605486 184579
1760011437322 0.00016353553745891548 184589
1760011437704 0.00016179777958615603 184599
1760011438083 0.00016004984175981381 184609
1760011438462 0.00015829214675969322 184619
1760011438840 0.0001565251197256001 184629
1760011439226 0.00015474918805451196 184639
1760011439604 0.00015296478129720177 184649
1760011439981 0.0001511723310543412 184659
1760011440362 0.00014937227087210764 184669
1760011440743 0.000147565036137321 184679
1760011441121 0.00014575106397213524 184689
1760011441497 0.00014393079312831008 184699
1760011441884 0.00014210466388108847 184709
1760011442261 0.0001402731179227058 184719
1760011442637 0.00013843659825555634 184729
1760011443020 0.00013659554908504248 184739
1760011443397 0.0001347504157121333 184749
1760011443771 0.00013290164442565834 184759
1760011444154 0.00013104968239436183 184769
1760011444530 0.00012919497755874447 184779
1760011444915 0.0001273379785227187 184789
1760011445290 0.00012547913444510317 184799
1760011445668 0.0001236188949309832 184809
1760011446051 0.00012175770992296307 184819
1760011446433 0.0001198960295923371 184829
1760011446816 0.00011803430423020495 184839
1760011447195 0.00011617298413855817 184849
1760011447576 0.00011431251952136416 184859
1760011447951 0.00011245336037567376 184869
1760011448324 0.00011059595638277885 184879
1760011448697 0.00010874075679944644 184889
1760011449072 0.00010688821034925521 184899
1760011449444 0.00010503876511406144 184909
1760011449824 0.00010319286842561966 184919
1760011450198 0.00010135096675738511 184929
1760011450574 9.951350561652348e-05 184939
1760011450945 9.76809294361548e-05 184949
1760011451321 9.58536814678566e-05 184959
1760011451696 9.403220367445321e-05 184969
1760011452069 9.221693662311678e-05 184979
1760011452451 9.040831937880555e-05 184989
1760011452835 8.860678939806592e-05 184999
1760011453221 8.681278242322305e-05 185009
1760011453595 8.502673237698658e-05 185019
1760011453960 8.324907125749611e-05 185029
1760011454317 8.148022903383236e-05 185039
1760011454670 7.972063354201897e-05 185049
1760011455038 7.797071038154046e-05 185059
1760011455406 7.623088281240081e-05 185069
1760011455787 7.450157165274831e-05 185079
1760011456162 7.278319517709055e-05 185089
1760011456540 7.107616901512521e-05 185099
1760011456919 6.938090605120999e-05 185109
1760011457295 6.769781632449697e-05 185119
1760011457675 6.602730692975507e-05 185129
1760011458056 6.436978191890432e-05 185139
1760011458442 6.272564220328696e-05 185149
1760011458815 6.109528545669696e-05 185159
1760011459188 5.947910601919394e-05 185169
1760011459561 5.7877494801722126e-05 185179
1760011459938 5.629083919155989e-05 185189
1760011460302 5.471952295862072e-05 185199
1760011460669 5.316392616262966e-05 185209
1760011461037 5.16244250611966e-05 185219
1760011461422 5.010139201881015e-05 185229
1760011461800 4.859519541677183e-05 185239
1760011462174 4.710619956409494e-05 185249
1760011462548 4.563476460938766e-05 185259
1760011462930 4.418124645374253e-05 185269
1760011463304 4.274599666465381e-05 185279
1760011463682 4.13293623909821e-05 185289
1760011464058 3.9931686278988696e-05 185299
1760011464431 3.85533063894583e-05 185309
1760011464807 3.719455611593118e-05 185319
1760011465184 3.5855764104063904e-05 185329
1760011465565 3.453725417213916e-05 185339
1760011465933 3.323934523274207e-05 185349
1760011466301 3.196235121562418e-05 185359
1760011466680 3.070658099177202e-05 185369
1760011467051 2.94723382986992e-05 185379
1760011467426 2.8259921666980862e-05 185389
1760011467798 2.7069624348046443e-05 185399
1760011468170 2.5901734243250403e-05 185409
1760011468544 2.475653383423628e-05 185419
1760011468919 2.3634300114611996e-05 185429
1760011469292 2.253530452295225e-05 185439
1760011469663 2.1459812877145128e-05 185449
1760011470035 2.040808531009727e-05 185459
1760011470408 1.9380376206815053e-05 185469
1760011470783 1.8376934142875434e-05 185479
1760011471154 1.739800182430202e-05 185489
1760011471528 1.6443816028861208e-05 185499
1760011471898 1.551460754879153e-05 185509
1760011472279 1.4610601134981461e-05 185519
1760011472650 1.3732015442607979e-05 185529
1760011473020 1.287906297824972e-05 185539
1760011473389 1.2051950048487245e-05 185549
1760011473759 1.1250876710003024e-05 185559
1760011474128 1.0476036721192872e-05 185569
1760011474502 9.727617495301111e-06 185579
1760011474869 9.005800055090223e-06 185589
1760011475244 8.310758989056114e-06 185599
1760011475613 7.642662409200021e-06 185609
1760011475982 7.0016719103664554e-06 185619
1760011476359 6.387942531157822e-06 185629
1760011476724 5.801622716434698e-06 185639
1760011477095 5.242854281410854e-06 185649
1760011477465 4.7117723773520375e-06 185659
1760011478321 4.208505458886396e-06 185669
1760011478684 3.733175252934676e-06 185679
1760011479046 3.2858967292678416e-06 185689
1760011479404 2.86677807269879e-06 185699
1760011479773 2.475920656915381e-06 185709
1760011480140 2.1134190199608755e-06 185719
1760011480505 1.7793608413675598e-06 185729
1760011480873 1.4738269209495381e-06 185739
1760011481240 1.1968911592592807e-06 185749
1760011481606 9.486205397131586e-07 185759
1760011481972 7.29075112389811e-07 185769
1760011482339 5.383079795056887e-07 185779
1760011482705 3.7636528257104464e-07 185789
1760011498554 2.420697602733454e-07 185799
1760011498903 1.3840737931503487e-07 185809
1760011499253 6.352138646401023e-08 185819
1760011499603 1.742989465598338e-08 185829
1760011499952 1.4405220044484872e-10 185839
1760011500314 0.00023821093674796418 185849
1760011500698 0.00023817060571708804 185859
1760011501034 0.0002381014773982264 185869
1760011501371 0.00023800356851168625 185879
1760011501715 0.00023787690273903067 185889
1760011502073 0.00023772151071735088 185899
1760011502410 0.00023753743003185587 185909
1760011502748 0.00023732470520678158 185919
1760011503094 0.00023708338769462168 185929
1760011503469 0.0002368135358636825 185939
1760011503818 0.00023651521498396544 185949
1760011504171 0.00023618849721137978 185959
1760011504519 0.00023583346157028998 185969
1760011504875 0.00023545019393440202 185979
1760011505228 0.0002350387870059926 185989
1760011505580 0.00023459934029348712 185999
1760011505928 0.00023413196008739107 186009
1760011506277 0.0002336367594345812 186019
1760011506632 0.00023311385811096257 186029
1760011506981 0.00023256338259249791 186039
1760011507339 0.00023198546602461629 186049
1760011507695 0.00023138024819000901 186059
1760011508055 0.00023074787547481973 186069
1760011508448 0.00023008850083323744 186079
1760011508801 0.00022940228375050123 186089
1760011509150 0.00022868939020432468 186099
1760011509504 0.00022794999262475046 186109
1760011509859 0.00022718426985244406 186119
1760011510218 0.00022639240709543685 186129
1760011510575 0.00022557459588432935 186139
1760011510930 0.0002247310340259649 186149
1760011511282 0.00022386192555558557 186159
1760011511638 0.00022296748068748127 186169
1760011511995 0.00022204791576414476 186179
1760011512351 0.00022110345320394372 186189
1760011512704 0.0002201343214473241 186199
1760011513061 0.00021914075490155616 186209
1760011513416 0.00021812299388403763 186219
1760011513768 0.00021708128456416733 186229
1760011514123 0.0002160158789038033 186239
1760011514477 0.00021492703459631988 186249
1760011514833 0.00021381501500427862 186259
1760011515189 0.00021268008909572768 186269
1760011515548 0.00021152253137914583 186279
1760011515904 0.00021034262183704589 186289
1760011516273 0.00020914064585825454 186299
1760011516646 0.0002079168941688843 186309
1760011517016 0.00020667166276201455 186319
1760011517387 0.00020540525282609874 186329
1760011517757 0.0002041179706721148 186339
1760011518122 0.00020281012765947665 186349
1760011518488 0.0002014820401207246 186359
1760011518861 0.00020013402928501309 186369
1760011519219 0.0001987664212004136 186379
1760011519577 0.00019737954665505238 186389
1760011519930 0.00019597374109710168 186399
1760011520329 0.0001945493445536436 186409
1760011520685 0.00019310670154842647 186419
1760011521045 0.00019164616101853405 186429
1760011521406 0.00019016807622998643 186439
1760011521772 0.00018867280469229487 186449
1760011522136 0.00018716070807198913 186459
1760011522503 0.0001856321521051405 186469
1760011522870 0.00018408750650889956 186479
1760011523240 0.00018252714489207163 186489
1760011523613 0.0001809514446647505 186499
1760011523988 0.00017936078694703314 186509
1760011524366 0.0001777555564768367 186519
1760011524749 0.0001761361415168409 186529
1760011525126 0.000174502933760577 186539
1760011525501 0.00017285632823768816 186549
1760011525875 0.0001711967232183819 186559
1760011526249 0.00016952452011709915 186569
1760011526632 0.0001678401233954228 186579
1760011527013 0.00016614394046424912 186589
1760011527389 0.00016443638158524586 186599
1760011527763 0.00016271785977162092 186609
1760011528145 0.00016098879068822525 186619
1760011528523 0.00015924959255101474 186629
1760011528895 0.00015750068602589476 186639
1760011529265 0.0001557424941269721 186649
1760011529643 0.00015397544211423939 186659
1760011530014 0.00015219995739071578 186669
1760011530385 0.0001504164693990695 186679
1760011530754 0.0001486254095177471 186689
1760011531124 0.00014682721095663439 186699
1760011531507 0.00014502230865227458 186709
1760011531886 0.00014321113916266853 186719
1760011532258 0.00014139414056168304 186729
1760011532627 0.0001395717523330923 186739
1760011533013 0.00013774441526427859 186749
1760011533396 0.00013591257133961727 186759
1760011533769 0.00013407666363357264 186769
1760011534149 0.00013223713620353004 186779
1760011534526 0.00013039443398239002 186789
1760011534908 0.00012854900267095075 186799
1760011535290 0.0001267012886301051 186809
1760011535665 0.00012485173877287766 186819
1760011536051 0.0001230008004563283 186829
1760011536438 0.00012114892137334826 186839
1760011536813 0.00011929654944437542 186849
1760011537187 0.00011744413270905393 186859
1760011537559 0.00011559211921786538 186869
1760011537943 0.00011374095692375735 186879
1760011538319 0.00011189109357379539 186889
1760011538698 0.00011004297660086496 186899
1760011539075 0.0001081970530154492 186909
1760011539457 0.00010635376929750893 186919
1760011539829 0.00010451357128849113 186929
1760011540217 0.00010267690408349156 186939
1760011540599 0.00010084421192359818 186949
1760011540979 9.901593808844087e-05 186959
1760011541351 9.719252478897402e-05 186969
1760011541725 9.537441306051732e-05 186979
1760011542101 9.356204265608095e-05 186989
1760011542478 9.175585194000119e-05 186999
1760011542862 8.995627778191153e-05 187009
1760011543237 8.816375545107559e-05 187019
1760011543614 8.637871851110694e-05 187029
1760011543988 8.460159871510164e-05 187039
1760011544370 8.283282590120862e-05 187049
1760011544754 8.10728278886632e-05 187059
1760011545141 7.932203037430887e-05 187069
1760011545512 7.758085682963276e-05 187079
1760011545877 7.584972839833881e-05 187089
1760011546244 7.412906379448457e-05 187099
1760011546619 7.241927920120511e-05 187109
1760011546999 7.072078817004959e-05 187119
1760011547368 6.903400152095393e-05 187129
1760011547740 6.735932724287448e-05 187139
1760011548097 6.56971703951063e-05 187149
1760011548452 6.404793300930979e-05 187159
1760011548808 6.241201399227053e-05 187169
1760011549173 6.078980902941347e-05 187179
1760011549523 5.918171048909796e-05 187189
1760011549877 5.7588107327713514e-05 187199
1760011550246 5.600938499560209e-05 187209
1760011550603 5.4445925343827616e-05 187219
1760011550961 5.289810653181651e-05 187229
1760011551321 5.1366302935890615e-05 187239
1760011551680 4.98508850587161e-05 187249
1760011552028 4.835221943968797e-05 187259
1760011552381 4.687066856627446e-05 187269
1760011552730 4.5406590786340725e-05 187279
1760011553078 4.3960340221473816e-05 187289
1760011553433 4.253226668133054e-05 187299
1760011553784 4.112271557902719e-05 187309
1760011554133 3.973202784759375e-05 187319
1760011554484 3.836053985751101e-05 187329
1760011554835 3.700858333535152e-05 187339
1760011555183 3.567648528354358e-05 187349
1760011555526 3.436456790127846e-05 187359
1760011555872 3.307314850657836e-05 187369
1760011556217 3.1802539459546056e-05 187379
1760011556566 3.0553048086813154e-05 187389
1760011556959 2.93249766072057e-05 187399
1760011557333 2.8118622058645958e-05 187409
1760011557721 2.693427622630621e-05 187419
1760011558119 2.577222557203415e-05 187429
1760011558506 2.46327511650651e-05 187439
1760011558896 2.3516128614038937e-05 187449
1760011559280 2.242262800033749e-05 187459
1760011559662 2.13525138127594e-05 187469
1760011560046 2.030604488354678e-05 187479
1760011560414 1.928347432578098e-05 187489
1760011560779 1.8285049472161057e-05 187499
1760011561149 1.731101181518051e-05 187509
1760011561521 1.63615969487169e-05 187519
1760011561893 1.5437034511047572e-05 187529
1760011562264 1.4537548129306553e-05 187539
1760011562636 1.366335536539494e-05 187549
1760011563003 1.2814667663358473e-05 187559
1760011563376 1.1991690298244809e-05 187569
1760011563746 1.119462232645301e-05 187579
1760011564119 1.0423656537586907e-05 187589
1760011564491 9.678979407824606e-06 187599
1760011564864 8.960771054814771e-06 187609
1760011565246 8.269205194110833e-06 187619
1760011565620 7.604449097154021e-06 187629
1760011565992 6.966663550814623e-06 187639
1760011566364 6.356002818502033e-06 187649
1760011566746 5.772614602852524e-06 187659
1760011567122 5.2166400100038e-06 187669
1760011567499 4.688213515465277e-06 187679
1760011567876 4.187462931591965e-06 187689
1760011568251 3.7145093766700025e-06 187699
1760011568634 3.2694672456215027e-06 187709
1760011569009 2.8524441823352963e-06 187719
1760011569387 2.4635410536308044e-06 187729
1760011569769 2.102851924861071e-06 187739
1760011570149 1.7704640371607219e-06 187749
1760011570532 1.4664577863447905e-06 187759
1760011570916 1.1909067034629844e-06 187769
1760011571302 9.438774370145929e-07 187779
1760011571686 7.254297368278619e-07 187789
1760011572068 5.356164396081603e-07 187799
1760011572452 3.7448345615818943e-07 187809
1760011572827 2.420697602733454e-07 187819
1760011573205 1.3840737931503487e-07 187829
1760011573586 6.352138646401023e-08 187839
1760011573948 1.742989465598338e-08 187849
1760011574309 1.4405220044484872e-10 187859
1760011574672 0.00023821093674796418 187869
1760011575043 0.00023817060571708804 187879
1760011575421 0.0002381014773982264 187889
1760011575801 0.00023800356851168625 187899
1760011576177 0.00023787690273903067 187909
1760011576552 0.00023772151071735088 187919
1760011576959 0.00023753743003185587 187929
1760011577419 0.00023732470520678158 187939
1760011577813 0.00023708338769462168 187949
1760011578230 0.0002368135358636825 187959
1760011578638 0.00023651521498396544 187969
1760011579020 0.00023618849721137978 187979
1760011579418 0.00023583346157028998 187989
1760011579799 0.00023545019393440202 187999
1760011580187 0.0002350387870059926 188009
1760011580570 0.00023459934029348712 188019
1760011580971 0.00023413196008739107 188029
1760011581351 0.0002336367594345812 188039
1760011581745 0.00023311385811096257 188049
1760011582160 0.00023256338259249791 188059
1760011582567 0.00023198546602461629 188069
1760011582973 0.00023138024819000901 188079
1760011583355 0.00023074787547481973 188089
1760011583723 0.00023008850083323744 188099
1760011584094 0.00022940228375050123 188109
1760011584461 0.00022868939020432468 188119
1760011584826 0.00022794999262475046 188129
1760011585202 0.00022718426985244406 188139
1760011585749 0.00022639240709543685 188149
1760011586118 0.00022557459588432935 188159
1760011586488 0.0002247310340259649 188169
1760011586881 0.00022386192555558557 188179
1760011587237 0.00022296748068748127 188189
1760011587598 0.00022204791576414476 188199
1760011587975 0.00022110345320394372 188209
1760011588348 0.0002201343214473241 188219
1760011588722 0.00021914075490155616 188229
1760011589107 0.00021812299388403763 188239
1760011589478 0.00021708128456416733 188249
1760011589842 0.0002160158789038033 188259
1760011590199 0.00021492703459631988 188269
1760011590555 0.00021381501500427862 188279
1760011590913 0.00021268008909572768 188289
1760011591283 0.00021152253137914583 188299
1760011591648 0.00021034262183704589 188309
1760011592011 0.00020914064585825454 188319
1760011592360 0.0002079168941688843 188329
1760011592720 0.00020667166276201455 188339
1760011593073 0.00020540525282609874 188349
1760011593429 0.0002041179706721148 188359
1760011593782 0.00020281012765947665 188369
1760011594133 0.0002014820401207246 188379
1760011594483 0.00020013402928501309 188389
1760011594841 0.0001987664212004136 188399
1760011595193 0.00019737954665505238 188409
1760011595550 0.00019597374109710168 188419
1760011595910 0.0001945493445536436 188429
1760011596260 0.00019310670154842647 188439
1760011596612 0.00019164616101853405 188449
1760011596963 0.00019016807622998643 188459
1760011597315 0.00018867280469229487 188469
1760011597667 0.00018716070807198913 188479
1760011598023 0.0001856321521051405 188489
1760011598382 0.00018408750650889956 188499
1760011598734 0.00018252714489207163 188509
1760011599088 0.0001809514446647505 188519
1760011599446 0.00017936078694703314 188529
1760011599801 0.0001777555564768367 188539
1760011600155 0.0001761361415168409 188549
1760011600533 0.000174502933760577 188559
1760011600907 0.00017285632823768816 188569
1760011601270 0.0001711967232183819 188579
1760011601589 0.00016952452011709915 188589
1760011601937 0.0001678401233954228 188599
1760011602300 0.00016614394046424912 188609
1760011602671 0.00016443638158524586 188619
1760011603040 0.00016271785977162092 188629
1760011603408 0.00016098879068822525 188639
1760011603757 0.00015924959255101474 188649
1760011604125 0.00015750068602589476 188659
1760011604489 0.0001557424941269721 188669
1760011604811 0.00015397544211423939 188679
1760011605162 0.00015219995739071578 188689
1760011605514 0.0001504164693990695 188699
1760011605870 0.0001486254095177471 188709
1760011606238 0.00014682721095663439 188719
1760011606593 0.00014502230865227458 188729
1760011606958 0.00014321113916266853 188739
1760011607325 0.00014139414056168304 188749
1760011607681 0.0001395717523330923 188759
1760011608045 0.00013774441526427859 188769
1760011608401 0.00013591257133961727 188779
1760011608772 0.00013407666363357264 188789
1760011609140 0.00013223713620353004 188799
1760011609504 0.00013039443398239002 188809
1760011609827 0.00012854900267095075 188819
1760011610167 0.0001267012886301051 188829
1760011610524 0.00012485173877287766 188839
1760011610891 0.0001230008004563283 188849
1760011611252 0.00012114892137334826 188859
1760011611609 0.00011929654944437542 188869
1760011611975 0.00011744413270905393 188879
1760011612333 0.00011559211921786538 188889
1760011612686 0.00011374095692375735 188899
1760011613051 0.00011189109357379539 188909
1760011613412 0.00011004297660086496 188919
1760011613767 0.0001081970530154492 188929
1760011614130 0.00010635376929750893 188939
1760011614486 0.00010451357128849113 188949
1760011614845 0.00010267690408349156 188959
1760011615202 0.00010084421192359818 188969
1760011615567 9.901593808844087e-05 188979
1760011615936 9.719252478897402e-05 188989
1760011616314 9.537441306051732e-05 188999
1760011616686 9.356204265608095e-05 189009
1760011617061 9.175585194000119e-05 189019
1760011617436 8.995627778191153e-05 189029
1760011617816 8.816375545107559e-05 189039
1760011618189 8.637871851110694e-05 189049
1760011618564 8.460159871510164e-05 189059
1760011618940 8.283282590120862e-05 189069
1760011619316 8.10728278886632e-05 189079
1760011619691 7.932203037430887e-05 189089
1760011620066 7.758085682963276e-05 189099
1760011620445 7.584972839833881e-05 189109
1760011620815 7.412906379448457e-05 189119
1760011621186 7.241927920120511e-05 189129
1760011621557 7.072078817004959e-05 189139
1760011621927 6.903400152095393e-05 189149
1760011622302 6.735932724287448e-05 189159
1760011622681 6.56971703951063e-05 189169
1760011623062 6.404793300930979e-05 189179
1760011623444 6.241201399227053e-05 189189
1760011623830 6.078980902941347e-05 189199
1760011624220 5.918171048909796e-05 189209
1760011624603 5.7588107327713514e-05 189219
1760011624976 5.600938499560209e-05 189229
1760011625364 5.4445925343827616e-05 189239
1760011625742 5.289810653181651e-05 189249
1760011626124 5.1366302935890615e-05 189259
1760011626507 4.98508850587161e-05 189269
1760011626891 4.835221943968797e-05 189279
1760011627264 4.687066856627446e-05 189289
1760011627642 4.5406590786340725e-05 189299
1760011628031 4.3960340221473816e-05 189309
1760011628407 4.253226668133054e-05 189319
1760011628792 4.112271557902719e-05 189329
1760011629172 3.973202784759375e-05 189339
1760011629547 3.836053985751101e-05 189349
1760011629926 3.700858333535152e-05 189359
1760011630303 3.567648528354358e-05 189369
1760011630685 3.436456790127846e-05 189379
1760011631065 3.307314850657836e-05 189389
1760011631463 3.1802539459546056e-05 189399
1760011631846 3.0553048086813154e-05 189409
1760011632227 2.93249766072057e-05 189419
1760011632606 2.8118622058645958e-05 189429
1760011632978 2.693427622630621e-05 189439
1760011633352 2.577222557203415e-05 189449
1760011633725 2.46327511650651e-05 189459
1760011634096 2.3516128614038937e-05 189469
1760011634469 2.242262800033749e-05 189479
1760011634844 2.13525138127594e-05 189489
1760011635221 2.030604488354678e-05 189499
1760011635591 1.928347432578098e-05 189509
1760011635969 1.8285049472161057e-05 189519
1760011636346 1.731101181518051e-05 189529
1760011636716 1.63615969487169e-05 189539
1760011637087 1.5437034511047572e-05 189549
1760011637458 1.4537548129306553e-05 189559
1760011637827 1.366335536539494e-05 189569
1760011638211 1.2814667663358473e-05 189579
1760011638585 1.1991690298244809e-05 189589
1760011638956 1.119462232645301e-05 189599
1760011639329 1.0423656537586907e-05 189609
1760011639700 9.678979407824606e-06 189619
1760011640079 8.960771054814771e-06 189629
1760011640466 8.269205194110833e-06 189639
1760011640847 7.604449097154021e-06 189649
1760011641219 6.966663550814623e-06 189659
1760011641591 6.356002818502033e-06 189669
1760011641965 5.772614602852524e-06 189679
1760011642334 5.2166400100038e-06 189689
1760011642706 4.688213515465277e-06 189699
1760011643573 4.187462931591965e-06 189709
1760011643933 3.7145093766700025e-06 189719
1760011644298 3.2694672456215027e-06 189729
1760011644664 2.8524441823352963e-06 189739
1760011645029 2.4635410536308044e-06 189749
1760011645395 2.102851924861071e-06 189759
1760011645761 1.7704640371607219e-06 189769
1760011646127 1.4664577863447905e-06 189779
1760011646496 1.1909067034629844e-06 189789
1760011646870 9.438774370145929e-07 189799
1760011647245 7.254297368278619e-07 189809
1760011647614 5.356164396081603e-07 189819
1760011647963 3.7448345615818943e-07 189829
1760011662732 2.4085941147197865e-07 189839
1760011663059 1.3771534241845972e-07 189849
1760011663410 6.320377953169018e-08 189859
1760011663719 1.7342745182703465e-08 189869
1760011664045 1.4333193944262447e-10 189879
1760011664385 0.00023701988206422433 189889
1760011664757 0.0002369797526885026 189899
1760011665066 0.00023691097001123527 189909
1760011665389 0.0002368135506691278 189919
1760011665760 0.00023668751822533552 189929
1760011666140 0.00023653290316376412 189939
1760011666504 0.00023634974288169657 189949
1760011666870 0.00023613808168074766 189959
1760011667243 0.00023589797075614856 189969
1760011667620 0.00023562946818436408 189979
1760011667996 0.0002353326389090456 189989
1760011668375 0.00023500755472532288 189999
1760011668757 0.00023465429426243852 190009
1760011669105 0.00023427294296472998 190019
1760011669454 0.00023386359307096263 190029
1760011669836 0.00023342634359201967 190039
1760011670223 0.0002329613002869541 190049
1760011670605 0.0002324685756374083 190059
1760011670987 0.00023194828882040774 190069
1760011671367 0.0002314005656795354 190079
1760011671746 0.00023082553869449321 190089
1760011672127 0.00023022334694905897 190099
1760011672507 0.00022959413609744563 190109
1760011672887 0.00022893805832907126 190119
1760011673273 0.00022825527233174872 190129
1760011673650 0.00022754594325330305 190139
1760011674030 0.00022681024266162672 190149
1760011674415 0.0002260483485031818 190159
1760011674797 0.00022526044505995967 190169
1760011675179 0.0002244467229049077 190179
1760011675564 0.00022360737885583507 190189
1760011675942 0.00022274261592780765 190199
1760011676324 0.00022185264328404387 190209
1760011676715 0.00022093767618532403 190219
1760011677103 0.000219997935937924 190229
1760011677491 0.00021903364984008746 190239
1760011677872 0.00021804505112704836 190249
1760011678255 0.00021703237891461743 190259
1760011678639 0.0002159958781413465 190269
1760011679024 0.00021493579950928427 190279
1760011679402 0.0002138523994233383 190289
1760011679782 0.00021274593992925723 190299
1760011680163 0.00021161668865024905 190309
1760011680549 0.0002104649187222501 190319
1760011680926 0.00020929090872786064 190329
1760011681302 0.00020809494262896328 190339
1760011681676 0.0002068773096980399 190349
1760011682055 0.00020563830444820448 190359
1760011682434 0.00020437822656196826 190369
1760011682813 0.0002030973808187542 190379
1760011683191 0.00020179607702117925 190389
1760011683573 0.00020047462992012097 190399
1760011683957 0.00019913335913858803 190409
1760011684337 0.00019777258909441152 190419
1760011684713 0.0001963926489217771 190429
1760011685092 0.0001949938723916162 190439
1760011685475 0.00019357659783087537 190449
1760011685857 0.00019214116804068434 190459
1760011686232 0.00019068793021344136 190469
1760011686606 0.0001892172358488365 190479
1760011686988 0.00018772944066883338 190489
1760011687370 0.00018622490453162917 190499
1760011687751 0.00018470399134461478 190509
1760011688134 0.00018316706897635507 190519
1760011688516 0.00018161450916761126 190529
1760011688890 0.00018004668744142673 190539
1760011689264 0.00017846398301229796 190549
1760011689638 0.00017686677869445253 190559
1760011690048 0.0001752554608092567 190569
1760011690435 0.0001736304190917741 190579
1760011690816 0.0001719920465964997 190589
1760011691192 0.00017034073960228997 190599
1760011691566 0.00016867689751651367 190609
1760011691943 0.00016700092277844566 190619
1760011692323 0.00016531322076192786 190629
1760011692704 0.00016361419967731962 190639
1760011693085 0.0001619042704727628 190649
1760011693471 0.00016018384673478412 190659
1760011693851 0.00015845334458825967 190669
1760011694228 0.00015671318259576528 190679
1760011694604 0.00015496378165633722 190689
1760011694981 0.0001532055649036682 190699
1760011695354 0.0001514389576037622 190709
1760011695733 0.00014966438705207416 190719
1760011696104 0.00014788228247015835 190729
1760011696477 0.0001460930749018512 190739
1760011696851 0.00014429719710901318 190749
1760011697222 0.0001424950834668552 190759
1760011697607 0.00014068716985887462 190769
1760011698016 0.0001388738935714268 190779
1760011698426 0.00013705569318795717 190789
1760011698807 0.00013523300848291919 190799
1760011699186 0.0001334062803154048 190809
1760011699561 0.00013157595052251238 190819
1760011699969 0.00012974246181247806 190829
1760011700342 0.00012790625765759597 190839
1760011700720 0.00012606778218695458 190849
1760011701096 0.00012422748007901327 190859
1760011701479 0.00012238579645404665 190869
1760011701861 0.00012054317676648151 190879
1760011702238 0.00011870006669715354 190889
1760011702618 0.00011685691204550866 190899
1760011703001 0.00011501415862177605 190909
1760011703389 0.00011317225213913855 190919
1760011703769 0.00011133163810592641 190929
1760011704149 0.00010949276171786062 190939
1760011704527 0.00010765606775037195 190949
1760011704912 0.00010582200045102139 190959
1760011705286 0.00010399100343204867 190969
1760011705660 0.0001021635195630741 190979
1760011706038 0.00010033999086398018 190989
1760011706426 9.852085839799866e-05 190999
1760011706795 9.670656216502916e-05 191009
1760011707164 9.489754099521473e-05 191019
1760011707527 9.309423244280054e-05 191029
1760011707903 9.129707268030118e-05 191039
1760011708276 8.950649639300197e-05 191049
1760011708651 8.772293667382021e-05 191059
1760011709027 8.59468249185514e-05 191069
1760011709401 8.417859072152613e-05 191079
1760011709773 8.241866177170258e-05 191089
1760011710145 8.066746374921987e-05 191099
1760011710519 7.892542022243733e-05 191109
1760011710901 7.71929525454846e-05 191119
1760011711282 7.547047975634711e-05 191129
1760011711659 7.375841847551214e-05 191139
1760011712027 7.205718280519907e-05 191149
1760011712394 7.036718422919933e-05 191159
1760011712768 6.868883151334916e-05 191169
1760011713137 6.702253060666011e-05 191179
1760011713509 6.536868454313076e-05 191189
1760011713881 6.372769334426324e-05 191199
1760011714251 6.209995392230918e-05 191209
1760011714621 6.0485859984266404e-05 191219
1760011715001 5.8885801936652476e-05 191229
1760011715383 5.7300166791074947e-05 191239
1760011715755 5.5729338070624075e-05 191249
1760011716124 5.417369571710848e-05 191259
1760011716495 5.263361599915743e-05 191269
1760011716863 5.1109471421211165e-05 191279
1760011717232 4.960163063342252e-05 191289
1760011717607 4.811045834248953e-05 191299
1760011717985 4.663631522344309e-05 191309
1760011718357 4.5179557832409024e-05 191319
1760011718731 4.374053852036644e-05 191329
1760011719100 4.2319605347923886e-05 191339
1760011719471 4.091710200113205e-05 191349
1760011719849 3.9533367708355784e-05 191359
1760011720227 3.816873715822346e-05 191369
1760011720601 3.6823540418674766e-05 191379
1760011720972 3.549810285712587e-05 191389
1760011721346 3.4192745061772065e-05 191399
1760011721722 3.2907782764045464e-05 191409
1760011722095 3.164352676224833e-05 191419
1760011722467 3.040028284637909e-05 191429
1760011722849 2.9178351724169674e-05 191439
1760011723223 2.797802894835273e-05 191449
1760011723602 2.6799604845174677e-05 191459
1760011723978 2.5643364444173978e-05 191469
1760011724369 2.450958740923977e-05 191479
1760011724753 2.339854797096874e-05 191489
1760011725137 2.23105148603358e-05 191499
1760011725518 2.1245751243695606e-05 191509
1760011725890 2.0204514659129047e-05 191519
1760011726260 1.9187056954152075e-05 191529
1760011726633 1.819362422480025e-05 191539
1760011727006 1.7224456756104608e-05 191549
1760011727379 1.6279788963973317e-05 191559
1760011727761 1.5359849338492335e-05 191569
1760011728138 1.4464860388660021e-05 191579
1760011728511 1.3595038588567965e-05 191589
1760011728883 1.275059432504168e-05 191599
1760011729256 1.1931731846753585e-05 191609
1760011729628 1.1138649214820743e-05 191619
1760011730006 1.0371538254898973e-05 191629
1760011730388 9.630584510785482e-06 191639
1760011730766 8.915967199540698e-06 191649
1760011731144 8.227859168140278e-06 191659
1760011731536 7.566426851668251e-06 191669
1760011731914 6.9318302330605495e-06 191679
1760011732293 6.324222804409522e-06 191689
1760011732671 5.743751529838261e-06 191699
1760011733045 5.1905568099537805e-06 191709
1760011733417 4.664772447887951e-06 191719
1760011733791 4.166525616934004e-06 191729
1760011734176 3.6959368297866528e-06 191739
1760011734551 3.253119909393395e-06 191749
1760011734924 2.8381819614236197e-06 191759
1760011735297 2.4512233483626503e-06 191769
1760011735685 2.092337665236766e-06 191779
1760011736068 1.7616117169749183e-06 191789
1760011736462 1.4591254974130664e-06 191799
1760011736847 1.1849521699456694e-06 191809
1760011737231 9.391580498295199e-07 191819
1760011737622 7.218025881437225e-07 191829
1760011738002 5.329383574101194e-07 191839
1760011738382 3.726110388773985e-07 191849
1760011738761 2.4085941147197865e-07 191859
1760011739141 1.3771534241845972e-07 191869
1760011739522 6.320377953169018e-08 191879
1760011739903 1.7342745182703465e-08 191889
1760011740286 1.4333193944262447e-10 191899
1760011740668 0.00023701988206422433 191909
1760011741052 0.0002369797526885026 191919
1760011741438 0.00023691097001123527 191929
1760011741820 0.0002368135506691278 191939
1760011742205 0.00023668751822533552 191949
1760011742594 0.00023653290316376412 191959
1760011742978 0.00023634974288169657 191969
1760011743364 0.00023613808168074766 191979
1760011743747 0.00023589797075614856 191989
1760011744132 0.00023562946818436408 191999
1760011744518 0.0002353326389090456 192009
1760011744902 0.00023500755472532288 192019
1760011745286 0.00023465429426243852 192029
1760011745667 0.00023427294296472998 192039
1760011746049 0.00023386359307096263 192049
1760011746427 0.00023342634359201967 192059
1760011746804 0.0002329613002869541 192069
1760011747181 0.0002324685756374083 192079
1760011747563 0.00023194828882040774 192089
1760011747944 0.0002314005656795354 192099
1760011748329 0.00023082553869449321 192109
1760011748711 0.00023022334694905897 192119
1760011749092 0.00022959413609744563 192129
1760011749469 0.00022893805832907126 192139
1760011749846 0.00022825527233174872 192149
1760011750223 0.00022754594325330305 192159
1760011750599 0.00022681024266162672 192169
1760011750976 0.0002260483485031818 192179
1760011751361 0.00022526044505995967 192189
1760011751736 0.0002244467229049077 192199
1760011752112 0.00022360737885583507 192209
1760011752496 0.00022274261592780765 192219
1760011752874 0.00022185264328404387 192229
1760011753256 0.00022093767618532403 192239
1760011753638 0.000219997935937924 192249
1760011754030 0.00021903364984008746 192259
1760011754411 0.00021804505112704836 192269
1760011754801 0.00021703237891461743 192279
1760011755184 0.0002159958781413465 192289
1760011755565 0.00021493579950928427 192299
1760011755949 0.0002138523994233383 192309
1760011756335 0.00021274593992925723 192319
1760011756725 0.00021161668865024905 192329
1760011757108 0.0002104649187222501 192339
1760011757486 0.00020929090872786064 192349
1760011757859 0.00020809494262896328 192359
1760011758236 0.0002068773096980399 192369
1760011758608 0.00020563830444820448 192379
1760011758982 0.00020437822656196826 192389
1760011759355 0.0002030973808187542 192399
1760011759729 0.00020179607702117925 192409
1760011760101 0.00020047462992012097 192419
1760011760480 0.00019913335913858803 192429
1760011760858 0.00019777258909441152 192439
1760011761235 0.0001963926489217771 192449
1760011761614 0.0001949938723916162 192459
1760011761993 0.00019357659783087537 192469
1760011762371 0.00019214116804068434 192479
1760011762744 0.00019068793021344136 192489
1760011763118 0.0001892172358488365 192499
1760011763493 0.00018772944066883338 192509
1760011763867 0.00018622490453162917 192519
1760011764239 0.00018470399134461478 192529
1760011764618 0.00018316706897635507 192539
1760011764991 0.00018161450916761126 192549
1760011765365 0.00018004668744142673 192559
1760011765742 0.00017846398301229796 192569
1760011766119 0.00017686677869445253 192579
1760011766501 0.0001752554608092567 192589
1760011766884 0.0001736304190917741 192599
1760011767267 0.0001719920465964997 192609
1760011767656 0.00017034073960228997 192619
1760011768040 0.00016867689751651367 192629
1760011768421 0.00016700092277844566 192639
1760011768801 0.00016531322076192786 192649
1760011769186 0.00016361419967731962 192659
1760011769561 0.0001619042704727628 192669
1760011769937 0.00016018384673478412 192679
1760011770327 0.00015845334458825967 192689
1760011770705 0.00015671318259576528 192699
1760011771083 0.00015496378165633722 192709
1760011771477 0.0001532055649036682 192719
1760011771857 0.0001514389576037622 192729
1760011772237 0.00014966438705207416 192739
1760011772621 0.00014788228247015835 192749
1760011773002 0.0001460930749018512 192759
1760011773380 0.00014429719710901318 192769
1760011773757 0.0001424950834668552 192779
1760011774139 0.00014068716985887462 192789
1760011774516 0.0001388738935714268 192799
1760011774894 0.00013705569318795717 192809
1760011775276 0.00013523300848291919 192819
1760011775662 0.0001334062803154048 192829
1760011776041 0.00013157595052251238 192839
1760011776443 0.00012974246181247806 192849
1760011776827 0.00012790625765759597 192859
1760011777215 0.00012606778218695458 192869
1760011777596 0.00012422748007901327 192879
1760011777980 0.00012238579645404665 192889
1760011778366 0.00012054317676648151 192899
1760011778756 0.00011870006669715354 192909
1760011779137 0.00011685691204550866 192919
1760011779514 0.00011501415862177605 192929
1760011779891 0.00011317225213913855 192939
1760011780266 0.00011133163810592641 192949
1760011780643 0.00010949276171786062 192959
1760011781021 0.00010765606775037195 192969
1760011781406 0.00010582200045102139 192979
1760011781792 0.00010399100343204867 192989
1760011782170 0.0001021635195630741 192999
1760011782553 0.00010033999086398018 193009
1760011782934 9.852085839799866e-05 193019
1760011783311 9.670656216502916e-05 193029
1760011783678 9.489754099521473e-05 193039
1760011784040 9.309423244280054e-05 193049
1760011784404 9.129707268030118e-05 193059
1760011784770 8.950649639300197e-05 193069
1760011785132 8.772293667382021e-05 193079
1760011785498 8.59468249185514e-05 193089
1760011785878 8.417859072152613e-05 193099
1760011786248 8.241866177170258e-05 193109
1760011786602 8.066746374921987e-05 193119
1760011786964 7.892542022243733e-05 193129
1760011787326 7.71929525454846e-05 193139
1760011787682 7.547047975634711e-05 193149
1760011788037 7.375841847551214e-05 193159
1760011788394 7.205718280519907e-05 193169
1760011788744 7.036718422919933e-05 193179
1760011789102 6.868883151334916e-05 193189
1760011789453 6.702253060666011e-05 193199
1760011789808 6.536868454313076e-05 193209
1760011790169 6.372769334426324e-05 193219
1760011790519 6.209995392230918e-05 193229
1760011790871 6.0485859984266404e-05 193239
1760011791227 5.8885801936652476e-05 193249
1760011791590 5.7300166791074947e-05 193259
1760011791956 5.5729338070624075e-05 193269
1760011792324 5.417369571710848e-05 193279
1760011792688 5.263361599915743e-05 193289
1760011793056 5.1109471421211165e-05 193299
1760011793428 4.960163063342252e-05 193309
1760011793794 4.811045834248953e-05 193319
1760011794167 4.663631522344309e-05 193329
1760011794529 4.5179557832409024e-05 193339
1760011794891 4.374053852036644e-05 193349
1760011795257 4.2319605347923886e-05 193359
1760011795625 4.091710200113205e-05 193369
1760011795995 3.9533367708355784e-05 193379
1760011796364 3.816873715822346e-05 193389
1760011796738 3.6823540418674766e-05 193399
1760011797116 3.549810285712587e-05 193409
1760011797488 3.4192745061772065e-05 193419
1760011797865 3.2907782764045464e-05 193429
1760011798244 3.164352676224833e-05 193439
1760011798621 3.040028284637909e-05 193449
1760011799004 2.9178351724169674e-05 193459
1760011799385 2.797802894835273e-05 193469
1760011799770 2.6799604845174677e-05 193479
1760011800143 2.5643364444173978e-05 193489
1760011800514 2.450958740923977e-05 193499
1760011800894 2.339854797096874e-05 193509
1760011801296 2.23105148603358e-05 193519
1760011801674 2.1245751243695606e-05 193529
1760011802050 2.0204514659129047e-05 193539
1760011802428 1.9187056954152075e-05 193549
1760011802805 1.819362422480025e-05 193559
1760011803188 1.7224456756104608e-05 193569
1760011803561 1.6279788963973317e-05 193579
1760011803936 1.5359849338492335e-05 193589
1760011804311 1.4464860388660021e-05 193599
1760011804697 1.3595038588567965e-05 193609
1760011805078 1.275059432504168e-05 193619
1760011805460 1.1931731846753585e-05 193629
1760011805848 1.1138649214820743e-05 193639
1760011806238 1.0371538254898973e-05 193649
1760011806632 9.630584510785482e-06 193659
1760011807025 8.915967199540698e-06 193669
1760011807407 8.227859168140278e-06 193679
1760011807792 7.566426851668251e-06 193689
1760011808177 6.9318302330605495e-06 193699
1760011808567 6.324222804409522e-06 193709
1760011808957 5.743751529838261e-06 193719
1760011809338 5.1905568099537805e-06 193729
1760011809721 4.664772447887951e-06 193739
1760011810595 4.166525616934004e-06 193749
1760011810966 3.6959368297866528e-06 193759
1760011811339 3.253119909393395e-06 193769
1760011811716 2.8381819614236197e-06 193779
1760011812092 2.4512233483626503e-06 193789
1760011812468 2.092337665236766e-06 193799
1760011812848 1.7616117169749183e-06 193809
1760011813215 1.4591254974130664e-06 193819
1760011813585 1.1849521699456694e-06 193829
1760011813946 9.391580498295199e-07 193839
1760011814310 7.218025881437225e-07 193849
1760011814674 5.329383574101194e-07 193859
1760011815036 3.726110388773985e-07 193869
1760011829426 2.396551144146188e-07 193879
1760011829797 1.3702676570636742e-07 193889
1760011830159 6.288776063403173e-08 193899
1760011830506 1.7256031456789945e-08 193909
1760011830867 1.4261527974541137e-10 193919
1760011831219 0.00023583478265390323 193929
1760011831636 0.00023579485392506008 193939
1760011831986 0.00023572641516117907 193949
1760011832341 0.00023562948291578218 193959
1760011832696 0.00023550408063420885 193969
1760011833051 0.0002353502386479453 193979
1760011833410 0.0002351679941672881 193989
1760011833771 0.00023495739127234392 193999
1760011834140 0.0002347184809023678 194009
1760011834508 0.00023445132084344228 194019
1760011834875 0.00023415597571450038 194029
1760011835248 0.00023383251695169627 194039
1760011835617 0.00023348102279112634 194049
1760011835983 0.00023310157824990634 194059
1760011836351 0.00023269427510560781 194069
1760011836721 0.0002322592118740596 194079
1760011837088 0.00023179649378551932 194089
1760011837453 0.00023130623275922124 194099
1760011837808 0.0002307885473763057 194109
1760011838186 0.00023024356285113772 194119
1760011838558 0.00022967141100102074 194129
1760011838958 0.00022907223021431368 194139
1760011839333 0.0002284461654169584 194149
1760011839700 0.0002277933680374259 194159
1760011840062 0.00022711399597009 194169
1760011840429 0.00022640821353703654 194179
1760011840802 0.00022567619144831858 194189
1760011841169 0.0002249181067606659 194199
1760011841550 0.00022413414283465986 194209
1760011841918 0.00022332448929038314 194219
1760011842287 0.0002224893419615559 194229
1760011842661 0.0002216289028481686 194239
1760011843031 0.00022074338006762366 194249
1760011843406 0.0002198329878043974 194259
1760011843782 0.00021889794625823438 194269
1760011844150 0.00021793848159088703 194279
1760011844517 0.00021695482587141314 194289
1760011844885 0.00021594721702004435 194299
1760011845253 0.00021491589875063976 194309
1760011845622 0.00021386112051173785 194319
1760011845990 0.0002127831374262216 194329
1760011846360 0.00021168221022961094 194339
1760011846734 0.00021055860520699778 194349
1760011847104 0.00020941259412863886 194359
1760011847480 0.00020824445418422135 194369
1760011847855 0.00020705446791581845 194379
1760011848234 0.0002058429231495497 194389
1760011848615 0.00020461011292596346 194399
1760011848991 0.0002033563354291584 194409
1760011849368 0.00020208189391466043 194419
1760011849745 0.00020078709663607334 194429
1760011850120 0.00019947225677052036 194439
1760011850499 0.0001981376923428951 194449
1760011850888 0.00019678372614893947 194459
1760011851266 0.00019541068567716823 194469
1760011851646 0.0001940189030296581 194479
1760011852022 0.00019260871484172098 194489
1760011852396 0.00019118046220048093 194499
1760011852774 0.00018973449056237417 194509
1760011853156 0.0001882711496695923 194519
1760011853542 0.00018679079346548921 194529
1760011853923 0.00018529378000897104 194539
1760011854296 0.00018378047138789173 194549
1760011854667 0.0001822512336314733 194559
1760011855042 0.0001807064366217732 194569
1760011855413 0.0001791464540042196 194579
1760011855780 0.00017757166309723647 194589
1760011856156 0.00017598244480098027 194599
1760011856533 0.0001743791835052104 194609
1760011856915 0.00017276226699631522 194619
1760011857282 0.00017113208636351722 194629
1760011857654 0.0001694890359042785 194639
1760011858013 0.0001678335130289311 194649
1760011858376 0.00016616591816455344 194659
1760011858737 0.00016448665465811823 194669
1760011859106 0.00016279612867893303 194679
1760011859467 0.00016109474912039899 194689
1760011859827 0.0001593829275011102 194699
1760011860197 0.00015766107786531835 194709
1760011860575 0.00015592961668278645 194719
1760011860938 0.00015418896274805552 194729
1760011861301 0.00015243953707914985 194739
1760011861672 0.00015068176281574338 194749
1760011862031 0.00014891606511681376 194759
1760011862395 0.00014714287105780757 194769
1760011862751 0.00014536260952734197 194779
1760011863108 0.00014357571112346812 194789
1760011863462 0.0001417826080495209 194799
1760011863821 0.00013998373400958024 194809
1760011864182 0.0001381795241035697 194819
1760011864553 0.00013637041472201739 194829
1760011864909 0.0001345568434405046 194839
1760011865263 0.00013273924891382775 194849
1760011865613 0.00013091807076989984 194859
1760011865972 0.00012909374950341568 194869
1760011866325 0.000127266726369308 194879
1760011866676 0.0001254374432760198 194889
1760011867047 0.00012360634267861818 194899
1760011867406 0.00012177386747177642 194909
1760011867763 0.00011994046088264911 194919
1760011868126 0.00011810656636366778 194929
1760011868481 0.00011627262748528112 194939
1760011868838 0.00011443908782866718 194949
1760011869193 0.00011260639087844287 194959
1760011869553 0.00011077497991539678 194969
1760011869910 0.00010894529790927133 194979
1760011870263 0.0001071177874116201 194989
1760011870623 0.00010529289044876628 194999
1760011870976 0.00010347104841488843 195009
1760011871329 0.00010165270196525873 195019
1760011871689 9.983829090966028e-05 195029
1760011872057 9.802825410600867e-05 195039
1760011872410 9.622302935420401e-05 195049
1760011872770 9.442305329023865e-05 195059
1760011873131 9.262876128058654e-05 195069
1760011873485 9.084058731689968e-05 195079
1760011873856 8.905896391103695e-05 195089
1760011874224 8.728432199045111e-05 195099
1760011874585 8.551709079395864e-05 195109
1760011874950 8.375769776791851e-05 195119
1760011875324 8.200656846284407e-05 195129
1760011875688 8.026412643047377e-05 195139
1760011876054 7.853079312132513e-05 195149
1760011876426 7.680698778275717e-05 195159
1760011876793 7.509312735756538e-05 195169
1760011877150 7.338962638313458e-05 195179
1760011877522 7.169689689117308e-05 195189
1760011877886 7.001534830805334e-05 195199
1760011878247 6.834538735578242e-05 195209
1760011878619 6.66874179536268e-05 195219
1760011878986 6.504184112041512e-05 195229
1760011879347 6.340905487754193e-05 195239
1760011879708 6.178945415269763e-05 195249
1760011880077 6.018343068434507e-05 195259
1760011880405 5.8591372926969215e-05 195269
1760011880685 5.701366595711957e-05 195279
1760011880929 5.545069138027096e-05 195289
1760011881145 5.3902827238522935e-05 195299
1760011881459 5.2370447919161636e-05 195309
1760011881798 5.0853924064105104e-05 195319
1760011882162 4.9353622480255404e-05 195329
1760011882526 4.786990605077709e-05 195339
1760011882886 4.6403133647325875e-05 195349
1760011883256 4.4953660043246975e-05 195359
1760011883621 4.352183582776461e-05 195369
1760011883989 4.2108007321184265e-05 195379
1760011884354 4.071251649112639e-05 195389
1760011884715 3.9335700869814004e-05 195399
1760011885084 3.797789347243234e-05 195409
1760011885667 3.663942271658139e-05 195419
1760011886033 3.532061234284024e-05 195429
1760011886396 3.4021781336463206e-05 195439
1760011886767 3.274324385022524e-05 195449
1760011887134 3.148530912843709e-05 195459
1760011887495 3.0248281432147195e-05 195469
1760011887861 2.9032459965548823e-05 195479
1760011888229 2.7838138803610963e-05 195489
1760011888607 2.6665606820948806e-05 195499
1760011888990 2.551514762195311e-05 195509
1760011889373 2.4387039472193572e-05 195519
1760011889775 2.3281555231113896e-05 195529
1760011890164 2.2198962286034124e-05 195539
1760011890546 2.1139522487477127e-05 195549
1760011890924 2.0103492085833402e-05 195559
1760011891314 1.9091121669381314e-05 195569
1760011891702 1.8102656103676248e-05 195579
1760011892069 1.7138334472324085e-05 195589
1760011892444 1.619839001915345e-05 195599
1760011892816 1.528305009179987e-05 195609
1760011893220 1.439253608671672e-05 195619
1760011893621 1.3527063395625125e-05 195629
1760011894031 1.2686841353416471e-05 195639
1760011894423 1.1872073187519817e-05 195649
1760011894805 1.1082955968746641e-05 195659
1760011895176 1.0319680563624477e-05 195669
1760011895522 9.582431588231556e-06 195679
1760011895867 8.871387363542994e-06 195689
1760011896210 8.186719872299577e-06 195699
1760011896557 7.52859471740991e-06 195709
1760011896906 6.897171081895247e-06 195719
1760011897251 6.292601690387475e-06 195729
1760011897599 5.71503277218907e-06 195739
1760011897944 5.164604025904012e-06 195749
1760011898289 4.641448585648511e-06 195759
1760011898633 4.145692988849335e-06 195769
1760011898982 3.6774571456377195e-06 195779
1760011899333 3.2368543098464278e-06 195789
1760011899684 2.8239910516165013e-06 195799
1760011900034 2.438967231620837e-06 195809
1760011900384 2.081875976910582e-06 195819
1760011900734 1.7528036583900435e-06 195829
1760011901085 1.451829869926001e-06 195839
1760011901440 1.1790274090959412e-06 195849
1760011901791 9.344622595803723e-07 195859
1760011902140 7.18193575203004e-07 195869
1760011902491 5.302736656230688e-07 195879
1760011902841 3.7074798368301147e-07 195889
1760011903191 2.396551144146188e-07 195899
1760011903565 1.3702676570636742e-07 195909
1760011903940 6.288776063403173e-08 195919
1760011904317 1.7256031456789945e-08 195929
1760011904685 1.4261527974541137e-10 195939
1760011905057 0.00023583478265390323 195949
1760011905446 0.00023579485392506008 195959
1760011905821 0.00023572641516117907 195969
1760011906191 0.00023562948291578218 195979
1760011906574 0.00023550408063420885 195989
1760011906953 0.0002353502386479453 195999
1760011907322 0.0002351679941672881 196009
1760011907702 0.00023495739127234392 196019
1760011908084 0.0002347184809023678 196029
1760011908486 0.00023445132084344228 196039
1760011908887 0.00023415597571450038 196049
1760011909266 0.00023383251695169627 196059
1760011909642 0.00023348102279112634 196069
1760011910024 0.00023310157824990634 196079
1760011910408 0.00023269427510560781 196089
1760011910788 0.0002322592118740596 196099
1760011911169 0.00023179649378551932 196109
1760011911550 0.00023130623275922124 196119
1760011911929 0.0002307885473763057 196129
1760011912304 0.00023024356285113772 196139
1760011912691 0.00022967141100102074 196149
1760011913076 0.00022907223021431368 196159
1760011913461 0.0002284461654169584 196169
1760011913839 0.0002277933680374259 196179
1760011914222 0.00022711399597009 196189
1760011914604 0.00022640821353703654 196199
1760011914987 0.00022567619144831858 196209
1760011915363 0.0002249181067606659 196219
1760011915737 0.00022413414283465986 196229
1760011916119 0.00022332448929038314 196239
1760011916505 0.0002224893419615559 196249
1760011916887 0.0002216289028481686 196259
1760011917268 0.00022074338006762366 196269
1760011917684 0.0002198329878043974 196279
1760011918056 0.00021889794625823438 196289
1760011918431 0.00021793848159088703 196299
1760011918797 0.00021695482587141314 196309
1760011919168 0.00021594721702004435 196319
1760011919538 0.00021491589875063976 196329
1760011919907 0.00021386112051173785 196339
1760011920280 0.0002127831374262216 196349
1760011920651 0.00021168221022961094 196359
1760011921023 0.00021055860520699778 196369
1760011921392 0.00020941259412863886 196379
1760011921764 0.00020824445418422135 196389
1760011922146 0.00020705446791581845 196399
1760011922510 0.0002058429231495497 196409
1760011922873 0.00020461011292596346 196419
1760011923254 0.0002033563354291584 196429
1760011923634 0.00020208189391466043 196439
1760011924009 0.00020078709663607334 196449
1760011924380 0.00019947225677052036 196459
1760011924751 0.0001981376923428951 196469
1760011925127 0.00019678372614893947 196479
1760011925495 0.00019541068567716823 196489
1760011925868 0.0001940189030296581 196499
1760011926229 0.00019260871484172098 196509
1760011926582 0.00019118046220048093 196519
1760011926941 0.00018973449056237417 196529
1760011927307 0.0001882711496695923 196539
1760011927662 0.00018679079346548921 196549
1760011928017 0.00018529378000897104 196559
1760011928377 0.00018378047138789173 196569
1760011928731 0.0001822512336314733 196579
1760011929084 0.0001807064366217732 196589
1760011929441 0.0001791464540042196 196599
1760011929820 0.00017757166309723647 196609
1760011930191 0.00017598244480098027 196619
1760011930545 0.0001743791835052104 196629
1760011930906 0.00017276226699631522 196639
1760011931266 0.00017113208636351722 196649
1760011931627 0.0001694890359042785 196659
1760011931993 0.0001678335130289311 196669
1760011932350 0.00016616591816455344 196679
1760011932711 0.00016448665465811823 196689
1760011933073 0.00016279612867893303 196699
1760011933439 0.00016109474912039899 196709
1760011933802 0.0001593829275011102 196719
1760011934167 0.00015766107786531835 196729
1760011934545 0.00015592961668278645 196739
1760011934898 0.00015418896274805552 196749
1760011935255 0.00015243953707914985 196759
1760011935616 0.00015068176281574338 196769
1760011935973 0.00014891606511681376 196779
1760011936334 0.00014714287105780757 196789
1760011936698 0.00014536260952734197 196799
1760011937058 0.00014357571112346812 196809
1760011937424 0.0001417826080495209 196819
1760011937786 0.00013998373400958024 196829
1760011938142 0.0001381795241035697 196839
1760011938501 0.00013637041472201739 196849
1760011938861 0.0001345568434405046 196859
1760011939215 0.00013273924891382775 196869
1760011939577 0.00013091807076989984 196879
1760011939941 0.00012909374950341568 196889
1760011940290 0.000127266726369308 196899
1760011940650 0.0001254374432760198 196909
1760011941006 0.00012360634267861818 196919
1760011941365 0.00012177386747177642 196929
1760011941721 0.00011994046088264911 196939
1760011942075 0.00011810656636366778 196949
1760011942427 0.00011627262748528112 196959
1760011942776 0.00011443908782866718 196969
1760011943132 0.00011260639087844287 196979
1760011943489 0.00011077497991539678 196989
1760011943843 0.00010894529790927133 196999
1760011944186 0.0001071177874116201 197009
1760011944476 0.00010529289044876628 197019
1760011944719 0.00010347104841488843 197029
1760011944931 0.00010165270196525873 197039
