1760003688975 18.4866943359375 9
1760003689370 18.130678176879883 19
1760003689721 17.877092361450195 29
1760003690068 17.25790023803711 39
1760003690407 17.195690155029297 49
1760003690792 16.769775390625 59
1760003691128 16.492874145507812 69
1760003691481 16.427417755126953 79
1760003691809 16.669754028320312 89
1760003692138 16.366268157958984 99
1760003692473 16.134010314941406 109
1760003692803 15.907386779785156 119
1760003693144 16.263553619384766 129
1760003693486 16.234142303466797 139
1760003693828 15.940289497375488 149
1760003694170 15.88454818725586 159
1760003694514 15.736913681030273 169
1760003694856 15.668235778808594 179
1760003695200 15.983229637145996 189
1760003695545 15.866825103759766 199
1760003695885 15.75361442565918 209
1760003696227 15.833155632019043 219
1760003696571 15.662923812866211 229
1760003696913 15.78420639038086 239
1760003697255 15.96310043334961 249
1760003697599 15.733558654785156 259
1760003697947 15.697633743286133 269
1760003698289 15.504796028137207 279
1760003698633 15.708379745483398 289
1760003698974 15.399619102478027 299
1760003699318 15.57618236541748 309
1760003699680 15.584943771362305 319
1760003700044 15.81044864654541 329
1760003700426 15.3255033493042 339
1760003700796 15.494963645935059 349
1760003701167 15.541854858398438 359
1760003701548 15.653345108032227 369
1760003701913 15.54272747039795 379
1760003702277 15.300329208374023 389
1760003702645 15.166017532348633 399
1760003703016 15.237709999084473 409
1760003703387 15.468965530395508 419
1760003703752 15.450113296508789 429
1760003704106 15.09473991394043 439
1760003704467 15.259477615356445 449
1760003704843 15.237442016601562 459
1760003705214 15.240599632263184 469
1760003705579 15.275808334350586 479
1760003705947 15.273357391357422 489
1760003706317 15.270090103149414 499
1760003706683 15.263360977172852 509
1760003707052 15.309368133544922 519
1760003707419 15.21512222290039 529
1760003707785 15.306806564331055 539
1760003708155 15.129053115844727 549
1760003708537 15.213945388793945 559
1760003708901 15.051719665527344 569
1760003709264 14.823043823242188 579
1760003709637 15.118217468261719 589
1760003710007 14.981715202331543 599
1760003710374 14.870790481567383 609
1760003710735 14.8131685256958 619
1760003711101 14.974275588989258 629
1760003711463 14.88398551940918 639
1760003711841 15.061098098754883 649
1760003712215 14.657621383666992 659
1760003712579 15.031914710998535 669
1760003712945 14.911369323730469 679
1760003713313 14.769779205322266 689
1760003713680 14.78974723815918 699
1760003714049 14.713995933532715 709
1760003714418 14.744653701782227 719
1760003714793 14.88222885131836 729
1760003715163 14.774384498596191 739
1760003715525 14.732597351074219 749
1760003715885 14.908965110778809 759
1760003716247 14.888038635253906 769
1760003716610 14.568053245544434 779
1760003716975 14.72509765625 789
1760003717343 14.889558792114258 799
1760003717720 14.6202392578125 809
1760003718089 14.853687286376953 819
1760003718456 14.529853820800781 829
1760003718814 14.652763366699219 839
1760003719181 14.571128845214844 849
1760003719551 14.644917488098145 859
1760003719916 14.511750221252441 869
1760003720282 14.648246765136719 879
1760003720641 14.505949974060059 889
1760003721018 14.525169372558594 899
1760003721392 14.426284790039062 909
1760003721774 14.540513038635254 919
1760003722142 14.40501594543457 929
1760003722516 14.62135124206543 939
1760003722887 14.481606483459473 949
1760003723260 14.64657974243164 959
1760003723625 14.335275650024414 969
1760003723993 14.502832412719727 979
1760003724370 14.506875991821289 989
1760003724736 14.469064712524414 999
1760003725105 14.46303939819336 1009
1760003725472 14.704313278198242 1019
1760003725843 14.345958709716797 1029
1760003726205 14.234216690063477 1039
1760003726568 14.482861518859863 1049
1760003726933 14.20965576171875 1059
1760003727298 14.576383590698242 1069
1760003727663 14.321989059448242 1079
1760003728024 14.211699485778809 1089
1760003728391 14.430526733398438 1099
1760003728757 14.415634155273438 1109
1760003729121 14.368731498718262 1119
1760003729469 14.356952667236328 1129
1760003729822 14.198476791381836 1139
1760003730166 14.42696475982666 1149
1760003730521 14.137213706970215 1159
1760003730865 14.156930923461914 1169
1760003731231 14.015493392944336 1179
1760003731597 14.314979553222656 1189
1760003731951 14.186273574829102 1199
1760003732298 14.055854797363281 1209
1760003732644 14.146915435791016 1219
1760003732996 14.302003860473633 1229
1760003733364 14.202615737915039 1239
1760003733718 14.30810546875 1249
1760003734069 14.454719543457031 1259
1760003734420 14.389533996582031 1269
1760003734782 14.329004287719727 1279
1760003735147 14.126757621765137 1289
1760003735511 14.18253231048584 1299
1760003735886 14.101409912109375 1309
1760003736253 14.203511238098145 1319
1760003736624 14.072225570678711 1329
1760003736986 14.111068725585938 1339
1760003737349 14.222273826599121 1349
1760003737712 14.383240699768066 1359
1760003738079 14.234407424926758 1369
1760003738438 14.027362823486328 1379
1760003738809 14.195934295654297 1389
1760003739175 13.976573944091797 1399
1760003739538 14.298948287963867 1409
1760003739898 13.879627227783203 1419
1760003740263 14.444960594177246 1429
1760003740623 14.171672821044922 1439
1760003740988 13.797883987426758 1449
1760003741349 14.077518463134766 1459
1760003741719 13.902800559997559 1469
1760003742089 14.016983032226562 1479
1760003742452 14.433150291442871 1489
1760003742812 14.015508651733398 1499
1760003743167 14.001543045043945 1509
1760003743526 14.160669326782227 1519
1760003743870 14.219212532043457 1529
1760003744220 14.237960815429688 1539
1760003744565 14.136640548706055 1549
1760003744907 13.961030960083008 1559
1760003745248 14.120908737182617 1569
1760003745588 13.773965835571289 1579
1760003745930 14.170196533203125 1589
1760003746272 13.802825927734375 1599
1760003746615 14.059293746948242 1609
1760003746956 14.166642189025879 1619
1760003747296 13.838091850280762 1629
1760003747636 13.79501724243164 1639
1760003747980 13.915689468383789 1649
1760003748328 13.995515823364258 1659
1760003748701 14.037882804870605 1669
1760003749070 13.889270782470703 1679
1760003749428 14.09382438659668 1689
1760003749786 14.098520278930664 1699
1760003750144 13.83724594116211 1709
1760003750503 14.145414352416992 1719
1760003750860 14.082386016845703 1729
1760003751228 13.904241561889648 1739
1760003751597 14.053520202636719 1749
1760003751964 14.013969421386719 1759
1760003752335 14.054128646850586 1769
1760003752704 14.119428634643555 1779
1760003753069 14.257486343383789 1789
1760003753429 13.920941352844238 1799
1760003753786 14.071783065795898 1809
1760003754158 13.861729621887207 1819
1760003754522 13.824878692626953 1829
1760003754882 14.177505493164062 1839
1760003755242 14.205510139465332 1849
1760003755602 14.045522689819336 1859
1760003755972 14.112862586975098 1869
1760003756352 14.037673950195312 1879
1760003756724 13.953104019165039 1889
1760003757094 13.912153244018555 1899
1760003757460 14.112314224243164 1909
1760003757816 14.130048751831055 1919
1760003758176 13.992450714111328 1929
1760003758549 13.857080459594727 1939
1760003758913 14.084175109863281 1949
1760003759279 14.02397346496582 1959
1760003759644 13.826814651489258 1969
1760003760011 14.006863594055176 1979
1760003760380 13.929132461547852 1989
1760003760747 14.031230926513672 1999
1760003761121 14.062031745910645 2009
1760003761493 14.117764472961426 2019
1760003761876 14.671875 2029
1760003762261 14.281140327453613 2039
1760003762622 14.424551963806152 2049
1760003762984 14.373054504394531 2059
1760003763346 14.481855392456055 2069
1760003763712 14.429553985595703 2079
1760003764069 14.264833450317383 2089
1760003764433 14.37019157409668 2099
1760003764803 14.075407028198242 2109
1760003765175 14.122989654541016 2119
1760003765538 14.121116638183594 2129
1760003765901 13.929417610168457 2139
1760003766263 14.243717193603516 2149
1760003766643 14.159505844116211 2159
1760003767008 14.16763687133789 2169
1760003767374 14.110767364501953 2179
1760003767752 14.267412185668945 2189
1760003768115 14.087380409240723 2199
1760003768472 14.040342330932617 2209
1760003768814 14.13951587677002 2219
1760003769186 14.149515151977539 2229
1760003769554 14.142354965209961 2239
1760003769922 14.234869956970215 2249
1760003770282 13.970720291137695 2259
1760003770643 14.23936653137207 2269
1760003771005 14.092988967895508 2279
1760003771373 14.093767166137695 2289
1760003771738 13.973249435424805 2299
1760003772108 14.012260437011719 2309
1760003772475 14.030963897705078 2319
1760003772845 14.176563262939453 2329
1760003773212 13.966594696044922 2339
1760003773586 13.979618072509766 2349
1760003773959 13.983068466186523 2359
1760003774329 14.037408828735352 2369
1760003774713 13.996187210083008 2379
1760003775081 14.189874649047852 2389
1760003775455 14.058773040771484 2399
1760003775830 14.045010566711426 2409
1760003776206 14.135954856872559 2419
1760003776573 14.213501930236816 2429
1760003776950 14.001686096191406 2439
1760003777318 14.115316390991211 2449
1760003777687 14.083483695983887 2459
1760003778070 14.266396522521973 2469
1760003778441 13.907438278198242 2479
1760003778815 13.873047828674316 2489
1760003779196 13.972945213317871 2499
1760003779557 14.076652526855469 2509
1760003779919 13.84404468536377 2519
1760003780283 13.773637771606445 2529
1760003780646 13.739651679992676 2539
1760003781010 14.03285026550293 2549
1760003781378 13.849802017211914 2559
1760003781741 14.173567771911621 2569
1760003782106 13.941701889038086 2579
1760003782471 14.030294418334961 2589
1760003782837 14.023246765136719 2599
1760003783199 14.008333206176758 2609
1760003783565 14.252671241760254 2619
1760003783927 13.736917495727539 2629
1760003784292 13.797819137573242 2639
1760003784659 13.944443702697754 2649
1760003785022 13.779766082763672 2659
1760003785511 13.808627128601074 2669
1760003785895 14.035704612731934 2679
1760003786264 14.046133041381836 2689
1760003786626 13.765345573425293 2699
1760003786997 13.992420196533203 2709
1760003787367 13.853704452514648 2719
1760003787734 13.784814834594727 2729
1760003788105 14.01486873626709 2739
1760003788492 13.815272331237793 2749
1760003788855 13.927992820739746 2759
1760003789218 13.697715759277344 2769
1760003789581 14.021154403686523 2779
1760003789945 13.946468353271484 2789
1760003790317 13.851503372192383 2799
1760003790678 13.76313591003418 2809
1760003791038 13.767820358276367 2819
1760003791405 13.844419479370117 2829
1760003791777 13.809749603271484 2839
1760003792140 13.740516662597656 2849
1760003792503 13.820196151733398 2859
1760003792875 13.722434997558594 2869
1760003793256 14.009625434875488 2879
1760003793620 13.70828628540039 2889
1760003793997 13.931506156921387 2899
1760003794372 13.64945125579834 2909
1760003794746 13.688793182373047 2919
1760003795111 13.778648376464844 2929
1760003795477 13.592723846435547 2939
1760003795842 13.798419952392578 2949
1760003796216 13.727215766906738 2959
1760003796590 13.741382598876953 2969
1760003796958 13.888585090637207 2979
1760003797331 13.836843490600586 2989
1760003797698 13.693426132202148 2999
1760003798064 13.742430686950684 3009
1760003798429 13.784520149230957 3019
1760003798799 13.732841491699219 3029
1760003799166 13.708276748657227 3039
1760003799534 13.747947692871094 3049
1760003799897 13.693196296691895 3059
1760003800259 13.679231643676758 3069
1760003800623 13.503372192382812 3079
1760003800990 13.643041610717773 3089
1760003801358 13.63447380065918 3099
1760003801723 13.859232902526855 3109
1760003802088 13.599645614624023 3119
1760003802452 13.58329963684082 3129
1760003802814 13.618156433105469 3139
1760003803179 13.698756217956543 3149
1760003803542 13.715579986572266 3159
1760003803904 13.880226135253906 3169
1760003804266 13.727187156677246 3179
1760003804654 13.867658615112305 3189
1760003805006 13.736599922180176 3199
1760003805358 13.4017333984375 3209
1760003805705 13.731327056884766 3219
1760003806051 13.337541580200195 3229
1760003806396 13.633447647094727 3239
1760003806742 13.782194137573242 3249
1760003807092 13.641103744506836 3259
1760003807441 13.536897659301758 3269
1760003807786 13.610037803649902 3279
1760003808128 13.512685775756836 3289
1760003808469 13.704362869262695 3299
1760003808811 13.453914642333984 3309
1760003809153 13.744918823242188 3319
1760003809501 13.716730117797852 3329
1760003809846 13.577796936035156 3339
1760003810189 13.398229598999023 3349
1760003810532 13.566740036010742 3359
1760003810874 13.46394157409668 3369
1760003811218 13.509885787963867 3379
1760003811559 13.65341854095459 3389
1760003811901 13.81686019897461 3399
1760003812244 13.338190078735352 3409
1760003812586 13.930741310119629 3419
1760003812930 13.698141098022461 3429
1760003813273 13.529825210571289 3439
1760003813620 13.435239791870117 3449
1760003813963 13.517457962036133 3459
1760003814305 13.28049087524414 3469
1760003814646 13.598342895507812 3479
1760003814989 13.430970191955566 3489
1760003815336 13.638248443603516 3499
1760003815680 13.547658920288086 3509
1760003816036 13.801863670349121 3519
1760003816418 13.7799654006958 3529
1760003816782 13.352630615234375 3539
1760003817128 13.248086929321289 3549
1760003817475 13.554659843444824 3559
1760003817823 13.686429023742676 3569
1760003818170 13.464349746704102 3579
1760003818522 13.378558158874512 3589
1760003818873 13.514717102050781 3599
1760003819237 13.477032661437988 3609
1760003819589 13.509974479675293 3619
1760003819941 13.36146068572998 3629
1760003820297 13.636919975280762 3639
1760003820651 13.515063285827637 3649
1760003821009 13.66889762878418 3659
1760003821357 13.563054084777832 3669
1760003821709 13.503124237060547 3679
1760003822067 13.41102409362793 3689
1760003822419 13.295190811157227 3699
1760003822770 13.775053024291992 3709
1760003823121 13.675129890441895 3719
1760003823478 13.618285179138184 3729
1760003823829 13.372812271118164 3739
1760003824180 13.657758712768555 3749
1760003824543 13.537781715393066 3759
1760003824896 13.508940696716309 3769
1760003825249 13.263059616088867 3779
1760003825608 13.469608306884766 3789
1760003825965 13.431585311889648 3799
1760003826326 13.503210067749023 3809
1760003826685 13.512578964233398 3819
1760003827046 13.37293529510498 3829
1760003827399 13.286151885986328 3839
1760003827751 13.482285499572754 3849
1760003828109 13.284235000610352 3859
1760003828467 13.631120681762695 3869
1760003828828 13.556816101074219 3879
1760003829190 13.381609916687012 3889
1760003829546 13.686443328857422 3899
1760003829907 13.578428268432617 3909
1760003830729 13.366847038269043 3919
1760003831092 13.553112983703613 3929
1760003831462 13.677796363830566 3939
1760003831826 13.181431770324707 3949
1760003832193 13.620558738708496 3959
1760003832556 13.446033477783203 3969
1760003832920 13.508505821228027 3979
1760003833281 13.50819206237793 3989
1760003833646 13.468321800231934 3999
1760003834010 13.676490783691406 4009
1760003834376 13.546646118164062 4019
1760003834736 13.41749095916748 4029
1760003893809 13.377238273620605 4039
1760003894182 14.203971862792969 4049
1760003894545 14.204305648803711 4059
1760003894907 14.204730987548828 4069
1760003895283 13.909387588500977 4079
1760003895678 13.902918815612793 4089
1760003896038 13.676116943359375 4099
1760003896454 13.919443130493164 4109
1760003896816 13.875791549682617 4119
1760003897172 13.649629592895508 4129
1760003897537 13.883550643920898 4139
1760003897893 13.45203971862793 4149
1760003898253 13.654838562011719 4159
1760003898612 13.698417663574219 4169
1760003898974 13.597783088684082 4179
1760003899348 13.616756439208984 4189
1760003899726 13.755159378051758 4199
1760003900093 13.639158248901367 4209
1760003900474 13.866700172424316 4219
1760003900845 13.589176177978516 4229
1760003901203 13.891140937805176 4239
1760003901571 13.939714431762695 4249
1760003901947 13.75191593170166 4259
1760003902332 13.725152015686035 4269
1760003902706 13.794612884521484 4279
1760003903122 13.589512825012207 4289
1760003903485 13.776296615600586 4299
1760003903851 13.530101776123047 4309
1760003904237 13.741923332214355 4319
1760003904615 13.775464057922363 4329
1760003904974 13.791383743286133 4339
1760003905338 13.554729461669922 4349
1760003905719 13.851232528686523 4359
1760003906088 13.96369743347168 4369
1760003906457 13.663396835327148 4379
1760003906823 13.864347457885742 4389
1760003907189 13.519498825073242 4399
1760003907558 13.781760215759277 4409
1760003907927 13.695011138916016 4419
1760003908290 13.743925094604492 4429
1760003908654 13.94564437866211 4439
1760003909038 13.746877670288086 4449
1760003909416 13.505500793457031 4459
1760003909799 13.745933532714844 4469
1760003910168 13.476892471313477 4479
1760003910534 13.541996002197266 4489
1760003910893 13.613967895507812 4499
1760003911261 13.791501998901367 4509
1760003911629 13.786794662475586 4519
1760003911989 13.649412155151367 4529
1760003912349 13.602648735046387 4539
1760003912720 13.634531021118164 4549
1760003913083 13.773160934448242 4559
1760003913445 13.690898895263672 4569
1760003913811 13.588732719421387 4579
1760003914184 13.68195915222168 4589
1760003914560 13.593059539794922 4599
1760003914923 13.50963020324707 4609
1760003915284 13.621267318725586 4619
1760003915639 13.667893409729004 4629
1760003915992 13.652948379516602 4639
1760003916352 13.506634712219238 4649
1760003916711 13.485491752624512 4659
1760003917068 13.50607967376709 4669
1760003917426 13.590911865234375 4679
1760003917786 13.55445671081543 4689
1760003918151 13.360384941101074 4699
1760003918512 13.429186820983887 4709
1760003918884 13.405008316040039 4719
1760003919258 13.777556419372559 4729
1760003919636 13.481241226196289 4739
1760003920011 13.463382720947266 4749
1760003920368 13.396141052246094 4759
1760003920717 13.605073928833008 4769
1760003921070 13.52333927154541 4779
1760003921425 13.482524871826172 4789
1760003921779 13.400897979736328 4799
1760003922133 13.501145362854004 4809
1760003922487 13.614013671875 4819
1760003922831 13.634682655334473 4829
1760003923177 13.46697998046875 4839
1760003923524 13.289844512939453 4849
1760003923869 13.358662605285645 4859
1760003924212 13.890700340270996 4869
1760003924569 13.366252899169922 4879
1760003924912 13.655951499938965 4889
1760003925256 13.38758373260498 4899
1760003925602 13.514420509338379 4909
1760003925947 13.205526351928711 4919
1760003926291 13.434330940246582 4929
1760003926639 13.316940307617188 4939
1760003926989 13.371105194091797 4949
1760003927333 13.249591827392578 4959
1760003927678 13.326403617858887 4969
1760003928024 13.355224609375 4979
1760003928370 13.500097274780273 4989
1760003928719 13.38721752166748 4999
1760003929071 13.426140785217285 5009
1760003929415 13.568902969360352 5019
1760003929763 13.196710586547852 5029
1760003930111 13.704977035522461 5039
1760003930457 13.424833297729492 5049
1760003930802 13.725147247314453 5059
1760003931152 13.583553314208984 5069
1760003931503 13.528554916381836 5079
1760003931847 13.312901496887207 5089
1760003932202 13.392587661743164 5099
1760003932560 13.389530181884766 5109
1760003932919 13.15417766571045 5119
1760003933278 13.095869064331055 5129
1760003933635 13.343060493469238 5139
1760003933996 13.199616432189941 5149
1760003934357 13.545371055603027 5159
1760003934711 13.483942985534668 5169
1760003935071 13.350584030151367 5179
1760003935442 13.405749320983887 5189
1760003935803 13.198143005371094 5199
1760003936164 13.148027420043945 5209
1760003936537 13.576940536499023 5219
1760003936903 13.216293334960938 5229
1760003937261 13.135188102722168 5239
1760003937621 13.358356475830078 5249
1760003937991 13.231542587280273 5259
1760003938374 13.258270263671875 5269
1760003938734 13.052202224731445 5279
1760003939099 13.245668411254883 5289
1760003939464 13.306327819824219 5299
1760003939827 13.324724197387695 5309
1760003940189 13.527477264404297 5319
1760003940548 13.349445343017578 5329
1760003940913 13.149223327636719 5339
1760003941279 13.384172439575195 5349
1760003941641 13.16389274597168 5359
1760003942001 13.159449577331543 5369
1760003942384 13.557503700256348 5379
1760003942751 13.265876770019531 5389
1760003943118 13.388427734375 5399
1760003943491 13.158413887023926 5409
1760003943868 13.374116897583008 5419
1760003944237 13.196470260620117 5429
1760003944609 13.41783332824707 5439
1760003944979 13.143449783325195 5449
1760003945360 13.389549255371094 5459
1760003945734 13.136407852172852 5469
1760003946103 13.231517791748047 5479
1760003946475 13.296342849731445 5489
1760003946851 13.198783874511719 5499
1760003947232 13.485307693481445 5509
1760003947599 13.35354995727539 5519
1760003947960 13.212259292602539 5529
1760003948317 13.060761451721191 5539
1760003948711 13.055583953857422 5549
1760003949063 13.416376113891602 5559
1760003949445 13.098575592041016 5569
1760003949811 13.388568878173828 5579
1760003950163 13.104724884033203 5589
1760003950513 13.569478988647461 5599
1760003950864 13.058635711669922 5609
1760003951220 13.068815231323242 5619
1760003951570 13.229900360107422 5629
1760003951924 13.109119415283203 5639
1760003952280 13.077594757080078 5649
1760003952645 13.17949390411377 5659
1760003953003 13.366256713867188 5669
1760003953377 12.972354888916016 5679
1760003953741 13.305110931396484 5689
1760003954107 12.954483032226562 5699
1760003954463 13.280012130737305 5709
1760003954831 13.485710144042969 5719
1760003955195 13.187143325805664 5729
1760003955559 13.16239070892334 5739
1760003955918 13.194049835205078 5749
1760003956286 12.985816955566406 5759
1760003956652 13.083487510681152 5769
1760003957014 13.045269012451172 5779
1760003957375 13.238577842712402 5789
1760003957737 13.105063438415527 5799
1760003958112 12.882804870605469 5809
1760003958480 13.071457862854004 5819
1760003958843 12.901543617248535 5829
1760003959208 12.940162658691406 5839
1760003959587 12.989953994750977 5849
1760003959938 13.411087989807129 5859
1760003960286 12.950639724731445 5869
1760003960633 13.039778709411621 5879
1760003960976 13.17485523223877 5889
1760003961323 12.961359024047852 5899
1760003961669 13.169248580932617 5909
1760003962033 13.259777069091797 5919
1760003962382 13.183074951171875 5929
1760003962725 13.162168502807617 5939
1760003963068 13.051948547363281 5949
1760003963413 13.142763137817383 5959
1760003963758 13.267980575561523 5969
1760003964102 13.281901359558105 5979
1760003964450 13.495238304138184 5989
1760003964796 13.350851058959961 5999
1760003965143 13.187493324279785 6009
1760003965486 13.281461715698242 6019
1760003965832 13.08586597442627 6029
1760003966185 13.092290878295898 6039
1760003966533 12.993364334106445 6049
1760003966876 12.99298095703125 6059
1760003967220 13.851070404052734 6069
1760003967569 14.09652328491211 6079
1760003967915 13.63292121887207 6089
1760003968268 13.597136497497559 6099
1760003968631 13.623237609863281 6109
1760003968992 13.273521423339844 6119
1760003969349 13.491226196289062 6129
1760003969699 13.595573425292969 6139
1760003970049 13.724002838134766 6149
1760003970397 13.390213012695312 6159
1760003970759 13.540064811706543 6169
1760003971113 13.298489570617676 6179
1760003971472 13.31884765625 6189
1760003971854 13.362691879272461 6199
1760003972211 13.36965274810791 6209
1760003972568 13.547810554504395 6219
1760003972918 13.52695369720459 6229
1760003973278 13.697579383850098 6239
1760003973629 13.487821578979492 6249
1760003973982 13.553362846374512 6259
1760003974337 13.43393611907959 6269
1760003974682 13.28785228729248 6279
1760003975040 13.541971206665039 6289
1760003975398 13.497461318969727 6299
1760003975748 13.452691078186035 6309
1760003976104 13.284646987915039 6319
1760003976460 13.326669692993164 6329
1760003976854 13.174980163574219 6339
1760003977232 13.348002433776855 6349
1760003977594 13.269229888916016 6359
1760003977963 13.223079681396484 6369
1760003978342 13.16866397857666 6379
1760003978709 13.271143913269043 6389
1760003979065 13.445846557617188 6399
1760003979413 13.4096097946167 6409
1760003979758 13.278219223022461 6419
1760003980104 13.464811325073242 6429
1760003980449 13.26905345916748 6439
1760003980795 13.430225372314453 6449
1760003981141 13.392036437988281 6459
1760003981498 13.80677318572998 6469
1760003981855 13.24559211730957 6479
1760003982208 13.411293029785156 6489
1760003982557 13.420936584472656 6499
1760003982909 13.407005310058594 6509
1760003983263 13.37734603881836 6519
1760003983618 13.22071361541748 6529
1760003983970 13.149133682250977 6539
1760003984321 12.958844184875488 6549
1760003984699 13.4102783203125 6559
1760003985084 13.310586929321289 6569
1760003985448 13.404826164245605 6579
1760003985812 13.064550399780273 6589
1760003986173 13.575002670288086 6599
1760003986541 13.330745697021484 6609
1760003986924 13.032795906066895 6619
1760003987287 13.068968772888184 6629
1760003987647 13.534652709960938 6639
1760003988007 13.154401779174805 6649
1760003988369 13.431445121765137 6659
1760003988732 13.502069473266602 6669
1760003989097 13.325517654418945 6679
1760003989459 13.154172897338867 6689
1760003989825 13.238382339477539 6699
1760003990187 13.330767631530762 6709
1760003990544 13.106958389282227 6719
1760003990913 13.259066581726074 6729
1760003991277 13.340923309326172 6739
1760003991645 13.141495704650879 6749
1760003992008 13.226394653320312 6759
1760003992365 13.296131134033203 6769
1760003992725 13.159783363342285 6779
1760003993092 13.31445026397705 6789
1760003993453 13.112096786499023 6799
1760003993811 13.113839149475098 6809
1760003994167 13.495504379272461 6819
1760003994535 13.281062126159668 6829
1760003994897 13.084122657775879 6839
1760003995257 13.152663230895996 6849
1760003995624 13.069869995117188 6859
1760003995980 13.22697639465332 6869
1760003996344 13.238624572753906 6879
1760003996720 13.35228157043457 6889
1760003997085 13.389168739318848 6899
1760003997449 13.165898323059082 6909
1760003997818 13.289936065673828 6919
1760003998177 12.983309745788574 6929
1760003998569 13.335122108459473 6939
1760003998940 13.094964981079102 6949
1760003999304 13.065105438232422 6959
1760003999664 13.245431900024414 6969
1760004000032 13.131401062011719 6979
1760004000394 13.401905059814453 6989
1760004000770 13.208013534545898 6999
1760004001132 13.246379852294922 7009
1760004001499 13.067691802978516 7019
1760004001869 13.33507251739502 7029
1760004002240 12.940885543823242 7039
1760004002609 13.304025650024414 7049
1760004002984 13.192630767822266 7059
1760004003359 13.02547836303711 7069
1760004003722 13.240456581115723 7079
1760004004083 13.186952590942383 7089
1760004004455 13.26746940612793 7099
1760004004821 13.011436462402344 7109
1760004005183 13.150369644165039 7119
1760004005544 13.210866928100586 7129
1760004005912 13.08557415008545 7139
1760004006296 13.25601577758789 7149
1760004006669 13.161568641662598 7159
1760004007029 12.986013412475586 7169
1760004007395 13.2346830368042 7179
1760004007764 13.387503623962402 7189
1760004008131 13.407770156860352 7199
1760004008501 13.278022766113281 7209
1760004008864 13.100897789001465 7219
1760004009222 12.969341278076172 7229
1760004009587 12.971765518188477 7239
1760004009972 12.990433692932129 7249
1760004010337 13.053726196289062 7259
1760004010702 13.251029968261719 7269
1760004011068 13.01036262512207 7279
1760004011416 13.012628555297852 7289
1760004011761 12.853096961975098 7299
1760004012106 13.06617259979248 7309
1760004012450 13.060159683227539 7319
1760004012803 13.309295654296875 7329
1760004013161 12.921903610229492 7339
1760004013514 13.060556411743164 7349
1760004013869 13.014694213867188 7359
1760004014226 13.134873390197754 7369
1760004014572 13.071002960205078 7379
1760004014938 12.848937034606934 7389
1760004015327 13.176811218261719 7399
1760004015680 13.269508361816406 7409
1760004016026 12.822113037109375 7419
1760004016376 12.988506317138672 7429
1760004016739 12.914454460144043 7439
1760004017095 13.004973411560059 7449
1760004017461 13.054484367370605 7459
1760004017826 12.80942153930664 7469
1760004018200 13.092477798461914 7479
1760004018563 12.902410507202148 7489
1760004018928 13.062049865722656 7499
1760004019299 13.175115585327148 7509
1760004019672 13.078263282775879 7519
1760004020024 13.075754165649414 7529
1760004020381 13.170352935791016 7539
1760004020765 12.927543640136719 7549
1760004021130 12.875831604003906 7559
1760004021494 12.948030471801758 7569
1760004021853 12.863664627075195 7579
1760004022219 13.088615417480469 7589
1760004022579 12.898338317871094 7599
1760004022943 12.815629959106445 7609
1760004023306 13.079236030578613 7619
1760004023669 13.032182693481445 7629
1760004024025 12.927030563354492 7639
1760004024392 12.84389877319336 7649
1760004024760 13.190849304199219 7659
1760004025120 13.079446792602539 7669
1760004025479 12.818807601928711 7679
1760004025830 12.944206237792969 7689
1760004026180 12.60551643371582 7699
1760004026531 13.077835083007812 7709
1760004026889 12.809417724609375 7719
1760004027242 12.904350280761719 7729
1760004027592 12.676275253295898 7739
1760004027936 12.93635368347168 7749
1760004028283 12.942095756530762 7759
1760004028635 12.944269180297852 7769
1760004029015 12.80769157409668 7779
1760004029369 12.888015747070312 7789
1760004029727 12.939485549926758 7799
1760004030077 12.892766952514648 7809
1760004030429 12.887256622314453 7819
1760004030778 12.811019897460938 7829
1760004031137 13.053841590881348 7839
1760004031493 12.863693237304688 7849
1760004031844 12.863755226135254 7859
1760004032202 13.064201354980469 7869
1760004032561 12.931156158447266 7879
1760004032931 12.965970993041992 7889
1760004033287 12.857437133789062 7899
1760004033649 13.08360481262207 7909
1760004034050 12.843734741210938 7919
1760004034428 12.913386344909668 7929
1760004034786 12.954380989074707 7939
1760004035145 12.955389976501465 7949
1760004036029 13.008420944213867 7959
1760004036397 12.817115783691406 7969
1760004036771 13.072319030761719 7979
1760004037128 13.094722747802734 7989
1760004037480 12.89690113067627 7999
1760004037835 12.951143264770508 8009
1760004038189 12.960990905761719 8019
1760004038543 13.000276565551758 8029
1760004038900 12.896232604980469 8039
1760004039265 12.837074279785156 8049
1760004039604 13.004650115966797 8059
1760004039962 12.978996276855469 8069
1760004054891 12.893118858337402 8079
1760004055290 13.691856384277344 8089
1760004055713 13.46459674835205 8099
1760004056086 13.645231246948242 8109
1760004056451 13.549369812011719 8119
1760004056816 13.266225814819336 8129
1760004057239 13.442262649536133 8139
1760004057614 13.181057929992676 8149
1760004057959 13.536423683166504 8159
1760004058300 13.168342590332031 8169
1760004058633 13.189879417419434 8179
1760004058976 12.935148239135742 8189
1760004059315 13.298084259033203 8199
1760004059661 13.003734588623047 8209
1760004060023 13.148364067077637 8219
1760004060372 13.255256652832031 8229
1760004060720 13.310884475708008 8239
1760004061066 13.061330795288086 8249
1760004061414 13.029520034790039 8259
1760004061765 13.265645027160645 8269
1760004062121 13.200898170471191 8279
1760004062469 13.404580116271973 8289
1760004062818 13.399009704589844 8299
1760004063166 13.036126136779785 8309
1760004063524 13.009918212890625 8319
1760004063873 13.150055885314941 8329
1760004064232 12.962818145751953 8339
1760004064595 13.179221153259277 8349
1760004064953 13.203930854797363 8359
1760004065306 13.281436920166016 8369
1760004065664 13.272272109985352 8379
1760004066017 13.326088905334473 8389
1760004066369 13.052816390991211 8399
1760004066725 13.104105949401855 8409
1760004067076 13.156827926635742 8419
1760004067429 13.144004821777344 8429
1760004067778 13.311813354492188 8439
1760004068135 13.066067695617676 8449
1760004068488 13.156715393066406 8459
1760004068852 13.193519592285156 8469
1760004069216 13.28529167175293 8479
1760004069576 13.190169334411621 8489
1760004069932 13.050590515136719 8499
1760004070291 13.187341690063477 8509
1760004070658 12.900348663330078 8519
1760004071038 13.004133224487305 8529
1760004071405 13.173112869262695 8539
1760004071766 13.154598236083984 8549
1760004072123 13.104545593261719 8559
1760004072489 13.299875259399414 8569
1760004072848 13.281007766723633 8579
1760004073208 13.267374992370605 8589
1760004073572 13.137040138244629 8599
1760004073930 13.30097770690918 8609
1760004074292 13.024892807006836 8619
1760004074659 12.840265274047852 8629
1760004075022 13.16946029663086 8639
1760004075385 13.042224884033203 8649
1760004075748 13.058355331420898 8659
1760004076109 13.072218894958496 8669
1760004076471 13.090324401855469 8679
1760004076837 13.067070007324219 8689
1760004077213 13.18513298034668 8699
1760004077575 12.969644546508789 8709
1760004077941 13.115954399108887 8719
1760004078308 13.067644119262695 8729
1760004078676 12.994816780090332 8739
1760004079042 13.047664642333984 8749
1760004079406 13.237902641296387 8759
1760004079771 12.938202857971191 8769
1760004080140 13.072526931762695 8779
1760004080500 13.205533981323242 8789
1760004080865 12.961350440979004 8799
1760004081225 12.951469421386719 8809
1760004081589 13.143146514892578 8819
1760004081966 13.15487289428711 8829
1760004082343 13.208802223205566 8839
1760004082708 13.16926383972168 8849
1760004083082 12.820211410522461 8859
1760004083447 12.958539962768555 8869
1760004083812 12.900026321411133 8879
1760004084172 13.087254524230957 8889
1760004084533 12.882640838623047 8899
1760004084907 12.987586975097656 8909
1760004085312 12.843884468078613 8919
1760004085775 13.004097938537598 8929
1760004086132 13.145851135253906 8939
1760004086488 12.909175872802734 8949
1760004086848 12.903987884521484 8959
1760004087205 12.966851234436035 8969
1760004087563 12.978132247924805 8979
1760004087924 13.151546478271484 8989
1760004088286 13.170833587646484 8999
1760004088643 12.710062980651855 9009
1760004089002 12.905959129333496 9019
1760004089360 12.837631225585938 9029
1760004089717 12.93118667602539 9039
1760004090077 12.883885383605957 9049
1760004090431 13.132940292358398 9059
1760004090788 13.006906509399414 9069
1760004091136 12.98335075378418 9079
1760004091499 12.694208145141602 9089
1760004091872 13.124809265136719 9099
1760004092237 13.020631790161133 9109
1760004092589 13.160741806030273 9119
1760004092950 13.006561279296875 9129
1760004093307 13.011604309082031 9139
1760004093677 13.002537727355957 9149
1760004094023 12.865013122558594 9159
1760004094369 13.030447006225586 9169
1760004094713 12.963483810424805 9179
1760004095067 13.057771682739258 9189
1760004095423 12.97119426727295 9199
1760004095784 12.962017059326172 9209
1760004096146 12.73322582244873 9219
1760004096512 12.79632568359375 9229
1760004096877 12.660329818725586 9239
1760004097241 12.860774993896484 9249
1760004097608 12.896940231323242 9259
1760004097972 12.91042709350586 9269
1760004098342 12.605642318725586 9279
1760004098712 12.891080856323242 9289
1760004099078 12.653238296508789 9299
1760004099445 12.974027633666992 9309
1760004099811 13.106064796447754 9319
1760004100179 12.838605880737305 9329
1760004100546 12.772758483886719 9339
1760004100913 12.750473022460938 9349
1760004101280 13.018088340759277 9359
1760004101652 12.76406478881836 9369
1760004102015 12.957025527954102 9379
1760004102377 13.0751371383667 9389
1760004102735 12.797832489013672 9399
1760004103108 12.966987609863281 9409
1760004103476 12.83082103729248 9419
1760004103848 12.695247650146484 9429
1760004104216 12.850404739379883 9439
1760004104561 12.793657302856445 9449
1760004104884 12.649913787841797 9459
1760004105205 12.924846649169922 9469
1760004105523 12.784018516540527 9479
1760004105840 12.802814483642578 9489
1760004106159 12.826062202453613 9499
1760004106523 13.008661270141602 9509
1760004106895 12.822060585021973 9519
1760004107262 12.834003448486328 9529
1760004107629 12.801774978637695 9539
1760004107996 12.82596492767334 9549
1760004108365 12.609088897705078 9559
1760004108741 12.799020767211914 9569
1760004109111 12.769988059997559 9579
1760004109484 12.880599975585938 9589
1760004109855 12.615431785583496 9599
1760004110226 12.762527465820312 9609
1760004110592 12.637153625488281 9619
1760004110956 12.599494934082031 9629
1760004111318 12.95150089263916 9639
1760004111689 12.928411483764648 9649
1760004112058 12.704222679138184 9659
1760004112433 12.958769798278809 9669
1760004112802 12.617527961730957 9679
1760004113175 12.596458435058594 9689
1760004113549 12.715534210205078 9699
1760004113915 12.687154769897461 9709
1760004114286 12.806709289550781 9719
1760004114651 12.834321975708008 9729
1760004115015 12.51541519165039 9739
1760004115382 12.67776107788086 9749
1760004115749 12.63015079498291 9759
1760004116115 12.762029647827148 9769
1760004116480 12.8238525390625 9779
1760004116847 12.831134796142578 9789
1760004117215 12.738871574401855 9799
1760004117588 12.900135040283203 9809
1760004117957 13.066701889038086 9819
1760004118323 12.94915771484375 9829
1760004118690 12.585718154907227 9839
1760004119057 12.804465293884277 9849
1760004119425 12.561005592346191 9859
1760004119791 12.595441818237305 9869
1760004120156 12.8370361328125 9879
1760004120518 12.700618743896484 9889
1760004120880 12.594015121459961 9899
1760004121242 12.73712158203125 9909
1760004121607 12.706844329833984 9919
1760004121969 12.495277404785156 9929
1760004122341 12.969161987304688 9939
1760004122705 12.787776947021484 9949
1760004123066 12.777303695678711 9959
1760004123442 12.647453308105469 9969
1760004123815 12.915799140930176 9979
1760004124183 12.660451889038086 9989
1760004124551 12.514001846313477 9999
1760004124912 12.982721328735352 10009
1760004125277 12.788124084472656 10019
1760004125639 12.535490036010742 10029
1760004126009 12.847354888916016 10039
1760004126374 12.88044548034668 10049
1760004126738 12.736801147460938 10059
1760004127129 13.031457901000977 10069
1760004127492 12.872396469116211 10079
1760004127854 12.428701400756836 10089
1760004128203 12.566634178161621 10099
1760004128556 13.65626335144043 10109
1760004128922 13.581291198730469 10119
1760004129293 13.155932426452637 10129
1760004129663 13.166074752807617 10139
1760004130032 13.254325866699219 10149
1760004130398 13.049911499023438 10159
1760004130768 13.283434867858887 10169
1760004131133 13.267205238342285 10179
1760004131505 13.189752578735352 10189
1760004131875 13.26663875579834 10199
1760004132243 13.426876068115234 10209
1760004132604 13.104706764221191 10219
1760004132957 13.073173522949219 10229
1760004133325 13.142946243286133 10239
1760004133685 12.967607498168945 10249
1760004134043 13.151758193969727 10259
1760004134399 12.82628059387207 10269
1760004134756 13.069967269897461 10279
1760004135110 12.974859237670898 10289
1760004135464 13.044791221618652 10299
1760004135824 12.9990816116333 10309
1760004136179 13.084884643554688 10319
1760004136533 12.731842994689941 10329
1760004136899 13.168042182922363 10339
1760004137253 13.141530990600586 10349
1760004137607 12.871973037719727 10359
1760004137965 13.102273941040039 10369
1760004138337 13.22724437713623 10379
1760004138694 12.806307792663574 10389
1760004139043 12.91618824005127 10399
1760004139393 12.906721115112305 10409
1760004139740 12.958707809448242 10419
1760004140103 12.912113189697266 10429
1760004140466 13.06171989440918 10439
1760004140828 13.092124938964844 10449
1760004141191 13.038949966430664 10459
1760004141547 12.962181091308594 10469
1760004141908 13.058588981628418 10479
1760004142268 12.896198272705078 10489
1760004142630 12.724810600280762 10499
1760004142999 12.993854522705078 10509
1760004143344 13.147499084472656 10519
1760004143699 12.954874038696289 10529
1760004144055 13.146238327026367 10539
1760004144413 13.193487167358398 10549
1760004144772 13.086357116699219 10559
1760004145134 13.059820175170898 10569
1760004145488 12.823060989379883 10579
1760004145843 12.697832107543945 10589
1760004146198 12.833430290222168 10599
1760004146554 12.81924819946289 10609
1760004146908 12.888411521911621 10619
1760004147263 12.90095329284668 10629
1760004147624 12.686803817749023 10639
1760004147991 12.974823951721191 10649
1760004148352 12.983479499816895 10659
1760004148711 13.007976531982422 10669
1760004149066 13.07791519165039 10679
1760004149422 12.951507568359375 10689
1760004149779 13.12353229522705 10699
1760004150135 12.853561401367188 10709
1760004150492 13.135093688964844 10719
1760004150849 12.888118743896484 10729
1760004151204 12.995401382446289 10739
1760004151559 12.698087692260742 10749
1760004151916 13.20988655090332 10759
1760004152278 12.891757011413574 10769
1760004152641 12.867862701416016 10779
1760004153003 12.843791007995605 10789
1760004153365 12.955717086791992 10799
1760004153727 12.880476951599121 10809
1760004154090 12.733211517333984 10819
1760004154449 12.86376667022705 10829
1760004154811 13.139781951904297 10839
1760004155173 12.87406063079834 10849
1760004155535 13.054204940795898 10859
1760004155896 12.776269912719727 10869
1760004156251 12.98482608795166 10879
1760004156607 12.975248336791992 10889
1760004156959 12.82682991027832 10899
1760004157338 12.961816787719727 10909
1760004157699 12.951944351196289 10919
1760004158050 12.777997970581055 10929
1760004158412 12.994930267333984 10939
1760004158766 13.01235294342041 10949
1760004159117 12.866338729858398 10959
1760004159469 12.72963809967041 10969
1760004159821 12.733675003051758 10979
1760004160173 13.046459197998047 10989
1760004160526 12.990852355957031 10999
1760004160879 13.01368522644043 11009
1760004161243 12.669649124145508 11019
1760004161617 12.784184455871582 11029
1760004161959 12.827796936035156 11039
1760004162317 12.66846752166748 11049
1760004162670 12.71477222442627 11059
1760004163023 12.833240509033203 11069
1760004163387 12.812929153442383 11079
1760004163753 12.654720306396484 11089
1760004164106 12.899682998657227 11099
1760004164465 12.74437141418457 11109
1760004164818 12.812397003173828 11119
1760004165170 12.841728210449219 11129
1760004165531 12.696273803710938 11139
1760004165888 12.928367614746094 11149
1760004166260 12.861090660095215 11159
1760004166612 12.751575469970703 11169
1760004166972 12.699434280395508 11179
1760004167333 12.98037052154541 11189
1760004167690 12.750030517578125 11199
1760004168049 12.553561210632324 11209
1760004168410 12.833391189575195 11219
1760004168769 12.660795211791992 11229
1760004169129 12.714759826660156 11239
1760004169488 12.680122375488281 11249
1760004169847 12.58256721496582 11259
1760004170206 12.891862869262695 11269
1760004170564 12.664462089538574 11279
1760004170924 12.842367172241211 11289
1760004171283 12.74648666381836 11299
1760004171642 12.7695951461792 11309
1760004172000 12.749436378479004 11319
1760004172356 12.773828506469727 11329
1760004172712 12.934871673583984 11339
1760004173067 12.609342575073242 11349
1760004173421 12.777286529541016 11359
1760004173777 12.859532356262207 11369
1760004174132 12.517776489257812 11379
1760004174488 12.755517959594727 11389
1760004174845 12.668272018432617 11399
1760004175212 12.661831855773926 11409
1760004175575 12.591538429260254 11419
1760004175931 12.576594352722168 11429
1760004176285 12.685930252075195 11439
1760004176640 12.71889877319336 11449
1760004176998 12.665977478027344 11459
1760004177354 12.565292358398438 11469
1760004177719 12.837743759155273 11479
1760004178067 12.542917251586914 11489
1760004178418 12.737953186035156 11499
1760004178763 12.72224235534668 11509
1760004179119 12.630634307861328 11519
1760004179481 12.59707260131836 11529
1760004179826 12.781627655029297 11539
1760004180170 12.784421920776367 11549
1760004180515 12.897052764892578 11559
1760004180864 12.64859390258789 11569
1760004181211 12.57502269744873 11579
1760004181560 12.448626518249512 11589
1760004181916 12.706826210021973 11599
1760004182261 12.747945785522461 11609
1760004182605 12.715001106262207 11619
1760004182950 12.777034759521484 11629
1760004183300 12.48587703704834 11639
1760004183645 12.574063301086426 11649
1760004183998 12.620563507080078 11659
1760004184351 12.911260604858398 11669
1760004184703 12.666824340820312 11679
1760004185056 12.537530899047852 11689
1760004185411 12.792051315307617 11699
1760004185762 12.554619789123535 11709
1760004186120 12.895477294921875 11719
1760004186494 12.456339836120605 11729
1760004186857 12.577238082885742 11739
1760004187219 12.398371696472168 11749
1760004187582 12.50606918334961 11759
1760004187948 12.669737815856934 11769
1760004188310 12.459381103515625 11779
1760004188681 12.501221656799316 11789
1760004189050 12.583959579467773 11799
1760004189417 12.676336288452148 11809
1760004189788 12.409187316894531 11819
1760004190158 12.488109588623047 11829
1760004190523 12.477701187133789 11839
1760004190886 12.386308670043945 11849
1760004191258 12.597308158874512 11859
1760004191626 12.649190902709961 11869
1760004191991 12.723554611206055 11879
1760004192348 12.554057121276855 11889
1760004192698 12.530561447143555 11899
1760004193045 12.410223960876465 11909
1760004193407 12.619291305541992 11919
1760004193752 12.63515567779541 11929
1760004194109 12.487346649169922 11939
1760004194465 12.600200653076172 11949
1760004194823 12.461793899536133 11959
1760004195177 12.448942184448242 11969
1760004195535 12.491230010986328 11979
1760004196430 12.587085723876953 11989
1760004196782 12.772047996520996 11999
1760004197132 12.390960693359375 12009
1760004197480 12.68862533569336 12019
1760004197834 12.476044654846191 12029
1760004198183 12.51640510559082 12039
1760004198541 12.38810920715332 12049
1760004198893 12.627939224243164 12059
1760004199237 12.324317932128906 12069
1760004199579 12.550872802734375 12079
1760004199923 12.64941120147705 12089
1760004200273 12.3265380859375 12099
1760004200621 12.526047706604004 12109
1760004214575 12.3961763381958 12119
1760004214943 13.503868103027344 12129
1760004215306 13.404069900512695 12139
1760004215685 13.274200439453125 12149
1760004216043 13.254037857055664 12159
1760004216411 13.161245346069336 12169
1760004216782 13.068046569824219 12179
1760004217159 13.065598487854004 12189
1760004217489 12.735705375671387 12199
1760004217829 13.070479393005371 12209
1760004218163 13.417989730834961 12219
1760004218506 12.97083854675293 12229
1760004218846 12.826044082641602 12239
1760004219192 12.960138320922852 12249
1760004219545 12.883129119873047 12259
1760004219899 13.033475875854492 12269
1760004220251 12.777214050292969 12279
1760004220603 12.90516185760498 12289
1760004220986 13.123525619506836 12299
1760004221351 12.969587326049805 12309
1760004221701 12.946151733398438 12319
1760004222047 12.996175765991211 12329
1760004222395 12.854018211364746 12339
1760004222739 12.818424224853516 12349
1760004223099 12.932966232299805 12359
1760004223503 13.092915534973145 12369
1760004223849 12.974437713623047 12379
1760004224196 13.019621849060059 12389
1760004224546 12.950550079345703 12399
1760004224892 12.945144653320312 12409
1760004225239 12.686332702636719 12419
1760004225593 12.826192855834961 12429
1760004225954 12.75657844543457 12439
1760004226301 12.786576271057129 12449
1760004226647 12.962656021118164 12459
1760004226995 12.964303970336914 12469
1760004227341 12.905370712280273 12479
1760004227700 12.928353309631348 12489
1760004228049 13.08793830871582 12499
1760004228402 12.562220573425293 12509
1760004228751 12.733099937438965 12519
1760004229103 12.725679397583008 12529
1760004229464 12.787212371826172 12539
1760004229825 12.98153018951416 12549
1760004230177 12.927534103393555 12559
1760004230527 12.747350692749023 12569
1760004230880 13.06029224395752 12579
1760004231230 12.857446670532227 12589
1760004231586 12.782413482666016 12599
1760004231940 12.968694686889648 12609
1760004232298 12.534650802612305 12619
1760004232649 12.706537246704102 12629
1760004232996 12.94338607788086 12639
1760004233340 12.932598114013672 12649
1760004233686 12.972455978393555 12659
1760004234031 12.653369903564453 12669
1760004234390 13.093058586120605 12679
1760004234741 12.668363571166992 12689
1760004235085 12.66372299194336 12699
1760004235431 12.760296821594238 12709
1760004235775 12.899406433105469 12719
1760004236120 12.786031723022461 12729
1760004236465 12.953258514404297 12739
1760004236820 12.920676231384277 12749
1760004237165 12.931804656982422 12759
1760004237510 12.912813186645508 12769
1760004237853 13.105557441711426 12779
1760004238198 12.792671203613281 12789
1760004238542 12.888121604919434 12799
1760004238896 12.839570999145508 12809
1760004239245 12.565340042114258 12819
1760004239590 12.6632080078125 12829
1760004239934 12.75967025756836 12839
1760004240278 12.727499008178711 12849
1760004240621 12.803427696228027 12859
1760004240975 12.900625228881836 12869
1760004241322 13.019058227539062 12879
1760004241665 12.787696838378906 12889
1760004242010 12.639626502990723 12899
1760004242355 12.748178482055664 12909
1760004242701 12.60000991821289 12919
1760004243045 12.85017204284668 12929
1760004243400 12.428302764892578 12939
1760004243747 12.836652755737305 12949
1760004244092 12.772401809692383 12959
1760004244438 12.752559661865234 12969
1760004244797 13.050956726074219 12979
1760004245145 12.70970630645752 12989
1760004245500 12.597797393798828 12999
1760004245846 12.967191696166992 13009
1760004246190 12.610271453857422 13019
1760004246536 12.637548446655273 13029
1760004246887 12.48490047454834 13039
1760004247245 12.730113983154297 13049
1760004247602 12.776544570922852 13059
1760004247954 12.76772689819336 13069
1760004248303 12.532757759094238 13079
1760004248653 12.737896919250488 13089
1760004249002 12.5440673828125 13099
1760004249359 12.416044235229492 13109
1760004249711 12.800073623657227 13119
1760004250062 12.713232040405273 13129
1760004250418 12.850086212158203 13139
1760004250766 12.740312576293945 13149
1760004251120 12.617247581481934 13159
1760004251496 12.82274055480957 13169
1760004251865 12.597227096557617 13179
1760004252242 12.683621406555176 13189
1760004252606 12.46876335144043 13199
1760004252969 12.582426071166992 13209
1760004253333 12.594256401062012 13219
1760004253699 12.629005432128906 13229
1760004254024 12.748992919921875 13239
1760004254386 12.5221529006958 13249
1760004254744 12.709312438964844 13259
1760004255105 12.630355834960938 13269
1760004255466 12.368257522583008 13279
1760004255823 12.486296653747559 13289
1760004256184 12.592507362365723 13299
1760004256544 12.663280487060547 13309
1760004256915 13.02188491821289 13319
1760004257271 12.6942138671875 13329
1760004257633 12.532804489135742 13339
1760004257993 12.475314140319824 13349
1760004258358 12.813878059387207 13359
1760004258718 12.638742446899414 13369
1760004259079 12.804533958435059 13379
1760004259435 12.661436080932617 13389
1760004259798 12.653024673461914 13399
1760004260168 12.617866516113281 13409
1760004260539 12.757363319396973 13419
1760004260908 12.273992538452148 13429
1760004261284 12.605016708374023 13439
1760004261652 12.2662353515625 13449
1760004262027 12.609296798706055 13459
1760004262404 12.514867782592773 13469
1760004262772 12.74418830871582 13479
1760004263141 12.366528511047363 13489
1760004263514 12.371138572692871 13499
1760004263880 12.56901741027832 13509
1760004264249 12.516539573669434 13519
1760004264618 12.73990249633789 13529
1760004264984 12.561295509338379 13539
1760004265351 12.410816192626953 13549
1760004265729 12.558560371398926 13559
1760004266095 12.574297904968262 13569
1760004266471 12.394730567932129 13579
1760004266839 12.494333267211914 13589
1760004267206 12.381319046020508 13599
1760004267572 12.506644248962402 13609
1760004267952 12.56900691986084 13619
1760004268327 12.499503135681152 13629
1760004268688 12.53348159790039 13639
1760004269053 12.635977745056152 13649
1760004269416 12.379484176635742 13659
1760004269785 12.298501968383789 13669
1760004270150 12.426466941833496 13679
1760004270498 12.688015937805176 13689
1760004270873 12.496004104614258 13699
1760004271258 12.509454727172852 13709
1760004271618 12.624545097351074 13719
1760004271988 12.202649116516113 13729
1760004272349 12.429869651794434 13739
1760004272710 12.397523880004883 13749
1760004273069 12.719606399536133 13759
1760004273429 12.529800415039062 13769
1760004273796 12.49873161315918 13779
1760004274159 12.537107467651367 13789
1760004274523 12.47756290435791 13799
1760004274887 12.529207229614258 13809
1760004275248 12.40076732635498 13819
1760004275618 12.666748046875 13829
1760004275966 12.315797805786133 13839
1760004276325 12.240255355834961 13849
1760004276690 12.56718635559082 13859
1760004277054 12.567370414733887 13869
1760004277418 12.470283508300781 13879
1760004277790 12.339327812194824 13889
1760004278153 12.677433013916016 13899
1760004278514 12.359747886657715 13909
1760004278872 12.587479591369629 13919
1760004279233 12.17948055267334 13929
1760004279599 12.31026554107666 13939
1760004279964 12.389402389526367 13949
1760004280325 12.658851623535156 13959
1760004280697 12.433670043945312 13969
1760004281063 12.177118301391602 13979
1760004281440 12.263412475585938 13989
1760004281807 12.336043357849121 13999
1760004282170 12.67072868347168 14009
1760004282532 12.438579559326172 14019
1760004282900 12.449702262878418 14029
1760004283282 12.25101375579834 14039
1760004283657 12.530891418457031 14049
1760004284015 12.346491813659668 14059
1760004284385 12.350475311279297 14069
1760004284766 12.434877395629883 14079
1760004285152 12.83202075958252 14089
1760004285519 12.314188003540039 14099
1760004285884 12.556029319763184 14109
1760004286242 12.282103538513184 14119
1760004286621 12.559431076049805 14129
1760004286983 12.269851684570312 14139
1760004287342 13.035942077636719 14149
1760004287716 13.24808406829834 14159
1760004288101 12.80199909210205 14169
1760004288464 13.082576751708984 14179
1760004288839 13.107732772827148 14189
1760004289205 12.770552635192871 14199
1760004289568 12.96024227142334 14209
1760004289932 12.557219505310059 14219
1760004290305 12.873138427734375 14229
1760004290673 12.614459991455078 14239
1760004291037 12.613812446594238 14249
1760004291401 12.813133239746094 14259
1760004291770 13.04185676574707 14269
1760004292146 12.952949523925781 14279
1760004292510 12.608543395996094 14289
1760004292875 12.75346565246582 14299
1760004293242 12.650932312011719 14309
1760004293608 12.51524829864502 14319
1760004293976 12.642064094543457 14329
1760004294344 12.860946655273438 14339
1760004294710 12.965471267700195 14349
1760004295078 12.467196464538574 14359
1760004295445 12.94912052154541 14369
1760004295818 13.182028770446777 14379
1760004296183 12.744489669799805 14389
1760004296547 12.905986785888672 14399
1760004296914 12.630123138427734 14409
1760004297278 12.88156509399414 14419
1760004297648 12.581817626953125 14429
1760004298010 12.777029037475586 14439
1760004298380 12.900411605834961 14449
1760004298757 12.71088981628418 14459
1760004299123 12.898508071899414 14469
1760004299487 12.780065536499023 14479
1760004299920 12.782281875610352 14489
1760004300305 12.82565689086914 14499
1760004300666 12.695962905883789 14509
1760004301023 12.724907875061035 14519
1760004301369 12.777170181274414 14529
1760004301716 12.591066360473633 14539
1760004302060 13.059562683105469 14549
1760004302423 12.690742492675781 14559
1760004302799 12.83885383605957 14569
1760004303168 12.558699607849121 14579
1760004303550 12.862822532653809 14589
1760004303918 12.712185859680176 14599
1760004304296 12.503738403320312 14609
1760004304645 12.813268661499023 14619
1760004305011 12.745866775512695 14629
1760004305386 12.73016357421875 14639
1760004305746 12.857481002807617 14649
1760004306115 12.666230201721191 14659
1760004306478 12.539502143859863 14669
1760004306857 12.693037033081055 14679
1760004307221 12.725214958190918 14689
1760004307589 12.494187355041504 14699
1760004307963 12.75295639038086 14709
1760004308335 12.793930053710938 14719
1760004308712 12.511205673217773 14729
1760004309083 12.501352310180664 14739
1760004309447 12.731738090515137 14749
1760004309809 12.745864868164062 14759
1760004310202 12.989584922790527 14769
1760004310572 12.857797622680664 14779
1760004310930 12.72559642791748 14789
1760004311292 12.717679977416992 14799
1760004311667 12.676599502563477 14809
1760004312038 12.486043930053711 14819
1760004312409 12.481338500976562 14829
1760004312766 12.846303939819336 14839
1760004313134 12.606250762939453 14849
1760004313490 12.65746021270752 14859
1760004313840 12.501238822937012 14869
1760004314202 12.512770652770996 14879
1760004314584 12.682461738586426 14889
1760004314957 12.573753356933594 14899
1760004315317 12.72086238861084 14909
1760004315663 12.54765510559082 14919
1760004316008 12.6044340133667 14929
1760004316366 12.572904586791992 14939
1760004316712 12.534915924072266 14949
1760004317063 12.78365707397461 14959
1760004317406 12.719036102294922 14969
1760004317751 12.750094413757324 14979
1760004318119 12.466772079467773 14989
1760004318469 12.648865699768066 14999
1760004318825 12.524454116821289 15009
1760004319180 12.475977897644043 15019
1760004319556 12.450284957885742 15029
1760004319937 12.991680145263672 15039
1760004320322 12.915565490722656 15049
1760004320682 12.769055366516113 15059
1760004321045 12.798255920410156 15069
1760004321417 12.562005996704102 15079
1760004321783 12.455252647399902 15089
1760004322147 12.36082649230957 15099
1760004322527 12.504274368286133 15109
1760004322900 12.532670974731445 15119
1760004323268 12.46191692352295 15129
1760004323630 12.616558074951172 15139
1760004323995 12.816327095031738 15149
1760004324369 12.54531478881836 15159
1760004324741 12.700167655944824 15169
1760004325096 12.382465362548828 15179
1760004325451 12.680061340332031 15189
1760004325795 12.692041397094727 15199
1760004326144 12.50764274597168 15209
1760004326496 12.420900344848633 15219
1760004326849 12.624853134155273 15229
1760004327201 12.474616050720215 15239
1760004327563 12.411792755126953 15249
1760004327919 12.56814956665039 15259
1760004328267 12.590950012207031 15269
1760004328623 12.696828842163086 15279
1760004328985 12.581893920898438 15289
1760004329339 12.730323791503906 15299
1760004329694 12.393294334411621 15309
1760004330058 12.431194305419922 15319
1760004330430 12.492509841918945 15329
1760004330800 12.72347354888916 15339
1760004331170 12.521492958068848 15349
1760004331535 12.581609725952148 15359
1760004331901 12.470529556274414 15369
1760004332273 12.589010238647461 15379
1760004332642 12.187820434570312 15389
1760004333021 12.441612243652344 15399
1760004333392 12.563211441040039 15409
1760004333764 12.736560821533203 15419
1760004334136 12.526138305664062 15429
1760004334503 12.60277271270752 15439
1760004334866 12.728166580200195 15449
1760004335237 12.627241134643555 15459
1760004335603 12.522663116455078 15469
1760004335966 12.268412590026855 15479
1760004336337 12.63465690612793 15489
1760004336701 12.625070571899414 15499
1760004337065 12.269092559814453 15509
1760004337448 12.226092338562012 15519
1760004337827 12.241498947143555 15529
1760004338204 12.503305435180664 15539
1760004338566 12.549107551574707 15549
1760004338933 12.271991729736328 15559
1760004339322 12.496614456176758 15569
1760004339689 12.62156867980957 15579
1760004340058 12.137619972229004 15589
1760004340422 12.548185348510742 15599
1760004340794 12.35470199584961 15609
1760004341171 12.2909517288208 15619
1760004341540 12.497329711914062 15629
1760004341916 12.263654708862305 15639
1760004342279 12.375067710876465 15649
1760004342663 12.377665519714355 15659
1760004343032 12.358211517333984 15669
1760004343407 12.454179763793945 15679
1760004343775 12.387630462646484 15689
1760004344143 12.304864883422852 15699
1760004344505 12.433345794677734 15709
1760004344898 12.366645812988281 15719
1760004345274 12.31275749206543 15729
1760004345642 12.347311019897461 15739
1760004346005 12.250824928283691 15749
1760004346372 12.30288314819336 15759
1760004346732 12.247941017150879 15769
1760004347113 12.143156051635742 15779
1760004347487 12.571128845214844 15789
1760004347850 12.444550514221191 15799
1760004348208 12.23356819152832 15809
1760004348590 12.406790733337402 15819
1760004348956 12.59195613861084 15829
1760004349318 12.30122184753418 15839
1760004349672 12.181344985961914 15849
1760004350041 12.544656753540039 15859
1760004350419 12.518087387084961 15869
1760004350779 12.3528470993042 15879
1760004351136 12.577901840209961 15889
1760004351505 12.456642150878906 15899
1760004351893 11.979076385498047 15909
1760004352262 12.29037857055664 15919
1760004352632 12.303895950317383 15929
1760004352994 12.306510925292969 15939
1760004353364 12.257607460021973 15949
1760004353738 12.164117813110352 15959
1760004354093 12.236212730407715 15969
1760004354457 12.319405555725098 15979
1760004354847 12.491517066955566 15989
1760004355213 12.39626693725586 15999
1760004355577 12.284250259399414 16009
1760004355943 12.519510269165039 16019
1760004356818 12.374523162841797 16029
1760004357162 12.462015151977539 16039
1760004357506 12.141115188598633 16049
1760004357846 12.555707931518555 16059
1760004358186 12.54328727722168 16069
1760004358556 12.485716819763184 16079
1760004358918 12.238357543945312 16089
1760004359272 12.187790870666504 16099
1760004359631 12.451519012451172 16109
1760004359995 12.336456298828125 16119
1760004360347 12.487625122070312 16129
1760004360707 12.133341789245605 16139
1760004361065 12.500377655029297 16149
1760004375497 12.415475845336914 16159
1760004375863 13.381711959838867 16169
1760004376270 12.933256149291992 16179
1760004376643 12.862701416015625 16189
1760004377007 13.00345230102539 16199
1760004377405 12.705163955688477 16209
1760004377818 12.754671096801758 16219
1760004378173 12.81043815612793 16229
1760004378528 12.47807788848877 16239
1760004378887 12.593584060668945 16249
1760004379239 12.647404670715332 16259
1760004379594 12.624456405639648 16269
1760004379947 12.499464988708496 16279
1760004380310 12.754800796508789 16289
1760004380670 12.576775550842285 16299
1760004381044 12.676166534423828 16309
1760004381428 12.826457977294922 16319
1760004381803 12.488309860229492 16329
1760004382168 12.746061325073242 16339
1760004382535 12.557472229003906 16349
1760004382905 12.811572074890137 16359
1760004383281 12.859179496765137 16369
1760004383664 12.626190185546875 16379
1760004384030 12.756750106811523 16389
1760004384408 12.523004531860352 16399
1760004384779 12.545295715332031 16409
1760004385150 12.472867965698242 16419
1760004385665 12.491637229919434 16429
1760004386036 12.588842391967773 16439
1760004386401 12.93342399597168 16449
1760004386769 12.717144012451172 16459
1760004387140 12.654277801513672 16469
1760004387505 12.379293441772461 16479
1760004387871 12.782691955566406 16489
1760004388240 12.691450119018555 16499
1760004388611 12.508163452148438 16509
1760004388975 12.667455673217773 16519
1760004389359 12.55122184753418 16529
1760004389733 12.450641632080078 16539
1760004390085 12.727357864379883 16549
1760004390414 12.908733367919922 16559
1760004390779 12.453960418701172 16569
1760004391143 12.629624366760254 16579
1760004391508 12.83338737487793 16589
1760004391872 12.764375686645508 16599
1760004392246 12.497532844543457 16609
1760004392610 12.758145332336426 16619
1760004392978 12.510169982910156 16629
1760004393342 12.536420822143555 16639
1760004393709 12.550403594970703 16649
1760004394077 12.63880443572998 16659
1760004394447 12.466800689697266 16669
1760004394819 12.636507034301758 16679
1760004395188 12.562004089355469 16689
1760004395556 12.387746810913086 16699
1760004395920 12.437204360961914 16709
1760004396289 12.921375274658203 16719
1760004396653 12.402018547058105 16729
1760004397023 12.526358604431152 16739
1760004397380 12.745086669921875 16749
1760004397729 12.583733558654785 16759
1760004398080 12.449065208435059 16769
1760004398436 12.679655075073242 16779
1760004398798 12.523675918579102 16789
1760004399166 12.287557601928711 16799
1760004399521 12.6478910446167 16809
1760004399850 12.705318450927734 16819
1760004400196 12.307384490966797 16829
1760004400550 12.31889533996582 16839
1760004400893 12.67347526550293 16849
1760004401234 12.619527816772461 16859
1760004401581 12.442605972290039 16869
1760004401933 12.664468765258789 16879
1760004402325 12.377477645874023 16889
1760004402678 12.46820068359375 16899
1760004403032 12.469799041748047 16909
1760004403376 12.6422700881958 16919
1760004403725 12.200933456420898 16929
1760004404071 12.562751770019531 16939
1760004404423 12.600523948669434 16949
1760004404772 12.610677719116211 16959
1760004405129 12.59231185913086 16969
1760004405477 12.329174041748047 16979
1760004405826 12.284738540649414 16989
1760004406181 12.305730819702148 16999
1760004406535 12.359877586364746 17009
1760004406891 12.322967529296875 17019
1760004407236 12.421213150024414 17029
1760004407589 12.610488891601562 17039
1760004407950 12.564033508300781 17049
1760004408313 12.488422393798828 17059
1760004408684 12.388808250427246 17069
1760004409039 12.257834434509277 17079
1760004409401 12.36253833770752 17089
1760004409755 12.515068054199219 17099
1760004410107 12.337141036987305 17109
1760004410466 12.42124080657959 17119
1760004410847 12.438193321228027 17129
1760004411215 12.419189453125 17139
1760004411593 12.120672225952148 17149
1760004411967 12.636131286621094 17159
1760004412351 12.151159286499023 17169
1760004412725 12.412052154541016 17179
1760004413085 12.18643569946289 17189
1760004413452 12.356001853942871 17199
1760004413827 12.697890281677246 17209
1760004414198 12.44666862487793 17219
1760004414572 12.334239959716797 17229
1760004414941 12.30066967010498 17239
1760004415315 12.654777526855469 17249
1760004415677 12.655963897705078 17259
1760004416048 12.588737487792969 17269
1760004416417 12.332916259765625 17279
1760004416788 12.229357719421387 17289
1760004417171 12.330610275268555 17299
1760004417548 12.50505542755127 17309
1760004417914 12.38160514831543 17319
1760004418287 12.457457542419434 17329
1760004418657 12.421740531921387 17339
1760004419032 12.30781364440918 17349
1760004419395 12.108243942260742 17359
1760004419758 12.51380443572998 17369
1760004420123 12.363920211791992 17379
1760004420489 12.287691116333008 17389
1760004420854 12.434991836547852 17399
1760004421219 12.414880752563477 17409
1760004421586 12.377171516418457 17419
1760004421933 12.140462875366211 17429
1760004422286 12.039899826049805 17439
1760004422634 12.365049362182617 17449
1760004422981 12.173580169677734 17459
1760004423327 12.442814826965332 17469
1760004423679 12.241843223571777 17479
1760004424033 12.341899871826172 17489
1760004424383 12.289871215820312 17499
1760004424726 12.24754524230957 17509
1760004425070 12.253584861755371 17519
1760004425416 12.144827842712402 17529
1760004425766 12.171920776367188 17539
1760004426128 12.300518035888672 17549
1760004426494 12.27203369140625 17559
1760004426858 12.29703426361084 17569
1760004427228 11.881919860839844 17579
1760004427589 12.2138671875 17589
1760004427959 12.145954132080078 17599
1760004428320 12.292076110839844 17609
1760004428684 12.246282577514648 17619
1760004429048 12.417848587036133 17629
1760004429446 12.231291770935059 17639
1760004429813 12.218210220336914 17649
1760004430178 12.227136611938477 17659
1760004430551 12.352913856506348 17669
1760004430922 12.23863697052002 17679
1760004431299 12.232799530029297 17689
1760004431664 12.366581916809082 17699
1760004432034 12.571657180786133 17709
1760004432401 12.386363983154297 17719
1760004432774 12.153461456298828 17729
1760004433144 12.177738189697266 17739
1760004433519 12.18696403503418 17749
1760004433885 12.337604522705078 17759
1760004434253 12.197282791137695 17769
1760004434625 12.353398323059082 17779
1760004434997 12.405698776245117 17789
1760004435380 12.434566497802734 17799
1760004435748 12.21615982055664 17809
1760004436099 12.305195808410645 17819
1760004436468 12.506505966186523 17829
1760004436837 12.302220344543457 17839
1760004437193 12.244421005249023 17849
1760004437568 12.22686767578125 17859
1760004437938 12.211202621459961 17869
1760004438305 12.140168190002441 17879
1760004438671 11.951849937438965 17889
1760004439042 12.555294036865234 17899
1760004439405 12.099842071533203 17909
1760004439786 12.145089149475098 17919
1760004440163 12.391587257385254 17929
1760004440539 12.131190299987793 17939
1760004440906 11.970096588134766 17949
1760004441279 12.19694709777832 17959
1760004441655 12.042025566101074 17969
1760004442042 12.32986831665039 17979
1760004442410 12.21484375 17989
1760004442781 12.136434555053711 17999
1760004443155 12.006950378417969 18009
1760004443524 12.188146591186523 18019
1760004443891 12.202177047729492 18029
1760004444258 12.23775577545166 18039
1760004444631 12.066460609436035 18049
1760004445015 12.497257232666016 18059
1760004445385 12.440912246704102 18069
1760004445760 12.020708084106445 18079
1760004446132 12.246316909790039 18089
1760004446492 12.167016983032227 18099
1760004446848 12.19880485534668 18109
1760004447221 12.305551528930664 18119
1760004447592 12.483826637268066 18129
1760004447972 12.353738784790039 18139
1760004448346 12.10763168334961 18149
1760004448701 12.315559387207031 18159
1760004449052 12.333963394165039 18169
1760004449409 12.238433837890625 18179
1760004449760 13.013311386108398 18189
1760004450063 12.782943725585938 18199
1760004450361 12.635982513427734 18209
1760004450673 12.585158348083496 18219
1760004451042 12.613056182861328 18229
1760004451413 12.560791015625 18239
1760004451781 12.417247772216797 18249
1760004452166 12.467547416687012 18259
1760004452553 12.636813163757324 18269
1760004452937 12.794111251831055 18279
1760004453309 12.356668472290039 18289
1760004453690 12.582122802734375 18299
1760004454061 12.66783332824707 18309
1760004454430 12.611385345458984 18319
1760004454807 12.45993709564209 18329
1760004455176 12.524660110473633 18339
1760004455549 12.433145523071289 18349
1760004455920 12.200923919677734 18359
1760004456288 12.473692893981934 18369
1760004456648 12.705375671386719 18379
1760004457007 12.71377182006836 18389
1760004457355 12.603761672973633 18399
1760004457700 12.668946266174316 18409
1760004458043 12.613716125488281 18419
1760004458389 12.716950416564941 18429
1760004458732 12.547384262084961 18439
1760004459081 12.725127220153809 18449
1760004459428 12.473880767822266 18459
1760004459779 12.302591323852539 18469
1760004460130 12.652534484863281 18479
1760004460478 12.552759170532227 18489
1760004460821 12.374534606933594 18499
1760004461161 12.696170806884766 18509
1760004461509 12.527731895446777 18519
1760004461868 12.490999221801758 18529
1760004462238 12.455982208251953 18539
1760004462607 12.693533897399902 18549
1760004462980 12.56319522857666 18559
1760004463350 12.513286590576172 18569
1760004463709 12.562393188476562 18579
1760004464065 12.705244064331055 18589
1760004464415 12.252614974975586 18599
1760004464765 12.52879524230957 18609
1760004465111 12.508099555969238 18619
1760004465453 12.771184921264648 18629
1760004465795 12.534027099609375 18639
1760004466139 12.582221031188965 18649
1760004466482 12.61241626739502 18659
1760004466827 12.74608039855957 18669
1760004467172 12.586620330810547 18679
1760004467517 12.354057312011719 18689
1760004467861 12.373973846435547 18699
1760004468211 12.466139793395996 18709
1760004468555 12.602941513061523 18719
1760004468906 12.746541976928711 18729
1760004469256 12.467107772827148 18739
1760004469611 12.430078506469727 18749
1760004469953 12.24915885925293 18759
1760004470299 12.599830627441406 18769
1760004470646 12.460676193237305 18779
1760004470995 12.215080261230469 18789
1760004471349 12.41088581085205 18799
1760004471704 12.563300132751465 18809
1760004472050 12.366912841796875 18819
1760004472395 12.455461502075195 18829
1760004472744 12.562257766723633 18839
1760004473089 12.467264175415039 18849
1760004473436 12.157854080200195 18859
1760004473789 12.347759246826172 18869
1760004474136 12.418658256530762 18879
1760004474477 12.524215698242188 18889
1760004474824 12.617175102233887 18899
1760004475167 12.277621269226074 18909
1760004475516 12.48270034790039 18919
1760004476382 12.316184043884277 18929
1760004476739 12.299713134765625 18939
1760004477085 12.569751739501953 18949
1760004477432 12.311859130859375 18959
1760004477779 12.22018814086914 18969
1760004478125 12.573012351989746 18979
1760004478475 12.477835655212402 18989
1760004478830 12.400899887084961 18999
1760004479190 12.189550399780273 19009
1760004479535 12.421211242675781 19019
1760004479883 12.372112274169922 19029
1760004480229 12.50241470336914 19039
1760004480579 12.476763725280762 19049
1760004480927 12.524055480957031 19059
1760004481288 12.45266342163086 19069
1760004481634 12.315818786621094 19079
1760004481981 12.599414825439453 19089
1760004482328 12.465822219848633 19099
1760004482676 12.366031646728516 19109
1760004483026 12.54138469696045 19119
1760004483381 12.332941055297852 19129
1760004483730 12.72178840637207 19139
1760004484078 12.226194381713867 19149
1760004484426 12.04246997833252 19159
1760004484771 12.127825736999512 19169
1760004485122 12.62109375 19179
1760004485475 12.440698623657227 19189
1760004485826 12.33955192565918 19199
1760004486173 12.236078262329102 19209
1760004486526 12.363207817077637 19219
1760004486873 12.305917739868164 19229
1760004487223 12.390909194946289 19239
1760004487570 12.088923454284668 19249
1760004487927 12.588500022888184 19259
1760004488274 12.168106079101562 19269
1760004488622 12.394010543823242 19279
1760004488975 12.19214916229248 19289
1760004489327 12.874439239501953 19299
1760004489679 12.345226287841797 19309
1760004490042 12.384716033935547 19319
1760004490403 12.4337739944458 19329
1760004490756 12.474447250366211 19339
1760004491112 12.508634567260742 19349
1760004491462 12.44234561920166 19359
1760004491817 12.284186363220215 19369
1760004492172 12.417192459106445 19379
1760004492545 12.472476959228516 19389
1760004492917 12.606583595275879 19399
1760004493286 12.378547668457031 19409
1760004493654 12.363608360290527 19419
1760004494025 12.241397857666016 19429
1760004494398 12.32052993774414 19439
1760004494768 12.423983573913574 19449
1760004495150 12.315132141113281 19459
1760004495502 12.470653533935547 19469
1760004495855 12.218517303466797 19479
1760004496216 12.063163757324219 19489
1760004496568 12.214166641235352 19499
1760004496928 12.177863121032715 19509
1760004497282 11.918978691101074 19519
1760004497638 12.184825897216797 19529
1760004497992 12.306929588317871 19539
1760004498339 12.20816421508789 19549
1760004498704 12.158759117126465 19559
1760004499068 12.275853157043457 19569
1760004499422 12.276187896728516 19579
1760004499773 12.380985260009766 19589
1760004500123 11.945921897888184 19599
1760004500480 12.152318954467773 19609
1760004500843 12.134764671325684 19619
1760004501204 12.489511489868164 19629
1760004501564 12.39323902130127 19639
1760004501913 12.181215286254883 19649
1760004502258 12.222990036010742 19659
1760004502607 12.342344284057617 19669
1760004502955 12.501104354858398 19679
1760004503309 12.243024826049805 19689
1760004503655 12.213656425476074 19699
1760004504009 11.975667953491211 19709
1760004504360 12.184215545654297 19719
1760004504712 11.977121353149414 19729
1760004505065 12.321529388427734 19739
1760004505426 12.23933219909668 19749
1760004505790 12.25790786743164 19759
1760004506155 12.330209732055664 19769
1760004506540 12.2699556350708 19779
1760004506911 12.193089485168457 19789
1760004507289 12.215576171875 19799
1760004507649 11.835493087768555 19809
1760004508017 11.974540710449219 19819
1760004508382 11.844003677368164 19829
1760004508749 11.966669082641602 19839
1760004509119 12.020733833312988 19849
1760004509492 12.084174156188965 19859
1760004509872 12.05855941772461 19869
1760004510242 12.27692985534668 19879
1760004510613 12.321152687072754 19889
1760004510986 12.158161163330078 19899
1760004511356 12.066104888916016 19909
1760004511727 12.178764343261719 19919
1760004512093 12.043937683105469 19929
1760004512467 12.490100860595703 19939
1760004512835 12.248806953430176 19949
1760004513211 11.955607414245605 19959
1760004513579 12.235435485839844 19969
1760004513946 12.299607276916504 19979
1760004514317 12.295281410217285 19989
1760004514675 12.183311462402344 19999
1760004515018 12.122129440307617 20009
1760004515362 12.382793426513672 20019
1760004515715 12.11210823059082 20029
1760004516062 12.197742462158203 20039
1760004516418 12.060042381286621 20049
1760004516770 12.182056427001953 20059
1760004517617 12.338380813598633 20069
1760004517883 11.971366882324219 20079
1760004518111 12.120838165283203 20089
1760004518311 12.081092834472656 20099
1760004518505 11.975505828857422 20109
1760004518701 12.127985954284668 20119
1760004518896 11.865348815917969 20129
1760004519090 11.877823829650879 20139
1760004519285 12.2611665725708 20149
1760004519481 12.213773727416992 20159
1760004519776 11.949281692504883 20169
1760004520090 12.198843002319336 20179
1760004520434 12.155767440795898 20189
1760004535446 12.298731803894043 20199
1760004535809 12.899019241333008 20209
1760004536177 12.987493515014648 20219
1760004536543 12.7277193069458 20229
1760004536910 12.644678115844727 20239
1760004537273 12.398566246032715 20249
1760004537697 12.574440002441406 20259
1760004538047 12.615154266357422 20269
1760004538395 12.617185592651367 20279
1760004538744 12.746923446655273 20289
1760004539091 12.56010913848877 20299
1760004539442 12.326427459716797 20309
1760004539787 12.573596954345703 20319
1760004540149 12.64210319519043 20329
1760004540514 12.512092590332031 20339
1760004540876 12.459839820861816 20349
1760004541238 12.206188201904297 20359
1760004541596 12.604349136352539 20369
1760004541959 12.606400489807129 20379
1760004542319 12.613836288452148 20389
1760004542683 12.278057098388672 20399
1760004543083 12.631402969360352 20409
1760004543443 12.30839729309082 20419
1760004543808 12.385908126831055 20429
1760004544176 12.517995834350586 20439
1760004544539 12.55394172668457 20449
1760004544903 12.515707015991211 20459
1760004545265 12.357338905334473 20469
1760004545629 12.539058685302734 20479
1760004545992 12.354242324829102 20489
1760004546353 12.399724960327148 20499
1760004546717 12.557034492492676 20509
1760004547084 12.632169723510742 20519
1760004547446 12.631523132324219 20529
1760004547809 12.476798057556152 20539
1760004548182 12.768271446228027 20549
1760004548544 12.644527435302734 20559
1760004548906 12.355850219726562 20569
1760004549277 12.728165626525879 20579
1760004549644 12.361553192138672 20589
1760004550007 12.332029342651367 20599
1760004550372 12.468076705932617 20609
1760004550736 12.31228256225586 20619
1760004551095 12.451395034790039 20629
1760004551462 12.178977012634277 20639
1760004551823 12.332544326782227 20649
1760004552185 12.434127807617188 20659
1760004552546 12.703314781188965 20669
1760004552905 12.198558807373047 20679
1760004553266 12.070330619812012 20689
1760004553635 12.344751358032227 20699
1760004553999 12.456222534179688 20709
1760004554362 12.52517318725586 20719
1760004554718 12.294472694396973 20729
1760004555085 12.309415817260742 20739
1760004555462 12.454233169555664 20749
1760004555845 12.341517448425293 20759
1760004556216 12.419594764709473 20769
1760004556565 12.473859786987305 20779
1760004556911 12.28062629699707 20789
1760004557255 12.713563919067383 20799
1760004557598 12.348213195800781 20809
1760004557950 12.254135131835938 20819
1760004558306 12.508883476257324 20829
1760004558650 12.6481294631958 20839
1760004558996 12.546382904052734 20849
1760004559339 12.441543579101562 20859
1760004559685 12.497222900390625 20869
1760004560029 12.171815872192383 20879
1760004560382 12.72085189819336 20889
1760004560732 12.231328964233398 20899
1760004561084 12.247963905334473 20909
1760004561440 12.500509262084961 20919
1760004561790 12.348627090454102 20929
1760004562144 12.509576797485352 20939
1760004562515 12.554624557495117 20949
1760004562879 12.32521915435791 20959
1760004563247 12.20923900604248 20969
1760004563615 12.404903411865234 20979
1760004563980 12.0828218460083 20989
1760004564347 12.383780479431152 20999
1760004564715 12.63868522644043 21009
1760004565076 12.33517074584961 21019
1760004565444 12.285327911376953 21029
1760004565813 12.542573928833008 21039
1760004566175 12.502309799194336 21049
1760004566539 12.113892555236816 21059
1760004566914 11.97647476196289 21069
1760004567276 12.339225769042969 21079
1760004567645 12.533525466918945 21089
1760004568023 12.282705307006836 21099
1760004568399 12.245124816894531 21109
1760004568769 12.253480911254883 21119
1760004569147 12.403401374816895 21129
1760004569515 12.327720642089844 21139
1760004569875 12.50732421875 21149
1760004570254 12.592626571655273 21159
1760004570634 12.17965030670166 21169
1760004571002 12.492141723632812 21179
1760004571373 12.373248100280762 21189
1760004571742 12.158811569213867 21199
1760004572108 12.402048110961914 21209
1760004572477 12.268519401550293 21219
1760004572830 12.222497940063477 21229
1760004573189 12.340356826782227 21239
1760004573543 12.104494094848633 21249
1760004573890 11.885355949401855 21259
1760004574239 12.352289199829102 21269
1760004574589 11.998309135437012 21279
1760004574937 12.216767311096191 21289
1760004575290 12.305166244506836 21299
1760004575645 12.26048755645752 21309
1760004576000 12.464567184448242 21319
1760004576358 12.171391487121582 21329
1760004576693 12.111944198608398 21339
1760004576982 12.509265899658203 21349
1760004577233 11.996333122253418 21359
1760004577523 12.118200302124023 21369
1760004577809 12.239093780517578 21379
1760004578113 12.283299446105957 21389
1760004578466 12.166826248168945 21399
1760004578826 12.308483123779297 21409
1760004579175 12.427838325500488 21419
1760004579543 12.293438911437988 21429
1760004579922 12.405282020568848 21439
1760004580290 12.099754333496094 21449
1760004580673 12.050979614257812 21459
1760004581033 12.064151763916016 21469
1760004581411 12.1474027633667 21479
1760004581780 12.24496841430664 21489
1760004582152 12.173279762268066 21499
1760004582520 12.254999160766602 21509
1760004582892 12.11961555480957 21519
1760004583258 12.377533912658691 21529
1760004583623 12.410058975219727 21539
1760004583987 12.031539916992188 21549
1760004584352 12.059211730957031 21559
1760004584717 12.175406455993652 21569
1760004585090 12.131918907165527 21579
1760004585462 12.224065780639648 21589
1760004585827 12.045974731445312 21599
1760004586194 12.072236061096191 21609
1760004586562 11.991340637207031 21619
1760004586931 12.344560623168945 21629
1760004587309 11.85301399230957 21639
1760004587669 12.12216854095459 21649
1760004588044 12.136934280395508 21659
1760004588408 12.117637634277344 21669
1760004588772 11.954492568969727 21679
1760004589137 12.21989631652832 21689
1760004589504 12.021429061889648 21699
1760004589868 11.992280960083008 21709
1760004590234 12.281471252441406 21719
1760004590597 12.132091522216797 21729
1760004590960 12.061389923095703 21739
1760004591335 11.903289794921875 21749
1760004591707 12.025167465209961 21759
1760004592074 12.214966773986816 21769
1760004592444 11.940622329711914 21779
1760004592809 11.974555969238281 21789
1760004593159 12.29020881652832 21799
1760004593511 11.856863021850586 21809
1760004593861 12.183835983276367 21819
1760004594229 12.190305709838867 21829
1760004594600 12.167003631591797 21839
1760004594967 11.784196853637695 21849
1760004595335 12.021419525146484 21859
1760004595690 11.986026763916016 21869
1760004596043 12.138036727905273 21879
1760004596400 12.237212181091309 21889
1760004596755 11.816150665283203 21899
1760004597117 11.982738494873047 21909
1760004597478 12.225038528442383 21919
1760004597846 11.90578842163086 21929
1760004598212 12.166444778442383 21939
1760004598579 11.970212936401367 21949
1760004598947 12.075125694274902 21959
1760004599324 12.062264442443848 21969
1760004599695 12.217622756958008 21979
1760004600064 12.38980484008789 21989
1760004600433 12.092113494873047 21999
1760004600801 11.915077209472656 22009
1760004601172 12.15242862701416 22019
1760004601545 12.340886116027832 22029
1760004601926 12.064623832702637 22039
1760004602295 12.212350845336914 22049
1760004602667 11.633137702941895 22059
1760004603049 12.135777473449707 22069
1760004603423 12.048065185546875 22079
1760004603797 12.107351303100586 22089
1760004604170 11.942097663879395 22099
1760004604543 12.071270942687988 22109
1760004604917 12.068687438964844 22119
1760004605289 11.920199394226074 22129
1760004605663 11.64881706237793 22139
1760004606061 12.093730926513672 22149
1760004606445 12.195423126220703 22159
1760004606830 12.099596977233887 22169
1760004607197 11.892948150634766 22179
1760004607569 11.736034393310547 22189
1760004607946 12.210905075073242 22199
1760004608313 12.132926940917969 22209
1760004608680 12.09283447265625 22219
1760004609042 13.124990463256836 22229
1760004609410 12.764257431030273 22239
1760004609780 12.71986198425293 22249
1760004610149 12.534918785095215 22259
1760004610518 12.586809158325195 22269
1760004610885 12.333641052246094 22279
1760004611255 12.571084022521973 22289
1760004611642 12.528165817260742 22299
1760004612023 12.631519317626953 22309
1760004612401 12.174532890319824 22319
1760004612775 12.496170043945312 22329
1760004613162 12.360467910766602 22339
1760004613534 12.312858581542969 22349
1760004613913 12.194511413574219 22359
1760004614297 12.624269485473633 22369
1760004614667 12.055500984191895 22379
1760004615036 12.399995803833008 22389
1760004615409 12.284132957458496 22399
1760004615796 12.33930778503418 22409
1760004616176 12.417040824890137 22419
1760004616549 12.440849304199219 22429
1760004616916 12.343873023986816 22439
1760004617282 12.442107200622559 22449
1760004617681 12.446348190307617 22459
1760004618052 12.310750961303711 22469
1760004618423 12.17261791229248 22479
1760004618792 12.163030624389648 22489
1760004619177 12.608135223388672 22499
1760004619553 12.42855167388916 22509
1760004619931 12.27978229522705 22519
1760004620310 12.272156715393066 22529
1760004620687 12.50533676147461 22539
1760004621050 12.19173812866211 22549
1760004621435 12.697486877441406 22559
1760004621823 12.221247673034668 22569
1760004622208 12.32165813446045 22579
1760004622586 12.302204132080078 22589
1760004622961 12.358715057373047 22599
1760004623340 12.169114112854004 22609
1760004623725 12.242047309875488 22619
1760004624113 12.388700485229492 22629
1760004624487 12.439653396606445 22639
1760004624854 12.3468656539917 22649
1760004625238 12.648968696594238 22659
1760004625607 12.471673965454102 22669
1760004625974 12.291540145874023 22679
1760004626344 12.256865501403809 22689
1760004626726 12.20499038696289 22699
1760004627103 12.470881462097168 22709
1760004627475 12.095218658447266 22719
1760004627848 12.48749828338623 22729
1760004628221 12.421146392822266 22739
1760004628599 12.298497200012207 22749
1760004628969 12.66889762878418 22759
1760004629335 12.548315048217773 22769
1760004629708 12.461836814880371 22779
1760004630076 12.27914810180664 22789
1760004630446 12.462435722351074 22799
1760004630812 12.664051055908203 22809
1760004631174 12.200895309448242 22819
1760004631538 12.128119468688965 22829
1760004631908 12.454493522644043 22839
1760004632285 12.371370315551758 22849
1760004632648 12.217914581298828 22859
1760004633024 12.168466567993164 22869
1760004633409 12.170453071594238 22879
1760004633790 12.347623825073242 22889
1760004634168 12.272403717041016 22899
1760004634541 11.921266555786133 22909
1760004634912 12.097536087036133 22919
1760004635291 12.245463371276855 22929
1760004635660 12.003902435302734 22939
1760004636034 12.497468948364258 22949
1760004636396 12.420585632324219 22959
1760004636773 12.322712898254395 22969
1760004637145 12.341257095336914 22979
1760004637516 12.233455657958984 22989
1760004637883 12.380545616149902 22999
1760004638247 12.354452133178711 23009
1760004638608 12.292539596557617 23019
1760004638962 12.241394996643066 23029
1760004639325 12.103395462036133 23039
1760004639686 12.18777084350586 23049
1760004640045 12.551183700561523 23059
1760004640413 12.425006866455078 23069
1760004640770 12.475645065307617 23079
1760004641129 12.422056198120117 23089
1760004641501 12.1182861328125 23099
1760004641872 12.29808235168457 23109
1760004642249 12.224654197692871 23119
1760004642614 12.344728469848633 23129
1760004642978 12.408600807189941 23139
1760004643343 12.489479064941406 23149
1760004643708 12.172616958618164 23159
1760004644083 12.22976303100586 23169
1760004644455 12.35482406616211 23179
1760004644834 12.302335739135742 23189
1760004645215 12.313130378723145 23199
1760004645582 12.401473999023438 23209
1760004645951 12.412256240844727 23219
1760004646320 12.232048988342285 23229
1760004646685 12.150083541870117 23239
1760004647049 12.111995697021484 23249
1760004647416 12.109371185302734 23259
1760004647786 12.292547225952148 23269
1760004648162 12.39039421081543 23279
1760004648535 12.197546005249023 23289
1760004648909 12.203874588012695 23299
1760004649280 12.332483291625977 23309
1760004649663 12.2831449508667 23319
1760004650036 12.080937385559082 23329
1760004650407 12.008810043334961 23339
1760004650778 12.192671775817871 23349
1760004651151 12.221555709838867 23359
1760004651524 12.24821662902832 23369
1760004651899 12.206947326660156 23379
1760004652273 12.301413536071777 23389
1760004652649 12.074773788452148 23399
1760004653018 12.254911422729492 23409
1760004653390 12.032957077026367 23419
1760004653762 12.031942367553711 23429
1760004654140 12.111946105957031 23439
1760004654513 12.25843620300293 23449
1760004654885 12.089377403259277 23459
1760004655255 12.391258239746094 23469
1760004655625 11.975414276123047 23479
1760004656020 12.086734771728516 23489
1760004656419 12.143905639648438 23499
1760004656813 12.050981521606445 23509
1760004657197 12.347368240356445 23519
1760004657592 12.074679374694824 23529
1760004657960 11.81662654876709 23539
1760004658328 12.136018753051758 23549
1760004658695 11.927923202514648 23559
1760004659062 12.061901092529297 23569
1760004659432 12.214273452758789 23579
1760004659810 12.090545654296875 23589
1760004660181 12.216971397399902 23599
1760004660551 12.239190101623535 23609
1760004660924 11.905194282531738 23619
1760004661295 11.877243041992188 23629
1760004661672 12.211408615112305 23639
1760004662047 12.154712677001953 23649
1760004662417 11.893760681152344 23659
1760004662798 11.956134796142578 23669
1760004663177 11.987854957580566 23679
1760004663556 12.078951835632324 23689
1760004663932 11.997156143188477 23699
1760004664304 11.928251266479492 23709
1760004664682 12.12755012512207 23719
1760004665052 12.078246116638184 23729
1760004665421 11.94152545928955 23739
1760004665795 11.986888885498047 23749
1760004666163 11.916410446166992 23759
1760004666535 11.99977970123291 23769
1760004666914 12.114211082458496 23779
1760004667284 12.16097354888916 23789
1760004667661 12.079503059387207 23799
1760004668033 11.976897239685059 23809
1760004668404 12.034185409545898 23819
1760004668776 12.052789688110352 23829
1760004669148 12.037256240844727 23839
1760004669526 12.207927703857422 23849
1760004669899 11.931449890136719 23859
1760004670272 12.041925430297852 23869
1760004670647 12.189315795898438 23879
1760004671017 11.871610641479492 23889
1760004671401 11.900503158569336 23899
1760004671768 12.248634338378906 23909
1760004672124 11.709754943847656 23919
1760004672484 11.925076484680176 23929
1760004672845 12.024606704711914 23939
1760004673206 11.777542114257812 23949
1760004673570 12.099474906921387 23959
1760004673928 11.767963409423828 23969
1760004674287 11.884255409240723 23979
1760004674644 12.070619583129883 23989
1760004674999 12.122224807739258 23999
1760004675356 12.22017765045166 24009
1760004675716 11.904987335205078 24019
1760004676076 11.727438926696777 24029
1760004676432 12.282003402709961 24039
1760004676790 12.080071449279785 24049
1760004677153 12.371269226074219 24059
1760004677508 12.072406768798828 24069
1760004677859 11.696815490722656 24079
1760004678218 12.077627182006836 24089
1760004678574 12.087444305419922 24099
1760004679447 11.799274444580078 24109
1760004679791 11.944859504699707 24119
1760004680135 11.86438274383545 24129
1760004680478 11.965372085571289 24139
1760004680821 12.10529613494873 24149
1760004681164 11.814079284667969 24159
1760004681510 11.8963623046875 24169
1760004681860 11.910740852355957 24179
1760004682212 11.787663459777832 24189
1760004682563 12.048500061035156 24199
1760004682914 12.163382530212402 24209
1760004683257 12.102361679077148 24219
1760004683557 12.226167678833008 24229
1760004697875 12.034280776977539 24239
1760004698153 12.953454971313477 24249
1760004698460 12.544269561767578 24259
1760004698808 12.547006607055664 24269
1760004699152 12.44887924194336 24279
1760004699518 12.51392650604248 24289
1760004699908 12.439921379089355 24299
1760004700261 12.328758239746094 24309
1760004700606 12.598084449768066 24319
1760004700951 12.633883476257324 24329
1760004701292 12.848836898803711 24339
1760004701637 12.199711799621582 24349
1760004701983 12.040017127990723 24359
1760004702330 12.218555450439453 24369
1760004702681 12.477481842041016 24379
1760004703033 12.442989349365234 24389
1760004703391 12.39820384979248 24399
1760004703756 12.243328094482422 24409
1760004704114 12.298857688903809 24419
1760004704472 12.23310661315918 24429
1760004704829 12.433515548706055 24439
1760004705185 11.991498947143555 24449
1760004705544 12.153335571289062 24459
1760004705898 12.08983325958252 24469
1760004706256 12.265592575073242 24479
1760004706609 12.270971298217773 24489
1760004706970 12.588375091552734 24499
1760004707326 12.733089447021484 24509
1760004707680 12.221479415893555 24519
1760004708035 12.321158409118652 24529
1760004708406 12.112695693969727 24539
1760004708774 12.21767807006836 24549
1760004709142 12.210318565368652 24559
1760004709494 12.568784713745117 24569
1760004709803 12.080965042114258 24579
1760004710069 12.099424362182617 24589
1760004710298 12.479109764099121 24599
1760004710506 12.168657302856445 24609
1760004710710 12.278741836547852 24619
1760004710918 12.460773468017578 24629
1760004711120 12.080313682556152 24639
1760004711326 12.430057525634766 24649
1760004711530 12.242105484008789 24659
1760004711739 12.272967338562012 24669
1760004711953 12.097984313964844 24679
1760004712255 12.405824661254883 24689
1760004712579 12.394447326660156 24699
1760004712935 12.194280624389648 24709
1760004713292 12.33505630493164 24719
1760004713657 12.319704055786133 24729
1760004714015 12.508427619934082 24739
1760004714367 12.284494400024414 24749
1760004714726 12.546213150024414 24759
1760004715076 12.360751152038574 24769
1760004715438 12.185405731201172 24779
1760004715795 12.391087532043457 24789
1760004716159 12.313468933105469 24799
1760004716512 11.999141693115234 24809
1760004716870 12.36949348449707 24819
1760004717226 12.556070327758789 24829
1760004717555 12.137067794799805 24839
1760004717834 12.142545700073242 24849
1760004718112 12.120725631713867 24859
1760004718436 12.456180572509766 24869
1760004718823 12.319419860839844 24879
1760004719231 12.497923851013184 24889
1760004719596 12.273359298706055 24899
1760004719958 12.131460189819336 24909
1760004720327 12.236791610717773 24919
1760004720689 12.250802993774414 24929
1760004721051 12.116451263427734 24939
1760004721417 12.079878807067871 24949
1760004721785 11.884346008300781 24959
1760004722159 12.087238311767578 24969
1760004722528 12.417850494384766 24979
1760004722895 11.90060043334961 24989
1760004723272 12.051374435424805 24999
1760004723648 12.136360168457031 25009
1760004724017 12.383621215820312 25019
1760004724387 12.080540657043457 25029
1760004724755 12.135723114013672 25039
1760004725123 12.044025421142578 25049
1760004725501 12.5000581741333 25059
1760004725873 12.241085052490234 25069
1760004726247 12.305267333984375 25079
1760004726616 12.191694259643555 25089
1760004726966 12.168087005615234 25099
1760004727314 12.465559959411621 25109
1760004727666 12.371888160705566 25119
1760004728024 12.135743141174316 25129
1760004728393 12.361644744873047 25139
1760004728760 12.259298324584961 25149
1760004729119 11.82079029083252 25159
1760004729478 12.213899612426758 25169
1760004729842 12.045438766479492 25179
1760004730205 12.335746765136719 25189
1760004730569 12.279319763183594 25199
1760004730929 12.198376655578613 25209
1760004731295 12.284625053405762 25219
1760004731656 12.106338500976562 25229
1760004732020 12.26179313659668 25239
1760004732382 12.214166641235352 25249
1760004732749 12.100031852722168 25259
1760004733107 12.210920333862305 25269
1760004733474 12.088005065917969 25279
1760004733833 12.34934139251709 25289
1760004734193 12.215631484985352 25299
1760004734553 12.331062316894531 25309
1760004734913 12.069068908691406 25319
1760004735280 12.435394287109375 25329
1760004735650 12.113395690917969 25339
1760004736011 11.932892799377441 25349
1760004736368 12.186029434204102 25359
1760004736730 12.230182647705078 25369
1760004737092 12.151110649108887 25379
1760004737459 12.108549118041992 25389
1760004737819 12.264603614807129 25399
1760004738187 12.039587020874023 25409
1760004738552 12.039352416992188 25419
1760004738916 12.271735191345215 25429
1760004739280 12.079756736755371 25439
1760004739641 12.179020881652832 25449
1760004740009 12.06882095336914 25459
1760004740380 12.206510543823242 25469
1760004740746 12.12165641784668 25479
1760004741119 12.193878173828125 25489
1760004741493 12.130908966064453 25499
1760004741863 11.988855361938477 25509
1760004742241 12.05626106262207 25519
1760004742609 12.030181884765625 25529
1760004742984 12.00448989868164 25539
1760004743352 11.986015319824219 25549
1760004743724 12.033943176269531 25559
1760004744095 11.952611923217773 25569
1760004744465 11.944978713989258 25579
1760004744839 11.876700401306152 25589
1760004745208 11.962305068969727 25599
1760004745577 11.952661514282227 25609
1760004745945 12.138077735900879 25619
1760004746321 12.190240859985352 25629
1760004746693 12.164804458618164 25639
1760004747068 12.121319770812988 25649
1760004747435 11.871345520019531 25659
1760004747808 12.085119247436523 25669
1760004748161 12.137301445007324 25679
1760004748512 12.530056953430176 25689
1760004748880 11.909287452697754 25699
1760004749253 12.205222129821777 25709
1760004749617 12.175296783447266 25719
1760004749989 11.876516342163086 25729
1760004750354 12.053104400634766 25739
1760004750720 12.006400108337402 25749
1760004751087 11.788297653198242 25759
1760004751455 12.029167175292969 25769
1760004751823 11.98879337310791 25779
1760004752196 12.116334915161133 25789
1760004752575 11.84848403930664 25799
1760004752946 12.006976127624512 25809
1760004753320 11.89070987701416 25819
1760004753697 12.080951690673828 25829
1760004754074 11.959207534790039 25839
1760004754451 11.945999145507812 25849
1760004754828 12.006046295166016 25859
1760004755205 11.891040802001953 25869
1760004755589 11.760342597961426 25879
1760004755964 11.506658554077148 25889
1760004756344 12.010929107666016 25899
1760004756719 11.99184799194336 25909
1760004757097 11.991715431213379 25919
1760004757476 12.320077896118164 25929
1760004757857 11.870233535766602 25939
1760004758240 12.063369750976562 25949
1760004758617 12.05512809753418 25959
1760004758993 11.900693893432617 25969
1760004759366 11.76028823852539 25979
1760004759736 11.763177871704102 25989
1760004760107 12.079933166503906 25999
1760004760486 11.57286548614502 26009
1760004760857 11.937492370605469 26019
1760004761228 12.015617370605469 26029
1760004761595 12.130802154541016 26039
1760004761961 11.981163024902344 26049
1760004762337 11.68972396850586 26059
1760004762704 11.830648422241211 26069
1760004763071 11.89365005493164 26079
1760004763444 12.089029312133789 26089
1760004763812 12.0264310836792 26099
1760004764180 11.883859634399414 26109
1760004764549 12.175137519836426 26119
1760004764925 11.79714298248291 26129
1760004765293 11.768972396850586 26139
1760004765662 11.864316940307617 26149
1760004766029 11.526150703430176 26159
1760004766399 11.80512809753418 26169
1760004766766 11.650572776794434 26179
1760004767144 12.109003067016602 26189
1760004767512 11.739033699035645 26199
1760004767882 11.902969360351562 26209
1760004768250 11.599037170410156 26219
1760004768619 11.82181167602539 26229
1760004768988 11.635177612304688 26239
1760004769360 11.975465774536133 26249
1760004769735 11.883323669433594 26259
1760004770104 12.30667495727539 26269
1760004770473 12.513609886169434 26279
1760004770840 12.558220863342285 26289
1760004771210 12.377981185913086 26299
1760004771579 12.161577224731445 26309
1760004771945 12.216176986694336 26319
1760004772297 12.62558364868164 26329
1760004772651 12.106897354125977 26339
1760004773005 12.190536499023438 26349
1760004773359 12.194900512695312 26359
1760004773714 12.314030647277832 26369
1760004774067 12.416425704956055 26379
1760004774421 12.36182689666748 26389
1760004774775 12.417954444885254 26399
1760004775125 12.006370544433594 26409
1760004775477 12.284979820251465 26419
1760004775837 12.120509147644043 26429
1760004776188 12.076136589050293 26439
1760004776539 12.311151504516602 26449
1760004776892 12.170234680175781 26459
1760004777250 12.442323684692383 26469
1760004777603 12.045117378234863 26479
1760004777957 12.38790512084961 26489
1760004778311 12.527982711791992 26499
1760004778664 12.224749565124512 26509
1760004779020 12.449089050292969 26519
1760004779391 12.121450424194336 26529
1760004779751 12.173822402954102 26539
1760004780114 12.478767395019531 26549
1760004780483 12.379817962646484 26559
1760004780847 12.13078498840332 26569
1760004781208 12.616668701171875 26579
1760004781572 12.217437744140625 26589
1760004781938 12.364256858825684 26599
1760004782312 12.125055313110352 26609
1760004782694 12.365554809570312 26619
1760004783062 12.325721740722656 26629
1760004783432 12.176065444946289 26639
1760004783813 12.389789581298828 26649
1760004784183 12.417989730834961 26659
1760004784544 12.376363754272461 26669
1760004784908 12.19454288482666 26679
1760004785270 12.565095901489258 26689
1760004785629 12.147069931030273 26699
1760004785984 12.058850288391113 26709
1760004786348 12.123067855834961 26719
1760004786703 12.270238876342773 26729
1760004787056 12.169861793518066 26739
1760004787411 12.35345458984375 26749
1760004787765 12.026816368103027 26759
1760004788120 11.796443939208984 26769
1760004788478 12.304189682006836 26779
1760004788838 12.372791290283203 26789
1760004789195 12.281434059143066 26799
1760004789553 12.182624816894531 26809
1760004789916 12.372796058654785 26819
1760004790280 11.886713027954102 26829
1760004790640 12.41622543334961 26839
1760004791004 12.112874984741211 26849
1760004791357 12.267642974853516 26859
1760004791719 12.234676361083984 26869
1760004792081 12.181077003479004 26879
1760004792444 12.223282814025879 26889
1760004792807 12.046308517456055 26899
1760004793175 12.07746696472168 26909
1760004793546 12.272083282470703 26919
1760004793918 12.206733703613281 26929
1760004794286 11.977385520935059 26939
1760004794647 12.065289497375488 26949
1760004794937 11.891202926635742 26959
1760004795254 12.22755241394043 26969
1760004795608 12.081755638122559 26979
1760004795960 12.079113006591797 26989
1760004796314 12.194921493530273 26999
1760004796667 12.066701889038086 27009
1760004797029 12.207025527954102 27019
1760004797391 12.06954574584961 27029
1760004797747 12.188777923583984 27039
1760004798100 12.279263496398926 27049
1760004798455 12.087119102478027 27059
1760004798818 11.947409629821777 27069
1760004799179 12.032987594604492 27079
1760004799532 12.19350814819336 27089
1760004799891 11.603963851928711 27099
1760004800253 12.408833503723145 27109
1760004800610 12.139571189880371 27119
1760004800964 12.227283477783203 27129
1760004801321 12.130470275878906 27139
1760004801674 12.049123764038086 27149
1760004802028 12.204684257507324 27159
1760004802383 12.048722267150879 27169
1760004802736 12.372404098510742 27179
1760004803094 11.883309364318848 27189
1760004803449 12.106937408447266 27199
1760004803812 12.028881072998047 27209
1760004804167 11.918126106262207 27219
1760004804535 11.890109062194824 27229
1760004804890 11.71891975402832 27239
1760004805245 12.30035400390625 27249
1760004805601 12.094213485717773 27259
1760004805966 12.043115615844727 27269
1760004806330 12.003576278686523 27279
1760004806685 12.146808624267578 27289
1760004807041 12.2525634765625 27299
1760004807395 12.17164421081543 27309
1760004807751 12.260208129882812 27319
1760004808108 12.01335334777832 27329
1760004808463 12.090880393981934 27339
1760004808819 12.05683708190918 27349
1760004809174 12.173484802246094 27359
1760004809529 12.162908554077148 27369
1760004809884 11.897146224975586 27379
1760004810240 11.99672794342041 27389
1760004810594 11.85167121887207 27399
1760004810947 12.250982284545898 27409
1760004811300 11.978559494018555 27419
1760004811652 11.998540878295898 27429
1760004812011 12.012869834899902 27439
1760004812319 12.027238845825195 27449
1760004812626 11.830329895019531 27459
1760004812929 12.007892608642578 27469
1760004813293 11.941372871398926 27479
1760004813649 11.844464302062988 27489
1760004814004 12.030525207519531 27499
1760004814360 11.957260131835938 27509
1760004814715 11.964962005615234 27519
1760004815072 12.056053161621094 27529
1760004815427 12.247995376586914 27539
1760004815780 11.883708953857422 27549
1760004816135 12.004528045654297 27559
1760004816488 11.959441184997559 27569
1760004816845 11.826055526733398 27579
1760004817200 11.97661304473877 27589
1760004817555 11.92949390411377 27599
1760004817908 12.022510528564453 27609
1760004818260 11.84029769897461 27619
1760004818617 11.912424087524414 27629
1760004818972 12.07950496673584 27639
1760004819325 11.662742614746094 27649
1760004819677 12.261112213134766 27659
1760004820029 11.847600936889648 27669
1760004820381 12.073751449584961 27679
1760004820735 11.792139053344727 27689
1760004821087 12.000064849853516 27699
1760004821442 11.82380485534668 27709
1760004821794 12.093328475952148 27719
1760004822153 12.143410682678223 27729
1760004822506 11.801169395446777 27739
1760004822859 12.002243041992188 27749
1760004823213 12.143327713012695 27759
1760004823567 11.96345329284668 27769
1760004823922 12.05356216430664 27779
1760004824280 11.596607208251953 27789
1760004824639 11.521198272705078 27799
1760004824999 12.16305160522461 27809
1760004825353 12.020877838134766 27819
1760004825711 11.85462760925293 27829
1760004826069 11.579244613647461 27839
1760004826434 11.574209213256836 27849
1760004826790 11.768575668334961 27859
1760004827150 11.853106498718262 27869
1760004827513 12.066045761108398 27879
1760004827870 12.068100929260254 27889
1760004828225 11.777225494384766 27899
1760004828579 11.951351165771484 27909
1760004828932 11.887711524963379 27919
1760004829287 11.890755653381348 27929
1760004829644 11.932324409484863 27939
1760004830000 11.660858154296875 27949
1760004830357 12.113286972045898 27959
1760004830715 11.96708869934082 27969
1760004831080 11.991043090820312 27979
1760004831441 11.527926445007324 27989
1760004831801 11.931475639343262 27999
1760004832155 11.835357666015625 28009
1760004832509 11.867652893066406 28019
1760004832873 12.217348098754883 28029
1760004833260 11.991193771362305 28039
1760004833626 11.813034057617188 28049
1760004833979 11.86136245727539 28059
1760004834340 11.549291610717773 28069
1760004834692 11.76119613647461 28079
1760004835038 11.667384147644043 28089
1760004835383 11.689722061157227 28099
1760004835727 12.009140014648438 28109
1760004836073 11.771678924560547 28119
1760004836429 11.798667907714844 28129
1760004836783 11.763463973999023 28139
1760004837594 11.85316276550293 28149
1760004837952 11.947586059570312 28159
1760004838316 11.844693183898926 28169
1760004838659 11.928770065307617 28179
1760004839009 12.242008209228516 28189
1760004839357 11.850386619567871 28199
1760004839706 11.828710556030273 28209
1760004840057 11.919646263122559 28219
1760004840407 11.933185577392578 28229
1760004840755 11.714344024658203 28239
1760004841105 11.917339324951172 28249
1760004841455 12.246875762939453 28259
1760004841808 12.012486457824707 28269
1760004852575 11.752553939819336 28279
1760004852942 12.80353832244873 28289
1760004853309 12.535211563110352 28299
1760004853665 12.26082992553711 28309
1760004854024 12.549263000488281 28319
1760004854388 12.472475051879883 28329
1760004854766 12.256732940673828 28339
1760004855111 12.085375785827637 28349
1760004855467 12.29439926147461 28359
1760004855825 12.417957305908203 28369
1760004856170 12.057405471801758 28379
1760004856526 12.050501823425293 28389
1760004856877 12.033254623413086 28399
1760004857233 12.244026184082031 28409
1760004857624 12.217391967773438 28419
1760004857982 12.190728187561035 28429
1760004858340 12.14364242553711 28439
1760004858718 12.193611145019531 28449
1760004859084 12.049628257751465 28459
1760004859441 12.364559173583984 28469
1760004859797 12.06471061706543 28479
1760004860153 12.292028427124023 28489
1760004860514 12.183119773864746 28499
1760004860874 12.146596908569336 28509
1760004861233 12.151384353637695 28519
1760004861594 12.550620079040527 28529
1760004861950 12.239437103271484 28539
1760004862308 12.132547378540039 28549
1760004862675 12.43089485168457 28559
1760004863037 12.208732604980469 28569
1760004863393 12.444475173950195 28579
1760004863750 12.204612731933594 28589
1760004864105 12.24039363861084 28599
1760004864462 12.161882400512695 28609
1760004864821 12.260388374328613 28619
1760004865190 11.915529251098633 28629
1760004865553 12.241865158081055 28639
1760004865899 12.422990798950195 28649
1760004866250 12.220129013061523 28659
1760004866592 12.15388298034668 28669
1760004866951 12.175161361694336 28679
1760004867297 11.852771759033203 28689
1760004867642 12.17963981628418 28699
1760004867987 12.233327865600586 28709
1760004868338 12.195570945739746 28719
1760004868684 12.153972625732422 28729
1760004869035 12.338634490966797 28739
1760004869380 12.042314529418945 28749
1760004869728 12.232650756835938 28759
1760004870073 12.472607612609863 28769
1760004870425 12.091165542602539 28779
1760004870773 12.15207290649414 28789
1760004871119 12.277957916259766 28799
1760004871472 12.263496398925781 28809
1760004871828 11.854997634887695 28819
1760004872180 12.326488494873047 28829
1760004872529 11.949962615966797 28839
1760004872881 11.999204635620117 28849
1760004873226 11.982397079467773 28859
1760004873579 12.34506607055664 28869
1760004873925 12.339786529541016 28879
1760004874278 12.398799896240234 28889
1760004874624 12.369407653808594 28899
1760004874975 11.886499404907227 28909
1760004875319 12.018600463867188 28919
1760004875673 12.398173332214355 28929
1760004876018 12.00717544555664 28939
1760004876364 11.981115341186523 28949
1760004876710 12.073296546936035 28959
1760004877062 11.986732482910156 28969
1760004877414 12.078100204467773 28979
1760004877760 12.104056358337402 28989
1760004878113 12.331477165222168 28999
1760004878474 12.050474166870117 29009
1760004878829 12.123405456542969 29019
1760004879178 12.018070220947266 29029
1760004879534 12.188959121704102 29039
1760004879887 12.177989959716797 29049
1760004880240 12.199453353881836 29059
1760004880593 12.070999145507812 29069
1760004880952 12.171892166137695 29079
1760004881306 12.412626266479492 29089
1760004881661 12.302079200744629 29099
1760004882015 12.192658424377441 29109
1760004882374 12.17928409576416 29119
1760004882734 12.048040390014648 29129
1760004883098 11.976640701293945 29139
1760004883464 12.248615264892578 29149
1760004883835 11.823591232299805 29159
1760004884204 12.20743465423584 29169
1760004884572 12.189003944396973 29179
1760004884934 12.221620559692383 29189
1760004885297 11.872180938720703 29199
1760004885674 11.926387786865234 29209
1760004886038 12.111713409423828 29219
1760004886414 12.199968338012695 29229
1760004886781 11.92774772644043 29239
1760004887144 12.236007690429688 29249
1760004887515 11.870952606201172 29259
1760004887884 11.704011917114258 29269
1760004888245 12.225896835327148 29279
1760004888622 12.063024520874023 29289
1760004888989 12.010716438293457 29299
1760004889349 12.08955192565918 29309
1760004889713 12.064905166625977 29319
1760004890076 11.852941513061523 29329
1760004890438 12.040048599243164 29339
1760004890802 12.000515937805176 29349
1760004891167 11.791576385498047 29359
1760004891524 12.136646270751953 29369
1760004891885 11.941226959228516 29379
1760004892248 12.046128273010254 29389
1760004892613 11.989226341247559 29399
1760004892979 11.9217529296875 29409
1760004893345 12.03127670288086 29419
1760004893711 11.926044464111328 29429
1760004894076 12.10872745513916 29439
1760004894443 11.991729736328125 29449
1760004894821 11.831119537353516 29459
1760004895182 12.00822925567627 29469
1760004895551 12.144664764404297 29479
1760004895918 11.736166954040527 29489
1760004896285 11.898477554321289 29499
1760004896655 12.104959487915039 29509
1760004897018 11.409497261047363 29519
1760004897384 11.916988372802734 29529
1760004897751 11.765360832214355 29539
1760004898117 11.845735549926758 29549
1760004898487 11.880792617797852 29559
1760004898861 11.860950469970703 29569
1760004899225 11.730659484863281 29579
1760004899593 11.978805541992188 29589
1760004899961 11.809880256652832 29599
1760004900322 12.034933090209961 29609
1760004900693 12.14958381652832 29619
1760004901065 11.945243835449219 29629
1760004901436 11.80535888671875 29639
1760004901806 11.722668647766113 29649
1760004902166 12.245071411132812 29659
1760004902543 11.398500442504883 29669
1760004902916 11.755146980285645 29679
1760004903282 11.993385314941406 29689
1760004903660 11.672516822814941 29699
1760004904029 11.87710952758789 29709
1760004904399 11.813995361328125 29719
1760004904775 11.89161491394043 29729
1760004905139 11.918403625488281 29739
1760004905509 11.981704711914062 29749
1760004905886 11.660650253295898 29759
1760004906269 11.72182846069336 29769
1760004906644 11.661754608154297 29779
1760004907013 12.15041446685791 29789
1760004907388 11.614091873168945 29799
1760004907770 11.874842643737793 29809
1760004908137 11.859298706054688 29819
1760004908511 11.836289405822754 29829
1760004908879 11.89542293548584 29839
1760004909246 11.597919464111328 29849
1760004909594 12.260786056518555 29859
1760004909948 11.837160110473633 29869
1760004910295 12.14177131652832 29879
1760004910647 11.817626953125 29889
1760004911007 11.835420608520508 29899
1760004911362 11.913419723510742 29909
1760004911708 11.912280082702637 29919
1760004912059 11.8662109375 29929
1760004912407 11.756160736083984 29939
1760004912753 12.136825561523438 29949
1760004913111 12.094311714172363 29959
1760004913469 11.898185729980469 29969
1760004913835 11.762312889099121 29979
1760004914203 11.827387809753418 29989
1760004914568 11.765115737915039 29999
1760004914932 11.792952537536621 30009
1760004915297 11.956927299499512 30019
1760004915662 11.931669235229492 30029
1760004916027 11.776866912841797 30039
1760004916400 11.818710327148438 30049
1760004916771 11.925308227539062 30059
1760004917137 11.897457122802734 30069
1760004917503 11.761852264404297 30079
1760004917871 11.626243591308594 30089
1760004918231 11.78358268737793 30099
1760004918593 11.882946014404297 30109
1760004918968 11.419927597045898 30119
1760004919329 11.774615287780762 30129
1760004919691 11.982559204101562 30139
1760004920070 11.877281188964844 30149
1760004920437 11.905633926391602 30159
1760004920800 11.875036239624023 30169
1760004921174 11.866601943969727 30179
1760004921536 11.431370735168457 30189
1760004921899 11.76904296875 30199
1760004922275 11.69204330444336 30209
1760004922636 11.791080474853516 30219
1760004923001 11.812044143676758 30229
1760004923376 11.950764656066895 30239
1760004923743 11.977556228637695 30249
1760004924112 11.905061721801758 30259
1760004924486 11.78033447265625 30269
1760004924845 11.873462677001953 30279
1760004925215 12.212239265441895 30289
1760004925585 11.626442909240723 30299
1760004925943 12.666934967041016 30309
1760004926323 12.553206443786621 30319
1760004926683 12.608428001403809 30329
1760004927049 12.059032440185547 30339
1760004927412 12.307862281799316 30349
1760004927773 12.252130508422852 30359
1760004928134 12.2269287109375 30369
1760004928494 12.054067611694336 30379
1760004928849 12.123347282409668 30389
1760004929207 12.356945037841797 30399
1760004929567 12.055597305297852 30409
1760004929924 12.252378463745117 30419
1760004930278 12.07334041595459 30429
1760004930633 12.124303817749023 30439
1760004930997 12.095575332641602 30449
1760004931333 11.998653411865234 30459
1760004931664 12.244834899902344 30469
1760004932036 12.400225639343262 30479
1760004932404 11.948904991149902 30489
1760004932773 12.196968078613281 30499
1760004933139 12.310615539550781 30509
1760004933503 11.894853591918945 30519
1760004933876 12.324719429016113 30529
1760004934243 12.182672500610352 30539
1760004934608 12.08929443359375 30549
1760004934976 12.259255409240723 30559
1760004935331 12.25912094116211 30569
1760004935621 12.114461898803711 30579
1760004935942 12.413192749023438 30589
1760004936297 12.335249900817871 30599
1760004936659 12.155611038208008 30609
1760004937022 12.307456970214844 30619
1760004937385 12.295116424560547 30629
1760004937746 12.471362113952637 30639
1760004938117 12.119653701782227 30649
1760004938477 12.276962280273438 30659
1760004938841 12.170045852661133 30669
1760004939206 12.238564491271973 30679
1760004939558 12.051958084106445 30689
1760004939920 12.301677703857422 30699
1760004940279 12.174458503723145 30709
1760004940654 12.145673751831055 30719
1760004941013 12.306783676147461 30729
1760004941380 12.240320205688477 30739
1760004941738 12.132722854614258 30749
1760004942100 11.729853630065918 30759
1760004942464 12.231212615966797 30769
1760004942826 12.334122657775879 30779
1760004943187 12.236808776855469 30789
1760004943559 12.054876327514648 30799
1760004943916 12.211037635803223 30809
1760004944281 11.923940658569336 30819
1760004944645 12.359058380126953 30829
1760004945006 12.010416984558105 30839
1760004945365 11.981874465942383 30849
1760004945728 12.11925983428955 30859
1760004946092 11.711230278015137 30869
1760004946456 11.987251281738281 30879
1760004946818 12.172796249389648 30889
1760004947182 12.292317390441895 30899
1760004947548 11.944385528564453 30909
1760004947911 11.967491149902344 30919
1760004948271 12.012393951416016 30929
1760004948636 12.169636726379395 30939
1760004949001 12.165643692016602 30949
1760004949362 12.13125991821289 30959
1760004949725 12.092708587646484 30969
1760004950094 11.985923767089844 30979
1760004950466 11.906843185424805 30989
1760004950865 11.888263702392578 30999
1760004951243 12.246315956115723 31009
1760004951630 11.979873657226562 31019
1760004952001 12.052581787109375 31029
1760004952377 12.39421558380127 31039
1760004952746 12.006521224975586 31049
1760004953124 11.82891845703125 31059
1760004953485 12.011810302734375 31069
1760004953849 12.067975997924805 31079
1760004954215 12.068807601928711 31089
1760004954579 12.103233337402344 31099
1760004954943 12.032451629638672 31109
1760004955318 12.143856048583984 31119
1760004955687 11.861458778381348 31129
1760004956062 11.994241714477539 31139
1760004956423 11.979186058044434 31149
1760004956785 12.113245010375977 31159
1760004957154 12.048831939697266 31169
1760004957529 12.152774810791016 31179
1760004957903 12.283252716064453 31189
1760004958272 12.136226654052734 31199
1760004958648 12.03411865234375 31209
1760004959017 12.109254837036133 31219
1760004959388 12.0184326171875 31229
1760004959765 11.79257583618164 31239
1760004960139 12.045003890991211 31249
1760004960516 11.928221702575684 31259
1760004960888 11.935769081115723 31269
1760004961257 12.048307418823242 31279
1760004961629 11.629659652709961 31289
1760004961999 12.019750595092773 31299
1760004962377 11.833528518676758 31309
1760004962755 12.04737663269043 31319
1760004963129 12.136812210083008 31329
1760004963494 11.802295684814453 31339
1760004963866 12.00171184539795 31349
1760004964229 12.099350929260254 31359
1760004964595 11.877016067504883 31369
1760004964957 11.841806411743164 31379
1760004965316 12.03030014038086 31389
1760004965694 11.881064414978027 31399
1760004966050 12.33195972442627 31409
1760004966397 11.888908386230469 31419
1760004966738 12.205885887145996 31429
1760004967081 11.905627250671387 31439
1760004967429 11.890495300292969 31449
1760004967774 11.886073112487793 31459
1760004968122 11.784093856811523 31469
1760004968464 12.101030349731445 31479
1760004968810 11.698474884033203 31489
1760004969155 11.676763534545898 31499
1760004969501 11.92308521270752 31509
1760004969877 11.668439865112305 31519
1760004970222 11.863799095153809 31529
1760004970597 12.194866180419922 31539
1760004970963 11.94853687286377 31549
1760004971303 11.793807029724121 31559
1760004971651 12.011543273925781 31569
1760004972004 11.973871231079102 31579
1760004972374 11.749595642089844 31589
1760004972723 11.822175979614258 31599
1760004973080 11.566356658935547 31609
1760004973429 12.007832527160645 31619
1760004973782 11.55455493927002 31629
1760004974146 11.858959197998047 31639
1760004974496 11.867111206054688 31649
1760004974849 12.102436065673828 31659
1760004975200 12.192456245422363 31669
1760004975551 12.081884384155273 31679
1760004975896 11.922968864440918 31689
1760004976245 11.821794509887695 31699
1760004976598 11.710411071777344 31709
1760004976963 11.896525382995605 31719
1760004977318 11.902177810668945 31729
1760004977678 11.724063873291016 31739
1760004978035 11.731651306152344 31749
1760004978389 11.842096328735352 31759
1760004978738 11.960693359375 31769
1760004979096 11.635278701782227 31779
1760004979444 11.852209091186523 31789
1760004979803 11.731668472290039 31799
1760004980151 12.02210807800293 31809
1760004980497 11.962364196777344 31819
1760004980845 12.053869247436523 31829
1760004981201 11.642215728759766 31839
1760004981559 11.817071914672852 31849
1760004981898 11.993176460266113 31859
1760004982257 11.760430335998535 31869
1760004982610 11.863773345947266 31879
1760004982955 11.821054458618164 31889
1760004983303 11.690055847167969 31899
1760004983665 11.880268096923828 31909
1760004984031 11.681081771850586 31919
1760004984393 11.677624702453613 31929
1760004984762 11.963640213012695 31939
1760004985128 11.852384567260742 31949
1760004985661 11.807085037231445 31959
1760004986032 11.693193435668945 31969
1760004986415 11.649259567260742 31979
1760004986788 11.818819046020508 31989
1760004987160 11.671218872070312 31999
1760004987529 11.630143165588379 32009
1760004987900 11.730247497558594 32019
1760004988279 11.905097961425781 32029
1760004988647 11.694486618041992 32039
1760004989022 12.09630298614502 32049
1760004989389 11.742799758911133 32059
1760004989752 11.77324390411377 32069
1760004990123 11.886812210083008 32079
1760004990478 11.420013427734375 32089
1760004990839 11.969368934631348 32099
1760004991206 11.760408401489258 32109
1760004991570 11.727096557617188 32119
1760004991935 11.75509262084961 32129
1760004992303 11.48017692565918 32139
1760004992669 11.540435791015625 32149
1760004993034 11.891000747680664 32159
1760004993397 11.731852531433105 32169
1760004993766 11.97982120513916 32179
1760004994648 11.799280166625977 32189
1760004995008 11.73489761352539 32199
1760004995373 11.956624984741211 32209
1760004995738 11.729880332946777 32219
1760004996096 11.463380813598633 32229
1760004996457 11.524518966674805 32239
1760004996818 11.766108512878418 32249
1760004997176 11.969548225402832 32259
1760004997538 11.66672134399414 32269
1760004997900 11.82137680053711 32279
1760004998261 11.535694122314453 32289
1760004998624 11.715832710266113 32299
1760004998985 11.727794647216797 32309
1760005013624 11.974884986877441 32319
1760005013976 12.480867385864258 32329
1760005014339 12.275741577148438 32339
1760005014720 12.125503540039062 32349
1760005015075 12.343435287475586 32359
1760005015452 12.013126373291016 32369
1760005015854 12.015753746032715 32379
1760005016208 12.409595489501953 32389
1760005016561 12.20539665222168 32399
1760005016916 12.129362106323242 32409
1760005017266 11.970242500305176 32419
1760005017606 12.160877227783203 32429
1760005017952 12.208332061767578 32439
1760005018305 11.897516250610352 32449
1760005018665 12.161486625671387 32459
1760005019030 12.059026718139648 32469
1760005019393 12.257278442382812 32479
1760005019772 12.239627838134766 32489
1760005020145 12.226957321166992 32499
1760005020509 12.327362060546875 32509
1760005020879 12.33348274230957 32519
1760005021252 11.806472778320312 32529
1760005021638 12.261517524719238 32539
1760005022008 12.231546401977539 32549
1760005022390 12.035761833190918 32559
1760005022766 12.306273460388184 32569
1760005023128 11.945945739746094 32579
1760005023497 12.450785636901855 32589
1760005023865 12.081563949584961 32599
1760005024236 12.082605361938477 32609
1760005024607 11.962977409362793 32619
1760005024976 11.942476272583008 32629
1760005025350 12.222633361816406 32639
1760005025721 12.120162010192871 32649
1760005026091 12.22164535522461 32659
1760005026464 12.275238037109375 32669
1760005026841 12.236842155456543 32679
1760005027197 11.814257621765137 32689
1760005027566 12.04378890991211 32699
1760005027926 11.875540733337402 32709
1760005028288 12.061586380004883 32719
1760005028657 12.061424255371094 32729
1760005029024 11.921791076660156 32739
1760005029383 11.9351224899292 32749
1760005029744 12.105864524841309 32759
1760005030113 12.251203536987305 32769
1760005030475 12.231171607971191 32779
1760005030838 12.728628158569336 32789
1760005031201 12.137245178222656 32799
1760005031567 11.912209510803223 32809
1760005031929 11.887836456298828 32819
1760005032301 11.871173858642578 32829
1760005032659 11.994230270385742 32839
1760005033021 12.08321762084961 32849
1760005033387 12.165946960449219 32859
1760005033762 11.87743854522705 32869
1760005034141 12.07579231262207 32879
1760005034509 12.11470890045166 32889
1760005034875 12.210840225219727 32899
1760005035247 12.077800750732422 32909
1760005035617 12.07601547241211 32919
1760005035983 12.193889617919922 32929
1760005036354 12.10995101928711 32939
1760005036718 12.305244445800781 32949
1760005037084 12.141984939575195 32959
1760005037451 12.143539428710938 32969
1760005037818 12.264033317565918 32979
1760005038188 12.01565933227539 32989
1760005038563 11.80636978149414 32999
1760005038948 11.94125747680664 33009
1760005039321 12.041007041931152 33019
1760005039693 11.790657043457031 33029
1760005040064 11.783929824829102 33039
1760005040433 11.808259963989258 33049
1760005040805 11.905485153198242 33059
1760005041188 12.021971702575684 33069
1760005041555 12.166109085083008 33079
1760005041926 12.012639999389648 33089
1760005042296 12.208800315856934 33099
1760005042665 11.78874397277832 33109
1760005043035 11.763714790344238 33119
1760005043402 11.88652515411377 33129
1760005043753 11.919417381286621 33139
1760005044108 11.955228805541992 33149
1760005044461 11.807334899902344 33159
1760005044812 12.23740005493164 33169
1760005045165 12.084693908691406 33179
1760005045524 12.160051345825195 33189
1760005045883 11.863258361816406 33199
1760005046253 11.775272369384766 33209
1760005046613 12.18242073059082 33219
1760005046967 11.750682830810547 33229
1760005047319 11.664599418640137 33239
1760005047689 12.025711059570312 33249
1760005048049 11.925848007202148 33259
1760005048400 12.037728309631348 33269
1760005048755 11.96051025390625 33279
1760005049104 12.184163093566895 33289
1760005049452 12.075758934020996 33299
1760005049800 12.17248821258545 33309
1760005050164 11.78569221496582 33319
1760005050519 12.358945846557617 33329
1760005050896 12.145265579223633 33339
1760005051262 11.974249839782715 33349
1760005051629 11.595977783203125 33359
1760005051998 12.047735214233398 33369
1760005052365 11.947691917419434 33379
1760005052730 12.136309623718262 33389
1760005053099 11.763069152832031 33399
1760005053467 11.70821475982666 33409
1760005053840 11.949462890625 33419
1760005054207 11.936614036560059 33429
1760005054568 11.791962623596191 33439
1760005054934 11.862491607666016 33449
1760005055300 12.013809204101562 33459
1760005055658 11.911344528198242 33469
1760005056028 12.050065994262695 33479
1760005056388 12.022723197937012 33489
1760005056750 11.90437126159668 33499
1760005057116 12.103301048278809 33509
1760005057487 11.773122787475586 33519
1760005057863 11.883101463317871 33529
1760005058238 11.640125274658203 33539
1760005058604 11.678353309631348 33549
1760005058970 11.790390014648438 33559
1760005059343 11.908483505249023 33569
1760005059708 11.832195281982422 33579
1760005060080 12.04583740234375 33589
1760005060448 11.976703643798828 33599
1760005060822 11.723834037780762 33609
1760005061187 12.027166366577148 33619
1760005061554 11.99589729309082 33629
1760005061918 11.886117935180664 33639
1760005062280 11.704692840576172 33649
1760005062644 11.649593353271484 33659
1760005063010 11.851165771484375 33669
1760005063378 11.848031044006348 33679
1760005063735 12.194116592407227 33689
1760005064107 11.631032943725586 33699
1760005064479 11.869157791137695 33709
1760005064840 11.776556968688965 33719
1760005065217 11.760699272155762 33729
1760005065582 12.067866325378418 33739
1760005065944 11.800699234008789 33749
1760005066320 11.688495635986328 33759
1760005066692 11.834981918334961 33769
1760005067076 11.916790008544922 33779
1760005067447 11.719654083251953 33789
1760005067829 11.780736923217773 33799
1760005068198 11.798938751220703 33809
1760005068562 11.68624210357666 33819
1760005068930 11.875378608703613 33829
1760005069299 11.549444198608398 33839
1760005069667 11.713578224182129 33849
1760005070038 11.928056716918945 33859
1760005070408 11.905871391296387 33869
1760005070774 11.621607780456543 33879
1760005071140 11.84433364868164 33889
1760005071509 11.79088020324707 33899
1760005071869 12.095354080200195 33909
1760005072239 11.659815788269043 33919
1760005072620 11.672048568725586 33929
1760005072996 11.696568489074707 33939
1760005073362 11.777804374694824 33949
1760005073729 11.701136589050293 33959
1760005074102 11.97071361541748 33969
1760005074470 11.615470886230469 33979
1760005074835 11.898670196533203 33989
1760005075202 11.60321044921875 33999
1760005075568 11.694170951843262 34009
1760005075939 11.584500312805176 34019
1760005076305 11.88502311706543 34029
1760005076670 11.762113571166992 34039
1760005077056 11.742820739746094 34049
1760005077434 11.939719200134277 34059
1760005077792 11.425226211547852 34069
1760005078158 11.623372077941895 34079
1760005078548 11.692489624023438 34089
1760005078914 11.580558776855469 34099
1760005079290 11.747703552246094 34109
1760005079656 11.888554573059082 34119
1760005080015 11.647241592407227 34129
1760005080388 11.914857864379883 34139
1760005080763 11.547231674194336 34149
1760005081126 11.445392608642578 34159
1760005081494 11.795577049255371 34169
1760005081870 11.925355911254883 34179
1760005082238 11.875044822692871 34189
1760005082604 11.751962661743164 34199
1760005082968 11.647913932800293 34209
1760005083337 11.931135177612305 34219
1760005083710 11.460599899291992 34229
1760005084076 11.793468475341797 34239
1760005084441 11.640023231506348 34249
1760005084809 11.672585487365723 34259
1760005085188 11.927770614624023 34269
1760005085557 11.612700462341309 34279
1760005085928 11.840927124023438 34289
1760005086311 11.738473892211914 34299
1760005086663 11.75330924987793 34309
1760005087055 11.578268051147461 34319
1760005087431 11.839187622070312 34329
1760005087791 11.728558540344238 34339
1760005088156 12.197822570800781 34349
1760005088532 12.381139755249023 34359
1760005088911 12.509268760681152 34369
1760005089283 12.61552906036377 34379
1760005089671 12.16367244720459 34389
1760005090054 12.151834487915039 34399
1760005090427 12.00018310546875 34409
1760005090803 12.092805862426758 34419
1760005091179 12.23039722442627 34429
1760005091555 11.960542678833008 34439
1760005091928 11.951602935791016 34449
1760005092292 11.757933616638184 34459
1760005092664 12.048839569091797 34469
1760005093055 12.144333839416504 34479
1760005093434 12.09559440612793 34489
1760005093825 12.001016616821289 34499
1760005094218 12.278467178344727 34509
1760005094603 12.076642990112305 34519
1760005094978 11.966798782348633 34529
1760005095347 12.22369384765625 34539
1760005095721 12.05571174621582 34549
1760005096103 11.853365898132324 34559
1760005096478 12.115954399108887 34569
1760005096844 11.997659683227539 34579
1760005097219 12.436833381652832 34589
1760005097615 12.189265251159668 34599
1760005097986 12.140792846679688 34609
1760005098357 11.898681640625 34619
1760005098747 12.00750732421875 34629
1760005099115 12.224422454833984 34639
1760005099487 11.987580299377441 34649
1760005099860 12.036404609680176 34659
1760005100231 12.081365585327148 34669
1760005100623 11.978500366210938 34679
1760005100995 12.279413223266602 34689
1760005101372 12.100164413452148 34699
1760005101748 12.04571533203125 34709
1760005102121 12.223108291625977 34719
1760005102507 12.112297058105469 34729
1760005102884 12.059049606323242 34739
1760005103262 11.971214294433594 34749
1760005103628 12.183721542358398 34759
1760005104003 11.998743057250977 34769
1760005104376 11.950704574584961 34779
1760005104747 11.9851713180542 34789
1760005105114 12.097561836242676 34799
1760005105489 12.019954681396484 34809
1760005105866 12.001651763916016 34819
1760005106243 11.883512496948242 34829
1760005106621 12.096531867980957 34839
1760005107012 12.04753303527832 34849
1760005107385 11.792390823364258 34859
1760005107765 12.185674667358398 34869
1760005108132 12.084012031555176 34879
1760005108490 11.852956771850586 34889
1760005108842 11.964323997497559 34899
1760005109195 11.950551986694336 34909
1760005109542 12.291290283203125 34919
1760005109891 11.752984046936035 34929
1760005110252 12.327200889587402 34939
1760005110606 11.82689380645752 34949
1760005110962 12.148512840270996 34959
1760005111324 12.021743774414062 34969
1760005111676 12.090900421142578 34979
1760005112029 11.932273864746094 34989
1760005112391 12.120107650756836 34999
1760005112743 11.889992713928223 35009
1760005113108 12.13233757019043 35019
1760005113474 11.868911743164062 35029
1760005113839 11.681183815002441 35039
1760005114190 12.01104736328125 35049
1760005114546 12.161861419677734 35059
1760005114900 11.830443382263184 35069
1760005115267 11.95348072052002 35079
1760005115624 12.011724472045898 35089
1760005115996 11.93110179901123 35099
1760005116357 12.151298522949219 35109
1760005116714 11.887402534484863 35119
1760005117075 12.122689247131348 35129
1760005117431 11.681512832641602 35139
1760005117785 11.91814136505127 35149
1760005118150 11.93776798248291 35159
1760005118512 11.857816696166992 35169
1760005118867 11.908177375793457 35179
1760005119219 11.856807708740234 35189
1760005119579 12.201871871948242 35199
1760005119941 11.82876968383789 35209
1760005120294 11.92597770690918 35219
1760005120650 12.208342552185059 35229
1760005121005 12.119184494018555 35239
1760005121359 11.91634750366211 35249
1760005121715 11.924089431762695 35259
1760005122073 12.09008502960205 35269
1760005122430 11.911303520202637 35279
1760005122796 11.945371627807617 35289
1760005123152 11.863931655883789 35299
1760005123500 11.956910133361816 35309
1760005123855 11.981389045715332 35319
1760005124207 11.949424743652344 35329
1760005124562 12.083005905151367 35339
1760005124911 12.049667358398438 35349
1760005125260 12.165657997131348 35359
1760005125606 12.21232795715332 35369
1760005125952 11.947826385498047 35379
1760005126308 12.197807312011719 35389
1760005126658 12.028385162353516 35399
1760005127008 12.051155090332031 35409
1760005127362 12.099365234375 35419
1760005127712 11.933660507202148 35429
1760005128058 11.681769371032715 35439
1760005128414 11.753070831298828 35449
1760005128768 12.08115005493164 35459
1760005129124 11.781005859375 35469
1760005129483 11.633033752441406 35479
1760005129844 11.880062103271484 35489
1760005130199 11.737213134765625 35499
1760005130560 11.920101165771484 35509
1760005130923 11.568906784057617 35519
1760005131275 11.786870956420898 35529
1760005131623 11.83932113647461 35539
1760005131972 11.931350708007812 35549
1760005132325 11.861385345458984 35559
1760005132672 11.755701065063477 35569
1760005133032 11.805696487426758 35579
1760005133388 11.884632110595703 35589
1760005133736 11.989410400390625 35599
1760005134103 11.854454040527344 35609
1760005134456 11.73533821105957 35619
1760005134808 11.648595809936523 35629
1760005135170 11.693476676940918 35639
1760005135528 12.075196266174316 35649
1760005135892 11.920730590820312 35659
1760005136324 11.795379638671875 35669
1760005136769 11.721120834350586 35679
1760005137062 11.628003120422363 35689
1760005137374 11.776986122131348 35699
1760005137686 11.785125732421875 35709
1760005137990 11.922826766967773 35719
1760005138319 12.011421203613281 35729
1760005138642 11.78179931640625 35739
1760005138958 11.813345909118652 35749
1760005139271 11.715208053588867 35759
1760005139587 11.882705688476562 35769
1760005139961 11.884204864501953 35779
1760005140351 11.770618438720703 35789
1760005140729 11.68565559387207 35799
1760005141089 11.528589248657227 35809
1760005141534 11.610748291015625 35819
1760005141891 11.934426307678223 35829
1760005142268 11.72592544555664 35839
1760005142636 11.64730453491211 35849
1760005143000 11.788171768188477 35859
1760005143362 11.878113746643066 35869
1760005143728 11.793265342712402 35879
1760005144113 11.792610168457031 35889
1760005144484 11.879838943481445 35899
1760005144862 11.803801536560059 35909
1760005145242 11.991077423095703 35919
1760005145615 11.900096893310547 35929
1760005145971 11.625908851623535 35939
1760005146344 11.855695724487305 35949
1760005146707 11.917165756225586 35959
1760005147069 11.80267333984375 35969
1760005147428 11.563474655151367 35979
1760005147783 11.545808792114258 35989
1760005148146 11.637909889221191 35999
1760005148527 11.478246688842773 36009
1760005148891 11.672210693359375 36019
1760005149253 11.49946403503418 36029
1760005149608 11.763778686523438 36039
1760005149981 11.536592483520508 36049
1760005150359 11.804448127746582 36059
1760005150721 11.470686912536621 36069
1760005151082 11.823732376098633 36079
1760005151450 11.935649871826172 36089
1760005151830 11.750038146972656 36099
1760005152201 11.61928653717041 36109
1760005152573 11.591572761535645 36119
1760005152951 11.471391677856445 36129
1760005153319 11.48626708984375 36139
1760005153687 11.643729209899902 36149
1760005154051 11.838006973266602 36159
1760005154415 11.780817031860352 36169
1760005154777 11.841638565063477 36179
1760005155152 11.817986488342285 36189
1760005155520 11.709360122680664 36199
1760005155888 11.332587242126465 36209
1760005156258 11.560912132263184 36219
1760005157139 11.806266784667969 36229
1760005157502 11.90992546081543 36239
1760005157866 11.716245651245117 36249
1760005158231 11.915510177612305 36259
1760005158593 11.420904159545898 36269
1760005158956 11.45672607421875 36279
1760005159318 11.839823722839355 36289
1760005159682 11.623666763305664 36299
1760005160051 11.948959350585938 36309
1760005160416 11.58578872680664 36319
1760005160790 11.773674964904785 36329
1760005161156 11.682439804077148 36339
1760005161520 11.94339656829834 36349
1760005176391 11.533344268798828 36359
1760005176752 12.194730758666992 36369
1760005177115 11.885587692260742 36379
1760005177490 12.270201683044434 36389
1760005177861 12.153892517089844 36399
1760005178226 12.07061767578125 36409
1760005178609 12.101117134094238 36419
1760005178994 12.144815444946289 36429
1760005179348 12.498777389526367 36439
1760005179704 12.151090621948242 36449
1760005180070 12.090858459472656 36459
1760005180430 12.051533699035645 36469
1760005180794 11.849296569824219 36479
1760005181198 11.885082244873047 36489
1760005181561 11.909429550170898 36499
1760005181928 12.109855651855469 36509
1760005182303 11.924027442932129 36519
1760005182669 12.084223747253418 36529
1760005183038 12.171989440917969 36539
1760005183410 11.936897277832031 36549
1760005183775 11.894746780395508 36559
1760005184167 12.119607925415039 36569
1760005184532 11.900538444519043 36579
1760005184910 11.907899856567383 36589
1760005185274 12.144523620605469 36599
1760005185645 11.999984741210938 36609
1760005186020 11.795658111572266 36619
1760005186388 11.841924667358398 36629
1760005186751 12.060253143310547 36639
1760005187136 12.311031341552734 36649
1760005187508 12.141189575195312 36659
1760005187870 12.015835762023926 36669
1760005188240 11.8613862991333 36679
1760005188608 12.23180103302002 36689
1760005188978 11.995577812194824 36699
1760005189345 12.008665084838867 36709
1760005189717 11.575268745422363 36719
1760005190102 12.08603572845459 36729
1760005190470 11.804218292236328 36739
1760005190838 11.85814380645752 36749
1760005191204 12.009862899780273 36759
1760005191574 11.915485382080078 36769
1760005191959 12.301151275634766 36779
1760005192325 11.708841323852539 36789
1760005192687 12.203255653381348 36799
1760005193059 11.846741676330566 36809
1760005193452 12.079293251037598 36819
1760005193839 12.121134757995605 36829
1760005194219 11.725687980651855 36839
1760005194590 12.036349296569824 36849
1760005194949 11.898988723754883 36859
1760005195319 12.133139610290527 36869
1760005195693 11.874419212341309 36879
1760005196055 12.040260314941406 36889
1760005196425 12.157987594604492 36899
1760005196804 11.939603805541992 36909
1760005197154 11.963513374328613 36919
1760005197515 11.884641647338867 36929
1760005197881 12.152552604675293 36939
1760005198252 11.942469596862793 36949
1760005198617 12.025076866149902 36959
1760005198987 11.800114631652832 36969
1760005199338 12.185667037963867 36979
1760005199697 11.975870132446289 36989
1760005200047 11.878877639770508 36999
1760005200400 12.20386791229248 37009
1760005200746 11.96240520477295 37019
1760005201095 12.061403274536133 37029
1760005201464 11.93497085571289 37039
1760005201829 12.161506652832031 37049
1760005202192 11.955642700195312 37059
1760005202549 11.725488662719727 37069
1760005202914 11.61143684387207 37079
1760005203281 11.79408073425293 37089
1760005203650 12.046490669250488 37099
1760005204011 12.000853538513184 37109
1760005204371 11.718151092529297 37119
1760005204738 11.868289947509766 37129
1760005205105 11.999354362487793 37139
1760005205469 11.813369750976562 37149
1760005205830 12.090387344360352 37159
1760005206200 11.89071273803711 37169
1760005206572 11.903554916381836 37179
1760005206941 12.11436653137207 37189
1760005207306 12.11589241027832 37199
1760005207672 11.722402572631836 37209
1760005208036 11.819487571716309 37219
1760005208387 11.923599243164062 37229
1760005208741 11.648033142089844 37239
1760005209096 12.181325912475586 37249
1760005209440 11.81769847869873 37259
1760005209786 12.04576587677002 37269
1760005210132 11.891474723815918 37279
1760005210475 11.705442428588867 37289
1760005210829 11.90081787109375 37299
1760005211235 11.882899284362793 37309
1760005211597 11.866368293762207 37319
1760005211965 11.826555252075195 37329
1760005212349 11.690447807312012 37339
1760005212748 12.051806449890137 37349
1760005213122 11.74229621887207 37359
1760005213478 11.736026763916016 37369
1760005213827 11.96902847290039 37379
1760005214196 11.75998592376709 37389
1760005214563 11.860780715942383 37399
1760005214932 12.14526081085205 37409
1760005215295 11.952033042907715 37419
1760005215665 11.911724090576172 37429
1760005216012 12.05041217803955 37439
1760005216372 11.73751449584961 37449
1760005216742 11.597914695739746 37459
1760005217105 11.6227445602417 37469
1760005217461 11.859277725219727 37479
1760005217842 11.644399642944336 37489
1760005218208 11.57131576538086 37499
1760005218574 11.942197799682617 37509
1760005218938 11.847404479980469 37519
1760005219301 11.884634017944336 37529
1760005219665 11.854453086853027 37539
1760005220036 11.78952407836914 37549
1760005220403 11.83426570892334 37559
1760005220758 11.702088356018066 37569
1760005221121 11.997203826904297 37579
1760005221483 11.914127349853516 37589
1760005221845 11.722511291503906 37599
1760005222226 11.715350151062012 37609
1760005222589 11.576244354248047 37619
1760005222956 12.100133895874023 37629
1760005223328 12.19105339050293 37639
1760005223701 11.515909194946289 37649
1760005224074 11.736543655395508 37659
1760005224467 11.778940200805664 37669
1760005224843 11.807868003845215 37679
1760005225210 11.813421249389648 37689
1760005225575 11.92352294921875 37699
1760005225932 11.460235595703125 37709
1760005226297 11.554524421691895 37719
1760005226662 11.612733840942383 37729
1760005227031 11.618163108825684 37739
1760005227408 11.649606704711914 37749
1760005227784 11.771318435668945 37759
1760005228163 11.560592651367188 37769
1760005228546 11.625791549682617 37779
1760005228919 11.76205062866211 37789
1760005229314 11.426998138427734 37799
1760005229682 11.743982315063477 37809
1760005230059 11.705965042114258 37819
1760005230419 11.850630760192871 37829
1760005230788 11.742242813110352 37839
1760005231159 11.755289077758789 37849
1760005231523 11.646482467651367 37859
1760005231889 11.87330436706543 37869
1760005232260 11.705753326416016 37879
1760005232652 11.776071548461914 37889
1760005233002 11.655323028564453 37899
1760005233346 11.643526077270508 37909
1760005233692 11.450085639953613 37919
1760005234047 11.650909423828125 37929
1760005234397 11.625293731689453 37939
1760005234745 11.703581809997559 37949
1760005235089 11.514745712280273 37959
1760005235436 11.494199752807617 37969
1760005235784 11.518793106079102 37979
1760005236137 11.799531936645508 37989
1760005236483 11.564485549926758 37999
1760005236830 11.379536628723145 38009
1760005237177 11.817573547363281 38019
1760005237519 11.51919174194336 38029
1760005237873 11.727229118347168 38039
1760005238223 11.595987319946289 38049
1760005238573 11.989887237548828 38059
1760005238922 11.491524696350098 38069
1760005239268 11.68505859375 38079
1760005239612 11.462346076965332 38089
1760005239961 11.861886024475098 38099
1760005240309 11.697772026062012 38109
1760005240659 11.55544662475586 38119
1760005241001 11.494797706604004 38129
1760005241344 11.967251777648926 38139
1760005241690 11.335699081420898 38149
1760005242041 11.691717147827148 38159
1760005242416 11.71431827545166 38169
1760005242793 11.690929412841797 38179
1760005243163 11.705572128295898 38189
1760005243532 11.56912899017334 38199
1760005243897 11.621060371398926 38209
1760005244264 11.644685745239258 38219
1760005244633 11.623065948486328 38229
1760005245000 11.598469734191895 38239
1760005245360 11.6095609664917 38249
1760005245730 11.510978698730469 38259
1760005246113 11.523727416992188 38269
1760005246481 11.587408065795898 38279
1760005246844 11.310020446777344 38289
1760005247223 11.487393379211426 38299
1760005247623 11.552900314331055 38309
1760005248000 11.799673080444336 38319
1760005248390 11.48730754852295 38329
1760005248790 11.316854476928711 38339
1760005249156 11.502473831176758 38349
1760005249524 11.535628318786621 38359
1760005249885 11.754918098449707 38369
1760005250248 11.708999633789062 38379
1760005250612 12.120829582214355 38389
1760005250981 12.320056915283203 38399
1760005251345 11.971538543701172 38409
1760005251713 12.283957481384277 38419
1760005252071 11.786149978637695 38429
1760005252452 12.259014129638672 38439
1760005252827 12.137693405151367 38449
1760005253193 12.30958366394043 38459
1760005253564 12.131343841552734 38469
1760005253939 11.960055351257324 38479
1760005254309 11.897045135498047 38489
1760005254681 12.12414836883545 38499
1760005255043 12.302532196044922 38509
1760005255421 11.647026062011719 38519
1760005255792 12.083089828491211 38529
1760005256155 11.983949661254883 38539
1760005256522 12.009489059448242 38549
1760005256887 12.07345962524414 38559
1760005257250 12.01872444152832 38569
1760005257608 12.244762420654297 38579
1760005257961 12.182239532470703 38589
1760005258310 11.982208251953125 38599
1760005258659 12.202198028564453 38609
1760005259008 12.221802711486816 38619
1760005259361 12.101106643676758 38629
1760005259736 12.09118366241455 38639
1760005260085 12.001587867736816 38649
1760005260439 12.073592185974121 38659
1760005260790 12.326166152954102 38669
1760005261140 12.366445541381836 38679
1760005261506 12.057494163513184 38689
1760005261873 11.79703426361084 38699
1760005262228 11.959550857543945 38709
1760005262592 11.865992546081543 38719
1760005262943 11.845989227294922 38729
1760005263296 12.040679931640625 38739
1760005263655 11.781632423400879 38749
1760005264004 11.88927173614502 38759
1760005264353 12.1265869140625 38769
1760005264701 12.04688835144043 38779
1760005265054 11.857295989990234 38789
1760005265419 11.98257064819336 38799
1760005265783 11.932677268981934 38809
1760005266136 11.981882095336914 38819
1760005266488 11.818312644958496 38829
1760005266838 12.15407657623291 38839
1760005267206 12.180399894714355 38849
1760005267565 12.001174926757812 38859
1760005267934 11.967303276062012 38869
1760005268283 11.824976921081543 38879
1760005268643 11.972076416015625 38889
1760005269013 12.156024932861328 38899
1760005269365 12.087911605834961 38909
1760005269719 12.422505378723145 38919
1760005270080 11.772598266601562 38929
1760005270437 12.215060234069824 38939
1760005270796 11.889826774597168 38949
1760005271140 12.375967979431152 38959
1760005271489 11.852910041809082 38969
1760005271866 11.85870361328125 38979
1760005272217 11.87244987487793 38989
1760005272574 12.009415626525879 38999
1760005272931 11.979058265686035 39009
1760005273306 11.981082916259766 39019
1760005273655 11.649441719055176 39029
1760005274013 11.942319869995117 39039
1760005274362 11.77381706237793 39049
1760005274723 11.815963745117188 39059
1760005275078 11.650101661682129 39069
1760005275440 12.296173095703125 39079
1760005275795 11.69039535522461 39089
1760005276172 11.85237979888916 39099
1760005276533 11.823551177978516 39109
1760005276891 11.850807189941406 39119
1760005277250 11.907875061035156 39129
1760005277607 12.045252799987793 39139
1760005277966 11.742610931396484 39149
1760005278339 11.688250541687012 39159
1760005278697 11.923828125 39169
1760005279055 11.822342872619629 39179
1760005279433 11.956901550292969 39189
1760005279805 12.05146598815918 39199
1760005280166 12.106986045837402 39209
1760005280534 11.690374374389648 39219
1760005280897 11.800846099853516 39229
1760005281260 12.074705123901367 39239
1760005281636 12.242097854614258 39249
1760005282022 12.017179489135742 39259
1760005282391 11.852617263793945 39269
1760005282759 11.866323471069336 39279
1760005283128 11.659011840820312 39289
1760005283490 11.73219108581543 39299
1760005283855 12.05426025390625 39309
1760005284240 11.958337783813477 39319
1760005284603 11.929290771484375 39329
1760005284963 11.851622581481934 39339
1760005285417 11.938091278076172 39349
1760005285867 11.986467361450195 39359
1760005286232 11.849013328552246 39369
1760005286599 12.026762008666992 39379
1760005286970 11.813220977783203 39389
1760005287337 11.810897827148438 39399
1760005287696 11.7874755859375 39409
1760005288074 12.125238418579102 39419
1760005288445 11.967082977294922 39429
1760005288804 11.775191307067871 39439
1760005289154 12.017026901245117 39449
1760005289511 11.711222648620605 39459
1760005289859 11.909346580505371 39469
1760005290204 11.567057609558105 39479
1760005290565 11.690326690673828 39489
1760005290913 11.818824768066406 39499
1760005291262 11.941374778747559 39509
1760005291609 11.528451919555664 39519
1760005291959 12.139140129089355 39529
1760005292310 11.822830200195312 39539
1760005292660 11.72422981262207 39549
1760005293008 11.736791610717773 39559
1760005293361 11.785409927368164 39569
1760005293711 11.629594802856445 39579
1760005294077 11.941865921020508 39589
1760005294427 11.64072036743164 39599
1760005294778 11.783906936645508 39609
1760005295148 11.59705638885498 39619
1760005295530 11.861251831054688 39629
1760005295892 11.609636306762695 39639
1760005296260 11.715360641479492 39649
1760005296630 11.802892684936523 39659
1760005296998 11.597026824951172 39669
1760005297361 11.522909164428711 39679
1760005297730 11.975086212158203 39689
1760005298098 11.659467697143555 39699
1760005298466 11.643306732177734 39709
1760005298830 11.60886001586914 39719
1760005299196 11.739023208618164 39729
1760005299562 11.47886848449707 39739
1760005299929 11.578601837158203 39749
1760005300289 11.571571350097656 39759
1760005300662 11.765989303588867 39769
1760005301040 11.641505241394043 39779
1760005301407 11.552984237670898 39789
1760005301780 11.794828414916992 39799
1760005302153 11.808449745178223 39809
1760005302553 11.781922340393066 39819
1760005302940 11.510261535644531 39829
1760005303305 11.590383529663086 39839
1760005303670 11.719873428344727 39849
1760005304036 11.554784774780273 39859
1760005304403 11.648488998413086 39869
1760005304764 11.527873992919922 39879
1760005305129 11.45887565612793 39889
1760005305498 11.575669288635254 39899
1760005305866 11.524510383605957 39909
1760005306237 11.663322448730469 39919
1760005306594 11.888660430908203 39929
1760005306959 11.553464889526367 39939
1760005307336 11.826936721801758 39949
1760005307692 11.856367111206055 39959
1760005308054 11.580724716186523 39969
1760005308423 11.55466365814209 39979
1760005308792 11.470802307128906 39989
1760005309156 11.410002708435059 39999
1760005309517 11.873010635375977 40009
1760005309885 11.427238464355469 40019
1760005310254 11.506553649902344 40029
1760005310618 11.782917022705078 40039
1760005310979 11.565309524536133 40049
1760005311353 11.86984634399414 40059
1760005311719 11.632625579833984 40069
1760005312081 11.277088165283203 40079
1760005312443 11.790831565856934 40089
1760005312813 11.631752014160156 40099
1760005313183 11.5511474609375 40109
1760005313562 11.522011756896973 40119
1760005313926 11.861831665039062 40129
1760005314291 11.581047058105469 40139
1760005314663 11.539227485656738 40149
1760005315036 11.634866714477539 40159
1760005315401 11.698266983032227 40169
1760005315769 11.506319046020508 40179
1760005316146 11.53767204284668 40189
1760005316536 11.54063606262207 40199
1760005316895 11.654739379882812 40209
1760005317262 11.446524620056152 40219
1760005317634 11.692317962646484 40229
1760005318005 11.677830696105957 40239
1760005318376 11.430665969848633 40249
1760005318747 11.450064659118652 40259
1760005319612 11.739297866821289 40269
1760005319973 11.692497253417969 40279
1760005320328 11.759634017944336 40289
1760005320684 11.790403366088867 40299
1760005321039 11.399555206298828 40309
1760005321395 11.443318367004395 40319
1760005321755 11.393707275390625 40329
1760005322116 11.404964447021484 40339
1760005322468 11.445741653442383 40349
1760005322810 11.634056091308594 40359
1760005323151 11.586321830749512 40369
1760005323490 11.38548469543457 40379
1760005323828 11.434989929199219 40389
1760005339955 11.578269958496094 40399
1760005340418 12.466938972473145 40409
1760005340781 12.336309432983398 40419
1760005341133 12.19912338256836 40429
1760005341491 11.973636627197266 40439
1760005341832 11.957550048828125 40449
1760005342166 12.221477508544922 40459
1760005342528 11.813307762145996 40469
1760005342885 12.290489196777344 40479
1760005343252 12.029731750488281 40489
1760005343595 11.933390617370605 40499
1760005343930 12.109258651733398 40509
1760005344272 12.089048385620117 40519
1760005344621 11.871788024902344 40529
1760005344980 12.059859275817871 40539
1760005345334 12.0488862991333 40549
1760005345693 11.875240325927734 40559
1760005346046 12.047441482543945 40569
1760005346375 12.189210891723633 40579
1760005346650 11.845075607299805 40589
1760005346881 11.986368179321289 40599
1760005347164 11.910531997680664 40609
1760005347433 11.894061088562012 40619
1760005347674 12.070091247558594 40629
1760005347945 11.71999454498291 40639
1760005348296 11.818405151367188 40649
1760005348662 12.070406913757324 40659
1760005349037 11.778565406799316 40669
1760005349389 11.850358009338379 40679
1760005349752 12.073651313781738 40689
1760005350101 11.874680519104004 40699
1760005350458 11.821319580078125 40709
1760005350815 11.743890762329102 40719
1760005351176 12.02406120300293 40729
1760005351539 11.766571044921875 40739
1760005351891 12.027925491333008 40749
1760005352248 11.61365032196045 40759
1760005352601 12.12736701965332 40769
1760005352949 12.101099014282227 40779
1760005353270 11.950511932373047 40789
1760005353603 11.993520736694336 40799
1760005353921 11.919629096984863 40809
1760005354212 11.931205749511719 40819
1760005354464 11.899418830871582 40829
1760005354690 12.14938735961914 40839
1760005354897 11.952580451965332 40849
1760005355146 12.174653053283691 40859
1760005355514 11.838724136352539 40869
1760005355869 11.752787590026855 40879
1760005356228 11.867202758789062 40889
1760005356587 11.924980163574219 40899
1760005356950 12.210691452026367 40909
1760005357302 11.991229057312012 40919
1760005357663 12.058826446533203 40929
1760005358021 11.90466594696045 40939
1760005358385 11.712336540222168 40949
1760005358754 11.839049339294434 40959
1760005359124 12.021181106567383 40969
1760005359491 11.96213436126709 40979
1760005359855 12.113080978393555 40989
1760005360211 11.850903511047363 40999
1760005360585 11.884164810180664 41009
1760005360955 12.014979362487793 41019
1760005361330 11.674932479858398 41029
1760005361691 11.86777114868164 41039
1760005362052 11.83671760559082 41049
1760005362414 11.900716781616211 41059
1760005362773 11.826800346374512 41069
1760005363131 12.078493118286133 41079
1760005363486 12.061137199401855 41089
1760005363854 11.59400749206543 41099
1760005364212 11.863960266113281 41109
1760005364575 11.929500579833984 41119
1760005364938 12.142814636230469 41129
1760005365305 11.90548324584961 41139
1760005365672 11.969079971313477 41149
1760005366034 11.773865699768066 41159
1760005366409 12.02189826965332 41169
1760005366774 11.970471382141113 41179
1760005367144 11.831363677978516 41189
1760005367506 12.00467586517334 41199
1760005367876 11.746771812438965 41209
1760005368244 11.718216896057129 41219
1760005368617 11.527667999267578 41229
1760005368978 11.68541431427002 41239
1760005369349 11.697237968444824 41249
1760005369724 11.551544189453125 41259
1760005370095 11.744293212890625 41269
1760005370456 11.885015487670898 41279
1760005370823 11.761171340942383 41289
1760005371186 11.786504745483398 41299
1760005371549 11.751445770263672 41309
1760005371906 11.611355781555176 41319
1760005372270 11.666258811950684 41329
1760005372633 12.036044120788574 41339
1760005372999 11.885679244995117 41349
1760005373360 11.99868392944336 41359
1760005373725 11.627005577087402 41369
1760005374095 11.974808692932129 41379
1760005374460 11.79623794555664 41389
1760005374823 11.62468147277832 41399
1760005375186 11.440024375915527 41409
1760005375545 11.831388473510742 41419
1760005375907 11.882328987121582 41429
1760005376274 11.516470909118652 41439
1760005376631 11.883259773254395 41449
1760005376998 11.737533569335938 41459
1760005377363 11.519657135009766 41469
1760005377725 11.710761070251465 41479
1760005378090 11.75900936126709 41489
1760005378455 11.765481948852539 41499
1760005378818 11.618581771850586 41509
1760005379179 11.762528419494629 41519
1760005379538 11.547365188598633 41529
1760005379907 11.772734642028809 41539
1760005380273 12.107343673706055 41549
1760005380633 11.693404197692871 41559
1760005380993 11.760272979736328 41569
1760005381360 11.843355178833008 41579
1760005381731 11.749282836914062 41589
1760005382091 11.778128623962402 41599
1760005382453 11.692282676696777 41609
1760005382813 11.713006973266602 41619
1760005383173 11.562363624572754 41629
1760005383555 11.764347076416016 41639
1760005383922 11.550575256347656 41649
1760005384292 11.495207786560059 41659
1760005384659 11.76537799835205 41669
1760005385022 12.030622482299805 41679
1760005385389 11.778014183044434 41689
1760005385761 11.726574897766113 41699
1760005386130 11.625226020812988 41709
1760005386494 11.688089370727539 41719
1760005386870 11.7586030960083 41729
1760005387233 11.716318130493164 41739
1760005387600 11.52031135559082 41749
1760005387961 11.698241233825684 41759
1760005388337 11.546222686767578 41769
1760005388701 11.625755310058594 41779
1760005389069 11.565113067626953 41789
1760005389431 11.370933532714844 41799
1760005389802 11.459020614624023 41809
1760005390170 11.76473331451416 41819
1760005390538 11.794416427612305 41829
1760005390904 11.57160758972168 41839
1760005391266 11.822820663452148 41849
1760005391642 11.842182159423828 41859
1760005392006 11.744560241699219 41869
1760005392368 11.373636245727539 41879
1760005392733 11.730772018432617 41889
1760005393098 11.478022575378418 41899
1760005393486 11.285150527954102 41909
1760005393857 11.607422828674316 41919
1760005394229 11.86402702331543 41929
1760005394607 11.702999114990234 41939
1760005394979 11.992111206054688 41949
1760005395352 11.522831916809082 41959
1760005395722 11.7560396194458 41969
1760005396094 11.647626876831055 41979
1760005396460 11.858471870422363 41989
1760005396835 11.610309600830078 41999
1760005397200 11.311216354370117 42009
1760005397573 11.517165184020996 42019
1760005397951 11.704412460327148 42029
1760005398320 11.398375511169434 42039
1760005398690 11.500432968139648 42049
1760005399050 11.519186019897461 42059
1760005399422 11.618790626525879 42069
1760005399786 11.575071334838867 42079
1760005400146 11.59615707397461 42089
1760005400511 11.49586296081543 42099
1760005400874 11.729057312011719 42109
1760005401234 11.548973083496094 42119
1760005401604 11.488964080810547 42129
1760005401983 11.741042137145996 42139
1760005402351 11.490011215209961 42149
1760005402709 11.743861198425293 42159
1760005403070 11.74608039855957 42169
1760005403446 11.666801452636719 42179
1760005403809 11.534492492675781 42189
1760005404173 11.685920715332031 42199
1760005404534 11.745641708374023 42209
1760005404907 11.45757007598877 42219
1760005405283 11.732110977172852 42229
1760005405656 11.5391845703125 42239
1760005406017 11.591476440429688 42249
1760005406390 11.29488754272461 42259
1760005406756 11.245142936706543 42269
1760005407120 11.69215202331543 42279
1760005407481 11.788875579833984 42289
1760005407848 11.622264862060547 42299
1760005408216 11.957283973693848 42309
1760005408593 11.399726867675781 42319
1760005408972 11.625755310058594 42329
1760005409345 11.658524513244629 42339
1760005409712 11.457645416259766 42349
1760005410081 11.532659530639648 42359
1760005410447 11.80262279510498 42369
1760005410819 11.63372802734375 42379
1760005411185 11.400737762451172 42389
1760005411553 11.42989444732666 42399
1760005411920 11.554571151733398 42409
1760005412293 11.50954818725586 42419
1760005412666 12.250082969665527 42429
1760005413035 12.324128150939941 42439
1760005413404 12.232095718383789 42449
1760005413783 12.207611083984375 42459
1760005414154 12.253846168518066 42469
1760005414527 12.251598358154297 42479
1760005414888 11.765226364135742 42489
1760005415258 12.035533905029297 42499
1760005415630 12.245155334472656 42509
1760005416018 11.478229522705078 42519
1760005416382 11.844490051269531 42529
1760005416746 11.879325866699219 42539
1760005417111 11.839418411254883 42549
1760005417484 12.178069114685059 42559
1760005417860 12.031591415405273 42569
1760005418235 11.965210914611816 42579
1760005418613 12.277240753173828 42589
1760005418977 11.814834594726562 42599
1760005419342 11.890323638916016 42609
1760005419706 11.796042442321777 42619
1760005420077 11.897396087646484 42629
1760005420458 11.934783935546875 42639
1760005420828 11.861541748046875 42649
1760005421197 11.872373580932617 42659
1760005421544 12.086398124694824 42669
1760005421902 11.921762466430664 42679
1760005422252 12.074966430664062 42689
1760005422611 11.858287811279297 42699
1760005422978 11.93716049194336 42709
1760005423345 11.907797813415527 42719
1760005423717 11.913154602050781 42729
1760005424084 11.951431274414062 42739
1760005424451 12.073609352111816 42749
1760005424819 11.965319633483887 42759
1760005425185 11.895909309387207 42769
1760005425555 11.716120719909668 42779
1760005425926 11.99686336517334 42789
1760005426294 11.641141891479492 42799
1760005426660 12.0243558883667 42809
1760005427025 11.81618881225586 42819
1760005427389 12.116018295288086 42829
1760005427760 12.040510177612305 42839
1760005428120 11.753365516662598 42849
1760005428480 11.951850891113281 42859
1760005428835 11.693399429321289 42869
1760005429199 12.208450317382812 42879
1760005429562 11.726855278015137 42889
1760005429926 11.805030822753906 42899
1760005430294 11.900182723999023 42909
1760005430658 11.656835556030273 42919
1760005431025 11.909843444824219 42929
1760005431396 11.777822494506836 42939
1760005431760 11.977529525756836 42949
1760005432124 11.771903991699219 42959
1760005432488 11.99679946899414 42969
1760005432861 11.925304412841797 42979
1760005433228 12.070955276489258 42989
1760005433596 11.621694564819336 42999
1760005433957 12.067703247070312 43009
1760005434320 11.902809143066406 43019
1760005434688 11.903179168701172 43029
1760005435052 11.404800415039062 43039
1760005435414 11.883806228637695 43049
1760005435773 12.061637878417969 43059
1760005436140 11.84736156463623 43069
1760005436506 11.798701286315918 43079
1760005436875 11.901004791259766 43089
1760005437241 11.785375595092773 43099
1760005437608 11.901580810546875 43109
1760005437984 11.726554870605469 43119
1760005438350 11.700716018676758 43129
1760005438710 11.798093795776367 43139
1760005439079 11.626721382141113 43149
1760005439445 11.839282989501953 43159
1760005439809 12.042728424072266 43169
1760005440177 11.706863403320312 43179
1760005440543 11.700096130371094 43189
1760005440909 11.992300987243652 43199
1760005441270 11.800621032714844 43209
1760005441645 11.77180290222168 43219
1760005442011 11.722532272338867 43229
1760005442381 11.694657325744629 43239
1760005442742 11.912738800048828 43249
1760005443107 11.700468063354492 43259
1760005443476 11.467775344848633 43269
1760005443845 11.695945739746094 43279
1760005444215 11.770087242126465 43289
1760005444585 11.520084381103516 43299
1760005444958 11.727794647216797 43309
1760005445327 11.623335838317871 43319
1760005445696 11.86286735534668 43329
1760005446065 11.88487434387207 43339
1760005446438 11.795352935791016 43349
1760005446809 11.753662109375 43359
1760005447179 11.95376205444336 43369
1760005447550 11.864204406738281 43379
1760005447921 11.712381362915039 43389
1760005448293 11.786643028259277 43399
1760005448668 11.935968399047852 43409
1760005449030 11.921000480651855 43419
1760005449379 11.523101806640625 43429
1760005449731 11.804433822631836 43439
1760005450087 11.817231178283691 43449
1760005450436 11.804292678833008 43459
1760005450794 11.801717758178711 43469
1760005451143 11.66754150390625 43479
1760005451511 11.997030258178711 43489
1760005451873 11.802738189697266 43499
1760005452236 11.663919448852539 43509
1760005452618 11.821237564086914 43519
1760005452987 12.018414497375488 43529
1760005453359 11.648956298828125 43539
1760005453723 11.664140701293945 43549
1760005454090 11.769598007202148 43559
1760005454459 11.902578353881836 43569
1760005454827 11.584288597106934 43579
1760005455191 11.545856475830078 43589
1760005455564 11.714445114135742 43599
1760005455937 11.700630187988281 43609
1760005456305 11.874065399169922 43619
1760005456674 11.627554893493652 43629
1760005457037 11.528133392333984 43639
1760005457404 11.692801475524902 43649
1760005457758 11.37623405456543 43659
1760005458105 11.850118637084961 43669
1760005458457 11.614762306213379 43679
1760005458804 11.588631629943848 43689
1760005459154 11.996437072753906 43699
1760005459507 11.856451034545898 43709
1760005459861 11.53954792022705 43719
1760005460209 11.807380676269531 43729
1760005460571 11.54261589050293 43739
1760005460933 11.622392654418945 43749
1760005461287 11.447896957397461 43759
1760005461651 11.562829971313477 43769
1760005462012 11.71944808959961 43779
1760005462381 11.753265380859375 43789
1760005462748 11.388357162475586 43799
1760005463110 11.585652351379395 43809
1760005463468 11.471972465515137 43819
1760005463831 11.584248542785645 43829
1760005464194 11.616504669189453 43839
1760005464563 11.529101371765137 43849
1760005464926 11.688472747802734 43859
1760005465300 11.727027893066406 43869
1760005465667 11.789884567260742 43879
1760005466036 11.531208992004395 43889
1760005466406 11.766519546508789 43899
1760005466773 11.445611953735352 43909
1760005467145 11.454570770263672 43919
1760005467514 11.8211030960083 43929
1760005467887 11.593297958374023 43939
1760005468256 11.653120040893555 43949
1760005468634 11.273942947387695 43959
1760005469004 11.661968231201172 43969
1760005469371 11.659235954284668 43979
1760005469739 11.766226768493652 43989
1760005470102 11.730203628540039 43999
1760005470479 11.734835624694824 44009
1760005470841 11.562726020812988 44019
1760005471207 11.449925422668457 44029
1760005471568 11.695045471191406 44039
1760005471929 11.714303970336914 44049
1760005472305 11.776195526123047 44059
1760005472671 11.26326847076416 44069
1760005473035 11.692710876464844 44079
1760005473398 11.43102741241455 44089
1760005473761 11.709808349609375 44099
1760005474125 11.519665718078613 44109
1760005474487 11.746889114379883 44119
1760005474852 11.901528358459473 44129
1760005475218 11.461910247802734 44139
1760005475587 11.589577674865723 44149
1760005475947 11.41645622253418 44159
1760005476310 11.580257415771484 44169
1760005476681 11.684938430786133 44179
1760005477053 11.392790794372559 44189
1760005477415 11.545602798461914 44199
1760005477778 11.30342960357666 44209
1760005478147 11.597949981689453 44219
1760005478517 11.33309268951416 44229
1760005478882 11.510292053222656 44239
1760005479250 11.35188102722168 44249
1760005479616 11.562049865722656 44259
1760005479979 11.507596969604492 44269
1760005480343 11.354198455810547 44279
1760005480701 11.501811027526855 44289
1760005481071 11.790481567382812 44299
1760005481960 11.581123352050781 44309
1760005482322 11.296613693237305 44319
1760005482685 11.565879821777344 44329
1760005483056 11.603877067565918 44339
1760005483420 11.652055740356445 44349
1760005483785 11.103925704956055 44359
1760005484149 11.605466842651367 44369
1760005484520 11.64998722076416 44379
1760005484893 11.428566932678223 44389
1760005485255 11.55088996887207 44399
1760005485617 11.475273132324219 44409
1760005485978 11.456941604614258 44419
1760005543343 11.549959182739258 44429
1760005543692 11.725615501403809 44439
1760005544043 12.155797958374023 44449
1760005544391 12.199045181274414 44459
1760005544750 12.146804809570312 44469
1760005545101 11.907449722290039 44479
1760005545446 12.166143417358398 44489
1760005545853 11.662637710571289 44499
1760005546189 11.938037872314453 44509
1760005546529 11.880487442016602 44519
1760005546866 11.82733154296875 44529
1760005547211 12.048971176147461 44539
1760005547562 12.08617877960205 44549
1760005547927 11.963340759277344 44559
1760005548291 11.96902847290039 44569
1760005548661 11.984846115112305 44579
1760005549042 11.864867210388184 44589
1760005549399 11.989397048950195 44599
1760005549774 11.92965316772461 44609
1760005550148 11.889152526855469 44619
1760005550523 12.174965858459473 44629
1760005550883 11.735380172729492 44639
1760005551236 11.73366928100586 44649
1760005551589 11.762212753295898 44659
1760005551945 11.833515167236328 44669
1760005552316 11.733219146728516 44679
1760005552678 11.704842567443848 44689
1760005553036 11.992246627807617 44699
1760005553400 12.028508186340332 44709
1760005553766 11.873361587524414 44719
1760005554134 11.646833419799805 44729
1760005554496 11.838826179504395 44739
1760005554839 11.833839416503906 44749
1760005555181 11.842074394226074 44759
1760005555526 12.079599380493164 44769
1760005555876 12.097719192504883 44779
1760005556224 12.036138534545898 44789
1760005556571 11.686063766479492 44799
1760005556917 12.085409164428711 44809
1760005557265 11.818378448486328 44819
1760005557623 11.88565444946289 44829
1760005557996 11.882400512695312 44839
1760005558359 11.662296295166016 44849
1760005558724 11.845935821533203 44859
1760005559083 12.213976860046387 44869
1760005559431 11.736873626708984 44879
1760005559747 11.986698150634766 44889
1760005560017 11.654531478881836 44899
1760005560277 11.769938468933105 44909
1760005560553 11.81959342956543 44919
1760005560849 12.066469192504883 44929
1760005561176 12.104935646057129 44939
1760005561554 12.060315132141113 44949
1760005561923 11.882674217224121 44959
1760005562305 11.90074634552002 44969
1760005562682 12.03535270690918 44979
1760005563071 12.007524490356445 44989
1760005563442 11.715394973754883 44999
1760005563824 11.832839965820312 45009
1760005564197 11.560811996459961 45019
1760005564580 11.852151870727539 45029
1760005564964 11.720588684082031 45039
1760005565344 11.488452911376953 45049
1760005565730 11.761205673217773 45059
1760005566100 11.708881378173828 45069
1760005566479 11.948434829711914 45079
1760005566852 11.770976066589355 45089
1760005567228 11.655904769897461 45099
1760005567602 11.906028747558594 45109
1760005567981 11.577211380004883 45119
1760005568347 11.88230037689209 45129
1760005568727 11.718673706054688 45139
1760005569097 11.57348918914795 45149
1760005569473 11.875008583068848 45159
1760005569846 11.876466751098633 45169
1760005570223 11.868047714233398 45179
1760005570590 11.82855224609375 45189
1760005570963 11.735576629638672 45199
1760005571340 11.523750305175781 45209
1760005571717 11.663390159606934 45219
1760005572096 11.585742950439453 45229
1760005572469 11.562191009521484 45239
1760005572844 12.092655181884766 45249
1760005573215 12.008025169372559 45259
1760005573589 11.825874328613281 45269
1760005573959 11.909696578979492 45279
1760005574330 11.84898567199707 45289
1760005574695 12.016863822937012 45299
1760005575065 11.806657791137695 45309
1760005575430 11.817197799682617 45319
1760005575799 11.880088806152344 45329
1760005576164 11.681231498718262 45339
1760005576536 12.008218765258789 45349
1760005576900 11.797147750854492 45359
1760005577267 11.943514823913574 45369
1760005577642 11.820444107055664 45379
1760005578003 11.60447883605957 45389
1760005578351 11.747001647949219 45399
1760005578698 11.786104202270508 45409
1760005579040 11.75290298461914 45419
1760005579382 11.986577987670898 45429
1760005579733 11.51968002319336 45439
1760005580083 11.58192253112793 45449
1760005580434 11.645029067993164 45459
1760005580784 11.57441234588623 45469
1760005581126 11.230854988098145 45479
1760005581469 11.84255599975586 45489
1760005581814 11.806722640991211 45499
1760005582165 12.147039413452148 45509
1760005582510 11.54207992553711 45519
1760005582856 11.844364166259766 45529
1760005583205 11.715682029724121 45539
1760005583555 11.518491744995117 45549
1760005583903 11.646453857421875 45559
1760005584253 11.793144226074219 45569
1760005584602 11.791221618652344 45579
1760005584947 11.490419387817383 45589
1760005585363 11.95743179321289 45599
1760005585767 12.033991813659668 45609
1760005586115 11.559728622436523 45619
1760005586501 11.643826484680176 45629
1760005586856 11.480632781982422 45639
1760005587211 11.365646362304688 45649
1760005587568 11.532781600952148 45659
1760005587925 11.522869110107422 45669
1760005588281 11.52151870727539 45679
1760005588634 11.375399589538574 45689
1760005588995 11.343477249145508 45699
1760005589348 11.981531143188477 45709
1760005589703 11.846532821655273 45719
1760005590062 11.597475051879883 45729
1760005590414 11.568560600280762 45739
1760005590767 11.581295013427734 45749
1760005591118 11.772674560546875 45759
1760005591431 11.87154769897461 45769
1760005591697 11.555567741394043 45779
1760005591926 11.398283958435059 45789
1760005592135 11.689606666564941 45799
1760005592339 11.33292007446289 45809
1760005592542 11.634343147277832 45819
1760005592749 11.699697494506836 45829
1760005592963 11.600607872009277 45839
1760005593175 11.504800796508789 45849
1760005593392 11.584396362304688 45859
1760005593701 11.441986083984375 45869
1760005594031 11.360132217407227 45879
1760005594390 11.836053848266602 45889
1760005594748 11.677141189575195 45899
1760005595109 11.348560333251953 45909
1760005595472 11.496417045593262 45919
1760005595830 11.385980606079102 45929
1760005596200 11.45360279083252 45939
1760005596595 11.569602966308594 45949
1760005596984 11.519651412963867 45959
1760005597359 11.315083503723145 45969
1760005597729 11.515378952026367 45979
1760005598090 11.65304183959961 45989
1760005598442 11.452702522277832 45999
1760005598803 11.602551460266113 46009
1760005599158 11.353545188903809 46019
1760005599513 11.271368026733398 46029
1760005599867 11.487070083618164 46039
1760005600255 11.797449111938477 46049
1760005600626 11.652351379394531 46059
1760005600997 11.795894622802734 46069
1760005601377 11.243191719055176 46079
1760005601756 11.454689025878906 46089
1760005602143 11.432815551757812 46099
1760005602497 11.498140335083008 46109
1760005602853 11.419106483459473 46119
1760005603206 11.769545555114746 46129
1760005603582 11.710184097290039 46139
1760005603941 11.38882064819336 46149
1760005604301 11.387640953063965 46159
1760005604648 11.634817123413086 46169
1760005605002 11.4747314453125 46179
1760005605354 11.588491439819336 46189
1760005605708 11.618484497070312 46199
1760005606065 11.50948429107666 46209
1760005606424 11.533697128295898 46219
1760005606775 11.346406936645508 46229
1760005607125 11.30048942565918 46239
1760005607487 11.183977127075195 46249
1760005607845 11.433353424072266 46259
1760005608196 11.173567771911621 46269
1760005608547 11.202438354492188 46279
1760005608916 11.313132286071777 46289
1760005609283 11.14029312133789 46299
1760005609644 11.58431625366211 46309
1760005610000 11.619104385375977 46319
1760005610378 11.68212890625 46329
1760005610748 11.515364646911621 46339
1760005611106 11.323217391967773 46349
1760005611461 11.44230842590332 46359
1760005611816 11.785114288330078 46369
1760005612174 11.444591522216797 46379
1760005612536 11.359643936157227 46389
1760005612904 11.528987884521484 46399
1760005613275 11.482568740844727 46409
1760005613620 11.299470901489258 46419
1760005613977 11.666783332824707 46429
1760005614347 11.503925323486328 46439
1760005614719 11.492189407348633 46449
1760005615110 11.573951721191406 46459
1760005615494 12.097380638122559 46469
1760005615874 11.828056335449219 46479
1760005616256 12.109855651855469 46489
1760005616621 11.936503410339355 46499
1760005616993 11.930864334106445 46509
1760005617373 12.149084091186523 46519
1760005617757 11.923009872436523 46529
1760005618131 11.794086456298828 46539
1760005618499 11.580007553100586 46549
1760005618877 11.814709663391113 46559
1760005619263 11.598993301391602 46569
1760005619645 12.047481536865234 46579
1760005620028 11.692463874816895 46589
1760005620394 11.77646255493164 46599
1760005620757 11.678352355957031 46609
1760005621120 11.718158721923828 46619
1760005621485 11.888357162475586 46629
1760005621860 11.675862312316895 46639
1760005622228 12.064114570617676 46649
1760005622595 11.851295471191406 46659
1760005622965 11.815170288085938 46669
1760005623335 11.83836555480957 46679
1760005623701 11.720367431640625 46689
1760005624072 11.596391677856445 46699
1760005624437 11.802130699157715 46709
1760005624807 12.012863159179688 46719
1760005625173 11.766603469848633 46729
1760005625542 11.889959335327148 46739
1760005625904 11.916196823120117 46749
1760005626267 12.070075988769531 46759
1760005626637 11.899513244628906 46769
1760005627003 11.7694091796875 46779
1760005627371 11.993185043334961 46789
1760005627735 11.899491310119629 46799
1760005628108 12.179594039916992 46809
1760005628470 11.689589500427246 46819
1760005628844 11.867765426635742 46829
1760005629215 11.757197380065918 46839
1760005629588 12.064775466918945 46849
1760005629954 11.853676795959473 46859
1760005630327 11.777713775634766 46869
1760005630699 11.57278060913086 46879
1760005631069 11.993626594543457 46889
1760005631441 12.121179580688477 46899
1760005631811 12.097968101501465 46909
1760005632177 11.823328971862793 46919
1760005632547 12.065935134887695 46929
1760005632925 11.74734115600586 46939
1760005633301 11.91293716430664 46949
1760005633677 11.940605163574219 46959
1760005634048 11.762123107910156 46969
1760005634418 11.691129684448242 46979
1760005634786 11.831811904907227 46989
1760005635155 11.971006393432617 46999
1760005635525 11.983245849609375 47009
1760005635890 11.923468589782715 47019
1760005636253 11.774621963500977 47029
1760005636624 11.502751350402832 47039
1760005636999 11.753641128540039 47049
1760005637377 11.893192291259766 47059
1760005637755 11.76150131225586 47069
1760005638130 11.790786743164062 47079
1760005638503 11.781959533691406 47089
1760005638881 11.936625480651855 47099
1760005639251 12.071456909179688 47109
1760005639617 11.673977851867676 47119
1760005639980 11.789752006530762 47129
1760005640347 11.855058670043945 47139
1760005640720 11.899085998535156 47149
1760005641083 11.656373977661133 47159
1760005641455 11.694926261901855 47169
1760005641815 11.741064071655273 47179
1760005642183 11.553913116455078 47189
1760005642553 11.854948997497559 47199
1760005642934 11.763849258422852 47209
1760005643316 11.530799865722656 47219
1760005643694 11.70572280883789 47229
1760005644058 11.81098747253418 47239
1760005644461 11.943897247314453 47249
1760005644855 12.008148193359375 47259
1760005645222 11.828899383544922 47269
1760005645582 11.659224510192871 47279
1760005645944 11.604799270629883 47289
1760005646314 11.879037857055664 47299
1760005646684 11.675820350646973 47309
1760005647054 11.83133316040039 47319
1760005647419 11.690726280212402 47329
1760005647786 11.336441040039062 47339
1760005648160 11.65018081665039 47349
1760005648528 12.034017562866211 47359
1760005648898 11.675313949584961 47369
1760005649274 11.871376037597656 47379
1760005649633 11.695647239685059 47389
1760005649996 11.756872177124023 47399
1760005650367 11.775537490844727 47409
1760005650746 11.737174987792969 47419
1760005651118 11.685135841369629 47429
1760005651490 11.672039031982422 47439
1760005651861 11.78750991821289 47449
1760005652233 11.521446228027344 47459
1760005652602 11.760647773742676 47469
1760005652972 11.866598129272461 47479
1760005653347 11.734549522399902 47489
1760005653718 11.483938217163086 47499
1760005654090 11.806083679199219 47509
1760005654460 11.587627410888672 47519
1760005654831 11.826189994812012 47529
1760005655202 11.675590515136719 47539
1760005655572 11.367878913879395 47549
1760005655947 12.00403118133545 47559
1760005656304 11.650262832641602 47569
1760005656667 11.616714477539062 47579
1760005657045 11.857275009155273 47589
1760005657415 11.819552421569824 47599
1760005657781 11.729201316833496 47609
1760005658145 11.809192657470703 47619
1760005658509 11.371306419372559 47629
1760005658885 11.37452507019043 47639
1760005659251 11.925087928771973 47649
1760005659617 11.555229187011719 47659
1760005659983 11.35972785949707 47669
1760005660352 11.585716247558594 47679
1760005660715 11.517099380493164 47689
1760005661091 11.55221939086914 47699
1760005661476 11.510454177856445 47709
1760005661844 11.455880165100098 47719
1760005662211 11.149812698364258 47729
1760005662584 11.500455856323242 47739
1760005662962 11.452923774719238 47749
1760005663332 11.858890533447266 47759
1760005663703 11.679195404052734 47769
1760005664073 11.880169868469238 47779
1760005664434 11.528366088867188 47789
1760005664821 11.975789070129395 47799
1760005665195 11.515575408935547 47809
1760005665564 11.484436988830566 47819
1760005665926 11.37917709350586 47829
1760005666290 11.662837982177734 47839
1760005666667 11.465314865112305 47849
1760005667032 11.625984191894531 47859
1760005667399 11.64441967010498 47869
1760005667768 11.647320747375488 47879
1760005668131 11.549726486206055 47889
1760005668507 11.484644889831543 47899
1760005668879 11.82995891571045 47909
1760005669250 11.69052505493164 47919
1760005669623 11.502573013305664 47929
1760005670006 11.792123794555664 47939
1760005670378 11.50633430480957 47949
1760005670749 11.628119468688965 47959
1760005671120 11.239034652709961 47969
1760005671493 11.544317245483398 47979
1760005671865 11.562723159790039 47989
1760005672242 11.521930694580078 47999
1760005672617 11.900032043457031 48009
1760005672988 11.547805786132812 48019
1760005673360 11.534710884094238 48029
1760005673732 11.298877716064453 48039
1760005674086 11.505178451538086 48049
1760005674433 11.488003730773926 48059
1760005674791 11.523569107055664 48069
1760005675148 11.659162521362305 48079
1760005675497 11.491016387939453 48089
1760005675843 11.70246696472168 48099
1760005676190 11.462064743041992 48109
1760005676542 11.437074661254883 48119
1760005676891 11.775729179382324 48129
1760005677232 11.495912551879883 48139
1760005677529 11.589399337768555 48149
1760005677882 11.336234092712402 48159
1760005678245 11.49443244934082 48169
1760005678609 11.529702186584473 48179
1760005678964 11.146957397460938 48189
1760005679312 11.327831268310547 48199
1760005679669 11.44001579284668 48209
1760005680021 11.249469757080078 48219
1760005680380 11.487520217895508 48229
1760005680744 11.590921401977539 48239
1760005681103 11.501970291137695 48249
1760005681463 11.595193862915039 48259
1760005681815 11.372428894042969 48269
1760005682169 11.567367553710938 48279
1760005682539 11.744338035583496 48289
1760005682891 11.496770858764648 48299
1760005683248 11.500030517578125 48309
1760005683598 11.298174858093262 48319
1760005683944 11.194828033447266 48329
1760005684295 11.227731704711914 48339
1760005685175 11.239389419555664 48349
1760005685518 11.432693481445312 48359
1760005685861 11.530952453613281 48369
1760005686219 11.499551773071289 48379
1760005686581 11.559416770935059 48389
1760005686943 11.466817855834961 48399
1760005687299 11.672517776489258 48409
1760005687656 11.242671966552734 48419
1760005688013 11.515546798706055 48429
1760005688376 11.59328556060791 48439
1760005688739 11.539132118225098 48449
1760005689098 11.623453140258789 48459
1760005704590 11.696012496948242 48469
1760005704879 11.412147521972656 48479
1760005705168 12.223503112792969 48489
1760005705490 11.97391414642334 48499
1760005705840 12.134185791015625 48509
1760005706212 11.673078536987305 48519
1760005706588 11.679899215698242 48529
1760005706981 11.845952033996582 48539
1760005707335 11.723936080932617 48549
1760005707692 11.766602516174316 48559
1760005708044 11.863495826721191 48569
1760005708420 11.564109802246094 48579
1760005708769 11.723104476928711 48589
1760005709127 11.914878845214844 48599
1760005709496 11.742671966552734 48609
1760005709858 11.980762481689453 48619
1760005710232 12.163190841674805 48629
1760005710593 11.860336303710938 48639
1760005710958 12.120259284973145 48649
1760005711325 11.878890037536621 48659
1760005711691 11.91244125366211 48669
1760005712062 11.507180213928223 48679
1760005712433 11.850046157836914 48689
1760005712839 11.466695785522461 48699
1760005713213 11.780410766601562 48709
1760005713585 11.763408660888672 48719
1760005713952 11.901601791381836 48729
1760005714323 11.69843864440918 48739
1760005714695 11.907238006591797 48749
1760005715068 11.671338081359863 48759
1760005715444 11.712940216064453 48769
1760005715812 11.643651962280273 48779
1760005716187 11.755912780761719 48789
1760005716571 11.435205459594727 48799
1760005716946 11.591556549072266 48809
1760005717326 11.766860961914062 48819
1760005717695 11.630353927612305 48829
1760005718074 11.578974723815918 48839
1760005718446 11.977605819702148 48849
1760005718819 11.730195999145508 48859
1760005719192 11.866177558898926 48869
1760005719570 11.711597442626953 48879
1760005719930 11.778797149658203 48889
1760005720302 11.833316802978516 48899
1760005720678 11.464900970458984 48909
1760005721055 11.675811767578125 48919
1760005721442 11.801061630249023 48929
1760005721809 11.923065185546875 48939
1760005722181 11.938688278198242 48949
1760005722560 11.669784545898438 48959
1760005722942 11.890291213989258 48969
1760005723317 11.685678482055664 48979
1760005723675 11.678784370422363 48989
1760005724033 11.90711498260498 48999
1760005724393 11.457548141479492 49009
1760005724749 11.53665542602539 49019
1760005725113 11.826379776000977 49029
1760005725469 11.676626205444336 49039
1760005725821 12.101489067077637 49049
1760005726179 11.718724250793457 49059
1760005726530 11.979523658752441 49069
1760005726880 11.915433883666992 49079
1760005727239 12.029525756835938 49089
1760005727589 11.968250274658203 49099
1760005727939 11.689313888549805 49109
1760005728297 11.777688980102539 49119
1760005728643 12.037721633911133 49129
1760005728992 11.499185562133789 49139
1760005729362 11.807565689086914 49149
1760005729754 11.803278923034668 49159
1760005730125 11.922194480895996 49169
1760005730495 11.547115325927734 49179
1760005730859 11.668501853942871 49189
1760005731225 11.68722915649414 49199
1760005731590 11.873848915100098 49209
1760005731951 11.75135612487793 49219
1760005732312 11.668649673461914 49229
1760005732680 11.699670791625977 49239
1760005733036 11.83989143371582 49249
1760005733404 11.751853942871094 49259
1760005733783 11.713479995727539 49269
1760005734151 11.793072700500488 49279
1760005734511 11.661991119384766 49289
1760005734873 11.81454849243164 49299
1760005735236 11.532844543457031 49309
1760005735599 11.624671936035156 49319
1760005735964 11.892512321472168 49329
1760005736337 11.472440719604492 49339
1760005736697 11.499792098999023 49349
1760005737057 12.00926399230957 49359
1760005737421 11.744251251220703 49369
1760005737791 11.740696907043457 49379
1760005738168 11.154626846313477 49389
1760005738529 11.655052185058594 49399
1760005738891 11.709456443786621 49409
1760005739255 11.693466186523438 49419
1760005739622 11.500024795532227 49429
1760005739986 11.717985153198242 49439
1760005740354 11.745967864990234 49449
1760005740721 11.599040985107422 49459
1760005741087 11.436119079589844 49469
1760005741453 11.481016159057617 49479
1760005741817 11.656461715698242 49489
1760005742185 11.863788604736328 49499
1760005742553 11.627660751342773 49509
1760005742923 11.578857421875 49519
1760005743287 11.91368293762207 49529
1760005743654 11.461400985717773 49539
1760005744029 11.605606079101562 49549
1760005744397 11.572280883789062 49559
1760005744765 11.567354202270508 49569
1760005745135 11.627450942993164 49579
1760005745500 11.527200698852539 49589
1760005745872 11.570722579956055 49599
1760005746247 11.659095764160156 49609
1760005746611 11.544008255004883 49619
1760005746977 11.696186065673828 49629
1760005747342 11.780219078063965 49639
1760005747709 11.604143142700195 49649
1760005748089 11.959424018859863 49659
1760005748484 11.663296699523926 49669
1760005748842 11.74065113067627 49679
1760005749191 11.482488632202148 49689
1760005749550 11.570941925048828 49699
1760005749907 11.439838409423828 49709
1760005750263 11.503753662109375 49719
1760005750625 11.591268539428711 49729
1760005750985 11.223226547241211 49739
1760005751350 11.587206840515137 49749
1760005751709 11.286092758178711 49759
1760005752067 11.754656791687012 49769
1760005752420 11.65477180480957 49779
1760005752798 11.351405143737793 49789
1760005753186 11.608400344848633 49799
1760005753543 11.668004989624023 49809
1760005753909 11.77151107788086 49819
1760005754275 11.621969223022461 49829
1760005754641 11.327726364135742 49839
1760005755017 11.494933128356934 49849
1760005755388 11.380754470825195 49859
1760005755753 11.647281646728516 49869
1760005756117 11.57081127166748 49879
1760005756483 11.674934387207031 49889
1760005756846 11.436036109924316 49899
1760005757211 11.600273132324219 49909
1760005757578 11.438044548034668 49919
1760005757954 11.531293869018555 49929
1760005758331 11.531684875488281 49939
1760005758708 11.607568740844727 49949
1760005759078 11.401537895202637 49959
1760005759445 11.433156967163086 49969
1760005759814 11.54391860961914 49979
1760005760191 11.431316375732422 49989
1760005760570 11.438459396362305 49999
1760005760940 11.56037712097168 50009
1760005761315 11.42239761352539 50019
1760005761682 11.404495239257812 50029
1760005762048 11.67902660369873 50039
1760005762417 11.373074531555176 50049
1760005762793 11.377355575561523 50059
1760005763156 11.26002025604248 50069
1760005763522 11.767011642456055 50079
1760005763886 11.386639595031738 50089
1760005764246 11.38969612121582 50099
1760005764610 11.635835647583008 50109
1760005764986 11.135978698730469 50119
1760005765364 11.39923095703125 50129
1760005765730 11.510416030883789 50139
1760005766099 11.39669132232666 50149
1760005766459 11.524803161621094 50159
1760005766821 11.622285842895508 50169
1760005767197 11.023530960083008 50179
1760005767566 11.597156524658203 50189
1760005767935 11.428752899169922 50199
1760005768304 11.563074111938477 50209
1760005768665 11.407629013061523 50219
1760005769035 11.397104263305664 50229
1760005769409 11.482762336730957 50239
1760005769778 11.344228744506836 50249
1760005770143 11.62939453125 50259
1760005770517 11.262491226196289 50269
1760005770897 11.480890274047852 50279
1760005771265 11.518150329589844 50289
1760005771640 11.415170669555664 50299
1760005772026 11.205610275268555 50309
1760005772408 11.417908668518066 50319
1760005772778 11.5028657913208 50329
1760005773162 11.338201522827148 50339
1760005773533 11.414908409118652 50349
1760005773906 11.360304832458496 50359
1760005774292 11.675639152526855 50369
1760005774676 11.35037899017334 50379
1760005775048 11.377540588378906 50389
1760005775415 11.798966407775879 50399
1760005775778 11.362546920776367 50409
1760005776139 11.382759094238281 50419
1760005776499 11.563199043273926 50429
1760005776867 11.161684036254883 50439
1760005777232 11.426955223083496 50449
1760005777592 11.655789375305176 50459
1760005777951 11.10875129699707 50469
1760005778301 11.41070556640625 50479
1760005778652 11.58027458190918 50489
1760005779020 11.46013355255127 50499
1760005779394 12.196155548095703 50509
1760005779781 11.869579315185547 50519
1760005780150 11.885656356811523 50529
1760005780511 11.829734802246094 50539
1760005780884 11.897686004638672 50549
1760005781256 11.772209167480469 50559
1760005781623 11.936238288879395 50569
1760005781986 11.756446838378906 50579
1760005782346 11.697800636291504 50589
1760005782716 11.782081604003906 50599
1760005783092 11.953110694885254 50609
1760005783467 11.965452194213867 50619
1760005783860 12.028945922851562 50629
1760005784255 11.838253021240234 50639
1760005784643 11.760530471801758 50649
1760005785012 11.841621398925781 50659
1760005785396 11.888116836547852 50669
1760005785762 11.749443054199219 50679
1760005786135 11.989507675170898 50689
1760005786513 11.933370590209961 50699
1760005786889 11.958463668823242 50709
1760005787254 11.747197151184082 50719
1760005787617 11.70775032043457 50729
1760005787988 11.973013877868652 50739
1760005788353 11.988298416137695 50749
1760005788715 11.994087219238281 50759
1760005789091 12.052372932434082 50769
1760005789451 11.910293579101562 50779
1760005789812 11.780023574829102 50789
1760005790191 11.672124862670898 50799
1760005790568 11.797075271606445 50809
1760005790933 12.039737701416016 50819
1760005791286 11.60312271118164 50829
1760005791639 11.72901439666748 50839
1760005791991 12.020025253295898 50849
1760005792376 11.578723907470703 50859
1760005792741 11.807401657104492 50869
1760005793105 11.626286506652832 50879
1760005793462 11.803173065185547 50889
1760005793826 11.749000549316406 50899
1760005794194 11.69550609588623 50909
1760005794557 11.590424537658691 50919
1760005794915 11.754148483276367 50929
1760005795270 11.974672317504883 50939
1760005795630 11.85412883758545 50949
1760005795990 11.702011108398438 50959
1760005796363 11.85801887512207 50969
1760005796728 11.96075439453125 50979
1760005797093 12.250760078430176 50989
1760005797458 11.523490905761719 50999
1760005797817 11.762395858764648 51009
1760005798178 11.791678428649902 51019
1760005798541 11.93726921081543 51029
1760005798902 11.65589714050293 51039
1760005799268 11.554780006408691 51049
1760005799620 11.719402313232422 51059
1760005799973 11.776204109191895 51069
1760005800325 11.446495056152344 51079
1760005800682 11.590048789978027 51089
1760005801045 11.741375923156738 51099
1760005801401 11.799692153930664 51109
1760005801750 11.751355171203613 51119
1760005802104 11.668581008911133 51129
1760005802456 11.643641471862793 51139
1760005802812 11.58399772644043 51149
1760005803176 11.825189590454102 51159
1760005803527 11.706961631774902 51169
1760005803880 11.721553802490234 51179
1760005804229 12.087051391601562 51189
1760005804586 11.788529396057129 51199
1760005804944 11.546977996826172 51209
1760005805300 11.638893127441406 51219
1760005805664 11.669775009155273 51229
1760005806016 11.647857666015625 51239
1760005806375 11.52957534790039 51249
1760005806734 11.733413696289062 51259
1760005807093 11.45706558227539 51269
1760005807451 11.599361419677734 51279
1760005807777 11.506434440612793 51289
1760005808051 11.718280792236328 51299
1760005808286 11.637629508972168 51309
1760005808499 11.71687126159668 51319
1760005808717 11.712294578552246 51329
1760005808939 11.753421783447266 51339
1760005809209 12.178028106689453 51349
1760005809592 11.678346633911133 51359
1760005809965 11.414009094238281 51369
1760005810340 11.593291282653809 51379
1760005810717 11.767578125 51389
1760005811099 11.559087753295898 51399
1760005811474 11.658292770385742 51409
1760005811859 11.808914184570312 51419
1760005812231 11.552127838134766 51429
1760005812603 11.758917808532715 51439
1760005812981 11.662718772888184 51449
1760005813354 11.488033294677734 51459
1760005813715 11.599482536315918 51469
1760005814075 11.403156280517578 51479
1760005814419 11.572965621948242 51489
1760005814775 12.066490173339844 51499
1760005815131 11.602041244506836 51509
1760005815481 11.66292667388916 51519
1760005815827 11.52834701538086 51529
1760005816178 11.572301864624023 51539
1760005816530 11.55470085144043 51549
1760005816879 11.486963272094727 51559
1760005817242 11.63114070892334 51569
1760005817591 12.00765323638916 51579
1760005817938 11.48732852935791 51589
1760005818287 11.52895736694336 51599
1760005818633 11.329179763793945 51609
1760005818975 11.598995208740234 51619
1760005819324 11.45121955871582 51629
1760005819673 11.431031227111816 51639
1760005820027 11.718629837036133 51649
1760005820378 11.589216232299805 51659
1760005820733 11.609460830688477 51669
1760005821096 11.584308624267578 51679
1760005821459 11.450077056884766 51689
1760005821825 11.473809242248535 51699
1760005822199 11.521855354309082 51709
1760005822564 11.783862113952637 51719
1760005822934 11.48501205444336 51729
1760005823310 11.482006072998047 51739
1760005823678 11.385704040527344 51749
1760005824044 11.611898422241211 51759
1760005824413 11.611026763916016 51769
1760005824785 11.390040397644043 51779
1760005825152 11.623861312866211 51789
1760005825523 11.633672714233398 51799
1760005825897 11.483236312866211 51809
1760005826268 11.644105911254883 51819
1760005826649 11.633544921875 51829
1760005827017 11.47956657409668 51839
1760005827388 11.426140785217285 51849
1760005827764 11.625248908996582 51859
1760005828145 11.38320255279541 51869
1760005828522 11.561291694641113 51879
1760005828900 11.553868293762207 51889
1760005829268 11.234359741210938 51899
1760005829633 11.471063613891602 51909
1760005829999 11.4337797164917 51919
1760005830372 11.632953643798828 51929
1760005830742 11.534500122070312 51939
1760005831108 11.462934494018555 51949
1760005831484 11.512880325317383 51959
1760005831850 11.090909004211426 51969
1760005832215 11.415799140930176 51979
1760005832581 11.261351585388184 51989
1760005832971 11.495584487915039 51999
1760005833338 11.58169937133789 52009
1760005833705 11.53423023223877 52019
1760005834077 11.666635513305664 52029
1760005834439 11.511383056640625 52039
1760005834789 11.440420150756836 52049
1760005835145 11.405692100524902 52059
1760005835493 11.260055541992188 52069
1760005835853 11.146134376525879 52079
1760005836203 11.54769515991211 52089
1760005836551 11.762983322143555 52099
1760005836901 11.394536972045898 52109
1760005837252 11.362709999084473 52119
1760005837602 11.32949447631836 52129
1760005837968 10.985931396484375 52139
1760005838318 11.631324768066406 52149
1760005838669 11.433756828308105 52159
1760005839021 11.685741424560547 52169
1760005839370 11.507895469665527 52179
1760005839725 11.313446998596191 52189
1760005840079 11.531227111816406 52199
1760005840439 11.708073616027832 52209
1760005840790 11.389796257019043 52219
1760005841141 11.580422401428223 52229
1760005841493 11.503852844238281 52239
1760005841863 11.634501457214355 52249
1760005842233 11.273981094360352 52259
1760005842604 11.599251747131348 52269
1760005842970 11.473153114318848 52279
1760005843338 11.382506370544434 52289
1760005843711 11.314835548400879 52299
1760005844085 11.327598571777344 52309
1760005844451 11.396944046020508 52319
1760005844821 11.39219856262207 52329
1760005845187 11.443981170654297 52339
1760005845552 11.177610397338867 52349
1760005845914 11.350461959838867 52359
1760005846283 11.415488243103027 52369
1760005847157 11.338106155395508 52379
1760005847514 11.467704772949219 52389
1760005847868 11.2200288772583 52399
1760005848222 11.41460132598877 52409
1760005848576 11.38360595703125 52419
1760005848936 11.278153419494629 52429
1760005849297 11.417993545532227 52439
1760005849656 11.246940612792969 52449
1760005850015 11.607730865478516 52459
1760005850375 11.549333572387695 52469
1760005850735 11.3587064743042 52479
1760005851096 11.342866897583008 52489
1760005851454 11.108131408691406 52499
1760005866487 11.45313835144043 52509
1760005866841 11.27496337890625 52519
1760005867199 12.260299682617188 52529
1760005867549 11.653465270996094 52539
1760005867904 11.642248153686523 52549
1760005868262 12.108613967895508 52559
1760005868652 11.664012908935547 52569
1760005869016 12.02151107788086 52579
1760005869384 12.050241470336914 52589
1760005869768 11.783665657043457 52599
1760005870124 11.804990768432617 52609
1760005870484 11.8325834274292 52619
1760005870846 11.851027488708496 52629
1760005871215 11.932920455932617 52639
1760005871584 11.834096908569336 52649
1760005871953 11.892765998840332 52659
1760005872329 11.601006507873535 52669
1760005872698 11.874763488769531 52679
1760005873072 11.706517219543457 52689
1760005873445 11.848934173583984 52699
1760005873820 11.678838729858398 52709
1760005874196 11.987046241760254 52719
1760005874571 11.778202056884766 52729
1760005874944 12.017793655395508 52739
1760005875323 11.924822807312012 52749
1760005875693 11.783039093017578 52759
1760005876069 11.524600982666016 52769
1760005876439 11.49599552154541 52779
1760005876809 11.787454605102539 52789
1760005877179 11.53030776977539 52799
1760005877548 11.888517379760742 52809
1760005877924 11.611109733581543 52819
1760005878292 11.842254638671875 52829
1760005878645 11.93069839477539 52839
1760005879009 11.468818664550781 52849
1760005879374 11.719120025634766 52859
1760005879730 11.920564651489258 52869
1760005880098 11.72872543334961 52879
1760005880471 11.889187812805176 52889
1760005880843 11.865045547485352 52899
1760005881219 11.544965744018555 52909
1760005881592 11.980083465576172 52919
1760005881970 11.681943893432617 52929
1760005882341 11.893674850463867 52939
1760005882712 11.666009902954102 52949
1760005883082 11.788437843322754 52959
1760005883456 11.770691871643066 52969
1760005883827 11.815576553344727 52979
1760005884201 11.937047004699707 52989
1760005884580 11.682311058044434 52999
1760005884955 11.581903457641602 53009
1760005885421 11.622953414916992 53019
1760005885856 12.04904842376709 53029
1760005886233 11.565389633178711 53039
1760005886606 11.51032829284668 53049
1760005886984 11.94283676147461 53059
1760005887357 11.6992826461792 53069
1760005887728 11.641794204711914 53079
1760005888098 11.839155197143555 53089
1760005888474 11.78292465209961 53099
1760005888847 11.811235427856445 53109
1760005889222 11.914609909057617 53119
1760005889601 12.139242172241211 53129
1760005889978 11.53829574584961 53139
1760005890350 11.500860214233398 53149
1760005890727 11.2630615234375 53159
1760005891103 11.890735626220703 53169
1760005891477 11.534753799438477 53179
1760005891856 11.82394027709961 53189
1760005892230 11.729965209960938 53199
1760005892605 11.500807762145996 53209
1760005892979 11.348644256591797 53219
1760005893357 11.444565773010254 53229
1760005893733 11.581499099731445 53239
1760005894114 11.641074180603027 53249
1760005894487 11.767553329467773 53259
1760005894865 11.898208618164062 53269
1760005895242 11.578899383544922 53279
1760005895621 11.74059772491455 53289
1760005895997 11.626526832580566 53299
1760005896375 11.779558181762695 53309
1760005896748 11.889582633972168 53319
1760005897124 11.47649097442627 53329
1760005897494 11.76522445678711 53339
1760005897874 11.527605056762695 53349
1760005898253 11.911545753479004 53359
1760005898631 11.762715339660645 53369
1760005899006 11.68000602722168 53379
1760005899382 11.75173282623291 53389
1760005899773 11.553598403930664 53399
1760005900152 11.810991287231445 53409
1760005900537 11.281376838684082 53419
1760005900908 11.596220016479492 53429
1760005901278 11.65912914276123 53439
1760005901649 11.694787979125977 53449
1760005902028 11.610614776611328 53459
1760005902401 11.644973754882812 53469
1760005902772 11.928946495056152 53479
1760005903145 11.727867126464844 53489
1760005903520 11.851877212524414 53499
1760005903896 11.537576675415039 53509
1760005904268 11.413274765014648 53519
1760005904638 11.429458618164062 53529
1760005905012 11.261777877807617 53539
1760005905385 11.782827377319336 53549
1760005905756 11.27239990234375 53559
1760005906125 11.50204849243164 53569
1760005906497 11.351913452148438 53579
1760005906868 11.571718215942383 53589
1760005907240 11.336000442504883 53599
1760005907608 11.31406307220459 53609
1760005907976 11.523110389709473 53619
1760005908349 11.399477005004883 53629
1760005908718 11.828330993652344 53639
1760005909089 11.61848258972168 53649
1760005909459 11.697032928466797 53659
1760005909828 11.434955596923828 53669
1760005910198 11.373157501220703 53679
1760005910574 11.38330078125 53689
1760005910945 11.570201873779297 53699
1760005911323 11.524364471435547 53709
1760005911694 11.62338924407959 53719
1760005912067 11.381120681762695 53729
1760005912437 11.609424591064453 53739
1760005912808 11.696163177490234 53749
1760005913183 11.611799240112305 53759
1760005913554 11.595552444458008 53769
1760005913925 11.984973907470703 53779
1760005914296 11.756068229675293 53789
1760005914666 11.506378173828125 53799
1760005915041 11.470403671264648 53809
1760005915415 11.451126098632812 53819
1760005915787 11.390083312988281 53829
1760005916160 11.242372512817383 53839
1760005916537 11.465604782104492 53849
1760005916912 11.56477165222168 53859
1760005917288 11.543985366821289 53869
1760005917659 11.437114715576172 53879
1760005918029 11.445589065551758 53889
1760005918399 11.45791244506836 53899
1760005918770 11.381759643554688 53909
1760005919140 11.568717002868652 53919
1760005919522 11.613494873046875 53929
1760005919896 11.438972473144531 53939
1760005920273 11.291770935058594 53949
1760005920645 11.489368438720703 53959
1760005921017 11.528824806213379 53969
1760005921391 11.412311553955078 53979
1760005921771 11.007492065429688 53989
1760005922144 11.09859848022461 53999
1760005922523 11.503889083862305 54009
1760005922896 11.35823917388916 54019
1760005923274 11.686554908752441 54029
1760005923652 11.24761962890625 54039
1760005924029 11.263725280761719 54049
1760005924410 11.72920036315918 54059
1760005924785 11.247699737548828 54069
1760005925163 11.482975006103516 54079
1760005925542 11.501346588134766 54089
1760005925921 11.267683029174805 54099
1760005926299 11.485483169555664 54109
1760005926682 11.43883991241455 54119
1760005927063 11.38382339477539 54129
1760005927445 11.160552024841309 54139
1760005927825 11.542339324951172 54149
1760005928198 11.294403076171875 54159
1760005928569 11.762969017028809 54169
1760005928941 11.174041748046875 54179
1760005929314 11.411083221435547 54189
1760005929695 11.200733184814453 54199
1760005930068 11.319465637207031 54209
1760005930440 11.433820724487305 54219
1760005930815 11.312697410583496 54229
1760005931188 11.43030071258545 54239
1760005931561 11.112998008728027 54249
1760005931936 11.5439453125 54259
1760005932318 11.379461288452148 54269
1760005932691 11.084920883178711 54279
1760005933066 11.330305099487305 54289
1760005933437 11.27149486541748 54299
1760005933811 11.319656372070312 54309
1760005934186 11.428770065307617 54319
1760005934569 11.33431339263916 54329
1760005934945 11.48985481262207 54339
1760005935319 11.500516891479492 54349
1760005935706 11.33736801147461 54359
1760005936080 11.481468200683594 54369
1760005936462 11.154422760009766 54379
1760005936840 11.348419189453125 54389
1760005937214 11.528266906738281 54399
1760005937594 11.237512588500977 54409
1760005937975 11.380363464355469 54419
1760005938347 11.284521102905273 54429
1760005938724 11.60494613647461 54439
1760005939103 11.435868263244629 54449
1760005939480 11.252117156982422 54459
1760005939852 11.608142852783203 54469
1760005940222 11.134601593017578 54479
1760005940605 11.140403747558594 54489
1760005940981 11.16271686553955 54499
1760005941358 11.366401672363281 54509
1760005941732 11.350631713867188 54519
1760005942110 11.573989868164062 54529
1760005942481 11.53707504272461 54539
1760005942853 11.885160446166992 54549
1760005943223 11.627065658569336 54559
1760005943594 11.702156066894531 54569
1760005943966 11.953940391540527 54579
1760005944341 11.577095031738281 54589
1760005944709 11.790884017944336 54599
1760005945074 11.606966018676758 54609
1760005945447 11.69907283782959 54619
1760005945801 11.902833938598633 54629
1760005946160 11.739001274108887 54639
1760005946529 11.960782051086426 54649
1760005946895 11.818160057067871 54659
1760005947264 11.926416397094727 54669
1760005947635 11.936052322387695 54679
1760005948004 11.536341667175293 54689
1760005948374 11.809613227844238 54699
1760005948743 11.759087562561035 54709
1760005949113 11.409079551696777 54719
1760005949483 11.651833534240723 54729
1760005949855 11.542793273925781 54739
1760005950226 11.679808616638184 54749
1760005950597 11.625710487365723 54759
1760005950965 11.714568138122559 54769
1760005951335 11.780864715576172 54779
1760005951703 11.693023681640625 54789
1760005952071 11.693400382995605 54799
1760005952443 11.710514068603516 54809
1760005952812 11.609161376953125 54819
1760005953181 11.61513900756836 54829
1760005953550 11.376876831054688 54839
1760005953921 11.805912017822266 54849
1760005954289 11.809708595275879 54859
1760005954660 11.593393325805664 54869
1760005955031 11.842509269714355 54879
1760005955403 11.85672378540039 54889
1760005955772 11.93209457397461 54899
1760005956143 11.582536697387695 54909
1760005956515 11.641263961791992 54919
1760005956886 11.485304832458496 54929
1760005957258 11.923540115356445 54939
1760005957629 11.61141300201416 54949
1760005958002 11.549018859863281 54959
1760005958360 11.641462326049805 54969
1760005958717 11.689523696899414 54979
1760005959075 11.853521347045898 54989
1760005959436 11.541868209838867 54999
1760005959798 11.7269868850708 55009
1760005960162 11.484758377075195 55019
1760005960527 11.855427742004395 55029
1760005960890 11.819894790649414 55039
1760005961255 11.707470893859863 55049
1760005961620 11.787002563476562 55059
1760005961987 11.591636657714844 55069
1760005962347 12.195159912109375 55079
1760005962707 11.287391662597656 55089
1760005963070 11.753206253051758 55099
1760005963435 11.716041564941406 55109
1760005963802 11.75345516204834 55119
1760005964166 11.614789962768555 55129
1760005964532 11.741930961608887 55139
1760005964890 11.725460052490234 55149
1760005965209 11.721431732177734 55159
1760005965476 11.708578109741211 55169
1760005965704 11.600109100341797 55179
1760005965917 11.58265495300293 55189
1760005966129 11.51040267944336 55199
1760005966432 11.826896667480469 55209
1760005966766 11.79745864868164 55219
1760005967123 11.543452262878418 55229
1760005967496 11.922122955322266 55239
1760005967874 11.725666999816895 55249
1760005968248 11.550168991088867 55259
1760005968606 11.586660385131836 55269
1760005968960 11.513187408447266 55279
1760005969314 11.526296615600586 55289
1760005969669 11.63473129272461 55299
1760005970025 11.8056001663208 55309
1760005970385 11.473213195800781 55319
1760005970741 11.786678314208984 55329
1760005971092 11.657291412353516 55339
1760005971452 11.5945463180542 55349
1760005971810 11.72640323638916 55359
1760005972173 11.629678726196289 55369
1760005972534 11.680110931396484 55379
1760005972890 11.69784927368164 55389
1760005973244 11.733102798461914 55399
1760005973604 11.452507972717285 55409
1760005973959 11.697272300720215 55419
1760005974319 11.437766075134277 55429
1760005974672 11.50086498260498 55439
1760005975039 11.285566329956055 55449
1760005975408 11.449596405029297 55459
1760005975776 11.874032974243164 55469
1760005976146 11.118921279907227 55479
1760005976513 11.530208587646484 55489
1760005976887 11.662628173828125 55499
1760005977253 11.623115539550781 55509
1760005977634 11.283836364746094 55519
1760005978008 11.80967903137207 55529
1760005978379 11.68700122833252 55539
1760005978749 11.389362335205078 55549
1760005979117 11.999249458312988 55559
1760005979485 11.31519889831543 55569
1760005979857 11.381990432739258 55579
1760005980231 11.479571342468262 55589
1760005980598 11.599080085754395 55599
1760005980980 11.297004699707031 55609
1760005981356 11.565452575683594 55619
1760005981724 11.742695808410645 55629
1760005982095 11.332691192626953 55639
1760005982465 11.414223670959473 55649
1760005982837 11.526357650756836 55659
1760005983220 11.589496612548828 55669
1760005983597 11.491506576538086 55679
1760005983976 11.452423095703125 55689
1760005984348 11.819881439208984 55699
1760005984718 11.501412391662598 55709
1760005985091 11.490716934204102 55719
1760005985473 11.61909008026123 55729
1760005985851 11.937313079833984 55739
1760005986229 11.447433471679688 55749
1760005986605 11.372983932495117 55759
1760005986980 11.542289733886719 55769
1760005987357 11.254875183105469 55779
1760005987739 11.65112590789795 55789
1760005988126 11.79853343963623 55799
1760005988509 11.704923629760742 55809
1760005988892 11.435392379760742 55819
1760005989262 11.489389419555664 55829
1760005989629 11.724874496459961 55839
1760005989998 11.325443267822266 55849
1760005990369 11.382022857666016 55859
1760005990743 11.34298038482666 55869
1760005991121 11.381781578063965 55879
1760005991494 11.712465286254883 55889
1760005991863 11.188678741455078 55899
1760005992234 11.39035415649414 55909
1760005992602 11.609184265136719 55919
1760005992973 11.347911834716797 55929
1760005993346 11.424442291259766 55939
1760005993718 11.597164154052734 55949
1760005994089 11.495074272155762 55959
1760005994461 11.547625541687012 55969
1760005994830 11.436637878417969 55979
1760005995202 11.538323402404785 55989
1760005995576 11.414647102355957 55999
1760005995948 11.493407249450684 56009
1760005996323 11.252116203308105 56019
1760005996696 11.383798599243164 56029
1760005997072 11.430746078491211 56039
1760005997454 11.148429870605469 56049
1760005997837 11.645757675170898 56059
1760005998219 11.210928916931152 56069
1760005998599 11.313899993896484 56079
1760005998980 11.341922760009766 56089
1760005999362 11.475944519042969 56099
1760005999742 11.349470138549805 56109
1760006000117 11.576774597167969 56119
1760006000492 11.355374336242676 56129
1760006000866 11.002225875854492 56139
1760006001243 11.577198028564453 56149
1760006001619 11.259313583374023 56159
1760006001993 11.551337242126465 56169
1760006002367 11.188912391662598 56179
1760006002740 11.142756462097168 56189
1760006003115 11.513961791992188 56199
1760006003488 11.309499740600586 56209
1760006003863 11.319194793701172 56219
1760006004237 11.16305160522461 56229
1760006004607 11.371318817138672 56239
1760006004975 11.579389572143555 56249
1760006005341 11.18752384185791 56259
1760006005708 11.600213050842285 56269
1760006006076 11.274317741394043 56279
1760006006441 11.508172988891602 56289
1760006006806 11.309130668640137 56299
1760006007174 11.525514602661133 56309
1760006007547 11.1870756149292 56319
1760006007918 11.508756637573242 56329
1760006008278 11.425765037536621 56339
1760006008632 11.219179153442383 56349
1760006008986 11.743135452270508 56359
1760006009350 11.315668106079102 56369
1760006009708 11.275224685668945 56379
1760006010063 11.617292404174805 56389
1760006010420 11.516834259033203 56399
1760006010776 11.28950309753418 56409
1760006011645 11.54269790649414 56419
1760006011995 11.321619033813477 56429
1760006012342 11.232192993164062 56439
1760006012690 11.492207527160645 56449
1760006013038 11.29708480834961 56459
1760006013386 11.097723960876465 56469
1760006013737 11.334942817687988 56479
1760006014088 11.170737266540527 56489
1760006014437 11.220528602600098 56499
1760006014787 11.326716423034668 56509
1760006015136 11.463788986206055 56519
1760006015484 11.123527526855469 56529
1760006015831 11.2652587890625 56539
1760006029745 11.316112518310547 56549
1760006030124 11.368078231811523 56559
1760006030512 12.443078994750977 56569
1760006030905 12.048480987548828 56579
1760006031296 12.046706199645996 56589
1760006031666 11.799884796142578 56599
1760006032108 11.717426300048828 56609
1760006032473 11.927074432373047 56619
1760006032831 11.808809280395508 56629
1760006033190 11.892278671264648 56639
1760006033549 11.49319839477539 56649
1760006033909 11.679304122924805 56659
1760006034297 11.765764236450195 56669
1760006034657 11.771867752075195 56679
1760006035029 11.600046157836914 56689
1760006035400 11.848474502563477 56699
1760006035768 11.711885452270508 56709
1760006036149 11.660958290100098 56719
1760006036526 11.917126655578613 56729
1760006036903 11.83048152923584 56739
1760006037278 11.657712936401367 56749
1760006037644 11.482407569885254 56759
1760006038023 11.549052238464355 56769
1760006038394 11.527770042419434 56779
1760006038765 11.712677955627441 56789
1760006039148 11.74907112121582 56799
1760006039530 11.739974021911621 56809
1760006039907 11.703639030456543 56819
1760006040290 11.424654006958008 56829
1760006040655 11.721044540405273 56839
1760006041027 11.915207862854004 56849
1760006041400 11.74843692779541 56859
1760006041791 11.560297012329102 56869
1760006042165 11.780472755432129 56879
1760006042538 11.820928573608398 56889
1760006042904 12.116700172424316 56899
1760006043262 11.62032699584961 56909
1760006043630 11.523092269897461 56919
1760006043987 11.782846450805664 56929
1760006044360 11.476567268371582 56939
1760006044728 11.743606567382812 56949
1760006045098 11.84609603881836 56959
1760006045468 11.622808456420898 56969
1760006045836 11.736427307128906 56979
1760006046206 11.68642807006836 56989
1760006046574 11.649145126342773 56999
1760006046942 11.223194122314453 57009
1760006047312 11.684715270996094 57019
1760006047680 11.706535339355469 57029
1760006048055 11.634937286376953 57039
1760006048421 11.742815017700195 57049
1760006048793 11.84487533569336 57059
1760006049164 12.018318176269531 57069
1760006049534 11.701706886291504 57079
1760006049911 11.786514282226562 57089
1760006050270 11.654075622558594 57099
1760006050629 11.690916061401367 57109
1760006050985 11.739060401916504 57119
1760006051338 11.612452507019043 57129
1760006051697 11.459437370300293 57139
1760006052049 11.57866382598877 57149
1760006052409 11.339958190917969 57159
1760006052760 11.749225616455078 57169
1760006053112 11.260995864868164 57179
1760006053463 11.812889099121094 57189
1760006053818 11.310388565063477 57199
1760006054174 11.40312385559082 57209
1760006054526 11.763023376464844 57219
1760006054879 11.579710006713867 57229
1760006055243 11.721488952636719 57239
1760006055597 11.580469131469727 57249
1760006055956 11.677743911743164 57259
1760006056314 11.558197021484375 57269
1760006056670 11.836276054382324 57279
1760006057034 11.758180618286133 57289
1760006057392 11.900620460510254 57299
1760006057753 11.574026107788086 57309
1760006058109 11.74665641784668 57319
1760006058483 11.667264938354492 57329
1760006058847 11.839473724365234 57339
1760006059214 11.58769702911377 57349
1760006059579 11.369056701660156 57359
1760006059935 11.305778503417969 57369
1760006060288 11.82181167602539 57379
1760006060644 11.570838928222656 57389
1760006060998 11.662388801574707 57399
1760006061352 11.733379364013672 57409
1760006061703 11.469844818115234 57419
1760006062073 11.55394458770752 57429
1760006062425 11.60944938659668 57439
1760006062784 11.643978118896484 57449
1760006063140 11.746767044067383 57459
1760006063496 11.473691940307617 57469
1760006063851 11.682891845703125 57479
1760006064207 11.825945854187012 57489
1760006064564 11.520208358764648 57499
1760006064917 11.574585914611816 57509
1760006065273 11.516532897949219 57519
1760006065627 11.742942810058594 57529
1760006065990 11.48948860168457 57539
1760006066352 11.68504524230957 57549
1760006066714 11.559343338012695 57559
1760006067072 11.662358283996582 57569
1760006067438 11.555078506469727 57579
1760006067796 11.663056373596191 57589
1760006068161 11.293346405029297 57599
1760006068522 11.467622756958008 57609
1760006068883 11.522956848144531 57619
1760006069250 11.265960693359375 57629
1760006069622 11.583054542541504 57639
1760006069981 11.543246269226074 57649
1760006070337 11.663360595703125 57659
1760006070709 11.427131652832031 57669
1760006071070 11.535469055175781 57679
1760006071432 11.411219596862793 57689
1760006071794 11.634559631347656 57699
1760006072156 11.433488845825195 57709
1760006072511 11.461149215698242 57719
1760006072881 11.721567153930664 57729
1760006073246 11.798135757446289 57739
1760006073619 11.336021423339844 57749
1760006073983 11.843975067138672 57759
1760006074353 11.391347885131836 57769
1760006074716 11.462780952453613 57779
1760006075079 11.506952285766602 57789
1760006075441 11.341251373291016 57799
1760006075806 11.302310943603516 57809
1760006076177 11.264514923095703 57819
1760006076549 11.420053482055664 57829
1760006076915 11.656033515930176 57839
1760006077280 11.452499389648438 57849
1760006077641 11.50596809387207 57859
1760006078014 11.27461051940918 57869
1760006078381 11.271044731140137 57879
1760006078752 11.203154563903809 57889
1760006079121 11.338159561157227 57899
1760006079491 11.871180534362793 57909
1760006079856 11.53982925415039 57919
1760006080224 11.349647521972656 57929
1760006080596 11.324195861816406 57939
1760006080964 11.365931510925293 57949
1760006081333 11.420169830322266 57959
1760006081708 11.466148376464844 57969
1760006082076 11.220940589904785 57979
1760006082445 11.263880729675293 57989
1760006082817 11.607694625854492 57999
1760006083187 11.271284103393555 58009
1760006083553 11.386771202087402 58019
1760006083908 11.533461570739746 58029
1760006084266 11.60560417175293 58039
1760006084623 11.402546882629395 58049
1760006084987 11.531707763671875 58059
1760006085358 11.501482009887695 58069
1760006085719 11.356555938720703 58079
1760006086090 11.460870742797852 58089
1760006086468 11.432188034057617 58099
1760006086841 11.166010856628418 58109
1760006087214 11.343961715698242 58119
1760006087590 11.278797149658203 58129
1760006087969 11.31472396850586 58139
1760006088352 11.282440185546875 58149
1760006088741 11.230714797973633 58159
1760006089126 11.602282524108887 58169
1760006089503 11.278855323791504 58179
1760006089885 11.179715156555176 58189
1760006090262 11.098847389221191 58199
1760006090635 11.297256469726562 58209
1760006090994 11.037784576416016 58219
1760006091354 11.093969345092773 58229
1760006091710 11.21455192565918 58239
1760006092072 11.0368013381958 58249
1760006092452 11.249422073364258 58259
1760006092831 11.305254936218262 58269
1760006093195 11.34261703491211 58279
1760006093559 11.211679458618164 58289
1760006093921 11.384847640991211 58299
1760006094285 11.031351089477539 58309
1760006094643 11.454548835754395 58319
1760006095009 11.29681396484375 58329
1760006095366 11.49523639678955 58339
1760006095724 11.367854118347168 58349
1760006096094 11.278486251831055 58359
1760006096452 11.480541229248047 58369
1760006096812 11.47293758392334 58379
1760006097170 11.405383110046387 58389
1760006097530 11.47972297668457 58399
1760006097892 11.224555969238281 58409
1760006098250 11.378181457519531 58419
1760006098614 11.374471664428711 58429
1760006098977 11.095025062561035 58439
1760006099336 11.241605758666992 58449
1760006099698 11.410383224487305 58459
1760006100049 11.520061492919922 58469
1760006100405 10.947164535522461 58479
1760006100761 11.41119384765625 58489
1760006101124 11.455318450927734 58499
1760006101474 11.739753723144531 58509
1760006101843 11.233248710632324 58519
1760006102196 11.284040451049805 58529
1760006102551 11.290300369262695 58539
1760006102923 11.250988006591797 58549
1760006103301 11.06624984741211 58559
1760006103666 11.632139205932617 58569
1760006103992 11.2510986328125 58579
1760006104261 12.029425621032715 58589
1760006104493 12.211977005004883 58599
1760006104704 11.77133560180664 58609
1760006105039 11.78624439239502 58619
1760006105365 11.60388469696045 58629
1760006105733 11.609588623046875 58639
1760006106117 11.849759101867676 58649
1760006106477 11.5269775390625 58659
1760006106841 11.773782730102539 58669
1760006107199 11.638021469116211 58679
1760006107560 11.8199462890625 58689
1760006107927 11.676231384277344 58699
1760006108291 11.461718559265137 58709
1760006108660 11.687882423400879 58719
1760006109020 11.673808097839355 58729
1760006109400 11.897101402282715 58739
1760006109766 11.597311019897461 58749
1760006110154 11.511911392211914 58759
1760006110539 11.502704620361328 58769
1760006110904 11.579214096069336 58779
1760006111289 11.460955619812012 58789
1760006111673 11.497596740722656 58799
1760006112038 11.560077667236328 58809
1760006112425 11.735818862915039 58819
1760006112809 11.634761810302734 58829
1760006113178 11.701576232910156 58839
1760006113550 11.698278427124023 58849
1760006113933 11.736562728881836 58859
1760006114292 11.770528793334961 58869
1760006114672 11.629528045654297 58879
1760006115054 11.496270179748535 58889
1760006115410 11.470962524414062 58899
1760006115797 11.774152755737305 58909
1760006116150 11.756410598754883 58919
1760006116509 12.014333724975586 58929
1760006116857 11.4503755569458 58939
1760006117204 11.697893142700195 58949
1760006117553 12.204469680786133 58959
1760006117909 11.640813827514648 58969
1760006118254 11.538469314575195 58979
1760006118608 11.589367866516113 58989
1760006118967 11.773836135864258 58999
1760006119329 11.617061614990234 59009
1760006119682 11.585201263427734 59019
1760006120037 11.698261260986328 59029
1760006120391 11.269641876220703 59039
1760006120744 11.657466888427734 59049
1760006121096 11.62930965423584 59059
1760006121450 11.575894355773926 59069
1760006121800 11.574235916137695 59079
1760006122153 11.778480529785156 59089
1760006122508 11.742433547973633 59099
1760006122859 11.694890975952148 59109
1760006123212 11.325864791870117 59119
1760006123563 11.66153621673584 59129
1760006123916 11.5789213180542 59139
1760006124269 11.524669647216797 59149
1760006124627 11.326921463012695 59159
1760006124979 11.63197135925293 59169
1760006125332 11.578948974609375 59179
1760006125687 11.570266723632812 59189
1760006126040 11.479049682617188 59199
1760006126393 11.654282569885254 59209
1760006126744 11.390886306762695 59219
1760006127107 11.525238037109375 59229
1760006127472 11.786382675170898 59239
1760006127826 11.315677642822266 59249
1760006128185 11.45029354095459 59259
1760006128550 11.854637145996094 59269
1760006128901 11.507030487060547 59279
1760006129253 11.651131629943848 59289
1760006129604 11.45865249633789 59299
1760006129964 11.495516777038574 59309
1760006130316 11.431386947631836 59319
1760006130667 11.687862396240234 59329
1760006131021 11.404099464416504 59339
1760006131374 11.571130752563477 59349
1760006131724 11.504268646240234 59359
1760006132076 11.545648574829102 59369
1760006132437 11.534767150878906 59379
1760006132790 11.745805740356445 59389
1760006133150 11.810439109802246 59399
1760006133503 11.437503814697266 59409
1760006133857 11.641386985778809 59419
1760006134206 11.430212020874023 59429
1760006134562 11.70001220703125 59439
1760006134920 11.44067668914795 59449
1760006135279 11.477481842041016 59459
1760006135603 11.868278503417969 59469
1760006135899 11.770750045776367 59479
1760006136140 11.460284233093262 59489
1760006136363 11.693412780761719 59499
1760006136582 11.610979080200195 59509
1760006136803 11.392142295837402 59519
1760006137024 11.45589542388916 59529
1760006137350 11.733440399169922 59539
1760006137679 11.536084175109863 59549
1760006138032 11.257558822631836 59559
1760006138390 11.617897033691406 59569
1760006138744 11.65156078338623 59579
1760006139096 11.577289581298828 59589
1760006139450 11.442804336547852 59599
1760006139804 11.575948715209961 59609
1760006140158 11.167905807495117 59619
1760006140512 11.51059341430664 59629
1760006140866 11.455414772033691 59639
1760006141221 11.306803703308105 59649
1760006141573 11.598142623901367 59659
1760006141926 11.466041564941406 59669
1760006142280 11.362815856933594 59679
1760006142640 11.534608840942383 59689
1760006142994 11.407794952392578 59699
1760006143349 11.52039623260498 59709
1760006143701 11.36407470703125 59719
1760006144057 11.474721908569336 59729
1760006144411 11.49139404296875 59739
1760006144762 11.323036193847656 59749
1760006145120 11.378511428833008 59759
1760006145480 11.579741477966309 59769
1760006145844 11.475807189941406 59779
1760006146195 11.392107963562012 59789
1760006146550 11.367600440979004 59799
1760006146901 11.230079650878906 59809
1760006147255 11.389480590820312 59819
1760006147608 11.31711196899414 59829
1760006147962 11.4181489944458 59839
1760006148315 11.51768684387207 59849
1760006148675 11.507949829101562 59859
1760006149033 11.25471019744873 59869
1760006149410 11.130733489990234 59879
1760006149823 11.597591400146484 59889
1760006150219 11.357429504394531 59899
1760006150602 11.275041580200195 59909
1760006150980 11.313215255737305 59919
1760006151364 11.438035011291504 59929
1760006151720 11.232451438903809 59939
1760006152074 11.301010131835938 59949
1760006152427 11.36198616027832 59959
1760006152779 11.334169387817383 59969
1760006153132 11.021946907043457 59979
1760006153487 11.642097473144531 59989
1760006153838 11.50706672668457 59999
1760006154193 11.281085968017578 60009
1760006154545 11.33543586730957 60019
1760006154894 11.425233840942383 60029
1760006155241 11.285858154296875 60039
1760006155587 11.467988967895508 60049
1760006155931 11.183246612548828 60059
1760006156256 11.273101806640625 60069
1760006156535 11.63753890991211 60079
1760006156771 11.276592254638672 60089
1760006156978 11.525803565979004 60099
1760006157176 11.20627212524414 60109
1760006157375 11.603010177612305 60119
1760006157571 11.22130298614502 60129
1760006157767 11.212528228759766 60139
1760006157964 11.2314453125 60149
1760006158162 11.357515335083008 60159
1760006158384 11.344006538391113 60169
1760006158641 11.243356704711914 60179
1760006158905 11.269015312194824 60189
1760006159224 11.263846397399902 60199
1760006159570 11.297080993652344 60209
1760006159916 11.476637840270996 60219
1760006160263 11.364383697509766 60229
1760006160609 11.279838562011719 60239
1760006160956 11.111139297485352 60249
1760006161303 11.334921836853027 60259
1760006161650 11.418681144714355 60269
1760006161996 11.316905975341797 60279
1760006162346 11.326749801635742 60289
1760006162693 11.31027889251709 60299
1760006163047 11.144648551940918 60309
1760006163400 11.377978324890137 60319
1760006163749 11.577908515930176 60329
1760006164102 11.510201454162598 60339
1760006164475 11.064521789550781 60349
1760006164826 10.845016479492188 60359
1760006165159 11.409138679504395 60369
1760006165429 11.151565551757812 60379
1760006165673 11.430269241333008 60389
1760006165877 11.20114517211914 60399
1760006166083 11.356555938720703 60409
1760006166299 11.314153671264648 60419
1760006166501 11.27955436706543 60429
1760006166806 11.058574676513672 60439
1760006167159 11.105293273925781 60449
1760006168043 11.36742877960205 60459
1760006168391 11.413459777832031 60469
1760006168734 10.993229866027832 60479
1760006169080 11.459196090698242 60489
1760006169425 11.187193870544434 60499
1760006169770 11.31625747680664 60509
1760006170116 11.145761489868164 60519
1760006170462 11.151557922363281 60529
1760006170805 11.03447151184082 60539
1760006171151 11.480301856994629 60549
1760006171497 11.476545333862305 60559
1760006171840 11.233536720275879 60569
1760006172182 11.225528717041016 60579
1760006185748 11.263863563537598 60589
1760006186158 11.038354873657227 60599
1760006186576 12.128934860229492 60609
1760006186933 11.98226547241211 60619
1760006187328 11.924827575683594 60629
1760006187662 11.842150688171387 60639
1760006188044 12.174365997314453 60649
1760006188375 11.818595886230469 60659
1760006188711 11.727289199829102 60669
1760006189044 11.613321304321289 60679
1760006189384 11.486770629882812 60689
1760006189724 11.446100234985352 60699
1760006190064 11.651250839233398 60709
1760006190424 11.524967193603516 60719
1760006190777 11.707839965820312 60729
1760006191133 11.514404296875 60739
1760006191491 11.680747032165527 60749
1760006191850 11.827554702758789 60759
1760006192210 11.592485427856445 60769
1760006192564 11.690191268920898 60779
1760006192919 11.380674362182617 60789
1760006193282 11.577421188354492 60799
1760006193641 11.512863159179688 60809
1760006194017 11.473396301269531 60819
1760006194370 11.474770545959473 60829
1760006194711 11.499042510986328 60839
1760006195080 11.650594711303711 60849
1760006195438 11.698917388916016 60859
1760006195802 11.934247970581055 60869
1760006196169 11.400093078613281 60879
1760006196527 11.475539207458496 60889
1760006196885 11.578775405883789 60899
1760006197275 11.720701217651367 60909
1760006197630 11.912643432617188 60919
1760006197987 11.995353698730469 60929
1760006198343 11.388093948364258 60939
1760006198710 11.490983963012695 60949
1760006199073 11.382440567016602 60959
1760006199462 11.613615989685059 60969
1760006199838 11.666047096252441 60979
1760006200228 11.529690742492676 60989
1760006200640 11.687102317810059 60999
1760006201021 11.433927536010742 61009
1760006201421 11.73010540008545 61019
1760006201788 11.913393020629883 61029
1760006202179 11.77601432800293 61039
1760006202537 11.384181022644043 61049
1760006202896 11.355476379394531 61059
1760006203260 11.547529220581055 61069
1760006203638 11.66865348815918 61079
1760006203994 11.51642894744873 61089
1760006204352 11.98078727722168 61099
1760006204707 11.761162757873535 61109
1760006205061 11.630685806274414 61119
1760006205419 11.605304718017578 61129
1760006205769 11.477483749389648 61139
1760006206116 11.695783615112305 61149
1760006206464 11.447486877441406 61159
1760006206808 11.596728324890137 61169
1760006207164 11.937101364135742 61179
1760006207505 11.767486572265625 61189
1760006207815 11.409828186035156 61199
1760006208132 11.598251342773438 61209
1760006208443 11.650874137878418 61219
1760006208750 11.815071105957031 61229
1760006209057 11.658792495727539 61239
1760006209364 11.542587280273438 61249
1760006209673 11.74032974243164 61259
1760006209986 11.54838752746582 61269
1760006210297 11.592118263244629 61279
1760006210603 11.693906784057617 61289
1760006210911 11.467897415161133 61299
1760006211218 11.617998123168945 61309
1760006211524 11.321124076843262 61319
1760006211834 11.612520217895508 61329
1760006212150 11.540088653564453 61339
1760006212456 11.30837631225586 61349
1760006212762 11.549463272094727 61359
1760006213070 11.634195327758789 61369
1760006213377 11.57658576965332 61379
1760006213717 11.491973876953125 61389
1760006214068 11.655763626098633 61399
1760006214419 11.485931396484375 61409
1760006214785 11.661263465881348 61419
1760006215156 11.703213691711426 61429
1760006215542 11.37085247039795 61439
1760006215908 11.397403717041016 61449
1760006216275 11.604537963867188 61459
1760006216643 11.608406066894531 61469
1760006217026 11.26612663269043 61479
1760006217392 11.607827186584473 61489
1760006217723 11.22102165222168 61499
1760006218071 11.560219764709473 61509
1760006218393 11.495308876037598 61519
1760006218736 11.30997085571289 61529
1760006219061 11.327515602111816 61539
1760006219374 11.586762428283691 61549
1760006219684 11.75388240814209 61559
1760006220010 11.309234619140625 61569
1760006220315 11.671512603759766 61579
1760006220679 11.571802139282227 61589
1760006221030 11.461362838745117 61599
1760006221385 11.439078330993652 61609
1760006221738 11.64654541015625 61619
1760006222104 11.648849487304688 61629
1760006222457 11.299674987792969 61639
1760006222811 11.279010772705078 61649
1760006223164 11.500593185424805 61659
1760006223517 11.625787734985352 61669
1760006223873 11.454275131225586 61679
1760006224226 11.34736156463623 61689
1760006224582 11.357294082641602 61699
1760006224937 11.438344955444336 61709
1760006225292 11.37675952911377 61719
1760006225644 11.24814224243164 61729
1760006225998 11.429896354675293 61739
1760006226357 11.32400131225586 61749
1760006226732 11.396018028259277 61759
1760006227090 11.543922424316406 61769
1760006227451 11.569765090942383 61779
1760006227804 11.393667221069336 61789
1760006228158 11.511554718017578 61799
1760006228511 11.539587020874023 61809
1760006228863 11.553861618041992 61819
1760006229218 11.52690315246582 61829
1760006229571 11.24740982055664 61839
1760006229924 11.349595069885254 61849
1760006230277 11.51031494140625 61859
1760006230630 11.242830276489258 61869
1760006230982 11.487409591674805 61879
1760006231336 11.448901176452637 61889
1760006231688 11.577741622924805 61899
1760006232039 11.260199546813965 61909
1760006232403 11.290573120117188 61919
1760006232809 11.171342849731445 61929
1760006233191 11.422355651855469 61939
1760006233542 11.326242446899414 61949
1760006233866 11.582437515258789 61959
1760006234210 11.394739151000977 61969
1760006234536 11.429560661315918 61979
1760006234892 11.35594654083252 61989
1760006235218 11.309412002563477 61999
1760006235559 11.270501136779785 62009
1760006235884 11.144659042358398 62019
1760006236213 11.251474380493164 62029
1760006236558 11.442445755004883 62039
1760006236942 11.31016731262207 62049
1760006237311 11.045370101928711 62059
1760006237669 11.29524040222168 62069
1760006238027 11.666744232177734 62079
1760006238380 11.641335487365723 62089
1760006238733 11.423882484436035 62099
1760006239092 11.224152565002441 62109
1760006239462 11.431438446044922 62119
1760006239815 11.258161544799805 62129
1760006240167 11.55908203125 62139
1760006240527 11.07291316986084 62149
1760006240880 11.258600234985352 62159
1760006241248 11.268156051635742 62169
1760006241601 11.425390243530273 62179
1760006241954 10.951674461364746 62189
1760006242309 11.28141975402832 62199
1760006242661 11.29466438293457 62209
1760006243015 11.293944358825684 62219
1760006243369 11.042856216430664 62229
1760006243737 11.174484252929688 62239
1760006244090 11.249162673950195 62249
1760006244444 11.133682250976562 62259
1760006244796 10.99867057800293 62269
1760006245149 11.183431625366211 62279
1760006245501 11.558768272399902 62289
1760006245868 11.174958229064941 62299
1760006246224 11.229358673095703 62309
1760006246574 11.276803016662598 62319
1760006246918 11.336179733276367 62329
1760006247264 11.294973373413086 62339
1760006247608 11.25030517578125 62349
1760006247961 11.17129135131836 62359
1760006248315 11.468888282775879 62369
1760006248660 11.28318977355957 62379
1760006249005 11.306513786315918 62389
1760006249349 11.41806411743164 62399
1760006249694 11.220245361328125 62409
1760006250041 11.371026039123535 62419
1760006250393 11.430867195129395 62429
1760006250767 11.303831100463867 62439
1760006251121 11.42262077331543 62449
1760006251481 11.065457344055176 62459
1760006251843 11.355878829956055 62469
1760006252169 11.420164108276367 62479
1760006252500 11.206761360168457 62489
1760006252899 11.266838073730469 62499
1760006253274 11.045011520385742 62509
1760006253666 11.483196258544922 62519
1760006254056 11.217315673828125 62529
1760006254442 11.203773498535156 62539
1760006254834 11.349639892578125 62549
1760006255189 11.129085540771484 62559
1760006255545 11.455699920654297 62569
1760006255899 11.263946533203125 62579
1760006256252 11.343160629272461 62589
1760006256607 11.21017074584961 62599
1760006256958 11.245945930480957 62609
1760006257311 11.264102935791016 62619
1760006257664 12.03353500366211 62629
1760006258018 11.896767616271973 62639
1760006258372 12.028299331665039 62649
1760006258725 11.563502311706543 62659
1760006259076 11.816360473632812 62669
1760006259429 11.896848678588867 62679
1760006259784 11.475091934204102 62689
1760006260136 11.705704689025879 62699
1760006260491 11.489293098449707 62709
1760006260846 11.769885063171387 62719
1760006261198 11.595176696777344 62729
1760006261549 11.429980278015137 62739
1760006261900 11.794647216796875 62749
1760006262251 11.541985511779785 62759
1760006262606 11.556344985961914 62769
1760006262972 11.600692749023438 62779
1760006263327 11.714273452758789 62789
1760006263677 11.960933685302734 62799
1760006264030 11.82130241394043 62809
1760006264381 11.77470588684082 62819
1760006264732 11.745975494384766 62829
1760006265084 11.806478500366211 62839
1760006265449 11.631401062011719 62849
1760006265800 11.71651840209961 62859
1760006266151 11.721711158752441 62869
1760006266500 11.733442306518555 62879
1760006266850 11.6727294921875 62889
1760006267203 11.576423645019531 62899
1760006267574 11.195712089538574 62909
1760006267950 11.511219024658203 62919
1760006268317 11.752884864807129 62929
1760006268691 11.440667152404785 62939
1760006269036 11.549125671386719 62949
1760006269393 11.644351959228516 62959
1760006269675 11.606660842895508 62969
1760006269969 11.50898551940918 62979
1760006270243 11.310396194458008 62989
1760006270531 11.526910781860352 62999
1760006270814 11.464546203613281 63009
1760006271099 11.495729446411133 63019
1760006271384 11.402864456176758 63029
1760006271665 11.674478530883789 63039
1760006271948 11.653063774108887 63049
1760006272218 11.628595352172852 63059
1760006272483 11.733696937561035 63069
1760006272751 11.558735847473145 63079
1760006273022 11.606715202331543 63089
1760006273356 11.545198440551758 63099
1760006273684 11.67845630645752 63109
1760006274008 11.574397087097168 63119
1760006274346 11.535529136657715 63129
1760006274675 11.505819320678711 63139
1760006275002 11.661091804504395 63149
1760006275323 11.459709167480469 63159
1760006275643 11.758338928222656 63169
1760006275965 11.577363967895508 63179
1760006276294 11.616756439208984 63189
1760006276624 11.70751953125 63199
1760006276951 11.428899765014648 63209
1760006277280 11.627262115478516 63219
1760006277602 11.500003814697266 63229
1760006277924 11.565343856811523 63239
1760006278248 11.487454414367676 63249
1760006278575 11.712602615356445 63259
1760006278903 11.443323135375977 63269
1760006279225 11.515986442565918 63279
1760006279547 11.490337371826172 63289
1760006279868 11.832321166992188 63299
1760006280189 11.578861236572266 63309
1760006280510 11.521279335021973 63319
1760006280831 11.519410133361816 63329
1760006281151 11.414888381958008 63339
1760006281475 11.737028121948242 63349
1760006281796 11.443716049194336 63359
1760006282118 11.51382827758789 63369
1760006282445 11.662458419799805 63379
1760006282767 11.774565696716309 63389
1760006283089 11.469488143920898 63399
1760006283409 11.413415908813477 63409
1760006283731 11.767463684082031 63419
1760006284054 11.798834800720215 63429
1760006284377 11.596475601196289 63439
1760006284700 11.481194496154785 63449
1760006285041 11.364770889282227 63459
1760006285388 11.532245635986328 63469
1760006285747 11.270368576049805 63479
1760006286092 11.448211669921875 63489
1760006286453 11.564765930175781 63499
1760006286791 11.589786529541016 63509
1760006287129 11.580806732177734 63519
1760006287417 11.504341125488281 63529
1760006287727 11.322853088378906 63539
1760006288014 11.578371047973633 63549
1760006288325 11.433147430419922 63559
1760006288644 11.410916328430176 63569
1760006288988 11.662639617919922 63579
1760006289318 11.798919677734375 63589
1760006289673 11.373913764953613 63599
1760006290030 11.469964981079102 63609
1760006290384 11.51024341583252 63619
1760006290740 11.576086044311523 63629
1760006291095 11.214104652404785 63639
1760006291451 11.380826950073242 63649
1760006291805 11.467738151550293 63659
1760006292156 11.314493179321289 63669
1760006292508 11.4034423828125 63679
1760006292859 11.51711654663086 63689
1760006293222 11.339614868164062 63699
1760006293590 11.618256568908691 63709
1760006293929 11.631599426269531 63719
1760006294282 11.390936851501465 63729
1760006294634 11.584908485412598 63739
1760006294988 11.21293830871582 63749
1760006295345 11.21937370300293 63759
1760006295736 11.5419340133667 63769
1760006296097 11.575291633605957 63779
1760006296450 11.462377548217773 63789
1760006296802 11.152267456054688 63799
1760006297154 11.52910041809082 63809
1760006297517 11.224172592163086 63819
1760006297877 11.416609764099121 63829
1760006298231 11.3673095703125 63839
1760006298594 11.716976165771484 63849
1760006298951 11.457635879516602 63859
1760006299309 11.381505966186523 63869
1760006299665 11.583538055419922 63879
1760006300024 11.877579689025879 63889
1760006300400 11.571916580200195 63899
1760006300752 11.314031600952148 63909
1760006301108 11.37507152557373 63919
1760006301464 11.019649505615234 63929
1760006301823 11.590559005737305 63939
1760006302213 11.546823501586914 63949
1760006302601 11.529644012451172 63959
1760006302988 11.330022811889648 63969
1760006303383 11.13655948638916 63979
1760006303782 11.281759262084961 63989
1760006304173 11.076911926269531 63999
1760006304558 11.581975936889648 64009
1760006304922 11.494003295898438 64019
1760006305274 11.163164138793945 64029
1760006305619 11.5096435546875 64039
1760006305971 11.664289474487305 64049
1760006306333 11.435140609741211 64059
1760006306705 11.344086647033691 64069
1760006307065 11.35798454284668 64079
1760006307416 11.294450759887695 64089
1760006307785 10.935478210449219 64099
1760006308130 11.207632064819336 64109
1760006308516 11.1539306640625 64119
1760006308910 11.322929382324219 64129
1760006309293 11.57342529296875 64139
1760006309683 11.242801666259766 64149
1760006310057 11.04311752319336 64159
1760006310432 11.423274040222168 64169
1760006310779 11.290502548217773 64179
1760006311128 11.044212341308594 64189
1760006311486 11.582172393798828 64199
1760006311839 11.11296272277832 64209
1760006312192 11.225231170654297 64219
1760006312551 11.21159553527832 64229
1760006312912 11.32708740234375 64239
1760006313265 11.145833969116211 64249
1760006313621 11.061945915222168 64259
1760006313976 11.32383918762207 64269
1760006314330 11.509769439697266 64279
1760006314690 11.05513858795166 64289
1760006315074 11.052841186523438 64299
1760006315449 11.044727325439453 64309
1760006315808 10.995401382446289 64319
1760006316161 11.049882888793945 64329
1760006316514 11.286273956298828 64339
1760006316867 11.289433479309082 64349
1760006317220 11.437973022460938 64359
1760006317575 11.425905227661133 64369
1760006317929 11.325496673583984 64379
1760006318283 11.397529602050781 64389
1760006318636 11.386433601379395 64399
1760006318998 11.187232971191406 64409
1760006319365 11.188801765441895 64419
1760006319717 11.368897438049316 64429
1760006320068 11.025517463684082 64439
1760006320422 11.14149284362793 64449
1760006320778 11.208785057067871 64459
1760006321132 11.054516792297363 64469
1760006321493 11.416237831115723 64479
1760006321852 11.290754318237305 64489
1760006322669 11.421168327331543 64499
1760006323019 11.618753433227539 64509
1760006323376 11.404273986816406 64519
1760006323751 11.31380844116211 64529
1760006324119 11.32302474975586 64539
1760006324505 11.120685577392578 64549
1760006324893 10.909270286560059 64559
1760006325267 11.078865051269531 64569
1760006325621 11.403657913208008 64579
1760006325967 11.001436233520508 64589
1760006326311 11.086591720581055 64599
1760006326662 11.101624488830566 64609
1760006326955 11.2283935546875 64619
1760006339605 11.33858871459961 64629
1760006339959 11.306779861450195 64639
1760006340318 12.027113914489746 64649
1760006340673 11.832252502441406 64659
1760006341031 11.848834991455078 64669
1760006341386 11.769842147827148 64679
1760006341761 11.396627426147461 64689
1760006342103 12.023550033569336 64699
1760006342492 11.713224411010742 64709
1760006342857 11.694526672363281 64719
1760006343202 11.712203979492188 64729
1760006343555 11.57463550567627 64739
1760006343916 11.63624382019043 64749
1760006344270 11.585958480834961 64759
1760006344625 11.61233139038086 64769
1760006344982 11.669113159179688 64779
1760006345345 11.599065780639648 64789
1760006345706 12.057578086853027 64799
1760006346072 12.0694580078125 64809
1760006346440 11.90988826751709 64819
1760006346795 11.648311614990234 64829
1760006347175 11.37057113647461 64839
1760006347579 11.82011890411377 64849
1760006348010 11.690624237060547 64859
1760006348414 11.661901473999023 64869
1760006348800 11.595112800598145 64879
1760006349188 11.913456916809082 64889
1760006349555 11.621955871582031 64899
1760006349925 11.888970375061035 64909
1760006350287 11.686416625976562 64919
1760006350648 11.569515228271484 64929
1760006351023 11.645976066589355 64939
1760006351385 11.739734649658203 64949
1760006351737 11.814986228942871 64959
1760006352091 11.567255020141602 64969
1760006352445 11.909862518310547 64979
1760006352797 11.780462265014648 64989
1760006353148 11.79133415222168 64999
1760006353502 11.676543235778809 65009
1760006353864 11.390174865722656 65019
1760006354217 11.641416549682617 65029
1760006354577 11.719175338745117 65039
1760006354929 11.654309272766113 65049
1760006355282 11.4456787109375 65059
1760006355636 11.718256950378418 65069
1760006355996 11.558914184570312 65079
1760006356348 11.578513145446777 65089
1760006356702 11.344844818115234 65099
1760006357063 11.488327980041504 65109
1760006357417 11.449578285217285 65119
1760006357771 11.531167030334473 65129
1760006358124 11.689847946166992 65139
1760006358485 11.492932319641113 65149
1760006358841 11.8674955368042 65159
1760006359210 11.504361152648926 65169
1760006359567 11.629530906677246 65179
1760006359922 11.47570514678955 65189
1760006360276 11.262903213500977 65199
1760006360638 11.624334335327148 65209
1760006360997 11.725761413574219 65219
1760006361372 11.690568923950195 65229
1760006361726 11.223051071166992 65239
1760006362080 11.784584045410156 65249
1760006362436 11.573720932006836 65259
1760006362798 11.616704940795898 65269
1760006363148 11.34608268737793 65279
1760006363508 11.629737854003906 65289
1760006363863 11.660750389099121 65299
1760006364239 11.184690475463867 65309
1760006364600 11.849176406860352 65319
1760006364969 11.339360237121582 65329
1760006365342 11.616943359375 65339
1760006365699 11.299966812133789 65349
1760006366081 11.263971328735352 65359
1760006366457 11.616336822509766 65369
1760006366816 11.737787246704102 65379
1760006367177 11.34227180480957 65389
1760006367546 11.723294258117676 65399
1760006367901 11.323217391967773 65409
1760006368258 11.307114601135254 65419
1760006368621 11.394353866577148 65429
1760006368985 11.824919700622559 65439
1760006369346 11.51045036315918 65449
1760006369702 11.940727233886719 65459
1760006370059 11.309371948242188 65469
1760006370428 11.263762474060059 65479
1760006370797 11.325474739074707 65489
1760006371153 11.218063354492188 65499
1760006371512 11.570182800292969 65509
1760006371886 11.588638305664062 65519
1760006372251 11.349931716918945 65529
1760006372608 11.329289436340332 65539
1760006372973 11.467131614685059 65549
1760006373330 11.411331176757812 65559
1760006373702 11.624041557312012 65569
1760006374072 11.379158020019531 65579
1760006374463 11.542853355407715 65589
1760006374834 11.511253356933594 65599
1760006375212 11.328861236572266 65609
1760006375595 11.5608549118042 65619
1760006375968 11.359293937683105 65629
1760006376353 11.511053085327148 65639
1760006376726 11.587187767028809 65649
1760006377107 11.601326942443848 65659
1760006377493 11.420361518859863 65669
1760006377880 11.240874290466309 65679
1760006378253 11.39205265045166 65689
1760006378627 11.301084518432617 65699
1760006379000 11.070901870727539 65709
1760006379382 11.369321823120117 65719
1760006379754 11.316619873046875 65729
1760006380133 11.42025375366211 65739
1760006380519 11.486894607543945 65749
1760006380885 11.59766960144043 65759
1760006381252 11.463850021362305 65769
1760006381617 11.164063453674316 65779
1760006381985 11.458504676818848 65789
1760006382354 11.360210418701172 65799
1760006382729 11.304285049438477 65809
1760006383095 11.478504180908203 65819
1760006383467 11.663846015930176 65829
1760006383837 11.705318450927734 65839
1760006384206 11.548389434814453 65849
1760006384574 11.31268310546875 65859
1760006384944 11.488182067871094 65869
1760006385311 11.145355224609375 65879
1760006385687 11.081846237182617 65889
1760006386054 11.264335632324219 65899
1760006386430 11.678224563598633 65909
1760006386806 11.246186256408691 65919
1760006387182 11.346872329711914 65929
1760006387559 11.294449806213379 65939
1760006387934 11.434066772460938 65949
1760006388310 11.568733215332031 65959
1760006388679 11.157203674316406 65969
1760006389046 11.417159080505371 65979
1760006389415 11.418930053710938 65989
1760006389783 11.202864646911621 65999
1760006390151 11.39392375946045 66009
1760006390529 11.32522964477539 66019
1760006390895 11.284893989562988 66029
1760006391262 11.435807228088379 66039
1760006391630 11.362585067749023 66049
1760006392000 11.3416748046875 66059
1760006392370 11.310388565063477 66069
1760006392740 11.452540397644043 66079
1760006393114 11.409303665161133 66089
1760006393483 11.247472763061523 66099
1760006393857 11.248335838317871 66109
1760006394228 11.36358642578125 66119
1760006394605 11.579548835754395 66129
1760006394982 11.518421173095703 66139
1760006395356 11.401131629943848 66149
1760006395707 11.413142204284668 66159
1760006396057 11.441667556762695 66169
1760006396420 11.242314338684082 66179
1760006396781 11.311028480529785 66189
1760006397136 11.368766784667969 66199
1760006397492 11.183969497680664 66209
1760006397845 11.421981811523438 66219
1760006398198 11.234933853149414 66229
1760006398552 11.226299285888672 66239
1760006398904 11.308736801147461 66249
1760006399258 11.171863555908203 66259
1760006399619 11.45025634765625 66269
1760006399970 11.357392311096191 66279
1760006400327 10.890434265136719 66289
1760006400688 11.372833251953125 66299
1760006401044 11.16419506072998 66309
1760006401404 11.543009757995605 66319
1760006401764 11.516345024108887 66329
1760006402121 11.229679107666016 66339
1760006402478 11.15327262878418 66349
1760006402839 11.1366605758667 66359
1760006403203 11.364290237426758 66369
1760006403563 11.211380004882812 66379
1760006403924 11.343961715698242 66389
1760006404284 11.150960922241211 66399
1760006404644 11.367805480957031 66409
1760006405005 11.179132461547852 66419
1760006405365 11.475675582885742 66429
1760006405725 10.972978591918945 66439
1760006406084 10.82863712310791 66449
1760006406449 11.407707214355469 66459
1760006406811 10.970621109008789 66469
1760006407172 11.466150283813477 66479
1760006407534 11.247663497924805 66489
1760006407898 11.080145835876465 66499
1760006408260 11.100397109985352 66509
1760006408620 11.340045928955078 66519
1760006408981 11.141353607177734 66529
1760006409339 11.107097625732422 66539
1760006409695 11.322360038757324 66549
1760006410052 11.371437072753906 66559
1760006410414 10.775572776794434 66569
1760006410769 10.942605018615723 66579
1760006411124 11.247868537902832 66589
1760006411480 11.080961227416992 66599
1760006411835 11.036054611206055 66609
1760006412200 11.317056655883789 66619
1760006412562 11.379005432128906 66629
1760006412925 11.297798156738281 66639
1760006413291 11.341070175170898 66649
1760006413648 11.037253379821777 66659
1760006414019 11.764430046081543 66669
1760006414396 11.686471939086914 66679
1760006414769 11.535219192504883 66689
1760006415142 11.85689926147461 66699
1760006415515 11.53012466430664 66709
1760006415885 11.800456047058105 66719
1760006416256 11.383427619934082 66729
1760006416630 11.519294738769531 66739
1760006417004 11.766765594482422 66749
1760006417387 11.710164070129395 66759
1760006417759 11.216131210327148 66769
1760006418122 11.381654739379883 66779
1760006418485 11.748054504394531 66789
1760006418855 11.797588348388672 66799
1760006419223 11.502785682678223 66809
1760006419593 11.65774154663086 66819
1760006419959 11.613595962524414 66829
1760006420324 11.829263687133789 66839
1760006420690 11.353318214416504 66849
1760006421054 11.481513977050781 66859
1760006421421 11.60468864440918 66869
1760006421801 11.631006240844727 66879
1760006422156 11.599967956542969 66889
1760006422530 11.290066719055176 66899
1760006422901 11.732916831970215 66909
1760006423271 11.282032012939453 66919
1760006423642 11.24266242980957 66929
1760006424013 11.51955795288086 66939
1760006424385 11.784872055053711 66949
1760006424769 11.44375228881836 66959
1760006425143 11.597312927246094 66969
1760006425516 11.651058197021484 66979
1760006425887 11.851729393005371 66989
1760006426262 11.70698356628418 66999
1760006426638 11.516324996948242 67009
1760006427009 11.659439086914062 67019
1760006427382 11.57326889038086 67029
1760006427755 11.572603225708008 67039
1760006428139 11.715450286865234 67049
1760006428506 11.565841674804688 67059
1760006428877 11.728796005249023 67069
1760006429246 11.567245483398438 67079
1760006429613 11.897138595581055 67089
1760006429997 11.87722396850586 67099
1760006430367 11.80158519744873 67109
1760006430732 11.527640342712402 67119
1760006431100 11.577629089355469 67129
1760006431465 11.661042213439941 67139
1760006431828 11.765962600708008 67149
1760006432193 11.675076484680176 67159
1760006432564 11.441377639770508 67169
1760006432929 11.457727432250977 67179
1760006433305 11.558788299560547 67189
1760006433681 11.421504974365234 67199
1760006434056 11.653349876403809 67209
1760006434442 11.60424518585205 67219
1760006434807 11.628368377685547 67229
1760006435178 11.32921028137207 67239
1760006435551 11.484109878540039 67249
1760006435921 11.724596977233887 67259
1760006436291 11.548908233642578 67269
1760006436685 11.795132637023926 67279
1760006437063 11.68663501739502 67289
1760006437429 11.58270263671875 67299
1760006437801 11.338479995727539 67309
1760006438171 11.792096138000488 67319
1760006438543 11.856472969055176 67329
1760006438912 11.629648208618164 67339
1760006439284 11.554666519165039 67349
1760006439657 11.574586868286133 67359
1760006440014 11.267871856689453 67369
1760006440374 11.389667510986328 67379
1760006440735 11.841913223266602 67389
1760006441103 11.624016761779785 67399
1760006441449 11.496273040771484 67409
1760006441809 11.372881889343262 67419
1760006442167 11.482881546020508 67429
1760006442528 11.467686653137207 67439
1760006442885 11.74452018737793 67449
1760006443245 11.423232078552246 67459
1760006443600 11.393867492675781 67469
1760006443957 11.345834732055664 67479
1760006444334 11.407873153686523 67489
1760006444714 11.445220947265625 67499
1760006445088 11.390068054199219 67509
1760006445463 11.417741775512695 67519
1760006445837 11.28305435180664 67529
1760006446212 11.461997985839844 67539
1760006446592 11.528789520263672 67549
1760006446968 11.973834991455078 67559
1760006447346 11.335709571838379 67569
1760006447722 11.374773979187012 67579
1760006448105 11.034378051757812 67589
1760006448478 11.497424125671387 67599
1760006448844 11.477355003356934 67609
1760006449220 11.152711868286133 67619
1760006449585 11.404170036315918 67629
1760006449959 11.41398811340332 67639
1760006450326 10.960691452026367 67649
1760006450695 11.181304931640625 67659
1760006451062 11.648236274719238 67669
1760006451437 11.473930358886719 67679
1760006451806 11.44154167175293 67689
1760006452172 11.405445098876953 67699
1760006452549 11.313729286193848 67709
1760006452917 11.463287353515625 67719
1760006453287 11.277722358703613 67729
1760006453657 11.367326736450195 67739
1760006454036 11.578909873962402 67749
1760006454405 11.58043098449707 67759
1760006454778 11.266799926757812 67769
1760006455149 11.48251724243164 67779
1760006455522 11.299333572387695 67789
1760006455898 11.51541519165039 67799
1760006456273 11.319258689880371 67809
1760006456650 11.558900833129883 67819
1760006457020 11.465391159057617 67829
1760006457392 11.788305282592773 67839
1760006457766 11.288500785827637 67849
1760006458149 11.39568042755127 67859
1760006458525 11.571026802062988 67869
1760006458901 11.312631607055664 67879
1760006459271 11.262388229370117 67889
1760006459646 11.231575012207031 67899
1760006460014 11.323060989379883 67909
1760006460383 11.544435501098633 67919
1760006460751 11.617622375488281 67929
1760006461127 11.577951431274414 67939
1760006461498 11.373357772827148 67949
1760006461866 11.217095375061035 67959
1760006462237 11.411213874816895 67969
1760006462606 11.21328353881836 67979
1760006462975 11.35012149810791 67989
1760006463346 11.34307861328125 67999
1760006463714 11.275298118591309 68009
1760006464081 11.387065887451172 68019
1760006464449 11.566180229187012 68029
1760006464818 11.278717041015625 68039
1760006465184 11.387256622314453 68049
1760006465555 11.163311004638672 68059
1760006465924 11.215468406677246 68069
1760006466288 11.288878440856934 68079
1760006466655 11.114118576049805 68089
1760006467024 11.25732421875 68099
1760006467391 11.2526273727417 68109
1760006467757 11.390812873840332 68119
1760006468131 11.110340118408203 68129
1760006468497 11.132706642150879 68139
1760006468864 11.003116607666016 68149
1760006469235 11.411741256713867 68159
1760006469606 11.151275634765625 68169
1760006469975 11.336996078491211 68179
1760006470343 11.296080589294434 68189
1760006470710 11.169869422912598 68199
1760006471081 11.55495834350586 68209
1760006471453 11.518583297729492 68219
1760006471826 11.103607177734375 68229
1760006472196 11.291677474975586 68239
1760006472567 11.110065460205078 68249
1760006472939 11.443525314331055 68259
1760006473310 11.150240898132324 68269
1760006473683 11.354012489318848 68279
1760006474054 11.136283874511719 68289
1760006474423 11.274653434753418 68299
1760006474792 11.324249267578125 68309
1760006475162 11.645652770996094 68319
1760006475530 11.43865966796875 68329
1760006475901 11.600111961364746 68339
1760006476270 11.499298095703125 68349
1760006476645 11.441900253295898 68359
1760006477014 11.240011215209961 68369
1760006477386 11.11082935333252 68379
1760006477760 11.28877067565918 68389
1760006478126 11.643332481384277 68399
1760006478481 11.140127182006836 68409
1760006478837 11.269044876098633 68419
1760006479194 11.327604293823242 68429
1760006479574 11.349502563476562 68439
1760006479968 11.129024505615234 68449
1760006480337 11.506226539611816 68459
1760006480700 11.357246398925781 68469
1760006481049 11.147208213806152 68479
1760006481399 11.178526878356934 68489
1760006481751 11.207408905029297 68499
1760006482108 11.000337600708008 68509
1760006482469 11.215160369873047 68519
1760006482826 11.387151718139648 68529
1760006483699 11.218168258666992 68539
1760006484046 11.247540473937988 68549
1760006484393 11.175474166870117 68559
1760006484741 10.889093399047852 68569
1760006485103 11.362534523010254 68579
1760006485664 11.193890571594238 68589
1760006486001 11.302220344543457 68599
1760006486342 11.463637351989746 68609
1760006486685 11.514566421508789 68619
1760006487028 11.371200561523438 68629
1760006487376 11.491369247436523 68639
1760006487726 11.242295265197754 68649
1760006488083 11.18004035949707 68659
1760006502719 11.129846572875977 68669
1760006503073 11.160256385803223 68679
1760006503428 12.056089401245117 68689
1760006503795 11.850815773010254 68699
1760006504141 11.45246696472168 68709
1760006504508 11.631866455078125 68719
1760006504885 11.455952644348145 68729
1760006505255 11.431190490722656 68739
1760006505614 11.950413703918457 68749
1760006505971 11.381477355957031 68759
1760006506347 11.482491493225098 68769
1760006506711 11.618021011352539 68779
1760006507074 11.472848892211914 68789
1760006507441 11.538021087646484 68799
1760006507814 11.592437744140625 68809
1760006508188 11.592409133911133 68819
1760006508564 11.272132873535156 68829
1760006508943 11.716830253601074 68839
1760006509316 11.552202224731445 68849
1760006509685 11.659761428833008 68859
1760006510049 11.593299865722656 68869
1760006510421 11.488508224487305 68879
1760006510795 11.490187644958496 68889
1760006511165 11.88404369354248 68899
1760006511535 11.552824020385742 68909
1760006511936 11.551708221435547 68919
1760006512299 11.421388626098633 68929
1760006512672 11.860105514526367 68939
1760006513058 11.721380233764648 68949
1760006513439 11.542245864868164 68959
1760006513810 11.734310150146484 68969
1760006514183 11.503482818603516 68979
1760006514553 11.706510543823242 68989
1760006514919 11.313434600830078 68999
1760006515286 11.570982933044434 69009
1760006515654 11.55909538269043 69019
1760006516028 11.464609146118164 69029
1760006516396 11.28334903717041 69039
1760006516765 11.460500717163086 69049
1760006517134 11.685400009155273 69059
1760006517508 11.748863220214844 69069
1760006517880 11.408987998962402 69079
1760006518251 11.509664535522461 69089
1760006518628 11.602996826171875 69099
1760006518999 11.268937110900879 69109
1760006519369 11.692005157470703 69119
1760006519741 11.60336685180664 69129
1760006520111 11.602724075317383 69139
1760006520488 11.415643692016602 69149
1760006520858 11.401533126831055 69159
1760006521228 11.412632942199707 69169
1760006521609 11.555395126342773 69179
1760006521978 11.46777057647705 69189
1760006522353 11.578136444091797 69199
1760006522725 11.358821868896484 69209
1760006523104 11.63563346862793 69219
1760006523476 11.63604736328125 69229
1760006523852 11.651288986206055 69239
1760006524224 11.500524520874023 69249
1760006524599 11.598509788513184 69259
1760006524969 11.339462280273438 69269
1760006525342 11.377218246459961 69279
1760006525713 11.44608211517334 69289
1760006526084 11.605466842651367 69299
1760006526454 11.10919189453125 69309
1760006526815 11.41070556640625 69319
1760006527171 11.378655433654785 69329
1760006527532 11.546834945678711 69339
1760006527894 11.350854873657227 69349
1760006528253 11.594822883605957 69359
1760006528613 11.353975296020508 69369
1760006528968 11.611028671264648 69379
1760006529322 11.503880500793457 69389
1760006529680 11.427299499511719 69399
1760006530037 11.916597366333008 69409
1760006530396 11.194619178771973 69419
1760006530753 11.654245376586914 69429
1760006531109 11.500638008117676 69439
1760006531470 11.45710277557373 69449
1760006531827 11.501838684082031 69459
1760006532185 11.424180030822754 69469
1760006532549 11.366966247558594 69479
1760006532920 11.524391174316406 69489
1760006533306 11.57444953918457 69499
1760006533672 11.335321426391602 69509
1760006534039 11.560284614562988 69519
1760006534409 11.647520065307617 69529
1760006534780 11.913240432739258 69539
1760006535148 11.33598518371582 69549
1760006535517 11.47657299041748 69559
1760006535886 11.2247314453125 69569
1760006536253 11.249027252197266 69579
1760006536621 11.493133544921875 69589
1760006536988 11.765030860900879 69599
1760006537363 11.922585487365723 69609
1760006537744 11.50755500793457 69619
1760006538113 11.525861740112305 69629
1760006538484 11.436244010925293 69639
1760006538854 11.410299301147461 69649
1760006539231 11.551820755004883 69659
1760006539606 11.440898895263672 69669
1760006539978 11.551557540893555 69679
1760006540354 11.335593223571777 69689
1760006540732 11.258750915527344 69699
1760006541107 11.072216987609863 69709
1760006541481 11.56620979309082 69719
1760006541865 11.419024467468262 69729
1760006542239 11.366244316101074 69739
1760006542615 11.219503402709961 69749
1760006542993 11.20116138458252 69759
1760006543372 11.397909164428711 69769
1760006543751 11.321730613708496 69779
1760006544138 11.688762664794922 69789
1760006544515 11.642770767211914 69799
1760006544895 11.644560813903809 69809
1760006545266 11.364948272705078 69819
1760006545616 11.694490432739258 69829
1760006545966 11.15160846710205 69839
1760006546324 11.378339767456055 69849
1760006546664 11.160856246948242 69859
1760006547017 11.405677795410156 69869
1760006547372 11.403745651245117 69879
1760006547724 11.153289794921875 69889
1760006548075 11.381759643554688 69899
1760006548443 11.636517524719238 69909
1760006548826 11.342339515686035 69919
1760006549193 11.39065170288086 69929
1760006549557 11.316022872924805 69939
1760006549922 11.276357650756836 69949
1760006550287 11.259010314941406 69959
1760006550660 11.546891212463379 69969
1760006551032 11.2015380859375 69979
1760006551408 11.212627410888672 69989
1760006551792 11.306303024291992 69999
1760006552179 11.384519577026367 70009
1760006552580 11.091766357421875 70019
1760006552958 11.650385856628418 70029
1760006553347 11.368524551391602 70039
1760006553735 11.296331405639648 70049
1760006554109 11.479862213134766 70059
1760006554499 11.213293075561523 70069
1760006554860 11.072261810302734 70079
1760006555218 11.32383918762207 70089
1760006555580 11.117924690246582 70099
1760006555942 11.117681503295898 70109
1760006556305 11.11284065246582 70119
1760006556683 11.507111549377441 70129
1760006557056 11.114948272705078 70139
1760006557423 11.312837600708008 70149
1760006557789 11.010196685791016 70159
1760006558159 11.275249481201172 70169
1760006558526 11.229040145874023 70179
1760006558904 11.031583786010742 70189
1760006559265 11.541234970092773 70199
1760006559638 11.124425888061523 70209
1760006560002 11.203750610351562 70219
1760006560368 11.306831359863281 70229
1760006560732 11.221363067626953 70239
1760006561096 11.076555252075195 70249
1760006561462 11.101914405822754 70259
1760006561826 11.543853759765625 70269
1760006562190 10.983222961425781 70279
1760006562553 11.246366500854492 70289
1760006562915 11.06614875793457 70299
1760006563278 11.394811630249023 70309
1760006563643 11.121076583862305 70319
1760006564008 11.145227432250977 70329
1760006564373 11.14078426361084 70339
1760006564736 11.202467918395996 70349
1760006565099 11.32275390625 70359
1760006565457 11.358881950378418 70369
1760006565815 11.349601745605469 70379
1760006566177 11.041616439819336 70389
1760006566547 11.231513023376465 70399
1760006566909 11.012248992919922 70409
1760006567276 10.988519668579102 70419
1760006567645 10.754022598266602 70429
1760006568010 11.1190767288208 70439
1760006568384 11.27476692199707 70449
1760006568761 10.723960876464844 70459
1760006569134 11.115994453430176 70469
1760006569510 10.844673156738281 70479
1760006569879 11.604395866394043 70489
1760006570246 11.027694702148438 70499
1760006570615 11.227622032165527 70509
1760006570980 11.263376235961914 70519
1760006571347 11.399881362915039 70529
1760006571715 11.060641288757324 70539
1760006572097 10.82638931274414 70549
1760006572474 11.25966739654541 70559
1760006572847 11.263572692871094 70569
1760006573216 11.192434310913086 70579
1760006573586 11.489821434020996 70589
1760006573953 11.275997161865234 70599
1760006574322 11.229904174804688 70609
1760006574688 11.316686630249023 70619
1760006575061 11.155339241027832 70629
1760006575428 11.053933143615723 70639
1760006575796 11.315439224243164 70649
1760006576178 11.04104232788086 70659
1760006576511 11.115433692932129 70669
1760006576885 11.246505737304688 70679
1760006577257 11.365154266357422 70689
1760006577630 11.220389366149902 70699
1760006578005 12.15061092376709 70709
1760006578378 11.884682655334473 70719
1760006578751 11.801921844482422 70729
1760006579139 11.858234405517578 70739
1760006579526 11.730234146118164 70749
1760006579895 11.735238075256348 70759
1760006580270 11.31831169128418 70769
1760006580641 11.558942794799805 70779
1760006581011 11.396482467651367 70789
1760006581381 11.430610656738281 70799
1760006581776 11.814809799194336 70809
1760006582148 11.55428695678711 70819
1760006582529 11.861286163330078 70829
1760006582914 11.50926685333252 70839
1760006583301 11.458199501037598 70849
1760006583669 11.4296875 70859
1760006584044 11.581720352172852 70869
1760006584436 11.341304779052734 70879
1760006584814 11.431767463684082 70889
1760006585197 11.791545867919922 70899
1760006585569 11.5670166015625 70909
1760006585937 11.540410041809082 70919
1760006586305 11.530916213989258 70929
1760006586678 11.361231803894043 70939
1760006587040 11.645029067993164 70949
1760006587408 11.520783424377441 70959
1760006587771 11.365379333496094 70969
1760006588127 11.700803756713867 70979
1760006588483 11.44400405883789 70989
1760006588836 11.294896125793457 70999
1760006589186 11.50478744506836 71009
1760006589543 11.53187370300293 71019
1760006589897 11.554990768432617 71029
1760006590258 11.344762802124023 71039
1760006590607 11.479246139526367 71049
1760006590956 11.683083534240723 71059
1760006591307 11.467403411865234 71069
1760006591657 11.583023071289062 71079
1760006592011 11.6343355178833 71089
1760006592367 11.881696701049805 71099
1760006592730 11.560637474060059 71109
1760006593100 11.425297737121582 71119
1760006593482 11.488794326782227 71129
1760006593853 11.488162994384766 71139
1760006594236 11.433332443237305 71149
1760006594615 11.513289451599121 71159
1760006594993 11.429895401000977 71169
1760006595368 11.476341247558594 71179
1760006595741 11.442516326904297 71189
1760006596119 11.099650382995605 71199
1760006596497 11.724966049194336 71209
1760006596885 11.421541213989258 71219
1760006597279 11.452043533325195 71229
1760006597658 11.681211471557617 71239
1760006598044 11.611518859863281 71249
1760006598422 11.382425308227539 71259
1760006598803 11.44210433959961 71269
1760006599184 11.60202693939209 71279
1760006599561 11.559749603271484 71289
1760006599938 11.646512985229492 71299
1760006600320 11.415815353393555 71309
1760006600697 11.735623359680176 71319
1760006601073 11.769573211669922 71329
1760006601445 11.533503532409668 71339
1760006601816 11.341230392456055 71349
1760006602188 11.412598609924316 71359
1760006602568 11.693231582641602 71369
1760006602953 11.64867877960205 71379
1760006603333 11.489104270935059 71389
1760006603709 11.702445030212402 71399
1760006604084 11.332643508911133 71409
1760006604458 11.527904510498047 71419
1760006604828 11.295673370361328 71429
1760006605206 11.323847770690918 71439
1760006605578 11.362889289855957 71449
1760006605952 11.386558532714844 71459
1760006606335 11.415128707885742 71469
1760006606715 11.49393081665039 71479
1760006607091 11.132356643676758 71489
1760006607459 11.551108360290527 71499
1760006607826 11.580958366394043 71509
1760006608200 11.525182723999023 71519
1760006608570 11.510324478149414 71529
1760006608944 11.250092506408691 71539
1760006609317 10.98768424987793 71549
1760006609685 11.700482368469238 71559
1760006610061 11.399761199951172 71569
1760006610446 11.436338424682617 71579
1760006610817 11.502273559570312 71589
1760006611183 11.487113952636719 71599
1760006611551 11.486088752746582 71609
1760006611920 11.494959831237793 71619
1760006612284 11.451519012451172 71629
1760006612645 11.018237113952637 71639
1760006613007 11.454490661621094 71649
1760006613368 11.125602722167969 71659
1760006613731 11.137401580810547 71669
1760006614092 11.490777969360352 71679
1760006614456 11.356600761413574 71689
1760006614826 11.46720027923584 71699
1760006615207 11.357166290283203 71709
1760006615578 11.40131664276123 71719
1760006615950 11.516161918640137 71729
1760006616320 11.243602752685547 71739
1760006616702 11.202566146850586 71749
1760006617076 11.56719970703125 71759
1760006617465 11.338409423828125 71769
1760006617838 11.609272003173828 71779
1760006618205 11.579414367675781 71789
1760006618571 11.559946060180664 71799
1760006618938 11.431668281555176 71809
1760006619306 11.530193328857422 71819
1760006619676 11.350156784057617 71829
1760006620045 11.0562105178833 71839
1760006620413 11.34221076965332 71849
1760006620780 11.2305269241333 71859
1760006621150 11.594161987304688 71869
1760006621528 11.201665878295898 71879
1760006621901 11.424837112426758 71889
1760006622268 11.4028902053833 71899
1760006622637 11.484517097473145 71909
1760006623002 11.432233810424805 71919
1760006623363 11.667503356933594 71929
1760006623727 11.515909194946289 71939
1760006624081 11.293172836303711 71949
1760006624396 11.103893280029297 71959
1760006624661 11.304107666015625 71969
1760006624901 11.243922233581543 71979
1760006625208 11.351861953735352 71989
1760006625471 11.265420913696289 71999
1760006625814 11.381881713867188 72009
1760006626177 11.32079029083252 72019
1760006626540 11.068784713745117 72029
1760006626898 11.336591720581055 72039
1760006627256 11.319883346557617 72049
1760006627614 11.096216201782227 72059
1760006627976 11.161874771118164 72069
1760006628324 11.229866027832031 72079
1760006628673 11.587697982788086 72089
1760006629024 11.1266450881958 72099
1760006629379 11.42377758026123 72109
1760006629724 11.300313949584961 72119
1760006630072 11.444233894348145 72129
1760006630415 11.310407638549805 72139
1760006630764 11.235078811645508 72149
1760006631113 11.250773429870605 72159
1760006631466 11.208131790161133 72169
1760006631823 11.269285202026367 72179
1760006632187 11.00338077545166 72189
1760006632541 11.37044906616211 72199
1760006632893 11.378042221069336 72209
1760006633242 11.233922004699707 72219
1760006633596 11.199508666992188 72229
1760006633966 11.627891540527344 72239
1760006634336 11.261700630187988 72249
1760006634689 11.407116889953613 72259
1760006635041 11.357152938842773 72269
1760006635393 11.403791427612305 72279
1760006635744 11.168156623840332 72289
1760006636099 11.347915649414062 72299
1760006636458 11.033069610595703 72309
1760006636814 11.221455574035645 72319
1760006637169 11.283456802368164 72329
1760006637523 11.294681549072266 72339
1760006637878 11.45981216430664 72349
1760006638234 11.079143524169922 72359
1760006638590 10.958587646484375 72369
1760006638955 11.0549898147583 72379
1760006639319 11.43641185760498 72389
1760006639688 10.890532493591309 72399
1760006640052 11.287769317626953 72409
1760006640424 11.295949935913086 72419
1760006640787 10.757596969604492 72429
1760006641150 11.00581169128418 72439
1760006641506 11.402355194091797 72449
1760006641870 10.774752616882324 72459
1760006642226 11.185680389404297 72469
1760006642587 11.077783584594727 72479
1760006642958 10.91400146484375 72489
1760006643315 11.19021987915039 72499
1760006643674 11.221940994262695 72509
1760006644037 11.178995132446289 72519
1760006644403 11.149347305297852 72529
1760006644730 11.192850112915039 72539
1760006645009 11.40304946899414 72549
1760006645248 10.870189666748047 72559
1760006645466 11.102849960327148 72569
1760006645968 10.918128967285156 72579
1760006646294 11.28034782409668 72589
1760006646669 11.403053283691406 72599
1760006647019 10.921943664550781 72609
1760006647367 11.184711456298828 72619
1760006647722 10.984855651855469 72629
1760006648076 11.202506065368652 72639
1760006648433 11.341229438781738 72649
1760006648794 11.025808334350586 72659
1760006649155 11.21328353881836 72669
1760006649516 11.457636833190918 72679
1760006649882 10.967086791992188 72689
1760006650242 11.349020957946777 72699
1760006665571 11.109203338623047 72709
1760006665946 11.309026718139648 72719
1760006666359 12.066680908203125 72729
1760006666738 11.686851501464844 72739
1760006667097 11.67662239074707 72749
1760006667469 11.761933326721191 72759
1760006667863 11.616470336914062 72769
1760006668218 11.320541381835938 72779
1760006668604 11.619832992553711 72789
1760006668965 11.665822982788086 72799
1760006669332 11.27514934539795 72809
1760006669689 11.720815658569336 72819
1760006670072 11.584981918334961 72829
1760006670446 11.168310165405273 72839
1760006670790 11.734013557434082 72849
1760006671142 11.703923225402832 72859
1760006671522 11.648195266723633 72869
1760006671925 11.709932327270508 72879
1760006672330 11.541057586669922 72889
1760006672711 11.429556846618652 72899
1760006673096 11.57570743560791 72909
1760006673491 11.810285568237305 72919
1760006673879 11.679339408874512 72929
1760006674261 11.453269958496094 72939
1760006674646 11.430715560913086 72949
1760006675043 11.710028648376465 72959
1760006675407 11.606644630432129 72969
1760006675761 11.737576484680176 72979
1760006676143 11.58475112915039 72989
1760006676518 11.438695907592773 72999
1760006676907 11.528633117675781 73009
1760006677269 11.66358757019043 73019
1760006677630 11.569648742675781 73029
1760006678023 11.796442031860352 73039
1760006678395 11.533354759216309 73049
1760006678747 11.367639541625977 73059
1760006679099 11.66975212097168 73069
1760006679447 11.66817569732666 73079
1760006679799 11.449823379516602 73089
1760006680153 11.452816009521484 73099
1760006680506 11.303834915161133 73109
1760006680857 11.486114501953125 73119
1760006681218 11.805034637451172 73129
1760006681590 11.439607620239258 73139
1760006681958 11.473428726196289 73149
1760006682327 11.385196685791016 73159
1760006682712 11.537860870361328 73169
1760006683066 11.537278175354004 73179
1760006683399 11.423418045043945 73189
1760006683768 11.608777046203613 73199
1760006684133 11.575414657592773 73209
1760006684496 11.625694274902344 73219
1760006684865 11.631378173828125 73229
1760006685239 11.539528846740723 73239
1760006685609 11.644218444824219 73249
1760006685977 11.296098709106445 73259
1760006686327 11.537399291992188 73269
1760006686679 11.653810501098633 73279
1760006687033 11.822264671325684 73289
1760006687388 11.576457977294922 73299
1760006687739 11.455181121826172 73309
1760006688105 11.748845100402832 73319
1760006688456 11.52262020111084 73329
1760006688807 11.80123519897461 73339
1760006689159 11.600549697875977 73349
1760006689512 11.598703384399414 73359
1760006689865 11.482908248901367 73369
1760006690215 11.366121292114258 73379
1760006690574 11.716082572937012 73389
1760006690929 11.515911102294922 73399
1760006691292 11.484878540039062 73409
1760006691657 11.414111137390137 73419
1760006692037 11.52558422088623 73429
1760006692410 11.520203590393066 73439
1760006692788 11.633729934692383 73449
1760006693150 11.449797630310059 73459
1760006693513 11.572921752929688 73469
1760006693874 11.425408363342285 73479
1760006694234 11.781584739685059 73489
1760006694595 11.200318336486816 73499
1760006695409 11.615007400512695 73509
1760006695782 11.335844039916992 73519
1760006696154 11.516499519348145 73529
1760006696532 11.565793991088867 73539
1760006696904 11.4347505569458 73549
1760006697287 11.41970443725586 73559
1760006697665 11.369102478027344 73569
1760006698020 11.279634475708008 73579
1760006698386 11.202157974243164 73589
1760006698761 11.148102760314941 73599
1760006699140 11.496170997619629 73609
1760006699514 11.506019592285156 73619
1760006699887 11.640430450439453 73629
1760006700258 11.522870063781738 73639
1760006700635 11.613408088684082 73649
1760006701004 11.447973251342773 73659
1760006701377 11.36408805847168 73669
1760006701743 11.408029556274414 73679
1760006702111 11.55392074584961 73689
1760006702476 11.363443374633789 73699
1760006702844 11.407188415527344 73709
1760006703224 11.369413375854492 73719
1760006703600 11.087158203125 73729
1760006703979 11.429198265075684 73739
1760006704355 11.326918601989746 73749
1760006704729 11.404911994934082 73759
1760006705107 11.392623901367188 73769
1760006705471 11.181913375854492 73779
1760006705842 11.224039077758789 73789
1760006706210 11.314661026000977 73799
1760006706578 11.154223442077637 73809
1760006706945 11.334515571594238 73819
1760006707312 11.348971366882324 73829
1760006707681 11.270647048950195 73839
1760006708048 11.300607681274414 73849
1760006708419 11.562215805053711 73859
1760006708790 11.341699600219727 73869
1760006709159 11.62238883972168 73879
1760006709528 11.389307022094727 73889
1760006709898 11.129354476928711 73899
1760006710266 11.343395233154297 73909
1760006710641 11.705575942993164 73919
1760006711017 11.306774139404297 73929
1760006711386 11.282400131225586 73939
1760006711755 11.277666091918945 73949
1760006712133 11.3873291015625 73959
1760006712509 11.222283363342285 73969
1760006712881 11.576669692993164 73979
1760006713252 11.407787322998047 73989
1760006713607 11.365779876708984 73999
1760006713963 11.387466430664062 74009
1760006714320 11.204191207885742 74019
1760006714677 11.287980079650879 74029
1760006715011 11.466866493225098 74039
1760006715297 11.371685028076172 74049
1760006715544 11.363333702087402 74059
1760006715759 11.220806121826172 74069
1760006715965 11.327066421508789 74079
1760006716173 11.376640319824219 74089
1760006716391 11.12686538696289 74099
1760006716693 11.021949768066406 74109
1760006717030 11.489582061767578 74119
1760006717390 11.60541820526123 74129
1760006717744 11.36640453338623 74139
1760006718101 11.223369598388672 74149
1760006718470 11.298336029052734 74159
1760006718842 11.421758651733398 74169
1760006719208 11.421195030212402 74179
1760006719579 11.027059555053711 74189
1760006719951 11.016845703125 74199
1760006720319 11.18716812133789 74209
1760006720688 11.174581527709961 74219
1760006721058 11.303024291992188 74229
1760006721429 11.262439727783203 74239
1760006721797 10.95293140411377 74249
1760006722168 11.26717758178711 74259
1760006722538 11.404824256896973 74269
1760006722907 11.334972381591797 74279
1760006723277 11.32417106628418 74289
1760006723646 11.180304527282715 74299
1760006724017 11.295629501342773 74309
1760006724382 11.17129898071289 74319
1760006724751 11.034433364868164 74329
1760006725119 11.238724708557129 74339
1760006725490 11.302752494812012 74349
1760006725858 11.374126434326172 74359
1760006726226 11.210988998413086 74369
1760006726594 11.20465087890625 74379
1760006726960 11.204044342041016 74389
1760006727329 11.079675674438477 74399
1760006727699 11.170853614807129 74409
1760006728075 11.144620895385742 74419
1760006728444 11.088333129882812 74429
1760006728815 11.065162658691406 74439
1760006729186 11.310705184936523 74449
1760006729558 11.031915664672852 74459
1760006729928 11.175071716308594 74469
1760006730302 11.189128875732422 74479
1760006730672 11.168041229248047 74489
1760006731041 10.996861457824707 74499
1760006731409 10.941518783569336 74509
1760006731779 11.220391273498535 74519
1760006732153 11.073040008544922 74529
1760006732530 11.308248519897461 74539
1760006732907 11.188089370727539 74549
1760006733286 11.188663482666016 74559
1760006733659 10.88681411743164 74569
1760006734025 11.337825775146484 74579
1760006734396 11.365802764892578 74589
1760006734773 10.841438293457031 74599
1760006735143 11.21774959564209 74609
1760006735511 11.14115047454834 74619
1760006735886 11.165908813476562 74629
1760006736255 10.965109825134277 74639
1760006736623 11.243167877197266 74649
1760006736999 11.126958847045898 74659
1760006737371 11.303872108459473 74669
1760006737741 11.400537490844727 74679
1760006738110 10.98141098022461 74689
1760006738488 11.18174934387207 74699
1760006738866 11.357463836669922 74709
1760006739257 10.554070472717285 74719
1760006739634 10.931249618530273 74729
1760006740006 11.131282806396484 74739
1760006740389 12.217672348022461 74749
1760006740765 11.845118522644043 74759
1760006741135 11.448792457580566 74769
1760006741509 11.703232765197754 74779
1760006741880 11.523042678833008 74789
1760006742258 11.694093704223633 74799
1760006742634 11.557079315185547 74809
1760006743007 11.526740074157715 74819
1760006743378 11.401976585388184 74829
1760006743751 11.600939750671387 74839
1760006744126 11.66807746887207 74849
1760006744499 11.713138580322266 74859
1760006744878 11.61014461517334 74869
1760006745257 11.604333877563477 74879
1760006745625 11.528688430786133 74889
1760006745995 11.696732521057129 74899
1760006746379 11.552652359008789 74909
1760006746740 11.293407440185547 74919
1760006747091 11.847949981689453 74929
1760006747449 11.401906967163086 74939
1760006747807 11.611823081970215 74949
1760006748162 11.605953216552734 74959
1760006748514 11.30441665649414 74969
1760006748871 11.335685729980469 74979
1760006749220 11.433974266052246 74989
1760006749521 11.39649772644043 74999
1760006749779 11.656131744384766 75009
1760006750004 11.481319427490234 75019
1760006750211 11.918710708618164 75029
1760006750525 11.658496856689453 75039
1760006750869 11.458486557006836 75049
1760006751237 11.594833374023438 75059
1760006751592 11.415340423583984 75069
1760006751955 11.494125366210938 75079
1760006752310 11.568456649780273 75089
1760006752662 11.213798522949219 75099
1760006753014 11.405427932739258 75109
1760006753376 11.483455657958984 75119
1760006753729 11.408950805664062 75129
1760006754078 11.384441375732422 75139
1760006754431 11.482158660888672 75149
1760006754794 11.317102432250977 75159
1760006755147 11.603296279907227 75169
1760006755509 11.393226623535156 75179
1760006755862 11.698836326599121 75189
1760006756212 11.613899230957031 75199
1760006756570 11.660947799682617 75209
1760006756937 11.50688648223877 75219
1760006757288 11.419533729553223 75229
1760006757652 11.56378173828125 75239
1760006758008 11.535724639892578 75249
1760006758364 11.620626449584961 75259
1760006758728 11.21131420135498 75269
1760006759090 11.44397258758545 75279
1760006759466 11.736635208129883 75289
1760006759838 11.527146339416504 75299
1760006760208 11.396413803100586 75309
1760006760577 11.68321418762207 75319
1760006760945 11.37331771850586 75329
1760006761322 11.4306640625 75339
1760006761691 11.443008422851562 75349
1760006762067 11.605916976928711 75359
1760006762436 11.642424583435059 75369
1760006762805 11.224772453308105 75379
1760006763176 11.385254859924316 75389
1760006763550 11.282464027404785 75399
1760006763920 11.396797180175781 75409
1760006764295 11.314840316772461 75419
1760006764663 11.40306568145752 75429
1760006765030 11.555214881896973 75439
1760006765398 11.398385047912598 75449
1760006765764 11.146106719970703 75459
1760006766138 11.49668025970459 75469
1760006766512 11.382107734680176 75479
1760006766878 11.185426712036133 75489
1760006767248 11.58452033996582 75499
1760006767615 11.600447654724121 75509
1760006767982 11.316997528076172 75519
1760006768354 11.52699089050293 75529
1760006768728 11.442460060119629 75539
1760006769106 11.268266677856445 75549
1760006769477 11.150165557861328 75559
1760006769846 11.615243911743164 75569
1760006770216 11.494958877563477 75579
1760006770587 11.338335990905762 75589
1760006770962 11.41947078704834 75599
1760006771343 11.298715591430664 75609
1760006771712 11.434718132019043 75619
1760006772083 11.344942092895508 75629
1760006772452 11.055391311645508 75639
1760006772820 11.41111946105957 75649
1760006773190 11.145702362060547 75659
1760006773560 11.127874374389648 75669
1760006773931 11.444332122802734 75679
1760006774308 11.634065628051758 75689
1760006774683 11.404419898986816 75699
1760006775052 11.450559616088867 75709
1760006775424 11.021665573120117 75719
1760006775801 11.549203872680664 75729
1760006776173 11.456432342529297 75739
1760006776550 11.134803771972656 75749
1760006776926 11.5657958984375 75759
1760006777296 11.51708984375 75769
1760006777664 11.381675720214844 75779
1760006778043 11.467460632324219 75789
1760006778412 11.237472534179688 75799
1760006778782 11.422351837158203 75809
1760006779160 11.593442916870117 75819
1760006779531 11.475561141967773 75829
1760006779909 11.129056930541992 75839
1760006780282 11.569843292236328 75849
1760006780655 11.265266418457031 75859
1760006781027 11.470376968383789 75869
1760006781407 11.1005220413208 75879
1760006781782 11.544028282165527 75889
1760006782153 11.229551315307617 75899
1760006782528 11.238441467285156 75909
1760006782906 11.46343994140625 75919
1760006783279 11.227058410644531 75929
1760006783656 11.346467971801758 75939
1760006784036 11.075159072875977 75949
1760006784412 11.418533325195312 75959
1760006784786 11.397998809814453 75969
1760006785159 11.281953811645508 75979
1760006785690 11.521005630493164 75989
1760006786063 11.454946517944336 75999
1760006786443 11.15751838684082 76009
1760006786816 11.185358047485352 76019
1760006787195 11.386665344238281 76029
1760006787568 11.2045259475708 76039
1760006787942 11.273283958435059 76049
1760006788316 11.686444282531738 76059
1760006788689 11.139934539794922 76069
1760006789064 11.199272155761719 76079
1760006789435 11.13235092163086 76089
1760006789807 11.174919128417969 76099
1760006790181 11.324159622192383 76109
1760006790554 11.22895622253418 76119
1760006790931 11.141024589538574 76129
1760006791323 10.923749923706055 76139
1760006791701 11.384485244750977 76149
1760006792079 11.397212028503418 76159
1760006792459 11.292731285095215 76169
1760006792839 11.390363693237305 76179
1760006793217 11.145759582519531 76189
1760006793595 11.05734634399414 76199
1760006793967 11.330032348632812 76209
1760006794338 11.463176727294922 76219
1760006794709 11.213580131530762 76229
1760006795087 10.879960060119629 76239
1760006795462 11.3414888381958 76249
1760006795835 11.226487159729004 76259
1760006796208 11.511703491210938 76269
1760006796574 10.934232711791992 76279
1760006796943 11.308194160461426 76289
1760006797313 11.36964225769043 76299
1760006797680 11.027349472045898 76309
1760006798049 11.2376708984375 76319
1760006798432 11.311042785644531 76329
1760006798814 11.408282279968262 76339
1760006799192 11.53400707244873 76349
1760006799569 11.254081726074219 76359
1760006799946 11.175875663757324 76369
1760006800318 10.969602584838867 76379
1760006800689 10.956464767456055 76389
1760006801065 11.24869155883789 76399
1760006801443 11.192207336425781 76409
1760006801821 11.155021667480469 76419
1760006802194 11.395550727844238 76429
1760006802568 11.355852127075195 76439
1760006802945 11.292838096618652 76449
1760006803316 10.696707725524902 76459
1760006803685 11.135599136352539 76469
1760006804060 11.298585891723633 76479
1760006804434 11.172481536865234 76489
1760006804804 11.31620979309082 76499
1760006805184 11.214472770690918 76509
1760006805556 11.19091796875 76519
1760006805931 11.052194595336914 76529
1760006806307 11.143239974975586 76539
1760006806674 11.171416282653809 76549
1760006807046 11.078837394714355 76559
1760006807418 11.302290916442871 76569
1760006807793 11.114252090454102 76579
1760006808166 10.93983268737793 76589
1760006808543 11.090316772460938 76599
1760006808920 11.419673919677734 76609
1760006809802 11.087288856506348 76619
1760006810168 11.039695739746094 76629
1760006810528 11.335148811340332 76639
1760006810889 11.132547378540039 76649
1760006811255 11.072996139526367 76659
1760006811622 11.126876831054688 76669
1760006811990 10.992856979370117 76679
1760006812357 11.1238374710083 76689
1760006812720 11.001354217529297 76699
1760006813079 11.08221435546875 76709
1760006813440 10.905105590820312 76719
1760006813803 11.250186920166016 76729
1760006814167 11.00532341003418 76739
1760006828921 10.885152816772461 76749
1760006829294 11.051963806152344 76759
1760006829664 11.71026611328125 76769
1760006830036 11.697270393371582 76779
1760006830404 11.564192771911621 76789
1760006830781 11.400278091430664 76799
1760006831149 11.42900562286377 76809
1760006831508 11.639219284057617 76819
1760006831905 11.465229034423828 76829
1760006832258 11.61551570892334 76839
1760006832618 11.22494888305664 76849
1760006832972 11.492971420288086 76859
1760006833326 11.462162017822266 76869
1760006833729 11.4696626663208 76879
1760006834094 11.472970962524414 76889
1760006834458 11.526723861694336 76899
1760006834821 11.555414199829102 76909
1760006835193 11.408555030822754 76919
1760006835556 11.605367660522461 76929
1760006835922 11.478480339050293 76939
1760006836287 11.707403182983398 76949
1760006836655 11.425529479980469 76959
1760006837021 11.519668579101562 76969
1760006837387 11.294181823730469 76979
1760006837756 11.710498809814453 76989
1760006838132 11.159563064575195 76999
1760006838502 11.679298400878906 77009
1760006838872 11.360454559326172 77019
1760006839242 11.299142837524414 77029
1760006839609 11.486429214477539 77039
1760006839980 11.66285514831543 77049
1760006840348 11.409442901611328 77059
1760006840724 11.710290908813477 77069
1760006841102 11.657462120056152 77079
1760006841473 11.819433212280273 77089
1760006841842 11.514995574951172 77099
1760006842211 11.663145065307617 77109
1760006842580 11.267144203186035 77119
1760006842955 11.5073881149292 77129
1760006843332 11.500346183776855 77139
1760006843708 11.788604736328125 77149
1760006844078 11.38205337524414 77159
1760006844447 11.685356140136719 77169
1760006844816 11.6558837890625 77179
1760006845190 11.303504943847656 77189
1760006845568 11.54875373840332 77199
1760006845940 11.382471084594727 77209
1760006846316 11.424652099609375 77219
1760006846695 11.578448295593262 77229
1760006847063 11.499977111816406 77239
1760006847409 11.510438919067383 77249
1760006847757 11.375858306884766 77259
1760006848114 11.632620811462402 77269
1760006848467 11.53156852722168 77279
1760006848818 11.498680114746094 77289
1760006849167 11.659843444824219 77299
1760006849512 11.47332763671875 77309
1760006849855 11.398605346679688 77319
1760006850209 11.465112686157227 77329
1760006850555 11.697456359863281 77339
1760006850902 11.07702350616455 77349
1760006851247 11.585768699645996 77359
1760006851596 11.621265411376953 77369
1760006851939 11.672910690307617 77379
1760006852285 11.30157470703125 77389
1760006852635 11.446419715881348 77399
1760006852983 11.568073272705078 77409
1760006853331 11.476378440856934 77419
1760006853677 11.668970108032227 77429
1760006854020 11.638940811157227 77439
1760006854362 11.345392227172852 77449
1760006854715 11.364810943603516 77459
1760006855057 11.69918441772461 77469
1760006855407 11.594596862792969 77479
1760006855753 11.478086471557617 77489
1760006856109 11.289188385009766 77499
1760006856471 11.335071563720703 77509
1760006856833 11.531935691833496 77519
1760006857184 11.332620620727539 77529
1760006857538 11.3153715133667 77539
1760006857894 11.513345718383789 77549
1760006858253 11.421443939208984 77559
1760006858606 11.129518508911133 77569
1760006858962 11.235048294067383 77579
1760006859315 11.268697738647461 77589
1760006859676 11.451436996459961 77599
1760006860026 11.493377685546875 77609
1760006860386 11.51651382446289 77619
1760006860736 11.409585952758789 77629
1760006861092 11.234472274780273 77639
1760006861446 11.444506645202637 77649
1760006861797 11.27229118347168 77659
1760006862176 11.026312828063965 77669
1760006862529 11.237606048583984 77679
1760006862893 11.211963653564453 77689
1760006863254 11.6007080078125 77699
1760006863610 11.229148864746094 77709
1760006863964 11.299959182739258 77719
1760006864328 11.271419525146484 77729
1760006864682 11.13133716583252 77739
1760006865042 11.007965087890625 77749
1760006865395 11.167869567871094 77759
1760006865752 11.286407470703125 77769
1760006866107 11.202729225158691 77779
1760006866472 11.351951599121094 77789
1760006866839 11.301892280578613 77799
1760006867196 11.377622604370117 77809
1760006867558 11.498589515686035 77819
1760006867918 11.467748641967773 77829
1760006868280 11.470878601074219 77839
1760006868637 11.200441360473633 77849
1760006868997 11.303220748901367 77859
1760006869360 11.494075775146484 77869
1760006869719 11.087593078613281 77879
1760006870079 11.396108627319336 77889
1760006870436 11.413185119628906 77899
1760006870785 11.072242736816406 77909
1760006871136 11.356496810913086 77919
1760006871486 11.150758743286133 77929
1760006871846 11.334405899047852 77939
1760006872197 11.138336181640625 77949
1760006872548 11.27603530883789 77959
1760006872901 11.460378646850586 77969
1760006873249 11.34353256225586 77979
1760006873602 11.314830780029297 77989
1760006873953 11.3223876953125 77999
1760006874311 11.570125579833984 78009
1760006874668 11.367551803588867 78019
1760006875018 11.52116584777832 78029
1760006875368 11.100808143615723 78039
1760006875730 11.376364707946777 78049
1760006876087 11.363710403442383 78059
1760006876442 11.240687370300293 78069
1760006876795 11.18836784362793 78079
1760006877156 11.289719581604004 78089
1760006877511 11.48820686340332 78099
1760006877862 11.41569995880127 78109
1760006878218 11.182283401489258 78119
1760006878572 11.298392295837402 78129
1760006878936 11.308378219604492 78139
1760006879291 11.238311767578125 78149
1760006879659 11.137677192687988 78159
1760006880019 11.350775718688965 78169
1760006880391 11.248735427856445 78179
1760006880746 11.02149486541748 78189
1760006881106 10.958792686462402 78199
1760006881467 11.129327774047852 78209
1760006881822 11.202170372009277 78219
1760006882175 10.989178657531738 78229
1760006882532 11.196523666381836 78239
1760006882886 11.055959701538086 78249
1760006883240 10.837839126586914 78259
1760006883591 11.391897201538086 78269
1760006883944 11.302711486816406 78279
1760006884299 10.872052192687988 78289
1760006884649 11.138969421386719 78299
1760006885006 10.925939559936523 78309
1760006885356 11.132328033447266 78319
1760006885709 10.986747741699219 78329
1760006886057 11.15345573425293 78339
1760006886407 11.046842575073242 78349
1760006886755 11.088394165039062 78359
1760006887112 11.304824829101562 78369
1760006887463 11.235544204711914 78379
1760006887814 11.1902437210083 78389
1760006888160 11.381821632385254 78399
1760006888509 11.164552688598633 78409
1760006888862 11.106380462646484 78419
1760006889220 11.43332290649414 78429
1760006889577 11.123086929321289 78439
1760006889926 11.312470436096191 78449
1760006890276 11.124258041381836 78459
1760006890624 10.835058212280273 78469
1760006890977 10.992307662963867 78479
1760006891325 11.334287643432617 78489
1760006891683 11.081829071044922 78499
1760006892033 11.236068725585938 78509
1760006892385 11.38503646850586 78519
1760006892734 11.24770736694336 78529
1760006893083 11.053333282470703 78539
1760006893433 11.018048286437988 78549
1760006893788 10.920774459838867 78559
1760006894140 10.981945037841797 78569
1760006894492 11.327461242675781 78579
1760006894842 10.751296997070312 78589
1760006895196 11.145545959472656 78599
1760006895549 10.954689979553223 78609
1760006895898 10.889249801635742 78619
1760006896249 11.337783813476562 78629
1760006896599 10.996429443359375 78639
1760006896962 11.273835182189941 78649
1760006897319 11.130351066589355 78659
1760006897670 11.005617141723633 78669
1760006898014 11.165160179138184 78679
1760006898358 11.130424499511719 78689
1760006898704 11.010955810546875 78699
1760006899054 10.985443115234375 78709
1760006899396 11.267414093017578 78719
1760006899736 10.891189575195312 78729
1760006900084 11.097652435302734 78739
1760006900425 11.084127426147461 78749
1760006900771 11.073968887329102 78759
1760006901125 11.114063262939453 78769
1760006901474 11.117680549621582 78779
1760006901822 11.854211807250977 78789
1760006902176 11.731119155883789 78799
1760006902525 11.794269561767578 78809
1760006902885 11.37405014038086 78819
1760006903243 11.753191947937012 78829
1760006903598 11.749597549438477 78839
1760006903949 11.562921524047852 78849
1760006904301 11.439714431762695 78859
1760006904655 11.762983322143555 78869
1760006905014 11.689794540405273 78879
1760006905367 11.643266677856445 78889
1760006905737 11.464248657226562 78899
1760006906088 11.231925010681152 78909
1760006906444 11.716667175292969 78919
1760006906799 11.55920124053955 78929
1760006907156 11.525796890258789 78939
1760006907511 11.541529655456543 78949
1760006907871 11.636377334594727 78959
1760006908229 11.328511238098145 78969
1760006908584 11.507072448730469 78979
1760006908958 11.47317886352539 78989
1760006909321 11.486467361450195 78999
1760006909684 11.491619110107422 79009
1760006910049 11.703352928161621 79019
1760006910419 11.400396347045898 79029
1760006910777 12.03333854675293 79039
1760006911136 11.658711433410645 79049
1760006911506 11.751398086547852 79059
1760006911865 11.607942581176758 79069
1760006912230 11.834222793579102 79079
1760006912596 11.893067359924316 79089
1760006912954 11.640241622924805 79099
1760006913312 11.529449462890625 79109
1760006913676 11.191852569580078 79119
1760006914028 11.321114540100098 79129
1760006914387 11.451912879943848 79139
1760006914750 11.369661331176758 79149
1760006915119 11.33560562133789 79159
1760006915474 11.360433578491211 79169
1760006915830 11.712607383728027 79179
1760006916191 11.373381614685059 79189
1760006916552 11.672728538513184 79199
1760006916916 11.396553039550781 79209
1760006917287 11.4615478515625 79219
1760006917646 11.814599990844727 79229
1760006918005 11.247507095336914 79239
1760006918366 11.405517578125 79249
1760006918727 11.511552810668945 79259
1760006919084 11.34977912902832 79269
1760006919448 11.661197662353516 79279
1760006919812 11.395692825317383 79289
1760006920172 11.58920669555664 79299
1760006920533 11.49751091003418 79309
1760006920893 11.583361625671387 79319
1760006921258 11.359966278076172 79329
1760006921631 11.645151138305664 79339
1760006921995 11.451923370361328 79349
1760006922361 11.645834922790527 79359
1760006922725 11.06961441040039 79369
1760006923092 11.422225952148438 79379
1760006923455 11.437295913696289 79389
1760006923820 11.591629028320312 79399
1760006924183 11.358773231506348 79409
1760006924550 11.293878555297852 79419
1760006924925 11.4837646484375 79429
1760006925291 11.707550048828125 79439
1760006925654 11.532248497009277 79449
1760006926018 11.533454895019531 79459
1760006926384 11.227804183959961 79469
1760006926749 11.45359992980957 79479
1760006927124 11.691883087158203 79489
1760006927496 11.404642105102539 79499
1760006927866 11.373329162597656 79509
1760006928243 11.269957542419434 79519
1760006928614 11.246718406677246 79529
1760006928982 11.59416675567627 79539
1760006929352 11.379400253295898 79549
1760006929723 11.193902969360352 79559
1760006930093 11.257806777954102 79569
1760006930462 11.339813232421875 79579
1760006930832 11.415140151977539 79589
1760006931201 11.49146842956543 79599
1760006931573 11.837504386901855 79609
1760006931942 11.330334663391113 79619
1760006932313 11.142158508300781 79629
1760006932683 11.550326347351074 79639
1760006933051 11.471857070922852 79649
1760006933420 11.255369186401367 79659
1760006933788 11.288461685180664 79669
1760006934156 11.377049446105957 79679
1760006934525 11.551645278930664 79689
1760006934895 11.341825485229492 79699
1760006935264 11.286123275756836 79709
1760006935635 11.16727352142334 79719
1760006936001 11.270998001098633 79729
1760006936372 11.365625381469727 79739
1760006936739 11.200360298156738 79749
1760006937111 11.392924308776855 79759
1760006937481 11.466723442077637 79769
1760006937849 11.088764190673828 79779
1760006938217 11.02241325378418 79789
1760006938587 11.338577270507812 79799
1760006938953 11.110372543334961 79809
1760006939323 11.463417053222656 79819
1760006939692 10.941932678222656 79829
1760006940062 11.064587593078613 79839
1760006940432 11.272505760192871 79849
1760006940800 11.366899490356445 79859
1760006941169 11.303651809692383 79869
1760006941538 11.496576309204102 79879
1760006941908 11.362937927246094 79889
1760006942278 11.050924301147461 79899
1760006942648 11.284952163696289 79909
1760006943016 11.31389045715332 79919
1760006943385 11.487318992614746 79929
1760006943752 11.022160530090332 79939
1760006944123 11.518417358398438 79949
1760006944492 11.310270309448242 79959
1760006944861 11.208236694335938 79969
1760006945230 11.206907272338867 79979
1760006945598 11.101741790771484 79989
1760006945965 11.082975387573242 79999
1760006946334 11.305756568908691 80009
1760006946703 11.40343189239502 80019
1760006947072 10.908191680908203 80029
1760006947445 11.227073669433594 80039
1760006947812 11.489911079406738 80049
1760006948182 11.152159690856934 80059
1760006948551 11.271202087402344 80069
1760006948931 11.264911651611328 80079
1760006949301 10.899393081665039 80089
1760006949672 11.341154098510742 80099
1760006950042 11.191612243652344 80109
1760006950410 11.248501777648926 80119
1760006950777 11.143162727355957 80129
1760006951147 11.158409118652344 80139
1760006951517 11.428840637207031 80149
1760006951887 11.095230102539062 80159
1760006952257 11.374156951904297 80169
1760006952625 11.18934440612793 80179
1760006952995 11.128501892089844 80189
1760006953367 11.48834228515625 80199
1760006953741 11.11447811126709 80209
1760006954114 11.361391067504883 80219
1760006954489 10.961065292358398 80229
1760006954861 11.343442916870117 80239
1760006955234 11.30215835571289 80249
1760006955605 11.234681129455566 80259
1760006955985 10.989555358886719 80269
1760006956365 11.139490127563477 80279
1760006956739 11.344999313354492 80289
1760006957113 11.280790328979492 80299
1760006957486 11.161377906799316 80309
1760006957860 11.359258651733398 80319
1760006958248 10.963035583496094 80329
1760006958619 11.194355964660645 80339
1760006958996 10.972005844116211 80349
1760006959369 11.113052368164062 80359
1760006959737 11.37531852722168 80369
1760006960107 10.96393871307373 80379
1760006960477 11.042415618896484 80389
1760006960854 11.215646743774414 80399
1760006961230 10.942121505737305 80409
1760006961601 11.299896240234375 80419
1760006961971 11.167054176330566 80429
1760006962343 10.98153305053711 80439
1760006962713 11.226638793945312 80449
1760006963091 11.155166625976562 80459
1760006963464 11.38217830657959 80469
1760006963835 11.048179626464844 80479
1760006964206 11.402198791503906 80489
1760006964573 11.213459014892578 80499
1760006964942 11.174057006835938 80509
1760006965313 11.104698181152344 80519
1760006965690 11.132011413574219 80529
1760006966066 11.020345687866211 80539
1760006966442 11.124104499816895 80549
1760006966814 11.109492301940918 80559
1760006967186 11.158870697021484 80569
1760006967556 11.127199172973633 80579
1760006967938 11.047615051269531 80589
1760006968322 11.08203411102295 80599
1760006968694 10.960402488708496 80609
1760006969063 11.478501319885254 80619
1760006969434 10.957985877990723 80629
1760006969803 11.199320793151855 80639
1760006970181 11.247844696044922 80649
1760006971058 11.207345008850098 80659
1760006971420 11.39219856262207 80669
1760006971781 11.148482322692871 80679
1760006972144 11.078279495239258 80689
1760006972506 11.021014213562012 80699
1760006972867 11.017556190490723 80709
1760006973228 10.85538387298584 80719
1760006973593 10.905096054077148 80729
1760006973956 11.376262664794922 80739
1760006974318 11.191121101379395 80749
1760006974680 11.088203430175781 80759
1760006975041 10.990495681762695 80769
1760006975404 10.9541015625 80779
1760006989658 10.905824661254883 80789
1760006989947 11.128582954406738 80799
1760006990263 11.859543800354004 80809
1760006990618 11.403709411621094 80819
1760006990987 11.433797836303711 80829
1760006991353 11.735175132751465 80839
1760006991768 11.43359088897705 80849
1760006992119 11.452274322509766 80859
1760006992478 11.697165489196777 80869
1760006992829 11.319714546203613 80879
1760006993179 11.256514549255371 80889
1760006993531 11.852788925170898 80899
1760006993889 11.41997241973877 80909
1760006994262 11.630741119384766 80919
1760006994630 11.64095687866211 80929
1760006994999 11.462713241577148 80939
1760006995365 11.317058563232422 80949
1760006995736 11.33181381225586 80959
1760006996105 11.518613815307617 80969
1760006996474 11.712865829467773 80979
1760006996844 11.757247924804688 80989
1760006997221 11.150439262390137 80999
1760006997592 11.205238342285156 81009
1760006997961 11.529565811157227 81019
1760006998350 11.376758575439453 81029
1760006998727 11.599297523498535 81039
1760006999101 11.407143592834473 81049
1760006999471 11.440171241760254 81059
1760006999847 11.342195510864258 81069
1760007000215 11.388032913208008 81079
1760007000591 11.486991882324219 81089
1760007000958 11.293161392211914 81099
1760007001328 11.486686706542969 81109
1760007001699 11.489070892333984 81119
1760007002072 11.3345947265625 81129
1760007002442 11.390368461608887 81139
1760007002809 11.369247436523438 81149
1760007003177 11.31245231628418 81159
1760007003544 11.691141128540039 81169
1760007003912 11.538923263549805 81179
1760007004280 11.097831726074219 81189
1760007004648 11.614916801452637 81199
1760007005014 11.271561622619629 81209
1760007005387 10.949995040893555 81219
1760007005756 11.555780410766602 81229
1760007006123 11.525178909301758 81239
1760007006489 11.552753448486328 81249
1760007006858 11.488151550292969 81259
1760007007226 11.547028541564941 81269
1760007007595 11.221366882324219 81279
1760007007965 11.211069107055664 81289
1760007008332 11.569536209106445 81299
1760007008700 11.255756378173828 81309
1760007009070 11.474669456481934 81319
1760007009441 11.266010284423828 81329
1760007009808 11.518123626708984 81339
1760007010179 11.610776901245117 81349
1760007010547 11.466489791870117 81359
1760007010913 11.404026985168457 81369
1760007011280 11.29773998260498 81379
1760007011656 11.24541187286377 81389
1760007012024 11.619458198547363 81399
1760007012399 11.528706550598145 81409
1760007012765 11.249259948730469 81419
1760007013150 11.290760040283203 81429
1760007013528 11.660504341125488 81439
1760007013905 11.498289108276367 81449
1760007014283 11.276280403137207 81459
1760007014656 11.314451217651367 81469
1760007015032 11.45245361328125 81479
1760007015398 11.28502082824707 81489
1760007015765 11.545671463012695 81499
1760007016133 11.465215682983398 81509
1760007016504 11.316661834716797 81519
1760007016875 11.42894172668457 81529
1760007017254 11.458030700683594 81539
1760007017622 11.295112609863281 81549
1760007017984 11.189878463745117 81559
1760007018346 11.577371597290039 81569
1760007018711 11.311914443969727 81579
1760007019073 11.097497940063477 81589
1760007019437 11.130537986755371 81599
1760007019803 11.284090995788574 81609
1760007020166 11.329139709472656 81619
1760007020533 11.41486644744873 81629
1760007020900 11.429224967956543 81639
1760007021269 11.488617897033691 81649
1760007021635 11.08884048461914 81659
1760007022005 11.46535873413086 81669
1760007022374 11.493537902832031 81679
1760007022741 11.514596939086914 81689
1760007023108 11.365788459777832 81699
1760007023482 11.090499877929688 81709
1760007023853 11.484319686889648 81719
1760007024226 11.391620635986328 81729
1760007024599 11.266641616821289 81739
1760007024971 11.235851287841797 81749
1760007025349 10.880541801452637 81759
1760007025730 11.380939483642578 81769
1760007026106 11.33760929107666 81779
1760007026478 11.321236610412598 81789
1760007026858 11.093544960021973 81799
1760007027235 11.287506103515625 81809
1760007027604 11.425222396850586 81819
1760007027993 11.144610404968262 81829
1760007028370 11.123419761657715 81839
1760007028745 10.93342399597168 81849
1760007029121 11.345762252807617 81859
1760007029499 11.253039360046387 81869
1760007029880 11.388524055480957 81879
1760007030261 11.263431549072266 81889
1760007030642 11.311609268188477 81899
1760007031018 11.196828842163086 81909
1760007031392 11.4210786819458 81919
1760007031764 11.307645797729492 81929
1760007032139 11.528097152709961 81939
1760007032511 11.188491821289062 81949
1760007032889 11.043986320495605 81959
1760007033265 11.125394821166992 81969
1760007033644 11.000675201416016 81979
1760007034020 11.272916793823242 81989
1760007034395 11.583481788635254 81999
1760007034768 11.252573013305664 82009
1760007035140 10.950014114379883 82019
1760007035517 11.562555313110352 82029
1760007035893 11.252164840698242 82039
1760007036266 11.135953903198242 82049
1760007036634 11.198559761047363 82059
1760007037011 11.245488166809082 82069
1760007037388 11.3387451171875 82079
1760007037763 11.132562637329102 82089
1760007038141 11.115020751953125 82099
1760007038510 11.30175495147705 82109
1760007038885 11.332609176635742 82119
1760007039257 11.123213768005371 82129
1760007039638 10.992393493652344 82139
1760007040021 11.346261024475098 82149
1760007040395 11.087321281433105 82159
1760007040773 11.212556838989258 82169
1760007041144 11.142793655395508 82179
1760007041520 11.108013153076172 82189
1760007041889 10.999528884887695 82199
1760007042258 10.928512573242188 82209
1760007042633 11.240690231323242 82219
1760007043009 11.444518089294434 82229
1760007043390 11.310145378112793 82239
1760007043768 11.521240234375 82249
1760007044142 11.245589256286621 82259
1760007044518 11.24725341796875 82269
1760007044900 11.48653793334961 82279
1760007045279 11.21748161315918 82289
1760007045648 10.951518058776855 82299
1760007046022 11.230464935302734 82309
1760007046392 11.246049880981445 82319
1760007046762 11.226160049438477 82329
1760007047129 11.161468505859375 82339
1760007047501 11.21849250793457 82349
1760007047869 11.2969388961792 82359
1760007048241 11.556981086730957 82369
1760007048613 10.927663803100586 82379
1760007048985 11.356006622314453 82389
1760007049351 10.952421188354492 82399
1760007049719 11.069324493408203 82409
1760007050091 11.20384407043457 82419
1760007050456 10.932750701904297 82429
1760007050821 10.76748275756836 82439
1760007051186 10.93456745147705 82449
1760007051554 11.210925102233887 82459
1760007051922 10.97825813293457 82469
1760007052289 11.246394157409668 82479
1760007052664 10.953811645507812 82489
1760007053032 11.157001495361328 82499
1760007053400 11.079587936401367 82509
1760007053769 11.332939147949219 82519
1760007054138 11.136545181274414 82529
1760007054509 11.04293441772461 82539
1760007054875 11.103878021240234 82549
1760007055244 10.773937225341797 82559
1760007055613 11.070343017578125 82569
1760007055982 10.943023681640625 82579
1760007056351 11.00594711303711 82589
1760007056724 11.17604923248291 82599
1760007057101 10.951639175415039 82609
1760007057468 10.994707107543945 82619
1760007057838 11.109723091125488 82629
1760007058208 10.945701599121094 82639
1760007058579 11.275564193725586 82649
1760007058950 10.692556381225586 82659
1760007059320 11.35439395904541 82669
1760007059689 11.023673057556152 82679
1760007060061 11.217700958251953 82689
1760007060431 11.0842866897583 82699
1760007060804 11.056535720825195 82709
1760007061173 11.131237030029297 82719
1760007061553 11.294631004333496 82729
1760007061925 11.175092697143555 82739
1760007062296 10.785991668701172 82749
1760007062671 11.181291580200195 82759
1760007063048 10.657083511352539 82769
1760007063422 10.912970542907715 82779
1760007063798 11.276542663574219 82789
1760007064170 11.26816463470459 82799
1760007064544 11.10116195678711 82809
1760007064915 11.26798152923584 82819
1760007065287 11.44228744506836 82829
1760007065659 11.677340507507324 82839
1760007066025 11.589719772338867 82849
1760007066395 11.47760009765625 82859
1760007066762 11.596566200256348 82869
1760007067131 11.418505668640137 82879
1760007067501 11.601851463317871 82889
1760007067869 11.4749755859375 82899
1760007068236 11.492133140563965 82909
1760007068606 11.473983764648438 82919
1760007068978 11.347637176513672 82929
1760007069346 11.802741050720215 82939
1760007069716 11.461992263793945 82949
1760007070086 11.475715637207031 82959
1760007070453 11.579771995544434 82969
1760007070821 11.430957794189453 82979
1760007071192 11.378896713256836 82989
1760007071561 11.42337703704834 82999
1760007071931 11.303556442260742 83009
1760007072301 11.232038497924805 83019
1760007072670 11.471536636352539 83029
1760007073038 11.463985443115234 83039
1760007073413 11.64491081237793 83049
1760007073778 11.393173217773438 83059
1760007074145 11.468376159667969 83069
1760007074512 11.203264236450195 83079
1760007074877 11.682717323303223 83089
1760007075241 11.328691482543945 83099
1760007075606 11.34548568725586 83109
1760007075971 11.198277473449707 83119
1760007076344 11.371393203735352 83129
1760007076718 11.391837120056152 83139
1760007077091 11.58043098449707 83149
1760007077463 11.682632446289062 83159
1760007077841 11.358724594116211 83169
1760007078225 11.306802749633789 83179
1760007078594 11.447808265686035 83189
1760007078966 11.526891708374023 83199
1760007079339 11.445208549499512 83209
1760007079712 11.551219940185547 83219
1760007080083 11.50831413269043 83229
1760007080461 11.663299560546875 83239
1760007080835 11.478927612304688 83249
1760007081206 11.344593048095703 83259
1760007081582 11.523714065551758 83269
1760007081954 11.465471267700195 83279
1760007082325 11.34731674194336 83289
1760007082703 11.4970064163208 83299
1760007083075 11.372586250305176 83309
1760007083444 11.646140098571777 83319
1760007083814 11.30543327331543 83329
1760007084185 11.584884643554688 83339
1760007084558 11.438694953918457 83349
1760007084927 11.411927223205566 83359
1760007085379 11.449338912963867 83369
1760007085822 11.399813652038574 83379
1760007086189 11.330850601196289 83389
1760007086558 11.149696350097656 83399
1760007086926 11.713888168334961 83409
1760007087290 11.263401985168457 83419
1760007087664 11.40377140045166 83429
1760007088032 11.140655517578125 83439
1760007088398 11.333532333374023 83449
1760007088770 11.5433931350708 83459
1760007089141 11.535886764526367 83469
1760007089515 11.096750259399414 83479
1760007089889 11.50899887084961 83489
1760007090262 11.324747085571289 83499
1760007090634 11.16712474822998 83509
1760007091004 11.426865577697754 83519
1760007091378 11.1556396484375 83529
1760007091748 11.22258186340332 83539
1760007092118 11.440162658691406 83549
1760007092490 11.342752456665039 83559
1760007092861 11.176883697509766 83569
1760007093230 11.383049011230469 83579
1760007093602 11.412239074707031 83589
1760007093980 11.750680923461914 83599
1760007094351 11.31011962890625 83609
1760007094724 11.502497673034668 83619
1760007095097 11.623988151550293 83629
1760007095473 11.421483993530273 83639
1760007095843 11.424468994140625 83649
1760007096217 11.41471004486084 83659
1760007096592 11.127667427062988 83669
1760007096969 11.18503475189209 83679
1760007097345 11.287785530090332 83689
1760007097719 11.31015682220459 83699
1760007098090 11.46658706665039 83709
1760007098465 11.390541076660156 83719
1760007098844 11.268976211547852 83729
1760007099213 11.288522720336914 83739
1760007099585 11.389677047729492 83749
1760007099962 11.163318634033203 83759
1760007100333 11.246031761169434 83769
1760007100716 11.413476943969727 83779
1760007101089 11.239358901977539 83789
1760007101459 11.202856063842773 83799
1760007101828 11.374334335327148 83809
1760007102200 11.325384140014648 83819
1760007102580 10.932440757751465 83829
1760007102952 11.26105785369873 83839
1760007103330 11.311395645141602 83849
1760007103702 10.987942695617676 83859
1760007104074 11.319135665893555 83869
1760007104446 11.314879417419434 83879
1760007104821 11.287006378173828 83889
1760007105190 11.28839111328125 83899
1760007105564 11.353532791137695 83909
1760007105947 11.234480857849121 83919
1760007106312 11.164243698120117 83929
1760007106678 11.297771453857422 83939
1760007107036 11.35513973236084 83949
1760007107395 11.36553955078125 83959
1760007107753 11.271526336669922 83969
1760007108116 11.1482515335083 83979
1760007108473 11.17827033996582 83989
1760007108838 11.258747100830078 83999
1760007109195 11.165250778198242 84009
1760007109550 11.298161506652832 84019
1760007109905 11.145674705505371 84029
1760007110279 11.11189079284668 84039
1760007110655 11.31955337524414 84049
1760007111031 11.279167175292969 84059
1760007111407 11.213430404663086 84069
1760007111775 11.457526206970215 84079
1760007112145 11.04816722869873 84089
1760007112517 11.271547317504883 84099
1760007112891 11.23458480834961 84109
1760007113268 11.30912971496582 84119
1760007113642 11.20872688293457 84129
1760007114017 10.745584487915039 84139
1760007114401 11.062958717346191 84149
1760007114774 11.107793807983398 84159
1760007115148 11.284086227416992 84169
1760007115526 11.25670051574707 84179
1760007115898 11.00909423828125 84189
1760007116285 10.90088939666748 84199
1760007116664 10.995428085327148 84209
1760007117043 10.877193450927734 84219
1760007117418 11.120509147644043 84229
1760007117768 11.377985000610352 84239
1760007118120 11.20950984954834 84249
1760007118481 11.106691360473633 84259
1760007118837 11.240294456481934 84269
1760007119188 11.114197731018066 84279
1760007119541 11.063491821289062 84289
1760007119906 11.231788635253906 84299
1760007120300 11.390012741088867 84309
1760007120666 10.784452438354492 84319
1760007121034 11.172966003417969 84329
1760007121402 11.136455535888672 84339
1760007121776 11.412693977355957 84349
1760007122189 11.125676155090332 84359
1760007122579 11.054167747497559 84369
1760007122957 11.160017013549805 84379
1760007123318 11.26098346710205 84389
1760007123684 11.132989883422852 84399
1760007124049 11.184998512268066 84409
1760007124414 11.081819534301758 84419
1760007124776 11.206388473510742 84429
1760007125154 11.535826683044434 84439
1760007125517 11.314390182495117 84449
1760007125882 11.568032264709473 84459
1760007126246 11.086188316345215 84469
1760007126618 11.270040512084961 84479
1760007126993 11.051555633544922 84489
1760007127347 11.180683135986328 84499
1760007127711 11.23867416381836 84509
1760007128087 11.189668655395508 84519
1760007128457 10.937582969665527 84529
1760007128828 11.152445793151855 84539
1760007129198 11.374959945678711 84549
1760007129576 10.92074203491211 84559
1760007129950 10.95850944519043 84569
1760007130323 10.940214157104492 84579
1760007130699 11.113250732421875 84589
1760007131072 11.292135238647461 84599
1760007131428 11.171247482299805 84609
1760007131781 11.082374572753906 84619
1760007132134 11.382018089294434 84629
1760007132498 10.984354972839355 84639
1760007132852 11.043977737426758 84649
1760007133206 10.813579559326172 84659
1760007133558 10.937682151794434 84669
1760007133915 11.167729377746582 84679
1760007134265 11.104841232299805 84689
1760007135130 10.671334266662598 84699
1760007135471 10.978514671325684 84709
1760007135812 11.293954849243164 84719
1760007136152 11.018939018249512 84729
1760007136496 11.098129272460938 84739
1760007136836 11.007647514343262 84749
1760007137179 11.150611877441406 84759
1760007137519 10.999659538269043 84769
1760007137865 11.015776634216309 84779
1760007138206 11.178994178771973 84789
1760007138547 11.288208961486816 84799
1760007138889 11.012893676757812 84809
1760007199682 10.96981430053711 84819
1760007200055 11.078601837158203 84829
1760007200430 10.913171768188477 84839
1760007200818 11.593923568725586 84849
1760007201170 11.69264030456543 84859
1760007201528 11.414825439453125 84869
1760007201901 11.792913436889648 84879
1760007202306 11.308534622192383 84889
1760007202666 11.506629943847656 84899
1760007203021 11.570457458496094 84909
1760007203379 11.5724515914917 84919
1760007203744 11.473417282104492 84929
1760007204102 11.294829368591309 84939
1760007204465 11.146777153015137 84949
1760007204841 11.338024139404297 84959
1760007205208 11.523221015930176 84969
1760007205569 11.292134284973145 84979
1760007205933 11.33224105834961 84989
1760007206299 11.663274765014648 84999
1760007206666 11.487648010253906 85009
1760007207041 11.255342483520508 85019
1760007207422 11.284198760986328 85029
1760007207791 11.376201629638672 85039
1760007208149 11.354721069335938 85049
1760007208515 11.389036178588867 85059
1760007208883 11.2933988571167 85069
1760007209242 11.599160194396973 85079
1760007209614 11.497241020202637 85089
1760007209993 11.680641174316406 85099
1760007210371 11.396921157836914 85109
1760007210742 11.565533638000488 85119
1760007211103 11.56935977935791 85129
1760007211472 11.477179527282715 85139
1760007211851 11.620630264282227 85149
1760007212233 11.474382400512695 85159
1760007212626 11.35159683227539 85169
1760007212999 11.520720481872559 85179
1760007213376 11.407227516174316 85189
1760007213776 11.197850227355957 85199
1760007214144 11.475035667419434 85209
1760007214515 11.288066864013672 85219
1760007214888 11.42072868347168 85229
1760007215255 11.398534774780273 85239
1760007215627 11.449725151062012 85249
1760007215997 11.35236930847168 85259
1760007216377 11.028257369995117 85269
1760007216740 11.368688583374023 85279
1760007217110 10.939957618713379 85289
1760007217484 11.490676879882812 85299
1760007217860 11.29251480102539 85309
1760007218237 11.422889709472656 85319
1760007218624 11.283414840698242 85329
1760007219004 11.195192337036133 85339
1760007219383 11.341002464294434 85349
1760007219761 11.39470386505127 85359
1760007220142 11.703163146972656 85369
1760007220535 11.4736328125 85379
1760007220920 11.36154556274414 85389
1760007221291 11.823556900024414 85399
1760007221668 11.421696662902832 85409
1760007222042 11.15964126586914 85419
1760007222417 11.257665634155273 85429
1760007222779 11.706766128540039 85439
1760007223136 11.394661903381348 85449
1760007223505 11.69127082824707 85459
1760007223853 11.596678733825684 85469
1760007224207 11.529776573181152 85479
1760007224562 11.23591136932373 85489
1760007224911 11.430341720581055 85499
1760007225263 11.66328239440918 85509
1760007225626 11.516505241394043 85519
1760007225975 11.271357536315918 85529
1760007226329 11.342618942260742 85539
1760007226680 11.33459186553955 85549
1760007227042 11.594014167785645 85559
1760007227400 11.337404251098633 85569
1760007227762 11.779718399047852 85579
1760007228124 11.492860794067383 85589
1760007228485 11.365442276000977 85599
1760007228875 11.500802993774414 85609
1760007229241 11.210428237915039 85619
1760007229605 11.141141891479492 85629
1760007229968 11.071539878845215 85639
1760007230334 11.551748275756836 85649
1760007230700 11.314599990844727 85659
1760007231066 11.472578048706055 85669
1760007231432 11.269880294799805 85679
1760007231798 11.354972839355469 85689
1760007232163 11.334516525268555 85699
1760007232528 11.016946792602539 85709
1760007232894 11.410642623901367 85719
1760007233262 11.290094375610352 85729
1760007233625 11.127992630004883 85739
1760007233983 11.109678268432617 85749
1760007234341 10.995189666748047 85759
1760007234696 11.150115966796875 85769
1760007235058 11.473267555236816 85779
1760007235407 11.390584945678711 85789
1760007235757 11.442889213562012 85799
1760007236106 11.475988388061523 85809
1760007236461 11.07635498046875 85819
1760007236813 11.464887619018555 85829
1760007237174 11.363582611083984 85839
1760007237526 11.324124336242676 85849
1760007237886 11.364006996154785 85859
1760007238248 11.135461807250977 85869
1760007238605 11.10505485534668 85879
1760007238958 11.12483024597168 85889
1760007239315 11.24063491821289 85899
1760007239673 11.206657409667969 85909
1760007240030 11.273069381713867 85919
1760007240388 11.020217895507812 85929
1760007240745 11.088435173034668 85939
1760007241103 11.477583885192871 85949
1760007241460 11.28468132019043 85959
1760007241820 11.382301330566406 85969
1760007242176 11.426856994628906 85979
1760007242526 11.017742156982422 85989
1760007242901 11.368425369262695 85999
1760007243309 11.459821701049805 86009
1760007243707 10.778877258300781 86019
1760007244104 11.087467193603516 86029
1760007244470 11.04354476928711 86039
1760007244838 11.221826553344727 86049
1760007245204 11.38967227935791 86059
1760007245584 11.212526321411133 86069
1760007245959 11.551778793334961 86079
1760007246348 10.843402862548828 86089
1760007246740 11.278979301452637 86099
1760007247124 11.068459510803223 86109
1760007247509 11.085569381713867 86119
1760007247884 11.285747528076172 86129
1760007248271 11.211334228515625 86139
1760007248645 11.179325103759766 86149
1760007249015 11.021636962890625 86159
1760007249382 11.14097785949707 86169
1760007249749 11.367033004760742 86179
1760007250112 11.449347496032715 86189
1760007250470 10.743337631225586 86199
1760007250833 11.210294723510742 86209
1760007251202 11.240474700927734 86219
1760007251562 11.131855964660645 86229
1760007251921 11.339706420898438 86239
1760007252279 11.160833358764648 86249
1760007252641 10.94948959350586 86259
1760007253004 11.227911949157715 86269
1760007253364 11.282515525817871 86279
1760007253727 10.95482063293457 86289
1760007254099 11.15211296081543 86299
1760007254470 11.147520065307617 86309
1760007254850 10.974790573120117 86319
1760007255219 11.452434539794922 86329
1760007255591 10.927831649780273 86339
1760007255970 11.203025817871094 86349
1760007256338 11.018434524536133 86359
1760007256707 11.152198791503906 86369
1760007257077 11.213134765625 86379
1760007257451 11.545792579650879 86389
1760007257827 11.012772560119629 86399
1760007258187 11.094776153564453 86409
1760007258537 10.911421775817871 86419
1760007258904 10.935272216796875 86429
1760007259275 11.041378021240234 86439
1760007259642 11.348503112792969 86449
1760007260013 11.326852798461914 86459
1760007260386 11.212313652038574 86469
1760007260756 11.179933547973633 86479
1760007261122 11.38880729675293 86489
1760007261486 11.272342681884766 86499
1760007261856 10.943353652954102 86509
1760007262234 11.29012393951416 86519
1760007262605 11.087618827819824 86529
1760007262976 11.069958686828613 86539
1760007263346 10.767250061035156 86549
1760007263717 11.024845123291016 86559
1760007264104 10.86320686340332 86569
1760007264497 11.095800399780273 86579
1760007264878 11.00577449798584 86589
1760007265246 11.267759323120117 86599
1760007265637 11.339612007141113 86609
1760007266006 11.138795852661133 86619
1760007266376 10.662591934204102 86629
1760007266745 10.96552848815918 86639
1760007267120 11.316081047058105 86649
1760007267500 10.883962631225586 86659
1760007267870 11.024038314819336 86669
1760007268243 11.019189834594727 86679
1760007268615 11.003774642944336 86689
1760007268987 11.204318046569824 86699
1760007269368 10.884244918823242 86709
1760007269743 11.110937118530273 86719
1760007270135 11.056766510009766 86729
1760007270527 10.910825729370117 86739
1760007270934 11.016021728515625 86749
1760007271329 11.172710418701172 86759
1760007271713 11.25714111328125 86769
1760007272102 10.947561264038086 86779
1760007272486 10.848177909851074 86789
1760007272856 11.14462947845459 86799
1760007273226 10.953280448913574 86809
1760007273589 10.926334381103516 86819
1760007273956 10.671346664428711 86829
1760007274320 11.171243667602539 86839
1760007274678 11.048651695251465 86849
1760007275039 11.057815551757812 86859
1760007275398 11.822172164916992 86869
1760007275757 11.711203575134277 86879
1760007276117 11.535151481628418 86889
1760007276478 11.703422546386719 86899
1760007276839 11.271013259887695 86909
1760007277194 11.416223526000977 86919
1760007277555 11.682043075561523 86929
1760007277920 11.112939834594727 86939
1760007278305 11.130708694458008 86949
1760007278652 11.70172119140625 86959
1760007279004 11.513727188110352 86969
1760007279356 11.81475830078125 86979
1760007279726 11.651504516601562 86989
1760007280091 11.393269538879395 86999
1760007280460 11.393342971801758 87009
1760007280824 11.5740966796875 87019
1760007281189 11.404519081115723 87029
1760007281557 11.33421516418457 87039
1760007281938 11.493307113647461 87049
1760007282313 11.58161735534668 87059
1760007282697 11.417733192443848 87069
1760007283080 11.806221008300781 87079
1760007283451 11.7042875289917 87089
1760007283813 11.264730453491211 87099
1760007284168 11.144522666931152 87109
1760007284525 11.557080268859863 87119
1760007284875 11.205384254455566 87129
1760007285231 11.284553527832031 87139
1760007285580 11.241809844970703 87149
1760007285926 11.522294044494629 87159
1760007286281 11.438545227050781 87169
1760007286634 11.457867622375488 87179
1760007286980 11.462407112121582 87189
1760007287340 11.630144119262695 87199
1760007287692 11.277217864990234 87209
1760007288047 11.652276039123535 87219
1760007288401 11.18580150604248 87229
1760007288751 11.259154319763184 87239
1760007289100 11.608735084533691 87249
1760007289454 11.319442749023438 87259
1760007289805 11.503090858459473 87269
1760007290152 11.550965309143066 87279
1760007290499 11.95637321472168 87289
1760007290849 11.646024703979492 87299
1760007291202 11.43558406829834 87309
1760007291552 11.183202743530273 87319
1760007291908 11.16318416595459 87329
1760007292268 11.620115280151367 87339
1760007292588 11.186534881591797 87349
1760007292873 11.229990005493164 87359
1760007293198 11.327226638793945 87369
1760007293565 11.350919723510742 87379
1760007293919 11.327479362487793 87389
1760007294281 11.39953899383545 87399
1760007294646 11.542149543762207 87409
1760007295008 11.173568725585938 87419
1760007295376 11.375123023986816 87429
1760007295741 11.454830169677734 87439
1760007296108 11.295087814331055 87449
1760007296466 11.38609790802002 87459
1760007296825 11.41655445098877 87469
1760007297177 11.322528839111328 87479
1760007297537 11.369138717651367 87489
1760007297892 11.378446578979492 87499
1760007298252 11.385854721069336 87509
1760007298610 11.081756591796875 87519
1760007298963 11.418537139892578 87529
1760007299313 11.375117301940918 87539
1760007299668 11.256091117858887 87549
1760007300026 11.47695541381836 87559
1760007300385 11.295337677001953 87569
1760007300746 11.227579116821289 87579
1760007301099 11.37592601776123 87589
1760007301443 11.182720184326172 87599
1760007301793 11.317182540893555 87609
1760007302147 11.387076377868652 87619
1760007302500 11.394617080688477 87629
1760007302859 11.147100448608398 87639
1760007303220 11.059565544128418 87649
1760007303572 11.262893676757812 87659
1760007303922 11.524404525756836 87669
1760007304282 10.947144508361816 87679
1760007304632 11.38888168334961 87689
1760007304993 11.483039855957031 87699
1760007305352 11.335012435913086 87709
1760007305714 11.149593353271484 87719
1760007306065 11.163411140441895 87729
1760007306422 11.24649715423584 87739
1760007306789 11.279273986816406 87749
1760007307154 11.365937232971191 87759
1760007307525 11.358537673950195 87769
1760007307884 11.184640884399414 87779
1760007308240 11.343178749084473 87789
1760007308612 11.42149829864502 87799
1760007308979 11.586600303649902 87809
1760007309345 11.177048683166504 87819
1760007309711 11.341468811035156 87829
1760007310065 11.15583610534668 87839
1760007310377 11.347963333129883 87849
1760007310633 11.393989562988281 87859
1760007310905 11.281675338745117 87869
1760007311178 11.46744441986084 87879
1760007311417 11.211967468261719 87889
1760007311634 11.1642427444458 87899
1760007311853 11.426261901855469 87909
1760007312170 11.440498352050781 87919
1760007312525 11.041882514953613 87929
1760007312885 11.247795104980469 87939
1760007313241 11.04983901977539 87949
1760007313591 11.075611114501953 87959
1760007313945 10.877555847167969 87969
1760007314305 11.097283363342285 87979
1760007314663 11.325587272644043 87989
1760007315018 11.261937141418457 87999
1760007315376 11.432768821716309 88009
1760007315734 10.962871551513672 88019
1760007316094 11.041727066040039 88029
1760007316456 11.33265209197998 88039
1760007316814 11.332024574279785 88049
1760007317171 10.916664123535156 88059
1760007317532 11.063819885253906 88069
1760007317889 11.071078300476074 88079
1760007318245 11.106419563293457 88089
1760007318619 11.18891716003418 88099
1760007318989 11.157522201538086 88109
1760007319358 11.189926147460938 88119
1760007319728 11.402703285217285 88129
1760007320098 11.142668724060059 88139
1760007320467 11.149896621704102 88149
1760007320836 11.031488418579102 88159
1760007321202 11.08874225616455 88169
1760007321576 11.213428497314453 88179
1760007321955 11.2515287399292 88189
1760007322338 10.944646835327148 88199
1760007322705 11.192407608032227 88209
1760007323082 11.37548542022705 88219
1760007323453 11.182999610900879 88229
1760007323839 11.040237426757812 88239
1760007324221 11.231836318969727 88249
1760007324603 10.8694486618042 88259
1760007324979 11.143980979919434 88269
1760007325363 11.30965805053711 88279
1760007325750 11.175376892089844 88289
1760007326143 11.218138694763184 88299
1760007326523 11.065263748168945 88309
1760007326902 11.238319396972656 88319
1760007327297 11.118402481079102 88329
1760007327679 11.233202934265137 88339
1760007328068 11.273767471313477 88349
1760007328449 11.228292465209961 88359
1760007328835 11.227555274963379 88369
1760007329235 11.113897323608398 88379
1760007329641 10.849855422973633 88389
1760007330026 10.935042381286621 88399
1760007330400 11.105530738830566 88409
1760007330799 11.107978820800781 88419
1760007331184 11.340936660766602 88429
1760007331570 11.256538391113281 88439
1760007331945 11.119869232177734 88449
1760007332328 11.00464916229248 88459
1760007332712 11.055680274963379 88469
1760007333087 11.12582015991211 88479
1760007333471 11.208955764770508 88489
1760007333856 11.045692443847656 88499
1760007334240 11.082566261291504 88509
1760007334634 10.960208892822266 88519
1760007335016 11.208245277404785 88529
1760007335395 11.235595703125 88539
1760007335770 11.26845932006836 88549
1760007336145 11.040441513061523 88559
1760007336514 11.059234619140625 88569
1760007336891 10.924788475036621 88579
1760007337271 11.063793182373047 88589
1760007337650 11.121475219726562 88599
1760007338038 11.211690902709961 88609
1760007338424 11.278958320617676 88619
1760007338802 11.30309009552002 88629
1760007339192 11.19618034362793 88639
1760007339577 10.855915069580078 88649
1760007339951 11.211370468139648 88659
1760007340319 10.990715026855469 88669
1760007340695 11.05514907836914 88679
1760007341078 11.270410537719727 88689
1760007341470 11.39132308959961 88699
1760007341852 11.164685249328613 88709
1760007342233 11.335715293884277 88719
1760007342601 10.749682426452637 88729
1760007343475 11.346576690673828 88739
1760007343851 11.089944839477539 88749
1760007344226 11.040077209472656 88759
1760007344593 11.198363304138184 88769
1760007344948 11.000596046447754 88779
1760007345306 11.021738052368164 88789
1760007345681 11.199625015258789 88799
1760007346050 11.169153213500977 88809
1760007346429 11.17104721069336 88819
1760007346794 11.246912002563477 88829
1760007347151 10.902515411376953 88839
1760007347493 10.89480209350586 88849
1760007361353 10.887714385986328 88859
1760007361718 11.323501586914062 88869
1760007362104 11.090579986572266 88879
1760007362473 11.701050758361816 88889
1760007362837 11.673221588134766 88899
1760007363213 11.660482406616211 88909
1760007363597 11.568124771118164 88919
1760007364007 11.114215850830078 88929
1760007364363 11.500260353088379 88939
1760007364721 11.435890197753906 88949
1760007365082 11.405548095703125 88959
1760007365438 11.720636367797852 88969
1760007365802 11.120687484741211 88979
1760007366172 11.359192848205566 88989
1760007366547 11.443511962890625 88999
1760007366922 11.478876113891602 89009
1760007367306 11.481168746948242 89019
1760007367692 11.53424072265625 89029
1760007368112 11.323346138000488 89039
1760007368485 11.583932876586914 89049
1760007368858 11.392810821533203 89059
1760007369230 11.795486450195312 89069
1760007369597 11.334626197814941 89079
1760007369968 11.891149520874023 89089
1760007370337 11.560934066772461 89099
1760007370713 11.447860717773438 89109
1760007371077 11.40869140625 89119
1760007371453 11.034053802490234 89129
1760007371826 11.623931884765625 89139
1760007372190 11.239869117736816 89149
1760007372571 11.23978042602539 89159
1760007372953 11.212451934814453 89169
1760007373336 11.458440780639648 89179
1760007373708 11.580451965332031 89189
1760007374082 11.364082336425781 89199
1760007374452 11.315350532531738 89209
1760007374819 11.383774757385254 89219
1760007375187 11.193831443786621 89229
1760007375557 11.428438186645508 89239
1760007375925 11.107726097106934 89249
1760007376305 11.282583236694336 89259
1760007376692 11.604593276977539 89269
1760007377076 11.457540512084961 89279
1760007377464 11.783327102661133 89289
1760007377849 11.449634552001953 89299
1760007378241 11.527121543884277 89309
1760007378609 11.595996856689453 89319
1760007378982 11.522551536560059 89329
1760007379367 11.446090698242188 89339
1760007379744 11.217199325561523 89349
1760007380125 11.3878173828125 89359
1760007380499 10.957794189453125 89369
1760007380873 11.38568115234375 89379
1760007381256 11.232020378112793 89389
1760007381638 11.427249908447266 89399
1760007382026 11.101680755615234 89409
1760007382418 11.166418075561523 89419
1760007382801 11.385281562805176 89429
1760007383176 11.563681602478027 89439
1760007383550 11.3038969039917 89449
1760007383929 11.522378921508789 89459
1760007384308 11.18753433227539 89469
1760007384685 11.36976146697998 89479
1760007385066 11.495199203491211 89489
1760007385611 11.24952507019043 89499
1760007385990 11.356107711791992 89509
1760007386369 11.383459091186523 89519
1760007386766 11.33372688293457 89529
1760007387195 11.547000885009766 89539
1760007387599 11.50034236907959 89549
1760007387979 11.436588287353516 89559
1760007388369 11.344112396240234 89569
1760007388751 11.421628952026367 89579
1760007389144 11.195051193237305 89589
1760007389536 11.261993408203125 89599
1760007389916 11.486078262329102 89609
1760007390316 11.34219741821289 89619
1760007390715 11.634305953979492 89629
1760007391109 11.35450553894043 89639
1760007391499 11.243892669677734 89649
1760007391906 11.516321182250977 89659
1760007392298 11.184558868408203 89669
1760007392692 11.21368408203125 89679
1760007393088 11.276778221130371 89689
1760007393452 11.404576301574707 89699
1760007393817 11.420635223388672 89709
1760007394201 11.65737247467041 89719
1760007394587 11.33364486694336 89729
1760007394975 11.356646537780762 89739
1760007395364 11.478628158569336 89749
1760007395757 11.355308532714844 89759
1760007396145 11.488506317138672 89769
1760007396536 11.416122436523438 89779
1760007396930 11.059755325317383 89789
1760007397319 11.207369804382324 89799
1760007397704 11.253122329711914 89809
1760007398107 11.418787956237793 89819
1760007398503 11.485862731933594 89829
1760007398896 11.116476058959961 89839
1760007399286 11.082297325134277 89849
1760007399673 11.55683708190918 89859
1760007400074 11.312043190002441 89869
1760007400477 11.203750610351562 89879
1760007400879 11.174163818359375 89889
1760007401285 11.677385330200195 89899
1760007401691 11.477852821350098 89909
1760007402094 11.625303268432617 89919
1760007402471 10.916213989257812 89929
1760007402845 11.432125091552734 89939
1760007403225 11.156000137329102 89949
1760007403621 11.263647079467773 89959
1760007404006 11.483396530151367 89969
1760007404389 11.41114330291748 89979
1760007404769 11.036666870117188 89989
1760007405151 11.39401626586914 89999
1760007405526 11.234865188598633 90009
1760007405917 11.24966049194336 90019
1760007406307 11.265132904052734 90029
1760007406702 11.296332359313965 90039
1760007407100 10.983657836914062 90049
1760007407500 11.275602340698242 90059
1760007407877 11.165983200073242 90069
1760007408246 11.395402908325195 90079
1760007408628 11.415716171264648 90089
1760007409018 11.235692977905273 90099
1760007409411 11.22341537475586 90109
1760007409800 11.171646118164062 90119
1760007410183 11.232481002807617 90129
1760007410572 11.244213104248047 90139
1760007410956 11.049654006958008 90149
1760007411346 11.487211227416992 90159
1760007411743 11.191539764404297 90169
1760007412119 11.09054946899414 90179
1760007412506 11.116524696350098 90189
1760007412898 11.16782283782959 90199
1760007413294 11.18973159790039 90209
1760007413664 10.892653465270996 90219
1760007414034 11.266751289367676 90229
1760007414430 10.982100486755371 90239
1760007414827 11.371182441711426 90249
1760007415200 11.311861038208008 90259
1760007415573 11.116243362426758 90269
1760007415945 11.29548454284668 90279
1760007416315 11.032206535339355 90289
1760007416689 11.290779113769531 90299
1760007417067 11.309453964233398 90309
1760007417449 11.029125213623047 90319
1760007417821 11.46060848236084 90329
1760007418198 10.873941421508789 90339
1760007418570 10.99567699432373 90349
1760007418944 10.994302749633789 90359
1760007419345 11.060739517211914 90369
1760007419728 11.117799758911133 90379
1760007420122 11.20384407043457 90389
1760007420501 10.91162395477295 90399
1760007420851 11.202037811279297 90409
1760007421204 10.926886558532715 90419
1760007421556 11.229243278503418 90429
1760007421915 11.131914138793945 90439
1760007422268 10.93564224243164 90449
1760007422620 10.798334121704102 90459
1760007422971 10.844270706176758 90469
1760007423326 11.141002655029297 90479
1760007423680 11.220050811767578 90489
1760007424037 10.907735824584961 90499
1760007424403 10.945013999938965 90509
1760007424754 11.074009895324707 90519
1760007425111 11.006959915161133 90529
1760007425466 10.718830108642578 90539
1760007425821 11.152322769165039 90549
1760007426179 11.25411605834961 90559
1760007426556 10.958456039428711 90569
1760007426911 11.087593078613281 90579
1760007427277 11.116640090942383 90589
1760007427667 10.994958877563477 90599
1760007428062 10.869194030761719 90609
1760007428462 11.148478507995605 90619
1760007428851 11.155206680297852 90629
1760007429238 10.830238342285156 90639
1760007429614 11.213190078735352 90649
1760007429992 10.876110076904297 90659
1760007430369 11.282727241516113 90669
1760007430740 10.804452896118164 90679
1760007431112 10.882532119750977 90689
1760007431513 11.227439880371094 90699
1760007431906 11.19467830657959 90709
1760007432287 10.988460540771484 90719
1760007432679 10.898880004882812 90729
1760007433090 10.846799850463867 90739
1760007433482 10.905254364013672 90749
1760007433860 11.111194610595703 90759
1760007434234 10.872071266174316 90769
1760007434625 10.829553604125977 90779
1760007435010 11.072232246398926 90789
1760007435386 10.949905395507812 90799
1760007435759 10.8798828125 90809
1760007436132 10.740449905395508 90819
1760007436502 10.939796447753906 90829
1760007436880 11.067668914794922 90839
1760007437273 10.986570358276367 90849
1760007437643 10.796266555786133 90859
1760007438022 10.978389739990234 90869
1760007438400 11.031329154968262 90879
1760007438785 11.201059341430664 90889
1760007439159 10.927836418151855 90899
1760007439533 11.326239585876465 90909
1760007439921 11.451716423034668 90919
1760007440303 11.15769100189209 90929
1760007440704 11.423323631286621 90939
1760007441086 11.243278503417969 90949
1760007441471 11.512489318847656 90959
1760007441855 11.444517135620117 90969
1760007442245 11.122644424438477 90979
1760007442631 11.429656982421875 90989
1760007443016 11.680980682373047 90999
1760007443403 11.71826171875 91009
1760007443800 11.628393173217773 91019
1760007444192 11.646903991699219 91029
1760007444574 11.378013610839844 91039
1760007444955 11.3463716506958 91049
1760007445324 11.528884887695312 91059
1760007445696 11.540157318115234 91069
1760007446075 11.211324691772461 91079
1760007446451 11.35073471069336 91089
1760007446842 11.461078643798828 91099
1760007447211 11.326443672180176 91109
1760007447574 11.321300506591797 91119
1760007447958 11.67240047454834 91129
1760007448359 11.460403442382812 91139
1760007448745 11.318838119506836 91149
1760007449126 11.538869857788086 91159
1760007449507 11.6572904586792 91169
1760007449887 11.590325355529785 91179
1760007450280 11.484582901000977 91189
1760007450649 11.354684829711914 91199
1760007451014 11.597307205200195 91209
1760007451405 11.454061508178711 91219
1760007451779 11.296768188476562 91229
1760007452157 11.156776428222656 91239
1760007452532 11.244568824768066 91249
1760007452919 11.339569091796875 91259
1760007453306 11.55712890625 91269
1760007453688 11.653739929199219 91279
1760007454074 11.498991012573242 91289
1760007454483 11.440190315246582 91299
1760007454879 11.512893676757812 91309
1760007455276 11.487131118774414 91319
1760007455656 11.187297821044922 91329
1760007456053 11.405569076538086 91339
1760007456435 11.551743507385254 91349
1760007456829 11.392053604125977 91359
1760007457204 11.371551513671875 91369
1760007457579 11.44192123413086 91379
1760007457948 11.398172378540039 91389
1760007458330 11.38798713684082 91399
1760007458714 11.363167762756348 91409
1760007459091 11.333412170410156 91419
1760007459484 11.506402969360352 91429
1760007459852 11.310256958007812 91439
1760007460217 11.447909355163574 91449
1760007460579 11.604818344116211 91459
1760007460942 11.194319725036621 91469
1760007461287 11.47265338897705 91479
1760007461646 11.410418510437012 91489
1760007462016 11.138999938964844 91499
1760007462385 11.366348266601562 91509
1760007462763 11.190998077392578 91519
1760007463125 11.662210464477539 91529
1760007463500 11.598154067993164 91539
1760007463871 11.376873016357422 91549
1760007464223 11.44662094116211 91559
1760007464581 11.257850646972656 91569
1760007464950 11.19898796081543 91579
1760007465309 11.276010513305664 91589
1760007465686 11.6591215133667 91599
1760007466041 11.169183731079102 91609
1760007466402 11.110591888427734 91619
1760007466763 11.376288414001465 91629
1760007467124 11.135316848754883 91639
1760007467495 11.209084510803223 91649
1760007467877 11.35608959197998 91659
1760007468246 11.39639663696289 91669
1760007468613 11.134610176086426 91679
1760007468970 11.379159927368164 91689
1760007469338 11.208755493164062 91699
1760007469717 11.160578727722168 91709
1760007470122 11.594779968261719 91719
1760007470492 11.323189735412598 91729
1760007470884 11.502402305603027 91739
1760007471280 11.181859970092773 91749
1760007471633 11.549301147460938 91759
1760007471986 11.115669250488281 91769
1760007472348 11.274574279785156 91779
1760007472707 11.342385292053223 91789
1760007473068 11.315095901489258 91799
1760007473418 11.500986099243164 91809
1760007473766 11.26432991027832 91819
1760007474113 11.43453598022461 91829
1760007474461 11.346906661987305 91839
1760007474807 11.246498107910156 91849
1760007475151 11.250421524047852 91859
1760007475500 11.026506423950195 91869
1760007475862 11.090231895446777 91879
1760007476225 11.047006607055664 91889
1760007476584 11.244707107543945 91899
1760007476949 11.383581161499023 91909
1760007477333 11.34675121307373 91919
1760007477699 11.242855072021484 91929
1760007478098 11.37234878540039 91939
1760007478472 11.121879577636719 91949
1760007478861 11.133655548095703 91959
1760007479234 11.388431549072266 91969
1760007479606 11.320960998535156 91979
1760007479970 11.47774887084961 91989
1760007480334 11.148335456848145 91999
1760007480706 11.300626754760742 92009
1760007481065 11.450847625732422 92019
1760007481429 11.21557903289795 92029
1760007481791 11.122594833374023 92039
1760007482147 11.342971801757812 92049
1760007482502 11.462268829345703 92059
1760007482855 11.485183715820312 92069
1760007483208 10.838956832885742 92079
1760007483564 11.238893508911133 92089
1760007483927 11.28571891784668 92099
1760007484296 11.150860786437988 92109
1760007484671 11.422317504882812 92119
1760007485038 11.076055526733398 92129
1760007485412 11.201574325561523 92139
1760007485784 11.092945098876953 92149
1760007486157 11.092283248901367 92159
1760007486523 11.26516342163086 92169
1760007486891 10.885303497314453 92179
1760007487261 11.282098770141602 92189
1760007487629 11.393169403076172 92199
1760007487997 11.339078903198242 92209
1760007488367 11.276212692260742 92219
1760007488744 11.1572904586792 92229
1760007489109 11.11530876159668 92239
1760007489472 11.140421867370605 92249
1760007489839 11.278654098510742 92259
1760007490204 11.033096313476562 92269
1760007490575 11.16802978515625 92279
1760007490940 10.946041107177734 92289
1760007491304 11.082489013671875 92299
1760007491662 11.180789947509766 92309
1760007492023 10.958507537841797 92319
1760007492385 11.143856048583984 92329
1760007492741 11.294286727905273 92339
1760007493097 11.178726196289062 92349
1760007493452 11.175052642822266 92359
1760007493798 10.974531173706055 92369
1760007494143 10.823358535766602 92379
1760007494490 11.032567977905273 92389
1760007494837 11.137760162353516 92399
1760007495187 11.03759479522705 92409
1760007495549 11.028521537780762 92419
1760007495920 11.225015640258789 92429
1760007496296 11.243104934692383 92439
1760007496677 11.080068588256836 92449
1760007497053 11.273078918457031 92459
1760007497424 11.04315185546875 92469
1760007497791 10.693436622619629 92479
1760007498163 10.830950736999512 92489
1760007498540 11.031189918518066 92499
1760007498911 11.037322998046875 92509
1760007499286 10.946767807006836 92519
1760007499660 11.218836784362793 92529
1760007500034 10.769811630249023 92539
1760007500403 11.030752182006836 92549
1760007500779 11.087336540222168 92559
1760007501144 11.081701278686523 92569
1760007501521 10.944202423095703 92579
1760007501904 10.803224563598633 92589
1760007502286 11.087940216064453 92599
1760007502655 10.816073417663574 92609
1760007503016 10.714608192443848 92619
1760007503390 11.064040184020996 92629
1760007503756 10.969457626342773 92639
1760007504125 10.620962142944336 92649
1760007504499 10.913764953613281 92659
1760007504859 11.026766777038574 92669
1760007505220 11.246310234069824 92679
1760007505580 11.085968017578125 92689
1760007505935 11.056496620178223 92699
1760007506308 10.841156005859375 92709
1760007506683 11.290648460388184 92719
1760007507051 11.097700119018555 92729
1760007507411 11.032158851623535 92739
1760007507775 10.811412811279297 92749
1760007508138 10.957963943481445 92759
1760007508997 11.00615119934082 92769
1760007509359 11.109289169311523 92779
1760007509724 11.36958122253418 92789
1760007510084 10.980714797973633 92799
1760007510448 10.79876708984375 92809
1760007510817 11.084437370300293 92819
1760007511198 11.024749755859375 92829
1760007511591 11.358743667602539 92839
1760007511984 11.144792556762695 92849
1760007512373 10.9592866897583 92859
1760007512764 11.166044235229492 92869
1760007513146 11.047443389892578 92879
1760007513542 10.738954544067383 92889
1760007528224 10.809257507324219 92899
1760007528627 10.900748252868652 92909
1760007528997 10.808500289916992 92919
1760007529371 11.39807415008545 92929
1760007529746 11.696632385253906 92939
1760007530141 11.797163009643555 92949
1760007530503 11.487201690673828 92959
1760007530873 11.300487518310547 92969
1760007531218 11.423446655273438 92979
1760007531580 11.284415245056152 92989
1760007531943 11.620462417602539 92999
1760007532321 11.277655601501465 93009
1760007532678 11.374442100524902 93019
1760007533048 11.411020278930664 93029
1760007533422 11.184045791625977 93039
1760007533800 11.474618911743164 93049
1760007534176 11.462783813476562 93059
1760007534564 11.314310073852539 93069
1760007534965 11.606376647949219 93079
1760007535351 11.656196594238281 93089
1760007535729 11.620760917663574 93099
1760007536112 11.02908706665039 93109
1760007536501 11.108564376831055 93119
1760007536895 11.260988235473633 93129
1760007537293 11.047990798950195 93139
1760007537688 11.192989349365234 93149
1760007538078 11.435216903686523 93159
1760007538472 11.491876602172852 93169
1760007538861 11.185619354248047 93179
1760007539237 11.357489585876465 93189
1760007539648 11.265044212341309 93199
1760007540037 11.297499656677246 93209
1760007540427 11.353161811828613 93219
1760007540813 11.241602897644043 93229
1760007541200 11.648872375488281 93239
1760007541588 11.418390274047852 93249
1760007541975 11.325544357299805 93259
1760007542373 11.138422012329102 93269
1760007542760 11.173023223876953 93279
1760007543136 11.217704772949219 93289
1760007543523 11.238701820373535 93299
1760007543910 11.350709915161133 93309
1760007544295 11.15186882019043 93319
1760007544680 11.466944694519043 93329
1760007545073 11.373322486877441 93339
1760007545463 11.318787574768066 93349
1760007545851 11.515310287475586 93359
1760007546240 11.411552429199219 93369
1760007546629 11.333712577819824 93379
1760007547011 11.471635818481445 93389
1760007547393 11.505348205566406 93399
1760007547784 11.602472305297852 93409
1760007548183 11.345664024353027 93419
1760007548582 11.412764549255371 93429
1760007548985 11.153655052185059 93439
1760007549370 11.345208168029785 93449
1760007549764 11.259275436401367 93459
1760007550171 11.503232955932617 93469
1760007550561 11.230789184570312 93479
1760007550948 11.48841381072998 93489
1760007551333 11.307599067687988 93499
1760007551714 11.347444534301758 93509
1760007552085 11.27013874053955 93519
1760007552487 11.191972732543945 93529
1760007552875 11.519775390625 93539
1760007553267 11.36024284362793 93549
1760007553665 11.044410705566406 93559
1760007554062 11.496224403381348 93569
1760007554441 11.387737274169922 93579
1760007554823 11.406461715698242 93589
1760007555194 11.298707962036133 93599
1760007555574 11.1234130859375 93609
1760007555960 11.280162811279297 93619
1760007556334 11.435090065002441 93629
1760007556711 11.391983032226562 93639
1760007557090 11.269906997680664 93649
1760007557474 11.234119415283203 93659
1760007557859 11.310188293457031 93669
1760007558254 11.415031433105469 93679
1760007558642 11.150184631347656 93689
1760007559021 11.378219604492188 93699
1760007559414 11.529356956481934 93709
1760007559811 11.543523788452148 93719
1760007560195 11.468101501464844 93729
1760007560586 11.294853210449219 93739
1760007560963 11.397798538208008 93749
1760007561338 11.241722106933594 93759
1760007561714 11.381370544433594 93769
1760007562091 11.266877174377441 93779
1760007562483 11.587567329406738 93789
1760007562875 11.467375755310059 93799
1760007563262 11.27553939819336 93809
1760007563645 11.407419204711914 93819
1760007564034 11.484944343566895 93829
1760007564415 11.380871772766113 93839
1760007564804 11.41395378112793 93849
1760007565197 11.316250801086426 93859
1760007565577 11.251245498657227 93869
1760007565948 11.11532211303711 93879
1760007566334 11.320467948913574 93889
1760007566726 11.286638259887695 93899
1760007567126 11.456376075744629 93909
1760007567509 11.14061164855957 93919
1760007567896 11.289572715759277 93929
1760007568284 11.46367073059082 93939
1760007568669 11.112777709960938 93949
1760007569066 11.140436172485352 93959
1760007569454 11.309842109680176 93969
1760007569851 11.131390571594238 93979
1760007570216 10.969438552856445 93989
1760007570582 11.254288673400879 93999
1760007570948 11.21518611907959 94009
1760007571317 11.573248863220215 94019
1760007571710 11.27714729309082 94029
1760007572127 11.148323059082031 94039
1760007572518 11.082488059997559 94049
1760007572929 11.0220365524292 94059
1760007573335 11.08340835571289 94069
1760007573738 11.278230667114258 94079
1760007574139 11.219695091247559 94089
1760007574551 11.2675142288208 94099
1760007574945 11.001083374023438 94109
1760007575349 11.08906078338623 94119
1760007575736 11.272180557250977 94129
1760007576123 11.079097747802734 94139
1760007576527 11.390456199645996 94149
1760007576917 11.22588062286377 94159
1760007577305 11.422139167785645 94169
1760007577698 11.06734848022461 94179
1760007578098 11.1895751953125 94189
1760007578490 11.164066314697266 94199
1760007578870 11.01514720916748 94209
1760007579268 10.969059944152832 94219
1760007579652 11.152828216552734 94229
1760007580051 11.171529769897461 94239
1760007580447 11.317760467529297 94249
1760007580848 11.217851638793945 94259
1760007581248 10.945035934448242 94269
1760007581650 11.179601669311523 94279
1760007582051 11.148091316223145 94289
1760007582455 11.083856582641602 94299
1760007582865 10.907392501831055 94309
1760007583271 11.090367317199707 94319
1760007583656 11.228304862976074 94329
1760007584041 11.454269409179688 94339
1760007584412 11.138901710510254 94349
1760007584796 11.180471420288086 94359
1760007585182 11.559967041015625 94369
1760007585576 11.245604515075684 94379
1760007585969 10.798116683959961 94389
1760007586358 10.936161994934082 94399
1760007586758 10.949125289916992 94409
1760007587139 10.735933303833008 94419
1760007587524 11.143610000610352 94429
1760007587907 10.93326187133789 94439
1760007588278 10.939558029174805 94449
1760007588647 11.013025283813477 94459
1760007589018 11.135631561279297 94469
1760007589396 10.890096664428711 94479
1760007589777 11.067676544189453 94489
1760007590158 11.143356323242188 94499
1760007590537 10.66115665435791 94509
1760007590926 11.08861255645752 94519
1760007591312 11.237749099731445 94529
1760007591674 10.891228675842285 94539
1760007592029 10.93787956237793 94549
1760007592394 11.032919883728027 94559
1760007592760 10.891939163208008 94569
1760007593128 11.05960750579834 94579
1760007593494 10.862979888916016 94589
1760007593871 11.092689514160156 94599
1760007594258 10.861522674560547 94609
1760007594632 10.966887474060059 94619
1760007594993 11.053789138793945 94629
1760007595347 10.975419998168945 94639
1760007595705 11.094012260437012 94649
1760007596065 10.862525939941406 94659
1760007596423 10.853736877441406 94669
1760007596788 10.795883178710938 94679
1760007597158 11.030502319335938 94689
1760007597517 11.02478313446045 94699
1760007597875 11.134529113769531 94709
1760007598230 10.962491989135742 94719
1760007598546 10.924389839172363 94729
1760007598815 11.231891632080078 94739
1760007599118 10.878011703491211 94749
1760007599430 10.934301376342773 94759
1760007599770 11.191779136657715 94769
1760007600143 11.124140739440918 94779
1760007600514 10.930099487304688 94789
1760007600894 11.065308570861816 94799
1760007601277 11.13536548614502 94809
1760007601663 10.88406753540039 94819
1760007602052 10.870583534240723 94829
1760007602443 11.168155670166016 94839
1760007602832 10.87986946105957 94849
1760007603231 10.958742141723633 94859
1760007603620 11.014208793640137 94869
1760007604003 10.961143493652344 94879
1760007604391 11.024781227111816 94889
1760007604776 10.827803611755371 94899
1760007605161 11.030401229858398 94909
1760007605536 11.058868408203125 94919
1760007605907 11.195308685302734 94929
1760007606276 11.182397842407227 94939
1760007606651 11.61773681640625 94949
1760007607035 11.565068244934082 94959
1760007607407 11.340667724609375 94969
1760007607775 11.418168067932129 94979
1760007608162 11.089505195617676 94989
1760007608547 11.29433536529541 94999
1760007608922 11.247438430786133 95009
1760007609296 11.455349922180176 95019
1760007609676 11.738128662109375 95029
1760007610059 11.167085647583008 95039
1760007610432 11.494186401367188 95049
1760007610803 11.50337028503418 95059
1760007611183 11.327103614807129 95069
1760007611565 11.307692527770996 95079
1760007611941 11.324456214904785 95089
1760007612320 11.498478889465332 95099
1760007612692 11.267909049987793 95109
1760007613088 11.602166175842285 95119
1760007613475 11.517586708068848 95129
1760007613857 11.196723937988281 95139
1760007614255 11.231972694396973 95149
1760007614636 11.315889358520508 95159
1760007615006 11.276910781860352 95169
1760007615376 11.44691276550293 95179
1760007615745 11.482162475585938 95189
1760007616114 11.490486145019531 95199
1760007616506 11.252554893493652 95209
1760007616877 11.252483367919922 95219
1760007617251 11.231500625610352 95229
1760007617632 11.223957061767578 95239
1760007618018 11.534786224365234 95249
1760007618392 11.577611923217773 95259
1760007618765 11.23608684539795 95269
1760007619130 11.201223373413086 95279
1760007619506 11.187028884887695 95289
1760007619893 11.353816032409668 95299
1760007620265 11.336748123168945 95309
1760007620631 11.242559432983398 95319
1760007621002 11.34490966796875 95329
1760007621376 11.717763900756836 95339
1760007621740 11.283336639404297 95349
1760007622110 11.469520568847656 95359
1760007622478 10.97913646697998 95369
1760007622840 11.557235717773438 95379
1760007623208 11.60867691040039 95389
1760007623571 11.411571502685547 95399
1760007623929 11.290656089782715 95409
1760007624289 11.351966857910156 95419
1760007624652 11.095006942749023 95429
1760007625018 10.892326354980469 95439
1760007625390 11.506715774536133 95449
1760007625768 11.62761116027832 95459
1760007626153 11.31454086303711 95469
1760007626533 11.327252388000488 95479
1760007626923 11.111043930053711 95489
1760007627293 11.1276273727417 95499
1760007627670 11.304573059082031 95509
1760007628053 11.363689422607422 95519
1760007628438 11.138330459594727 95529
1760007628796 11.372198104858398 95539
1760007629151 11.301199913024902 95549
1760007629507 11.499963760375977 95559
1760007629873 11.758316040039062 95569
1760007630228 11.456993103027344 95579
1760007630584 11.437485694885254 95589
1760007630942 11.18748664855957 95599
1760007631302 11.424158096313477 95609
1760007631664 10.874573707580566 95619
1760007632034 11.288850784301758 95629
1760007632410 11.326774597167969 95639
1760007632810 11.299192428588867 95649
1760007633207 11.537914276123047 95659
1760007633573 11.370113372802734 95669
1760007633932 11.378990173339844 95679
1760007634292 11.187313079833984 95689
1760007634661 11.33659839630127 95699
1760007635031 11.176387786865234 95709
1760007635402 11.340635299682617 95719
1760007635764 11.128165245056152 95729
1760007636135 11.364501953125 95739
1760007636506 11.270439147949219 95749
1760007636872 11.10261344909668 95759
1760007637232 11.224411010742188 95769
1760007637599 11.196609497070312 95779
1760007637972 11.202001571655273 95789
1760007638345 11.3850679397583 95799
1760007638711 11.10991382598877 95809
1760007639068 11.039188385009766 95819
1760007639428 11.155888557434082 95829
1760007639792 11.091219902038574 95839
1760007640160 11.500377655029297 95849
1760007640530 11.167315483093262 95859
1760007640890 11.09199047088623 95869
1760007641255 11.0059232711792 95879
1760007641625 11.36749267578125 95889
1760007641992 10.956674575805664 95899
1760007642364 11.150793075561523 95909
1760007642734 10.95455551147461 95919
1760007643102 11.12702751159668 95929
1760007643476 11.365484237670898 95939
1760007643839 11.398233413696289 95949
1760007644240 11.038880348205566 95959
1760007644630 11.081172943115234 95969
1760007644998 11.324636459350586 95979
1760007645356 10.908236503601074 95989
1760007645731 10.742935180664062 95999
1760007646111 11.137086868286133 96009
1760007646493 11.42515754699707 96019
1760007646873 11.180877685546875 96029
1760007647252 11.472185134887695 96039
1760007647616 11.36951732635498 96049
1760007647980 11.333284378051758 96059
1760007648340 11.112831115722656 96069
1760007648707 11.436452865600586 96079
1760007649074 11.236197471618652 96089
1760007649445 11.151167869567871 96099
1760007649819 11.30455493927002 96109
1760007650186 10.921775817871094 96119
1760007650559 11.573596954345703 96129
1760007650932 11.350038528442383 96139
1760007651304 11.252655982971191 96149
1760007651678 11.083051681518555 96159
1760007652050 11.07063102722168 96169
1760007652414 11.24207878112793 96179
1760007652774 11.178654670715332 96189
1760007653136 10.886595726013184 96199
1760007653500 10.855982780456543 96209
1760007653879 11.219327926635742 96219
1760007654246 11.047719955444336 96229
1760007654630 11.021329879760742 96239
1760007655004 10.977222442626953 96249
1760007655376 11.303213119506836 96259
1760007655752 10.696327209472656 96269
1760007656127 10.965505599975586 96279
1760007656494 11.267119407653809 96289
1760007656860 11.180887222290039 96299
1760007657222 11.270181655883789 96309
1760007657579 11.216473579406738 96319
1760007657949 11.005722045898438 96329
1760007658322 10.920858383178711 96339
1760007658689 11.215011596679688 96349
1760007659055 11.025445938110352 96359
1760007659427 11.209131240844727 96369
1760007659805 11.211545944213867 96379
1760007660168 10.945956230163574 96389
1760007660537 11.037140846252441 96399
1760007660911 11.20071029663086 96409
1760007661269 10.747039794921875 96419
1760007661641 11.015663146972656 96429
1760007662010 11.011316299438477 96439
1760007662390 11.137222290039062 96449
1760007662757 10.988283157348633 96459
1760007663134 10.668914794921875 96469
1760007663505 11.134040832519531 96479
1760007663878 11.130691528320312 96489
1760007664253 11.227964401245117 96499
1760007664623 11.179916381835938 96509
1760007664994 11.145591735839844 96519
1760007665368 10.88018798828125 96529
1760007665742 11.15262222290039 96539
1760007666115 10.98867416381836 96549
1760007666494 11.14319896697998 96559
1760007666874 11.197807312011719 96569
1760007667250 10.800954818725586 96579
1760007667633 11.108562469482422 96589
1760007668020 10.810105323791504 96599
1760007668407 10.802449226379395 96609
1760007668788 11.115571975708008 96619
1760007669164 10.911396980285645 96629
1760007669532 11.321588516235352 96639
1760007669883 10.941810607910156 96649
1760007670239 11.026185989379883 96659
1760007670586 10.902189254760742 96669
1760007670933 11.077062606811523 96679
1760007671308 11.17159652709961 96689
1760007671720 10.995946884155273 96699
1760007672097 11.135305404663086 96709
1760007672445 11.173669815063477 96719
1760007672790 11.13919448852539 96729
1760007673147 10.99579906463623 96739
1760007673497 10.79643440246582 96749
1760007673857 11.20687484741211 96759
1760007674210 10.86256217956543 96769
1760007674562 10.809806823730469 96779
1760007674916 11.057205200195312 96789
1760007675264 11.009967803955078 96799
1760007676067 10.854552268981934 96809
1760007676386 10.785744667053223 96819
1760007676733 10.570462226867676 96829
1760007677079 11.06233024597168 96839
1760007677445 10.951343536376953 96849
1760007677816 10.956489562988281 96859
1760007678193 10.966877937316895 96869
1760007678574 10.79516315460205 96879
1760007678938 10.798484802246094 96889
1760007679303 10.953895568847656 96899
1760007679671 11.033520698547363 96909
1760007680037 11.030501365661621 96919
1760007680397 10.55068588256836 96929
1760007693911 10.897298812866211 96939
1760007694290 11.106908798217773 96949
1760007694662 10.75174617767334 96959
1760007695068 11.808119773864746 96969
1760007695446 11.411994934082031 96979
1760007695832 11.282068252563477 96989
1760007696199 11.754627227783203 96999
1760007696544 11.361071586608887 97009
1760007696877 11.229997634887695 97019
1760007697215 11.219146728515625 97029
1760007697554 11.577306747436523 97039
1760007697895 11.482595443725586 97049
1760007698231 11.346564292907715 97059
1760007698574 11.537826538085938 97069
1760007698943 11.125920295715332 97079
1760007699328 11.455720901489258 97089
1760007699720 11.72693157196045 97099
1760007700114 11.264278411865234 97109
1760007700484 11.252762794494629 97119
1760007700856 11.455663681030273 97129
1760007701221 11.25192642211914 97139
1760007701589 11.333349227905273 97149
1760007701947 11.171648025512695 97159
1760007702304 11.44752025604248 97169
1760007702684 11.292258262634277 97179
1760007703066 11.277775764465332 97189
1760007703445 11.399829864501953 97199
1760007703816 11.18803596496582 97209
1760007704187 11.342045783996582 97219
1760007704567 11.020872116088867 97229
1760007704935 11.409123420715332 97239
1760007705305 11.165918350219727 97249
1760007705664 11.458022117614746 97259
1760007706024 11.243293762207031 97269
1760007706386 11.475421905517578 97279
1760007706750 11.318479537963867 97289
1760007707119 11.299040794372559 97299
1760007707478 11.081616401672363 97309
1760007707846 11.764778137207031 97319
1760007708214 11.12092399597168 97329
1760007708573 11.240888595581055 97339
1760007708954 11.271455764770508 97349
1760007709330 11.35682487487793 97359
1760007709708 11.396456718444824 97369
1760007710084 11.528020858764648 97379
1760007710449 11.276387214660645 97389
1760007710810 11.475281715393066 97399
1760007711174 11.089456558227539 97409
1760007711534 11.457273483276367 97419
1760007711918 11.395332336425781 97429
1760007712308 11.477180480957031 97439
1760007712672 11.214150428771973 97449
1760007713042 11.43475341796875 97459
1760007713418 11.326543807983398 97469
1760007713793 11.061175346374512 97479
1760007714169 11.099273681640625 97489
1760007714539 11.15080451965332 97499
1760007714912 11.57608413696289 97509
1760007715273 11.63165283203125 97519
1760007715642 11.397640228271484 97529
1760007716016 11.269039154052734 97539
1760007716387 11.036518096923828 97549
1760007716777 11.460491180419922 97559
1760007717164 11.389262199401855 97569
1760007717543 11.439167022705078 97579
1760007717915 11.481794357299805 97589
1760007718288 11.198014259338379 97599
1760007718657 11.140180587768555 97609
1760007719020 11.286019325256348 97619
1760007719393 11.229534149169922 97629
1760007719765 11.224437713623047 97639
1760007720141 11.308695793151855 97649
1760007720515 11.187010765075684 97659
1760007720894 11.201618194580078 97669
1760007721286 11.382101058959961 97679
1760007721672 11.355070114135742 97689
1760007722039 11.260139465332031 97699
1760007722402 11.257308959960938 97709
1760007722778 11.076489448547363 97719
1760007723161 11.406970977783203 97729
1760007723530 11.376869201660156 97739
1760007723919 11.310288429260254 97749
1760007724306 11.16224193572998 97759
1760007724676 11.381474494934082 97769
1760007725053 11.23965072631836 97779
1760007725440 11.436653137207031 97789
1760007725806 11.327499389648438 97799
1760007726169 11.279180526733398 97809
1760007726542 11.246183395385742 97819
1760007726918 11.426140785217285 97829
1760007727286 11.143028259277344 97839
1760007727657 11.236980438232422 97849
1760007728033 11.55681324005127 97859
1760007728409 11.03882884979248 97869
1760007728785 11.264105796813965 97879
1760007729161 11.529285430908203 97889
1760007729490 11.159967422485352 97899
1760007729824 11.470193862915039 97909
1760007730167 11.012787818908691 97919
1760007730508 11.358600616455078 97929
1760007730859 11.187727928161621 97939
1760007731202 11.123357772827148 97949
1760007731560 10.973337173461914 97959
1760007731902 11.215808868408203 97969
1760007732252 11.021112442016602 97979
1760007732595 11.10869026184082 97989
1760007732943 11.26171875 97999
1760007733295 11.135629653930664 98009
1760007733641 11.456342697143555 98019
1760007734002 10.946346282958984 98029
1760007734395 10.962013244628906 98039
1760007734778 11.311653137207031 98049
1760007735170 11.285326957702637 98059
1760007735533 11.161880493164062 98069
1760007735905 11.174605369567871 98079
1760007736275 10.964029312133789 98089
1760007736641 11.230308532714844 98099
1760007737002 10.979846954345703 98109
1760007737374 10.909513473510742 98119
1760007737760 11.320667266845703 98129
1760007738127 11.13094711303711 98139
1760007738483 10.842111587524414 98149
1760007738837 11.134666442871094 98159
1760007739192 11.061275482177734 98169
1760007739556 11.175920486450195 98179
1760007739915 11.163579940795898 98189
1760007740271 11.135286331176758 98199
1760007740634 11.096734046936035 98209
1760007740998 10.938894271850586 98219
1760007741366 10.997476577758789 98229
1760007741738 11.014892578125 98239
1760007742104 11.06396770477295 98249
1760007742470 11.560004234313965 98259
1760007742834 11.198036193847656 98269
1760007743210 11.077726364135742 98279
1760007743579 10.959412574768066 98289
1760007743948 11.41836929321289 98299
1760007744320 11.062625885009766 98309
1760007744688 11.015722274780273 98319
1760007745057 11.204864501953125 98329
1760007745424 11.135793685913086 98339
1760007745799 10.85052490234375 98349
1760007746170 11.297883987426758 98359
1760007746542 10.870180130004883 98369
1760007746908 10.97069263458252 98379
1760007747274 10.943184852600098 98389
1760007747640 11.289634704589844 98399
1760007748006 11.175576210021973 98409
1760007748368 11.061359405517578 98419
1760007748733 11.060713768005371 98429
1760007749103 11.032648086547852 98439
1760007749466 11.175960540771484 98449
1760007749826 10.985997200012207 98459
1760007750188 11.019342422485352 98469
1760007750551 11.182518005371094 98479
1760007750911 11.038135528564453 98489
1760007751274 11.023423194885254 98499
1760007751637 11.073305130004883 98509
1760007751993 11.215681076049805 98519
1760007752351 11.00728702545166 98529
1760007752711 10.907032012939453 98539
1760007753073 10.818567276000977 98549
1760007753447 11.289434432983398 98559
1760007753820 11.11693286895752 98569
1760007754195 10.92253303527832 98579
1760007754563 11.090173721313477 98589
1760007754932 10.976780891418457 98599
1760007755309 11.207474708557129 98609
1760007755696 10.803998947143555 98619
1760007756074 10.822397232055664 98629
1760007756463 11.119226455688477 98639
1760007756839 10.938434600830078 98649
1760007757216 10.932024002075195 98659
1760007757597 11.097725868225098 98669
1760007757977 11.367773056030273 98679
1760007758352 11.095057487487793 98689
1760007758735 11.015507698059082 98699
1760007759114 10.953827857971191 98709
1760007759500 10.926712036132812 98719
1760007759878 11.068536758422852 98729
1760007760254 11.19273853302002 98739
1760007760624 10.928016662597656 98749
1760007760984 10.976690292358398 98759
1760007761344 10.942402839660645 98769
1760007761710 11.132757186889648 98779
1760007762071 11.011959075927734 98789
1760007762431 10.680865287780762 98799
1760007762796 11.038615226745605 98809
1760007763159 10.770797729492188 98819
1760007763526 10.741287231445312 98829
1760007763891 11.079258918762207 98839
1760007764242 10.770803451538086 98849
1760007764591 10.958391189575195 98859
1760007764943 10.90367603302002 98869
1760007765300 11.122806549072266 98879
1760007765659 10.940324783325195 98889
1760007766022 10.873313903808594 98899
1760007766399 10.956358909606934 98909
1760007766780 10.986525535583496 98919
1760007767163 10.987545013427734 98929
1760007767535 10.773191452026367 98939
1760007767891 10.910540580749512 98949
1760007768276 10.72783088684082 98959
1760007768669 11.27777099609375 98969
1760007769054 10.986686706542969 98979
1760007769455 11.879096031188965 98989
1760007769839 11.727201461791992 98999
1760007770215 11.724404335021973 99009
1760007770601 11.392396926879883 99019
1760007770995 11.596818923950195 99029
1760007771393 11.454360961914062 99039
1760007771788 11.44314193725586 99049
1760007772181 11.432916641235352 99059
1760007772574 11.270689010620117 99069
1760007772958 11.312990188598633 99079
1760007773357 11.192119598388672 99089
1760007773751 11.180526733398438 99099
1760007774131 11.377155303955078 99109
1760007774506 11.27822208404541 99119
1760007774879 11.35970401763916 99129
1760007775258 11.450828552246094 99139
1760007775646 11.250326156616211 99149
1760007776028 11.349834442138672 99159
1760007776411 11.169160842895508 99169
1760007776781 11.194963455200195 99179
1760007777150 11.15212631225586 99189
1760007777521 11.30978775024414 99199
1760007777905 11.534679412841797 99209
1760007778295 11.466240882873535 99219
1760007778688 11.40791130065918 99229
1760007779082 11.455419540405273 99239
1760007779468 11.29180908203125 99249
1760007779851 11.302831649780273 99259
1760007780244 11.484943389892578 99269
1760007780635 11.4232816696167 99279
1760007781044 11.104405403137207 99289
1760007781448 11.556503295898438 99299
1760007781813 11.550546646118164 99309
1760007782176 11.392660140991211 99319
1760007782537 11.464744567871094 99329
1760007782913 11.615788459777832 99339
1760007783309 11.357085227966309 99349
1760007783700 11.258264541625977 99359
1760007784079 11.666427612304688 99369
1760007784470 11.67591667175293 99379
1760007784857 11.360055923461914 99389
1760007785233 11.111501693725586 99399
1760007785611 11.068313598632812 99409
1760007786010 11.275663375854492 99419
1760007786403 11.480989456176758 99429
1760007786790 11.117460250854492 99439
1760007787176 11.369503021240234 99449
1760007787544 11.437437057495117 99459
1760007787911 11.439464569091797 99469
1760007788301 11.277667999267578 99479
1760007788698 11.283275604248047 99489
1760007789084 11.155481338500977 99499
1760007789489 11.240434646606445 99509
1760007789900 11.45409870147705 99519
1760007790308 11.129365921020508 99529
1760007790706 11.146003723144531 99539
1760007791086 11.467185974121094 99549
1760007791473 11.42333698272705 99559
1760007791861 11.222982406616211 99569
1760007792250 10.830205917358398 99579
1760007792625 11.087013244628906 99589
1760007793000 11.089189529418945 99599
1760007793399 11.320354461669922 99609
1760007793768 11.109063148498535 99619
1760007794146 11.33439826965332 99629
1760007794534 11.358236312866211 99639
1760007794933 11.132466316223145 99649
1760007795332 11.059861183166504 99659
1760007795724 11.249429702758789 99669
1760007796127 11.258581161499023 99679
1760007796528 10.911375999450684 99689
1760007796926 11.147102355957031 99699
1760007797304 11.20758056640625 99709
1760007797680 11.330142974853516 99719
1760007798064 11.132079124450684 99729
1760007798445 11.118730545043945 99739
1760007798825 11.312976837158203 99749
1760007799195 11.097318649291992 99759
1760007799567 11.318011283874512 99769
1760007799940 11.223665237426758 99779
1760007800327 11.359151840209961 99789
1760007800709 11.234163284301758 99799
1760007801105 11.159836769104004 99809
1760007801474 11.387986183166504 99819
1760007801853 11.440235137939453 99829
1760007802249 11.063650131225586 99839
1760007802641 11.587677001953125 99849
1760007803025 11.165217399597168 99859
1760007803409 11.28317928314209 99869
1760007803794 11.319379806518555 99879
1760007804176 11.074512481689453 99889
1760007804561 11.259218215942383 99899
1760007804943 11.123059272766113 99909
1760007805310 11.448829650878906 99919
1760007805667 11.346723556518555 99929
1760007806023 11.082436561584473 99939
1760007806378 11.284418106079102 99949
1760007806746 11.397175788879395 99959
1760007807117 11.148395538330078 99969
1760007807490 11.32934856414795 99979
1760007807868 11.019397735595703 99989
1760007808253 11.310173988342285 99999
1760007808633 11.253717422485352 100009
1760007809007 11.129158973693848 100019
1760007809378 11.21432876586914 100029
1760007809744 11.207242965698242 100039
1760007810112 11.073761940002441 100049
1760007810493 11.023443222045898 100059
1760007810862 11.119750022888184 100069
1760007811230 11.006296157836914 100079
1760007811603 11.119014739990234 100089
1760007811978 11.261884689331055 100099
1760007812368 11.186960220336914 100109
1760007812762 11.396738052368164 100119
1760007813129 11.100244522094727 100129
1760007813499 11.393651962280273 100139
1760007813859 10.650627136230469 100149
1760007814210 11.050741195678711 100159
1760007814559 11.30588150024414 100169
1760007814914 11.253832817077637 100179
1760007815280 10.956649780273438 100189
1760007815663 11.043987274169922 100199
1760007816040 10.756433486938477 100209
1760007816389 11.044756889343262 100219
1760007816679 10.970519065856934 100229
1760007816924 11.284952163696289 100239
1760007817142 11.107036590576172 100249
1760007817441 11.140411376953125 100259
1760007817763 11.253626823425293 100269
1760007818119 11.054794311523438 100279
1760007818473 11.063661575317383 100289
1760007818817 11.021570205688477 100299
1760007819167 10.88955307006836 100309
1760007819519 11.06690788269043 100319
1760007819870 10.870119094848633 100329
1760007820205 10.86500358581543 100339
1760007820562 11.213369369506836 100349
1760007820909 10.96299934387207 100359
1760007821254 10.962964057922363 100369
1760007821633 11.197685241699219 100379
1760007822018 10.926238059997559 100389
1760007822401 10.955108642578125 100399
1760007822804 11.20571517944336 100409
1760007823192 11.066197395324707 100419
1760007823573 10.892756462097168 100429
1760007823946 10.92230224609375 100439
1760007824333 11.127336502075195 100449
1760007824725 11.033132553100586 100459
1760007825107 11.108613014221191 100469
1760007825490 10.918048858642578 100479
1760007825878 10.908536911010742 100489
1760007826269 11.345126152038574 100499
1760007826653 10.887054443359375 100509
1760007827038 11.120199203491211 100519
1760007827424 11.10942268371582 100529
1760007827795 11.054460525512695 100539
1760007828179 11.189254760742188 100549
1760007828559 10.993200302124023 100559
1760007828935 11.328115463256836 100569
1760007829310 11.060510635375977 100579
1760007829668 11.027687072753906 100589
1760007830028 10.856435775756836 100599
1760007830401 11.025111198425293 100609
1760007830763 11.094125747680664 100619
1760007831134 10.772989273071289 100629
1760007831510 10.97970962524414 100639
1760007831887 10.922569274902344 100649
1760007832265 11.003145217895508 100659
1760007832642 11.168207168579102 100669
1760007833012 10.730051040649414 100679
1760007833393 10.995655059814453 100689
1760007833768 11.198320388793945 100699
1760007834154 11.128288269042969 100709
1760007834538 10.939040184020996 100719
1760007834920 10.911955833435059 100729
1760007835298 11.008376121520996 100739
1760007835671 10.972858428955078 100749
1760007836047 11.162644386291504 100759
1760007836424 10.724207878112793 100769
1760007836794 11.266935348510742 100779
1760007837167 11.061119079589844 100789
1760007837537 10.823585510253906 100799
1760007837909 11.192816734313965 100809
1760007838297 11.122203826904297 100819
1760007838681 10.914664268493652 100829
1760007839069 10.916006088256836 100839
1760007839946 10.868339538574219 100849
1760007840305 10.774700164794922 100859
1760007840659 11.067930221557617 100869
1760007841016 11.216486930847168 100879
1760007841378 10.787651062011719 100889
1760007841744 11.146157264709473 100899
1760007842102 11.157671928405762 100909
1760007842464 10.941288948059082 100919
1760007842825 11.014836311340332 100929
1760007843187 10.905840873718262 100939
1760007843553 11.242079734802246 100949
1760007843912 11.03663158416748 100959
1760007844273 10.895442962646484 100969
1760007857953 11.088555335998535 100979
1760007858307 10.580780029296875 100989
1760007858667 10.7377347946167 100999
1760007859044 11.711613655090332 101009
1760007859436 11.512725830078125 101019
1760007859796 11.291419982910156 101029
1760007860209 11.398394584655762 101039
1760007860561 11.361133575439453 101049
1760007860915 11.098259925842285 101059
1760007861267 11.320871353149414 101069
1760007861619 11.416261672973633 101079
1760007861973 11.19939136505127 101089
1760007862326 11.34242057800293 101099
1760007862694 11.348916053771973 101109
1760007863068 11.565150260925293 101119
1760007863432 11.440216064453125 101129
1760007863813 11.565835952758789 101139
1760007864199 11.348892211914062 101149
1760007864583 11.23214340209961 101159
1760007864956 11.425239562988281 101169
1760007865339 11.206000328063965 101179
1760007865724 11.255456924438477 101189
1760007866108 11.239838600158691 101199
1760007866478 11.523448944091797 101209
1760007866833 11.372774124145508 101219
1760007867182 11.370668411254883 101229
1760007867541 11.337635040283203 101239
1760007867909 11.36906909942627 101249
1760007868294 11.215170860290527 101259
1760007868716 11.198922157287598 101269
1760007869105 11.257288932800293 101279
1760007869498 11.353848457336426 101289
1760007869865 11.373126029968262 101299
1760007870238 11.265399932861328 101309
1760007870602 11.279213905334473 101319
1760007870976 11.34188175201416 101329
1760007871342 11.220951080322266 101339
1760007871714 11.431750297546387 101349
1760007872089 11.22391128540039 101359
1760007872450 11.430115699768066 101369
1760007872818 11.239452362060547 101379
1760007873187 11.435334205627441 101389
1760007873544 11.406211853027344 101399
1760007873908 11.2452392578125 101409
1760007874264 11.23972225189209 101419
1760007874616 11.218940734863281 101429
1760007874986 11.416357040405273 101439
1760007875362 11.26374626159668 101449
1760007875742 11.600147247314453 101459
1760007876124 11.37941837310791 101469
1760007876503 11.278258323669434 101479
1760007876874 11.373773574829102 101489
1760007877259 10.971318244934082 101499
1760007877632 11.194859504699707 101509
1760007878003 11.349991798400879 101519
1760007878388 11.246832847595215 101529
1760007878771 11.199386596679688 101539
1760007879153 11.111217498779297 101549
1760007879532 11.478097915649414 101559
1760007879914 11.473094940185547 101569
1760007880284 11.334251403808594 101579
1760007880670 11.261140823364258 101589
1760007881051 11.241218566894531 101599
1760007881433 11.325749397277832 101609
1760007881808 11.152461051940918 101619
1760007882175 11.333953857421875 101629
1760007882545 11.422216415405273 101639
1760007882913 11.514688491821289 101649
1760007883297 11.43383502960205 101659
1760007883677 11.320939064025879 101669
1760007884047 11.221075057983398 101679
1760007884438 11.35909652709961 101689
1760007884816 11.078387260437012 101699
1760007885200 11.21696662902832 101709
1760007885572 11.257299423217773 101719
1760007885954 11.244915008544922 101729
1760007886337 11.533703804016113 101739
1760007886716 11.436660766601562 101749
1760007887083 11.277162551879883 101759
1760007887452 11.281294822692871 101769
1760007887818 11.11813735961914 101779
1760007888197 10.9747953414917 101789
1760007888580 11.2680025100708 101799
1760007888946 11.166149139404297 101809
1760007889306 11.041263580322266 101819
1760007889673 11.147394180297852 101829
1760007890040 11.302679061889648 101839
1760007890404 11.404523849487305 101849
1760007890771 11.238901138305664 101859
1760007891140 11.09256362915039 101869
1760007891525 11.026562690734863 101879
1760007891918 11.523942947387695 101889
1760007892323 11.104337692260742 101899
1760007892704 11.207062721252441 101909
1760007893076 11.361532211303711 101919
1760007893448 11.038801193237305 101929
1760007893827 11.264543533325195 101939
1760007894216 11.405107498168945 101949
1760007894649 10.654521942138672 101959
1760007895040 11.261466979980469 101969
1760007895424 11.150887489318848 101979
1760007895798 11.357309341430664 101989
1760007896177 11.147143363952637 101999
1760007896562 10.910724639892578 102009
1760007896930 11.458131790161133 102019
1760007897298 10.955467224121094 102029
1760007897680 10.991634368896484 102039
1760007898055 11.156146049499512 102049
1760007898443 11.366653442382812 102059
1760007898845 11.283363342285156 102069
1760007899234 11.053088188171387 102079
1760007899603 11.363231658935547 102089
1760007899984 10.877517700195312 102099
1760007900361 11.076833724975586 102109
1760007900755 11.45810317993164 102119
1760007901137 11.083733558654785 102129
1760007901522 11.079435348510742 102139
1760007901896 11.018295288085938 102149
1760007902269 10.994482040405273 102159
1760007902648 10.902441024780273 102169
1760007903033 11.149140357971191 102179
1760007903434 11.047475814819336 102189
1760007903821 11.254602432250977 102199
1760007904212 10.854361534118652 102209
1760007904591 11.199872016906738 102219
1760007904976 11.121744155883789 102229
1760007905365 10.826089859008789 102239
1760007905737 11.077859878540039 102249
1760007906104 11.02285385131836 102259
1760007906484 11.195609092712402 102269
1760007906863 11.197668075561523 102279
1760007907246 11.272575378417969 102289
1760007907627 10.985916137695312 102299
1760007908016 11.099939346313477 102309
1760007908403 11.002378463745117 102319
1760007908797 10.945556640625 102329
1760007909216 10.935816764831543 102339
1760007909617 10.92204475402832 102349
1760007909985 11.022314071655273 102359
1760007910350 11.208001136779785 102369
1760007910726 10.931325912475586 102379
1760007911104 11.089921951293945 102389
1760007911463 11.05082893371582 102399
1760007911865 10.851415634155273 102409
1760007912237 10.950023651123047 102419
1760007912628 11.037955284118652 102429
1760007913013 11.208192825317383 102439
1760007913389 10.965584754943848 102449
1760007913766 11.2014799118042 102459
1760007914134 11.05250072479248 102469
1760007914506 10.719694137573242 102479
1760007914887 11.000920295715332 102489
1760007915266 10.912205696105957 102499
1760007915649 10.87302017211914 102509
1760007916032 11.07765007019043 102519
1760007916439 11.221487998962402 102529
1760007916846 10.97337532043457 102539
1760007917265 10.719877243041992 102549
1760007917673 11.216414451599121 102559
1760007918070 11.139902114868164 102569
1760007918451 11.226359367370605 102579
1760007918829 10.796634674072266 102589
1760007919209 11.174818992614746 102599
1760007919596 10.947010040283203 102609
1760007919992 10.920230865478516 102619
1760007920367 11.059000015258789 102629
1760007920742 10.781898498535156 102639
1760007921106 11.00429916381836 102649
1760007921506 10.698516845703125 102659
1760007921906 10.84602165222168 102669
1760007922271 10.895903587341309 102679
1760007922639 10.96303939819336 102689
1760007923005 11.139827728271484 102699
1760007923374 11.01008415222168 102709
1760007923748 10.677716255187988 102719
1760007924110 10.901849746704102 102729
1760007924480 11.065011978149414 102739
1760007924849 10.919105529785156 102749
1760007925221 11.050105094909668 102759
1760007925612 10.728271484375 102769
1760007926004 10.849174499511719 102779
1760007926395 11.148839950561523 102789
1760007926773 10.739952087402344 102799
1760007927156 10.648000717163086 102809
1760007927542 10.867027282714844 102819
1760007927922 11.065528869628906 102829
1760007928313 11.12135124206543 102839
1760007928696 10.777885437011719 102849
1760007929093 10.872654914855957 102859
1760007929487 10.95267391204834 102869
1760007929879 10.951913833618164 102879
1760007930266 10.83521842956543 102889
1760007930636 11.029179573059082 102899
1760007931004 10.962255477905273 102909
1760007931368 11.119308471679688 102919
1760007931735 10.671244621276855 102929
1760007932126 10.963996887207031 102939
1760007932514 10.726869583129883 102949
1760007932878 11.10024356842041 102959
1760007933259 10.86192798614502 102969
1760007933635 11.137115478515625 102979
1760007934008 10.879444122314453 102989
1760007934422 10.99038314819336 102999
1760007934804 11.029990196228027 103009
1760007935186 11.076849937438965 103019
1760007935557 11.25772476196289 103029
1760007935925 11.377922058105469 103039
1760007936291 11.165870666503906 103049
1760007936670 11.358833312988281 103059
1760007937038 11.51848030090332 103069
1760007937414 11.17868709564209 103079
1760007937785 11.501946449279785 103089
1760007938151 11.417303085327148 103099
1760007938548 11.123915672302246 103109
1760007938913 11.42637825012207 103119
1760007939271 11.743048667907715 103129
1760007939638 11.044174194335938 103139
1760007940011 11.623164176940918 103149
1760007940376 11.58963394165039 103159
1760007940741 11.35616683959961 103169
1760007941100 11.430882453918457 103179
1760007941467 11.615169525146484 103189
1760007941828 11.085820198059082 103199
1760007942181 11.236832618713379 103209
1760007942533 11.53114128112793 103219
1760007942888 11.385128021240234 103229
1760007943225 11.489419937133789 103239
1760007943595 11.406913757324219 103249
1760007943952 11.238199234008789 103259
1760007944311 11.46123218536377 103269
1760007944672 11.223841667175293 103279
1760007945028 11.239469528198242 103289
1760007945393 11.410552024841309 103299
1760007945772 11.23703384399414 103309
1760007946137 11.30406379699707 103319
1760007946519 11.574804306030273 103329
1760007946893 11.43950366973877 103339
1760007947264 11.316373825073242 103349
1760007947639 11.42198657989502 103359
1760007948008 11.311356544494629 103369
1760007948374 11.128728866577148 103379
1760007948748 11.60207748413086 103389
1760007949122 11.250665664672852 103399
1760007949507 11.322565078735352 103409
1760007949891 11.339778900146484 103419
1760007950270 11.228900909423828 103429
1760007950648 11.392523765563965 103439
1760007951026 11.440996170043945 103449
1760007951403 11.040119171142578 103459
1760007951786 11.58887004852295 103469
1760007952170 11.666181564331055 103479
1760007952552 11.394783020019531 103489
1760007952942 11.315261840820312 103499
1760007953330 11.353415489196777 103509
1760007953728 11.293306350708008 103519
1760007954124 11.416742324829102 103529
1760007954510 11.394043922424316 103539
1760007954901 11.331886291503906 103549
1760007955280 11.32905387878418 103559
1760007955663 11.078287124633789 103569
1760007956041 11.005846977233887 103579
1760007956434 11.397920608520508 103589
1760007956823 11.579344749450684 103599
1760007957213 11.323264122009277 103609
1760007957579 11.284955978393555 103619
1760007957952 11.231176376342773 103629
1760007958350 11.265653610229492 103639
1760007958728 11.305913925170898 103649
1760007959108 11.366378784179688 103659
1760007959498 11.247917175292969 103669
1760007959890 11.229475021362305 103679
1760007960276 11.276496887207031 103689
1760007960661 11.152189254760742 103699
1760007961050 11.300729751586914 103709
1760007961442 11.677846908569336 103719
1760007961824 11.123557090759277 103729
1760007962205 11.346463203430176 103739
1760007962593 11.260089874267578 103749
1760007962969 11.032615661621094 103759
1760007963356 11.54621696472168 103769
1760007963736 11.263461112976074 103779
1760007964110 11.462885856628418 103789
1760007964461 11.109622955322266 103799
1760007964809 11.008142471313477 103809
1760007965156 11.348030090332031 103819
1760007965508 11.266481399536133 103829
1760007965870 11.30196475982666 103839
1760007966224 11.21235466003418 103849
1760007966585 11.260322570800781 103859
1760007966947 11.021430015563965 103869
1760007967304 10.895013809204102 103879
1760007967652 11.020650863647461 103889
1760007968010 11.17654037475586 103899
1760007968356 11.102331161499023 103909
1760007968705 11.106504440307617 103919
1760007969056 11.312677383422852 103929
1760007969406 10.977031707763672 103939
1760007969756 11.224014282226562 103949
1760007970110 11.788381576538086 103959
1760007970471 11.280987739562988 103969
1760007970832 11.31966781616211 103979
1760007971239 11.21003532409668 103989
1760007971622 11.039533615112305 103999
1760007971999 11.226065635681152 104009
1760007972378 11.018878936767578 104019
1760007972747 11.169708251953125 104029
1760007973111 10.932369232177734 104039
1760007973460 11.234453201293945 104049
1760007973805 11.105680465698242 104059
1760007974159 11.178096771240234 104069
1760007974547 11.245321273803711 104079
1760007974917 11.269745826721191 104089
1760007975284 11.234542846679688 104099
1760007975650 11.178617477416992 104109
1760007976000 11.267751693725586 104119
1760007976377 11.138463973999023 104129
1760007976743 11.199726104736328 104139
1760007977121 11.104402542114258 104149
1760007977495 11.261133193969727 104159
1760007977867 11.316665649414062 104169
1760007978253 11.10984992980957 104179
1760007978639 11.182805061340332 104189
1760007979012 11.079900741577148 104199
1760007979383 11.03216552734375 104209
1760007979752 11.238058090209961 104219
1760007980118 11.335000991821289 104229
1760007980495 11.202926635742188 104239
1760007980878 11.007474899291992 104249
1760007981253 11.121366500854492 104259
1760007981641 11.070877075195312 104269
1760007982043 11.160547256469727 104279
1760007982432 10.989388465881348 104289
1760007982834 11.002584457397461 104299
1760007983218 11.099512100219727 104309
1760007983587 11.262200355529785 104319
1760007983966 10.947866439819336 104329
1760007984336 11.186773300170898 104339
1760007984709 10.926385879516602 104349
1760007985084 10.754450798034668 104359
1760007985631 11.241456031799316 104369
1760007986024 10.698104858398438 104379
1760007986416 11.304502487182617 104389
1760007986808 11.217905044555664 104399
1760007987196 10.96705436706543 104409
1760007987588 11.081589698791504 104419
1760007987977 10.783045768737793 104429
1760007988362 11.03832721710205 104439
1760007988746 11.06518840789795 104449
1760007989117 10.751416206359863 104459
1760007989507 11.136983871459961 104469
1760007989883 11.026097297668457 104479
1760007990255 11.250179290771484 104489
1760007990613 10.713703155517578 104499
1760007990976 11.051155090332031 104509
1760007991347 10.90064811706543 104519
1760007991720 11.058572769165039 104529
1760007992093 11.055154800415039 104539
1760007992469 10.97134017944336 104549
1760007992845 11.033474922180176 104559
1760007993208 10.885265350341797 104569
1760007993587 11.246609687805176 104579
1760007993962 11.195281982421875 104589
1760007994358 10.762422561645508 104599
1760007994746 10.962446212768555 104609
1760007995122 11.24939250946045 104619
1760007995498 11.035357475280762 104629
1760007995887 11.149311065673828 104639
1760007996263 10.776188850402832 104649
1760007996646 11.133186340332031 104659
1760007997022 11.05168342590332 104669
1760007997393 11.067373275756836 104679
1760007997771 11.013919830322266 104689
1760007998155 11.079303741455078 104699
1760007998547 10.954011917114258 104709
1760007998930 10.682623863220215 104719
1760007999311 11.334676742553711 104729
1760007999685 11.129899024963379 104739
1760008000071 10.908893585205078 104749
1760008000452 10.620780944824219 104759
1760008000837 11.1273193359375 104769
1760008001202 10.567403793334961 104779
1760008001571 11.173245429992676 104789
1760008001928 11.054431915283203 104799
1760008002289 11.173593521118164 104809
1760008002642 11.134106636047363 104819
1760008002997 10.838479995727539 104829
1760008003353 10.901381492614746 104839
1760008003726 11.276055335998535 104849
1760008004097 10.874194145202637 104859
1760008004465 10.930485725402832 104869
1760008004830 11.040191650390625 104879
1760008005700 11.129783630371094 104889
1760008006072 10.915603637695312 104899
1760008006429 10.916419982910156 104909
1760008006796 10.876993179321289 104919
1760008007161 10.924571990966797 104929
1760008007517 10.894248962402344 104939
1760008007872 10.962889671325684 104949
1760008008237 10.85235595703125 104959
1760008008602 10.984342575073242 104969
1760008008959 10.842705726623535 104979
1760008009317 10.973367691040039 104989
1760008009673 10.977684020996094 104999
1760008010029 10.834322929382324 105009
1760008025154 10.759754180908203 105019
1760008025539 11.018011093139648 105029
1760008025928 11.13807487487793 105039
1760008026290 11.424287796020508 105049
1760008026673 11.543354034423828 105059
1760008027062 11.523602485656738 105069
1760008027493 11.30412769317627 105079
1760008027867 11.312538146972656 105089
1760008028233 11.102094650268555 105099
1760008028590 11.440826416015625 105109
1760008028972 10.985929489135742 105119
1760008029339 11.27674674987793 105129
1760008029715 11.483244895935059 105139
1760008030109 11.170673370361328 105149
1760008030496 10.967947006225586 105159
1760008030889 11.310882568359375 105169
1760008031317 11.147615432739258 105179
1760008031707 11.254493713378906 105189
1760008032101 11.409542083740234 105199
1760008032501 11.339628219604492 105209
1760008032900 10.992349624633789 105219
1760008033291 11.065861701965332 105229
1760008033679 10.984983444213867 105239
1760008034052 11.246236801147461 105249
1760008034434 11.303750991821289 105259
1760008034820 11.479703903198242 105269
1760008035197 11.46051025390625 105279
1760008035582 11.089798927307129 105289
1760008035949 11.38979721069336 105299
1760008036321 11.200958251953125 105309
1760008036700 11.275442123413086 105319
1760008037098 11.277935028076172 105329
1760008037492 11.39731216430664 105339
1760008037876 11.381071090698242 105349
1760008038260 11.291169166564941 105359
1760008038660 11.583992958068848 105369
1760008039052 11.41142463684082 105379
1760008039439 11.145184516906738 105389
1760008039826 11.269610404968262 105399
1760008040218 10.862478256225586 105409
1760008040606 11.487357139587402 105419
1760008041003 11.573304176330566 105429
1760008041390 11.298471450805664 105439
1760008041769 11.289182662963867 105449
1760008042153 11.343656539916992 105459
1760008042540 11.065126419067383 105469
1760008042924 11.551081657409668 105479
1760008043299 11.254552841186523 105489
1760008043683 11.172613143920898 105499
1760008044065 11.246753692626953 105509
1760008044458 11.251171112060547 105519
1760008044839 11.701751708984375 105529
1760008045218 11.126724243164062 105539
1760008045594 11.279172897338867 105549
1760008045975 11.144516944885254 105559
1760008046352 11.42270278930664 105569
1760008046724 11.056537628173828 105579
1760008047094 11.239648818969727 105589
1760008047460 11.01222038269043 105599
1760008047835 11.193593978881836 105609
1760008048206 11.209087371826172 105619
1760008048590 11.113916397094727 105629
1760008048956 11.310569763183594 105639
1760008049332 11.397773742675781 105649
1760008049707 10.958980560302734 105659
1760008050095 11.21098518371582 105669
1760008050478 10.867612838745117 105679
1760008050842 10.993831634521484 105689
1760008051215 11.255792617797852 105699
1760008051610 10.98863697052002 105709
1760008052009 11.329412460327148 105719
1760008052401 11.531055450439453 105729
1760008052798 11.421093940734863 105739
1760008053181 11.023594856262207 105749
1760008053566 11.159564971923828 105759
1760008053953 11.291868209838867 105769
1760008054343 11.054409980773926 105779
1760008054716 11.143350601196289 105789
1760008055100 11.251114845275879 105799
1760008055482 11.015727996826172 105809
1760008055859 11.188204765319824 105819
1760008056272 11.017179489135742 105829
1760008056655 11.022632598876953 105839
1760008057040 11.102721214294434 105849
1760008057416 11.485893249511719 105859
1760008057819 11.126994132995605 105869
1760008058208 11.28046989440918 105879
1760008058578 11.245052337646484 105889
1760008058951 11.061785697937012 105899
1760008059348 11.27047348022461 105909
1760008059709 11.24901008605957 105919
1760008060075 11.227420806884766 105929
1760008060444 11.220626831054688 105939
1760008060824 11.337772369384766 105949
1760008061201 11.094939231872559 105959
1760008061582 10.882011413574219 105969
1760008061955 10.928695678710938 105979
1760008062325 11.126686096191406 105989
1760008062701 11.193561553955078 105999
1760008063077 10.956733703613281 106009
1760008063461 11.321517944335938 106019
1760008063842 11.193544387817383 106029
1760008064218 11.351594924926758 106039
1760008064598 11.057647705078125 106049
1760008064985 11.244736671447754 106059
1760008065367 11.141960144042969 106069
1760008065753 11.088678359985352 106079
1760008066130 11.337575912475586 106089
1760008066507 11.114023208618164 106099
1760008066884 11.110296249389648 106109
1760008067252 11.170620918273926 106119
1760008067621 11.310766220092773 106129
1760008067985 11.20781135559082 106139
1760008068366 11.340021133422852 106149
1760008068747 11.166889190673828 106159
1760008069124 11.13986873626709 106169
1760008069509 11.093921661376953 106179
1760008069900 11.26712417602539 106189
1760008070300 10.963502883911133 106199
1760008070675 11.265790939331055 106209
1760008071050 11.097064018249512 106219
1760008071423 10.978508949279785 106229
1760008071801 10.925250053405762 106239
1760008072179 11.151467323303223 106249
1760008072566 10.940570831298828 106259
1760008072941 10.949201583862305 106269
1760008073317 10.871362686157227 106279
1760008073692 11.463380813598633 106289
1760008074078 11.27408218383789 106299
1760008074443 10.947863578796387 106309
1760008074797 11.290420532226562 106319
1760008075158 11.240645408630371 106329
1760008075512 11.031097412109375 106339
1760008075864 10.87527847290039 106349
1760008076211 10.986907958984375 106359
1760008076575 11.0901517868042 106369
1760008076943 11.266590118408203 106379
1760008077317 10.927935600280762 106389
1760008077668 10.947301864624023 106399
1760008078022 11.271888732910156 106409
1760008078387 10.866964340209961 106419
1760008078748 10.940387725830078 106429
1760008079113 10.72891616821289 106439
1760008079482 11.1815824508667 106449
1760008079840 11.140162467956543 106459
1760008080197 10.79571533203125 106469
1760008080566 10.982022285461426 106479
1760008080947 10.842857360839844 106489
1760008081320 10.882926940917969 106499
1760008081712 11.181377410888672 106509
1760008082079 10.902334213256836 106519
1760008082445 10.938264846801758 106529
1760008082812 11.013374328613281 106539
1760008083178 10.908703804016113 106549
1760008083577 10.970100402832031 106559
1760008083965 11.167865753173828 106569
1760008084340 11.078123092651367 106579
1760008084710 10.966287612915039 106589
1760008085085 11.12571907043457 106599
1760008085455 11.089106559753418 106609
1760008085831 10.807252883911133 106619
1760008086206 11.015008926391602 106629
1760008086577 10.917806625366211 106639
1760008086949 11.017926216125488 106649
1760008087315 10.937836647033691 106659
1760008087689 10.871997833251953 106669
1760008088069 10.985527038574219 106679
1760008088449 11.061763763427734 106689
1760008088804 10.769950866699219 106699
1760008089171 10.809769630432129 106709
1760008089548 11.005908012390137 106719
1760008089931 10.686694145202637 106729
1760008090326 10.866676330566406 106739
1760008090703 10.921701431274414 106749
1760008091069 10.932435989379883 106759
1760008091454 11.197721481323242 106769
1760008091825 11.068532943725586 106779
1760008092187 10.808635711669922 106789
1760008092557 10.820703506469727 106799
1760008092922 10.86081314086914 106809
1760008093301 11.019720077514648 106819
1760008093675 10.707038879394531 106829
1760008094059 10.659796714782715 106839
1760008094427 10.829891204833984 106849
1760008094791 11.13965129852295 106859
1760008095158 10.671859741210938 106869
1760008095521 10.901225090026855 106879
1760008095882 10.985302925109863 106889
1760008096249 10.627958297729492 106899
1760008096622 10.644266128540039 106909
1760008096983 10.845020294189453 106919
1760008097352 11.013956069946289 106929
1760008097707 10.968132972717285 106939
1760008098072 10.951237678527832 106949
1760008098428 10.764362335205078 106959
1760008098786 11.114641189575195 106969
1760008099140 10.794672012329102 106979
1760008099500 11.149499893188477 106989
1760008099864 10.877657890319824 106999
1760008100232 10.966544151306152 107009
1760008100601 11.17398452758789 107019
1760008100964 10.891469955444336 107029
1760008101326 11.052026748657227 107039
1760008101678 10.848392486572266 107049
1760008102035 10.871625900268555 107059
1760008102394 11.993407249450684 107069
1760008102756 11.853906631469727 107079
1760008103125 11.896251678466797 107089
1760008103481 11.167577743530273 107099
1760008103803 11.407781600952148 107109
1760008104168 11.176737785339355 107119
1760008104531 10.972938537597656 107129
1760008104899 11.060983657836914 107139
1760008105267 11.158010482788086 107149
1760008105665 11.140356063842773 107159
1760008106028 11.372674942016602 107169
1760008106408 11.069381713867188 107179
1760008106816 11.361889839172363 107189
1760008107208 11.135583877563477 107199
1760008107604 11.186102867126465 107209
1760008107989 11.535628318786621 107219
1760008108369 11.511478424072266 107229
1760008108749 11.209453582763672 107239
1760008109129 11.488563537597656 107249
1760008109495 11.300724029541016 107259
1760008109857 11.192217826843262 107269
1760008110223 10.99306583404541 107279
1760008110577 11.460977554321289 107289
1760008110931 11.500920295715332 107299
1760008111285 11.147544860839844 107309
1760008111642 11.451702117919922 107319
1760008112002 11.392513275146484 107329
1760008112358 11.225395202636719 107339
1760008112723 11.252002716064453 107349
1760008113089 11.175066947937012 107359
1760008113466 11.255748748779297 107369
1760008113858 11.446752548217773 107379
1760008114239 11.138053894042969 107389
1760008114613 11.23590087890625 107399
1760008114976 11.156006813049316 107409
1760008115338 10.994569778442383 107419
1760008115703 11.504070281982422 107429
1760008116078 11.605812072753906 107439
1760008116456 11.130760192871094 107449
1760008116832 11.135873794555664 107459
1760008117215 11.363751411437988 107469
1760008117593 11.416833877563477 107479
1760008117970 11.35472583770752 107489
1760008118357 11.287860870361328 107499
1760008118744 11.314234733581543 107509
1760008119110 11.052175521850586 107519
1760008119477 11.184588432312012 107529
1760008119841 11.150442123413086 107539
1760008120224 11.47739028930664 107549
1760008120593 11.407493591308594 107559
1760008120965 11.178958892822266 107569
1760008121333 11.188497543334961 107579
1760008121734 11.328420639038086 107589
1760008122114 10.915447235107422 107599
1760008122496 11.203695297241211 107609
1760008122878 11.395736694335938 107619
1760008123253 11.03016185760498 107629
1760008123634 11.351604461669922 107639
1760008124007 11.159100532531738 107649
1760008124391 11.330631256103516 107659
1760008124772 11.188124656677246 107669
1760008125165 11.442977905273438 107679
1760008125548 11.174379348754883 107689
1760008125920 11.289182662963867 107699
1760008126293 11.143097877502441 107709
1760008126659 11.369674682617188 107719
1760008127049 11.23115348815918 107729
1760008127441 11.24204158782959 107739
1760008127834 11.067304611206055 107749
1760008128229 11.30344009399414 107759
1760008128620 11.04206657409668 107769
1760008128980 11.204527854919434 107779
1760008129344 11.333059310913086 107789
1760008129715 10.809647560119629 107799
1760008130078 11.208494186401367 107809
1760008130441 11.118206977844238 107819
1760008130811 11.127012252807617 107829
1760008131187 11.143632888793945 107839
1760008131549 11.094597816467285 107849
1760008131907 11.26864242553711 107859
1760008132275 11.036514282226562 107869
1760008132621 11.311792373657227 107879
1760008132985 11.192230224609375 107889
1760008133358 11.064748764038086 107899
1760008133722 11.194196701049805 107909
1760008134082 10.85206127166748 107919
1760008134466 11.156179428100586 107929
1760008134825 11.199146270751953 107939
1760008135192 11.247968673706055 107949
1760008135569 10.985626220703125 107959
1760008135936 11.529768943786621 107969
1760008136298 11.192739486694336 107979
1760008136674 11.603791236877441 107989
1760008137038 10.972990036010742 107999
1760008137407 10.972015380859375 108009
1760008137772 11.320856094360352 108019
1760008138141 10.977277755737305 108029
1760008138508 11.17745590209961 108039
1760008138881 11.326333999633789 108049
1760008139246 11.090250968933105 108059
1760008139620 11.190786361694336 108069
1760008140005 11.381600379943848 108079
1760008140379 11.069025039672852 108089
1760008140781 10.776784896850586 108099
1760008141164 11.315512657165527 108109
1760008141549 11.170893669128418 108119
1760008141939 11.09852409362793 108129
1760008142317 10.997288703918457 108139
1760008142707 11.215047836303711 108149
1760008143073 11.036626815795898 108159
1760008143434 11.202371597290039 108169
1760008143839 11.233139038085938 108179
1760008144257 11.107717514038086 108189
1760008144626 11.120962142944336 108199
1760008145001 11.12873649597168 108209
1760008145374 11.142280578613281 108219
1760008145763 11.296725273132324 108229
1760008146164 10.968317031860352 108239
1760008146572 11.1863431930542 108249
1760008146944 10.87666130065918 108259
1760008147322 11.037117958068848 108269
1760008147702 11.18069076538086 108279
1760008148083 11.251607894897461 108289
1760008148485 10.96013355255127 108299
1760008148874 11.125529289245605 108309
1760008149252 11.122912406921387 108319
1760008149626 11.100859642028809 108329
1760008150005 10.900496482849121 108339
1760008150386 10.957778930664062 108349
1760008150775 10.911434173583984 108359
1760008151157 11.19515323638916 108369
1760008151531 10.921679496765137 108379
1760008151928 11.087574005126953 108389
1760008152316 11.19002914428711 108399
1760008152716 11.202858924865723 108409
1760008153108 10.816681861877441 108419
1760008153496 11.257705688476562 108429
1760008153889 10.818775177001953 108439
1760008154275 11.118535995483398 108449
1760008154652 11.237959861755371 108459
1760008155030 10.999135971069336 108469
1760008155419 11.152830123901367 108479
1760008155793 11.088804244995117 108489
1760008156162 11.277524948120117 108499
1760008156538 11.130495071411133 108509
1760008156906 11.054941177368164 108519
1760008157281 10.876216888427734 108529
1760008157656 10.94845962524414 108539
1760008158049 11.275272369384766 108549
1760008158455 11.132265090942383 108559
1760008158864 11.17209243774414 108569
1760008159264 11.074453353881836 108579
1760008159658 10.798510551452637 108589
1760008160047 11.003240585327148 108599
1760008160450 10.751030921936035 108609
1760008160835 11.290639877319336 108619
1760008161209 11.150325775146484 108629
1760008161585 11.034368515014648 108639
1760008161965 10.768980979919434 108649
1760008162352 11.002082824707031 108659
1760008162724 10.66928482055664 108669
1760008163095 10.979736328125 108679
1760008163481 10.835745811462402 108689
1760008163864 10.805501937866211 108699
1760008164251 11.031879425048828 108709
1760008164632 10.984129905700684 108719
1760008165004 10.570845603942871 108729
1760008165381 10.985162734985352 108739
1760008165753 10.980840682983398 108749
1760008166143 11.066509246826172 108759
1760008166535 11.02707576751709 108769
1760008166937 11.293375015258789 108779
1760008167322 11.061986923217773 108789
1760008167709 10.89828872680664 108799
1760008168105 10.944662094116211 108809
1760008168503 11.14146614074707 108819
1760008168881 10.834421157836914 108829
1760008169257 10.844390869140625 108839
1760008169654 10.90998363494873 108849
1760008170032 10.776358604431152 108859
1760008170425 10.98351764678955 108869
1760008170804 11.021102905273438 108879
1760008171180 10.963590621948242 108889
1760008171554 10.90926456451416 108899
1760008171920 11.059181213378906 108909
1760008172287 10.814769744873047 108919
1760008173121 10.939078330993652 108929
1760008173489 11.15017318725586 108939
1760008173855 10.80839729309082 108949
1760008174224 10.833508491516113 108959
1760008174593 10.980088233947754 108969
1760008174968 11.041000366210938 108979
1760008175331 10.98661994934082 108989
1760008175697 11.049535751342773 108999
1760008176058 10.870013236999512 109009
1760008176425 10.9385986328125 109019
1760008176783 10.908502578735352 109029
1760008177149 10.569189071655273 109039
1760008177517 10.77444076538086 109049
1760008194171 10.79760456085205 109059
1760008194465 10.971843719482422 109069
1760008194772 10.992383003234863 109079
1760008195141 11.642834663391113 109089
1760008195559 11.264827728271484 109099
1760008195907 11.350289344787598 109109
1760008196285 11.049296379089355 109119
1760008196633 11.105180740356445 109129
1760008196983 11.185196876525879 109139
1760008197347 11.128585815429688 109149
1760008197707 11.224298477172852 109159
1760008198071 11.299969673156738 109169
1760008198439 11.363847732543945 109179
1760008198809 11.26327896118164 109189
1760008199176 11.260736465454102 109199
1760008199538 11.459197044372559 109209
1760008199915 10.846176147460938 109219
1760008200293 11.177148818969727 109229
1760008200678 11.261553764343262 109239
1760008201047 11.304328918457031 109249
1760008201416 11.105743408203125 109259
1760008201786 11.521929740905762 109269
1760008202167 11.05789566040039 109279
1760008202546 11.588216781616211 109289
1760008202940 11.271696090698242 109299
1760008203308 11.517240524291992 109309
1760008203686 11.297504425048828 109319
1760008204065 11.203853607177734 109329
1760008204446 11.048456192016602 109339
1760008204829 11.217848777770996 109349
1760008205213 11.461149215698242 109359
1760008205600 11.354742050170898 109369
1760008205966 11.444061279296875 109379
1760008206343 11.24341106414795 109389
1760008206739 11.44726276397705 109399
1760008207109 11.21436882019043 109409
1760008207476 10.953311920166016 109419
1760008207856 11.160698890686035 109429
1760008208248 11.068002700805664 109439
1760008208650 11.308320999145508 109449
1760008209041 11.24026870727539 109459
1760008209431 11.030163764953613 109469
1760008209822 11.025378227233887 109479
1760008210211 11.195958137512207 109489
1760008210589 11.645344734191895 109499
1760008210980 11.194679260253906 109509
1760008211354 11.233779907226562 109519
1760008211724 11.221142768859863 109529
1760008212093 11.18537712097168 109539
1760008212465 11.227052688598633 109549
1760008212834 11.136970520019531 109559
1760008213226 11.409271240234375 109569
1760008213602 11.078413009643555 109579
1760008213981 11.204363822937012 109589
1760008214365 11.450216293334961 109599
1760008214753 11.102757453918457 109609
1760008215140 11.34669017791748 109619
1760008215533 11.505265235900879 109629
1760008215915 11.241633415222168 109639
1760008216293 11.094110488891602 109649
1760008216668 11.31915283203125 109659
1760008217039 11.212427139282227 109669
1760008217413 11.183794021606445 109679
1760008217799 11.265707015991211 109689
1760008218174 11.321189880371094 109699
1760008218552 11.392804145812988 109709
1760008218924 11.294022560119629 109719
1760008219311 11.033418655395508 109729
1760008219685 11.237112045288086 109739
1760008220051 11.202804565429688 109749
1760008220408 11.272976875305176 109759
1760008220760 11.2482271194458 109769
1760008221146 11.002386093139648 109779
1760008221501 11.437715530395508 109789
1760008221849 11.38833999633789 109799
1760008222224 11.227849006652832 109809
1760008222586 11.008771896362305 109819
1760008222952 11.27566909790039 109829
1760008223308 11.214824676513672 109839
1760008223667 11.398504257202148 109849
1760008224033 11.263111114501953 109859
1760008224412 11.512735366821289 109869
1760008224792 10.992201805114746 109879
1760008225179 11.12826919555664 109889
1760008225552 11.293346405029297 109899
1760008225940 11.387445449829102 109909
1760008226316 11.122354507446289 109919
1760008226699 11.099038124084473 109929
1760008227086 10.934734344482422 109939
1760008227468 11.36659049987793 109949
1760008227829 11.23647689819336 109959
1760008228201 11.119901657104492 109969
1760008228567 11.0780029296875 109979
1760008228940 11.248973846435547 109989
1760008229311 11.353691101074219 109999
1760008229672 11.284895896911621 110009
1760008230050 11.16583251953125 110019
1760008230434 11.295602798461914 110029
1760008230813 11.052398681640625 110039
1760008231196 10.92500114440918 110049
1760008231571 11.098379135131836 110059
1760008231954 11.079421997070312 110069
1760008232338 10.996036529541016 110079
1760008232710 11.156997680664062 110089
1760008233072 11.239832878112793 110099
1760008233440 11.202409744262695 110109
1760008233808 11.13102912902832 110119
1760008234176 11.05746078491211 110129
1760008234549 11.177618026733398 110139
1760008234927 10.94559097290039 110149
1760008235303 10.764850616455078 110159
1760008235673 11.19422721862793 110169
1760008236049 10.932214736938477 110179
1760008236433 10.997438430786133 110189
1760008236815 10.865111351013184 110199
1760008237193 10.917464256286621 110209
1760008237578 11.156078338623047 110219
1760008237956 11.222553253173828 110229
1760008238329 11.111939430236816 110239
1760008238717 10.981735229492188 110249
1760008239125 11.014694213867188 110259
1760008239519 11.088610649108887 110269
1760008239889 11.227413177490234 110279
1760008240258 10.886590957641602 110289
1760008240651 11.193607330322266 110299
1760008241006 11.40269660949707 110309
1760008241374 11.269096374511719 110319
1760008241725 11.116231918334961 110329
1760008242067 10.88677978515625 110339
1760008242420 10.881535530090332 110349
1760008242794 10.962575912475586 110359
1760008243167 10.959741592407227 110369
1760008243571 11.47294807434082 110379
1760008243958 10.680715560913086 110389
1760008244319 11.172937393188477 110399
1760008244661 10.93951416015625 110409
1760008245034 10.864639282226562 110419
1760008245415 10.725041389465332 110429
1760008245764 10.777349472045898 110439
1760008246138 10.74392318725586 110449
1760008246519 11.019513130187988 110459
1760008246893 11.086052894592285 110469
1760008247267 10.918725967407227 110479
1760008247640 10.66114330291748 110489
1760008248043 10.805411338806152 110499
1760008248439 10.825862884521484 110509
1760008248806 11.094676971435547 110519
1760008249177 10.707274436950684 110529
1760008249537 11.105890274047852 110539
1760008249898 10.911059379577637 110549
1760008250273 11.049894332885742 110559
1760008250654 11.00280475616455 110569
1760008251034 11.10849380493164 110579
1760008251388 11.125845909118652 110589
1760008251750 10.837461471557617 110599
1760008252112 11.20645523071289 110609
1760008252469 10.70469856262207 110619
1760008252841 11.125746726989746 110629
1760008253205 11.004975318908691 110639
1760008253570 10.997431755065918 110649
1760008253943 11.066104888916016 110659
1760008254316 10.792312622070312 110669
1760008254709 11.114667892456055 110679
1760008255119 10.831071853637695 110689
1760008255500 11.105831146240234 110699
1760008255892 10.927836418151855 110709
1760008256269 11.14471435546875 110719
1760008256612 10.968698501586914 110729
1760008256955 11.107307434082031 110739
1760008257301 10.932154655456543 110749
1760008257644 11.015152931213379 110759
1760008257986 10.922476768493652 110769
1760008258328 10.950651168823242 110779
1760008258672 11.049418449401855 110789
1760008259017 10.886240005493164 110799
1760008259365 10.781917572021484 110809
1760008259711 10.923632621765137 110819
1760008260055 10.869646072387695 110829
1760008260400 10.965351104736328 110839
1760008260747 11.029659271240234 110849
1760008261096 10.811103820800781 110859
1760008261447 10.944182395935059 110869
1760008261797 10.740009307861328 110879
1760008262143 11.090259552001953 110889
1760008262493 11.515154838562012 110899
1760008262843 10.938577651977539 110909
1760008263194 10.698747634887695 110919
1760008263545 10.896139144897461 110929
1760008263898 10.903470993041992 110939
1760008264247 11.053988456726074 110949
1760008264597 10.51308822631836 110959
1760008264964 11.022283554077148 110969
1760008265333 10.910734176635742 110979
1760008265705 10.999771118164062 110989
1760008266072 10.657929420471191 110999
1760008266438 11.014596939086914 111009
1760008266808 10.982281684875488 111019
1760008267184 10.803607940673828 111029
1760008267553 10.671953201293945 111039
1760008267922 10.680379867553711 111049
1760008268287 10.843632698059082 111059
1760008268650 11.049036026000977 111069
1760008269016 10.534711837768555 111079
1760008269390 10.683023452758789 111089
1760008269755 10.842864990234375 111099
1760008270119 11.645201683044434 111109
1760008270486 11.462274551391602 111119
1760008270852 11.084949493408203 111129
1760008271215 10.998407363891602 111139
1760008271591 11.20978832244873 111149
1760008271955 11.310397148132324 111159
1760008272316 11.584001541137695 111169
1760008272683 11.267538070678711 111179
1760008273046 11.46139144897461 111189
1760008273401 11.180286407470703 111199
1760008273775 11.600584030151367 111209
1760008274147 11.005340576171875 111219
1760008274516 10.925469398498535 111229
1760008274887 11.507590293884277 111239
1760008275257 11.282642364501953 111249
1760008275642 10.962750434875488 111259
1760008276031 10.95246696472168 111269
1760008276414 11.082134246826172 111279
1760008276812 11.403556823730469 111289
1760008277210 11.221041679382324 111299
1760008277602 11.47258186340332 111309
1760008277995 11.130318641662598 111319
1760008278380 11.104750633239746 111329
1760008278762 11.244461059570312 111339
1760008279139 11.550719261169434 111349
1760008279509 11.305804252624512 111359
1760008279887 11.154695510864258 111369
1760008280260 11.024032592773438 111379
1760008280622 11.239130020141602 111389
1760008280979 11.370917320251465 111399
1760008281334 11.359452247619629 111409
1760008281689 11.242051124572754 111419
1760008282045 11.438461303710938 111429
1760008282399 11.329710006713867 111439
1760008282752 11.488107681274414 111449
1760008283117 11.230592727661133 111459
1760008283478 11.282600402832031 111469
1760008283837 11.254473686218262 111479
1760008284194 11.245494842529297 111489
1760008284557 11.024565696716309 111499
1760008284938 11.481757164001465 111509
1760008285401 11.283740997314453 111519
1760008285855 11.600934982299805 111529
1760008286243 11.17145824432373 111539
1760008286628 11.05133056640625 111549
1760008287008 11.303689002990723 111559
1760008287388 11.680686950683594 111569
1760008287787 11.029956817626953 111579
1760008288162 10.80364990234375 111589
1760008288544 11.365998268127441 111599
1760008288925 11.6466703414917 111609
1760008289293 11.06729507446289 111619
1760008289672 11.424748420715332 111629
1760008290073 11.190351486206055 111639
1760008290475 10.86025619506836 111649
1760008290882 11.143853187561035 111659
1760008291292 11.133731842041016 111669
1760008291692 11.272429466247559 111679
1760008292098 11.290393829345703 111689
1760008292479 11.256887435913086 111699
1760008292862 11.352721214294434 111709
1760008293252 11.041145324707031 111719
1760008293644 11.091596603393555 111729
1760008294033 11.3355712890625 111739
1760008294418 11.127699851989746 111749
1760008294817 10.894390106201172 111759
1760008295191 11.27796745300293 111769
1760008295572 11.214747428894043 111779
1760008295949 11.164468765258789 111789
1760008296338 11.476661682128906 111799
1760008296724 11.033084869384766 111809
1760008297109 11.038418769836426 111819
1760008297491 11.401785850524902 111829
1760008297846 11.200769424438477 111839
1760008298200 11.219691276550293 111849
1760008298564 11.167208671569824 111859
1760008298932 11.25128173828125 111869
1760008299296 11.157079696655273 111879
1760008299671 11.374252319335938 111889
1760008300016 10.9502534866333 111899
1760008300364 11.268670082092285 111909
1760008300726 11.198204040527344 111919
1760008301106 11.298864364624023 111929
1760008301480 11.063101768493652 111939
1760008301865 11.140779495239258 111949
1760008302250 11.359540939331055 111959
1760008302656 11.276519775390625 111969
1760008303033 11.348174095153809 111979
1760008303416 11.24191951751709 111989
1760008303793 11.241747856140137 111999
1760008304192 11.235160827636719 112009
1760008304585 11.141910552978516 112019
1760008304980 11.205081939697266 112029
1760008305366 11.160040855407715 112039
1760008305763 11.462089538574219 112049
1760008306166 11.028629302978516 112059
1760008306569 10.883739471435547 112069
1760008306971 10.897643089294434 112079
1760008307355 11.146646499633789 112089
1760008307756 10.957704544067383 112099
1760008308138 11.134746551513672 112109
1760008308524 10.942035675048828 112119
1760008308906 10.909873962402344 112129
1760008309280 11.290124893188477 112139
1760008309654 11.12508773803711 112149
1760008310026 10.859088897705078 112159
1760008310407 11.133124351501465 112169
1760008310783 10.90627670288086 112179
1760008311165 11.253963470458984 112189
1760008311551 10.939247131347656 112199
1760008311939 10.963695526123047 112209
1760008312328 11.317755699157715 112219
1760008312729 11.05742073059082 112229
1760008313134 11.073780059814453 112239
1760008313530 11.167610168457031 112249
1760008313896 11.091283798217773 112259
1760008314274 11.016965866088867 112269
1760008314653 11.087642669677734 112279
1760008315039 11.188699722290039 112289
1760008315441 10.64905071258545 112299
1760008315831 11.312389373779297 112309
1760008316216 11.083670616149902 112319
1760008316602 11.091268539428711 112329
1760008316993 10.854602813720703 112339
1760008317382 11.332792282104492 112349
1760008317755 10.88540267944336 112359
1760008318139 10.85230827331543 112369
1760008318532 11.208165168762207 112379
1760008318921 11.142410278320312 112389
1760008319320 10.99234390258789 112399
1760008319705 10.914676666259766 112409
1760008320086 11.07396125793457 112419
1760008320461 11.19262409210205 112429
1760008320837 11.260917663574219 112439
1760008321212 10.94886302947998 112449
1760008321605 10.938425064086914 112459
1760008321988 11.11955451965332 112469
1760008322383 10.939433097839355 112479
1760008322779 11.223609924316406 112489
1760008323184 11.207269668579102 112499
1760008323574 10.922590255737305 112509
1760008323968 11.021060943603516 112519
1760008324355 10.895345687866211 112529
1760008324743 11.061447143554688 112539
1760008325129 10.896883010864258 112549
1760008325512 10.84814739227295 112559
1760008325888 11.032683372497559 112569
1760008326264 10.9301118850708 112579
1760008326648 11.006361961364746 112589
1760008327028 11.091350555419922 112599
1760008327407 10.902411460876465 112609
1760008327784 11.061367988586426 112619
1760008328167 11.121265411376953 112629
1760008328551 11.130199432373047 112639
1760008328928 11.018871307373047 112649
1760008329288 11.102432250976562 112659
1760008329653 11.058528900146484 112669
1760008330004 11.485050201416016 112679
1760008330353 11.019107818603516 112689
1760008330704 10.959000587463379 112699
1760008331058 10.856633186340332 112709
1760008331423 10.930390357971191 112719
1760008331793 10.974946975708008 112729
1760008332175 11.059249877929688 112739
1760008332552 11.046703338623047 112749
1760008332934 10.940767288208008 112759
1760008333325 10.731719970703125 112769
1760008333721 10.792707443237305 112779
1760008334108 10.824636459350586 112789
1760008334462 10.799354553222656 112799
1760008334817 10.923103332519531 112809
1760008335171 11.024490356445312 112819
1760008335523 11.019286155700684 112829
1760008335876 10.831480026245117 112839
1760008336234 11.100446701049805 112849
1760008336600 10.649124145507812 112859
1760008336980 11.219856262207031 112869
1760008337360 11.022615432739258 112879
1760008337734 11.09562873840332 112889
1760008338115 10.95272159576416 112899
1760008338502 10.990729331970215 112909
1760008338876 11.214715957641602 112919
1760008339255 11.012561798095703 112929
1760008339627 10.775052070617676 112939
1760008339999 11.150572776794434 112949
1760008340395 11.008291244506836 112959
1760008341244 10.765606880187988 112969
1760008341615 11.08625316619873 112979
1760008341979 10.681995391845703 112989
1760008342347 10.810619354248047 112999
1760008342713 10.749492645263672 113009
1760008343080 10.930282592773438 113019
1760008343457 10.617262840270996 113029
1760008343842 10.796974182128906 113039
1760008344220 10.76324462890625 113049
1760008344598 11.12319564819336 113059
1760008344973 10.787057876586914 113069
1760008345351 11.017084121704102 113079
1760008345735 10.859862327575684 113089
1760008362415 10.57275104522705 113099
1760008362807 10.703688621520996 113109
1760008363218 10.98862361907959 113119
1760008363587 11.507396697998047 113129
1760008363972 11.529987335205078 113139
1760008364354 11.451371192932129 113149
1760008364740 11.361909866333008 113159
1760008365109 11.516181945800781 113169
1760008365465 11.383380889892578 113179
1760008365829 10.973688125610352 113189
1760008366216 11.068607330322266 113199
1760008366619 11.036653518676758 113209
1760008366976 11.185820579528809 113219
1760008367358 11.279165267944336 113229
1760008367755 11.170099258422852 113239
1760008368150 10.954610824584961 113249
1760008368534 11.129193305969238 113259
1760008368928 11.500984191894531 113269
1760008369323 11.548246383666992 113279
1760008369699 11.047517776489258 113289
1760008370079 11.474264144897461 113299
1760008370431 10.925994873046875 113309
1760008370789 11.321932792663574 113319
1760008371124 11.241174697875977 113329
1760008371448 11.408692359924316 113339
1760008371789 11.286581039428711 113349
1760008372150 10.91950798034668 113359
1760008372542 11.106231689453125 113369
1760008372949 11.496543884277344 113379
1760008373345 11.350964546203613 113389
1760008373729 11.319263458251953 113399
1760008374127 11.148796081542969 113409
1760008374498 11.451719284057617 113419
1760008374863 11.236974716186523 113429
1760008375237 11.243389129638672 113439
1760008375608 11.067362785339355 113449
1760008375994 11.223990440368652 113459
1760008376375 11.548595428466797 113469
1760008376754 11.46428394317627 113479
1760008377131 11.152499198913574 113489
1760008377504 11.30545425415039 113499
1760008377875 11.143259048461914 113509
1760008378249 10.965601921081543 113519
1760008378631 11.289337158203125 113529
1760008379004 11.134557723999023 113539
1760008379376 11.221269607543945 113549
1760008379747 11.28201675415039 113559
1760008380134 11.40295696258545 113569
1760008380514 10.889606475830078 113579
1760008380894 11.685158729553223 113589
1760008381278 11.375116348266602 113599
1760008381672 11.345338821411133 113609
1760008382068 11.392423629760742 113619
1760008382440 11.017616271972656 113629
1760008382813 11.216426849365234 113639
1760008383191 11.497285842895508 113649
1760008383571 11.000175476074219 113659
1760008383941 10.861291885375977 113669
1760008384309 11.125744819641113 113679
1760008384681 11.64385986328125 113689
1760008385069 11.35413932800293 113699
1760008385446 11.075773239135742 113709
1760008385827 11.313173294067383 113719
1760008386202 11.278533935546875 113729
1760008386572 11.356249809265137 113739
1760008386948 11.077838897705078 113749
1760008387326 11.362589836120605 113759
1760008387698 11.118417739868164 113769
1760008388068 11.378429412841797 113779
1760008388450 11.128546714782715 113789
1760008388816 11.057090759277344 113799
1760008389184 11.353400230407715 113809
1760008389559 11.362659454345703 113819
1760008389934 11.177667617797852 113829
1760008390336 11.427699089050293 113839
1760008390733 11.236869812011719 113849
1760008391116 11.530359268188477 113859
1760008391485 11.012286186218262 113869
1760008391858 11.25870132446289 113879
1760008392250 11.10468578338623 113889
1760008392642 11.304450988769531 113899
1760008393028 11.048515319824219 113909
1760008393415 11.234400749206543 113919
1760008393804 11.142786979675293 113929
1760008394203 11.292257308959961 113939
1760008394597 11.110913276672363 113949
1760008394992 11.313023567199707 113959
1760008395388 11.18062973022461 113969
1760008395773 11.108502388000488 113979
1760008396168 11.243650436401367 113989
1760008396559 11.043509483337402 113999
1760008396952 11.178410530090332 114009
1760008397341 11.021811485290527 114019
1760008397725 11.231904029846191 114029
1760008398121 11.234447479248047 114039
1760008398510 11.178670883178711 114049
1760008398898 11.206561088562012 114059
1760008399281 11.143182754516602 114069
1760008399658 10.906839370727539 114079
1760008400046 11.337510108947754 114089
1760008400417 11.15755558013916 114099
1760008400784 10.915250778198242 114109
1760008401158 11.037117004394531 114119
1760008401535 11.213848114013672 114129
1760008401906 10.80634880065918 114139
1760008402284 11.220686912536621 114149
1760008402661 10.982267379760742 114159
1760008403041 11.171831130981445 114169
1760008403421 11.117603302001953 114179
1760008403791 11.076387405395508 114189
1760008404167 11.06685733795166 114199
1760008404550 11.14400863647461 114209
1760008404933 11.334678649902344 114219
1760008405315 10.956086158752441 114229
1760008405698 11.058490753173828 114239
1760008406081 11.22446346282959 114249
1760008406465 11.02558422088623 114259
1760008406857 11.257391929626465 114269
1760008407247 11.036994934082031 114279
1760008407618 11.255109786987305 114289
1760008407996 11.01984977722168 114299
1760008408375 10.85244369506836 114309
1760008408753 11.016277313232422 114319
1760008409131 11.016813278198242 114329
1760008409510 11.172721862792969 114339
1760008409889 11.008599281311035 114349
1760008410265 10.908844947814941 114359
1760008410654 10.87710952758789 114369
1760008411040 11.095966339111328 114379
1760008411432 10.981498718261719 114389
1760008411831 10.956378936767578 114399
1760008412225 10.910730361938477 114409
1760008412602 11.130020141601562 114419
1760008412974 10.871952056884766 114429
1760008413352 11.202943801879883 114439
1760008413727 10.965940475463867 114449
1760008414105 11.137285232543945 114459
1760008414484 10.962543487548828 114469
1760008414867 11.006044387817383 114479
1760008415246 11.063691139221191 114489
1760008415632 10.913118362426758 114499
1760008416019 10.986333847045898 114509
1760008416384 10.854646682739258 114519
1760008416742 10.968420028686523 114529
1760008417105 11.222509384155273 114539
1760008417476 10.853638648986816 114549
1760008417836 11.054642677307129 114559
1760008418195 11.024362564086914 114569
1760008418567 11.022297859191895 114579
1760008418935 11.098245620727539 114589
1760008419303 11.211050987243652 114599
1760008419666 11.170991897583008 114609
1760008420026 11.113395690917969 114619
1760008420378 10.988960266113281 114629
1760008420753 10.797578811645508 114639
1760008421126 10.884801864624023 114649
1760008421484 11.112358093261719 114659
1760008421854 10.88524341583252 114669
1760008422206 11.07650375366211 114679
1760008422555 11.103296279907227 114689
1760008422902 10.96630859375 114699
1760008423263 10.836030960083008 114709
1760008423631 11.105256080627441 114719
1760008423987 10.887324333190918 114729
1760008424375 10.910079002380371 114739
1760008424754 11.184676170349121 114749
1760008425129 10.702315330505371 114759
1760008425504 10.862580299377441 114769
1760008425882 10.809475898742676 114779
1760008426263 11.0004301071167 114789
1760008426652 10.730944633483887 114799
1760008427042 10.840017318725586 114809
1760008427410 10.858104705810547 114819
1760008427780 10.884449005126953 114829
1760008428155 10.763687133789062 114839
1760008428530 10.865981101989746 114849
1760008428906 10.945146560668945 114859
1760008429272 10.727230072021484 114869
1760008429651 10.845686912536621 114879
1760008430023 11.005578994750977 114889
1760008430393 10.713651657104492 114899
1760008430771 11.242478370666504 114909
1760008431144 10.861963272094727 114919
1760008431510 10.907587051391602 114929
1760008431901 10.952077865600586 114939
1760008432289 11.094268798828125 114949
1760008432671 10.993078231811523 114959
1760008433047 10.77377986907959 114969
1760008433422 10.852258682250977 114979
1760008433795 11.104904174804688 114989
1760008434164 10.811416625976562 114999
1760008434573 10.996379852294922 115009
1760008434949 10.86851692199707 115019
1760008435313 10.394378662109375 115029
1760008435673 10.969268798828125 115039
1760008436036 10.673666954040527 115049
1760008436414 10.908695220947266 115059
1760008436787 10.93995475769043 115069
1760008437161 11.099003791809082 115079
1760008437539 10.785400390625 115089
1760008437915 11.049243927001953 115099
1760008438290 10.732709884643555 115109
1760008438691 10.92158317565918 115119
1760008439065 10.987418174743652 115129
1760008439435 10.566841125488281 115139
1760008439815 11.325363159179688 115149
1760008440198 11.457927703857422 115159
1760008440579 11.3949556350708 115169
1760008440952 11.477598190307617 115179
1760008441328 11.185925483703613 115189
1760008441712 11.161727905273438 115199
1760008442101 11.053706169128418 115209
1760008442492 10.96749210357666 115219
1760008442881 10.891695976257324 115229
1760008443251 11.115535736083984 115239
1760008443620 11.355353355407715 115249
1760008444016 10.926175117492676 115259
1760008444389 10.955055236816406 115269
1760008444771 11.35481071472168 115279
1760008445149 11.089540481567383 115289
1760008445533 11.31358528137207 115299
1760008445894 11.291176795959473 115309
1760008446261 11.04557991027832 115319
1760008446648 11.293763160705566 115329
1760008447031 11.388542175292969 115339
1760008447412 11.534858703613281 115349
1760008447777 11.58869743347168 115359
1760008448150 11.013351440429688 115369
1760008448518 10.996156692504883 115379
1760008448884 10.968759536743164 115389
1760008449262 11.311211585998535 115399
1760008449647 11.374191284179688 115409
1760008450016 11.445653915405273 115419
1760008450383 11.284132957458496 115429
1760008450756 11.084091186523438 115439
1760008451126 11.117321014404297 115449
1760008451496 11.17115592956543 115459
1760008451871 11.086616516113281 115469
1760008452239 11.145126342773438 115479
1760008452608 10.99492073059082 115489
1760008452990 11.262869834899902 115499
1760008453359 11.136463165283203 115509
1760008453742 11.256189346313477 115519
1760008454116 11.291656494140625 115529
1760008454499 11.10429573059082 115539
1760008454873 11.418802261352539 115549
1760008455243 11.445253372192383 115559
1760008455619 11.338813781738281 115569
1760008455986 11.316280364990234 115579
1760008456372 11.120134353637695 115589
1760008456755 11.30176067352295 115599
1760008457137 11.099444389343262 115609
1760008457514 11.006742477416992 115619
1760008457889 11.342805862426758 115629
1760008458274 11.034266471862793 115639
1760008458647 11.300500869750977 115649
1760008459019 11.397726058959961 115659
1760008459383 11.459903717041016 115669
1760008459762 11.198177337646484 115679
1760008460133 11.262218475341797 115689
1760008460494 11.016281127929688 115699
1760008460859 10.924297332763672 115709
1760008461226 11.385102272033691 115719
1760008461583 10.916259765625 115729
1760008461927 11.431936264038086 115739
1760008462275 11.130379676818848 115749
1760008462622 11.396268844604492 115759
1760008462993 11.1688232421875 115769
1760008463374 11.335745811462402 115779
1760008463736 11.095834732055664 115789
1760008464096 10.980188369750977 115799
1760008464463 11.019647598266602 115809
1760008464841 11.149961471557617 115819
1760008465212 11.011482238769531 115829
1760008465593 11.299834251403809 115839
1760008465964 11.072635650634766 115849
1760008466335 11.323959350585938 115859
1760008466711 11.218708038330078 115869
1760008467086 11.166217803955078 115879
1760008467460 11.500322341918945 115889
1760008467832 11.045137405395508 115899
1760008468208 11.148353576660156 115909
1760008468576 11.61437702178955 115919
1760008468941 11.286319732666016 115929
1760008469319 11.339374542236328 115939
1760008469684 10.954922676086426 115949
1760008470059 10.908109664916992 115959
1760008470443 11.148210525512695 115969
1760008470818 11.462481498718262 115979
1760008471195 11.069256782531738 115989
1760008471578 11.129779815673828 115999
1760008471957 11.46644401550293 116009
1760008472339 11.092944145202637 116019
1760008472707 11.407243728637695 116029
1760008473086 11.307592391967773 116039
1760008473457 11.168939590454102 116049
1760008473824 11.090246200561523 116059
1760008474192 10.982498168945312 116069
1760008474592 10.986412048339844 116079
1760008475002 11.236730575561523 116089
1760008475377 11.184011459350586 116099
1760008475752 11.257795333862305 116109
1760008476122 11.483407974243164 116119
1760008476498 10.89697265625 116129
1760008476860 10.924699783325195 116139
1760008477221 11.251815795898438 116149
1760008477587 11.405660629272461 116159
1760008477965 10.877198219299316 116169
1760008478340 10.914033889770508 116179
1760008478710 10.978643417358398 116189
1760008479089 11.32054328918457 116199
1760008479472 11.190858840942383 116209
1760008479851 11.27354907989502 116219
1760008480225 11.288496017456055 116229
1760008480587 11.304183959960938 116239
1760008480951 11.169904708862305 116249
1760008481315 10.773894309997559 116259
1760008481684 11.172189712524414 116269
1760008482053 11.23976993560791 116279
1760008482424 11.141000747680664 116289
1760008482793 11.035354614257812 116299
1760008483157 11.371772766113281 116309
1760008483536 11.223353385925293 116319
1760008483912 10.984111785888672 116329
1760008484304 10.928600311279297 116339
1760008484698 10.872236251831055 116349
1760008485094 10.904765129089355 116359
1760008485472 11.048550605773926 116369
1760008485843 10.961467742919922 116379
1760008486214 11.347660064697266 116389
1760008486588 11.067777633666992 116399
1760008486955 10.826314926147461 116409
1760008487326 11.218034744262695 116419
1760008487706 11.117938041687012 116429
1760008488096 11.27846908569336 116439
1760008488480 10.86251449584961 116449
1760008488844 10.90528392791748 116459
1760008489220 10.845826148986816 116469
1760008489588 10.968544006347656 116479
1760008489957 11.030105590820312 116489
1760008490337 11.34625244140625 116499
1760008490724 10.887290954589844 116509
1760008491106 10.733172416687012 116519
1760008491479 10.859292030334473 116529
1760008491863 11.014915466308594 116539
1760008492247 10.82279109954834 116549
1760008492640 11.435014724731445 116559
1760008493030 11.107789993286133 116569
1760008493411 11.120738983154297 116579
1760008493785 10.784441947937012 116589
1760008494168 10.962053298950195 116599
1760008494555 10.957963943481445 116609
1760008494933 10.69796371459961 116619
1760008495311 11.061705589294434 116629
1760008495683 10.646745681762695 116639
1760008496050 10.553274154663086 116649
1760008496423 10.92408561706543 116659
1760008496793 11.078147888183594 116669
1760008497166 10.692220687866211 116679
1760008497536 10.769216537475586 116689
1760008497905 10.924641609191895 116699
1760008498280 10.593948364257812 116709
1760008498655 11.135257720947266 116719
1760008499025 10.978132247924805 116729
1760008499408 10.97060775756836 116739
1760008499787 10.740602493286133 116749
1760008500187 11.093719482421875 116759
1760008500568 10.777156829833984 116769
1760008500956 10.735424995422363 116779
1760008501334 10.936620712280273 116789
1760008501724 10.97437858581543 116799
1760008502119 10.780336380004883 116809
1760008502496 10.747286796569824 116819
1760008502885 11.050832748413086 116829
1760008503270 10.856693267822266 116839
1760008503662 10.942094802856445 116849
1760008504046 10.801848411560059 116859
1760008504429 10.85366153717041 116869
1760008504804 11.249706268310547 116879
1760008505176 10.937721252441406 116889
1760008505553 11.116470336914062 116899
1760008505936 10.704856872558594 116909
1760008506309 10.954924583435059 116919
1760008506700 10.818717956542969 116929
1760008507077 10.807846069335938 116939
1760008507457 10.774179458618164 116949
1760008507844 11.137835502624512 116959
1760008508226 10.801504135131836 116969
1760008508623 11.06064224243164 116979
1760008509015 10.562398910522461 116989
1760008509410 10.852131843566895 116999
1760008510268 10.925180435180664 117009
1760008510645 10.956731796264648 117019
1760008511026 11.05794620513916 117029
1760008511399 10.837236404418945 117039
1760008511771 11.06873607635498 117049
1760008512139 10.632526397705078 117059
1760008512512 10.826273918151855 117069
1760008512888 10.786858558654785 117079
1760008513290 11.077768325805664 117089
1760008513681 10.777070999145508 117099
1760008514066 10.914570808410645 117109
1760008514449 10.8836669921875 117119
1760008514830 11.149433135986328 117129
1760008529558 10.793326377868652 117139
1760008529928 10.797229766845703 117149
1760008530305 10.813783645629883 117159
1760008530674 11.539556503295898 117169
1760008531052 11.126031875610352 117179
1760008531440 11.153934478759766 117189
1760008531838 11.282100677490234 117199
1760008532219 11.137887954711914 117209
1760008532624 11.551761627197266 117219
1760008533008 11.206329345703125 117229
1760008533381 10.943611145019531 117239
1760008533749 11.344123840332031 117249
1760008534121 11.019575119018555 117259
1760008534495 11.369893074035645 117269
1760008534881 11.249202728271484 117279
1760008535254 11.188600540161133 117289
1760008535610 11.206738471984863 117299
1760008535962 11.159605979919434 117309
1760008536318 11.334490776062012 117319
1760008536696 11.329879760742188 117329
1760008537085 11.362838745117188 117339
1760008537464 11.192222595214844 117349
1760008537838 11.21441650390625 117359
1760008538216 11.599710464477539 117369
1760008538583 11.237099647521973 117379
1760008538955 11.114320755004883 117389
1760008539334 11.28851318359375 117399
1760008539715 11.372220039367676 117409
1760008540098 11.113901138305664 117419
1760008540491 11.356596946716309 117429
1760008540902 11.27187728881836 117439
1760008541282 11.389202117919922 117449
1760008541659 11.458675384521484 117459
1760008542029 11.160362243652344 117469
1760008542392 11.254592895507812 117479
1760008542760 11.119647026062012 117489
1760008543131 11.490396499633789 117499
1760008543499 11.253471374511719 117509
1760008543866 11.388319969177246 117519
1760008544246 11.234576225280762 117529
1760008544631 11.006404876708984 117539
1760008545016 11.225555419921875 117549
1760008545399 11.089546203613281 117559
1760008545784 10.982553482055664 117569
1760008546172 11.020031929016113 117579
1760008546558 11.151936531066895 117589
1760008546943 11.089019775390625 117599
1760008547331 11.242772102355957 117609
1760008547713 11.428409576416016 117619
1760008548100 11.12755012512207 117629
1760008548491 11.065826416015625 117639
1760008548877 11.19991397857666 117649
1760008549262 11.341272354125977 117659
1760008549650 10.933206558227539 117669
1760008550048 11.188102722167969 117679
1760008550435 11.672388076782227 117689
1760008550824 11.11593246459961 117699
1760008551212 11.020811080932617 117709
1760008551591 11.147134780883789 117719
1760008551973 11.383010864257812 117729
1760008552364 11.44095516204834 117739
1760008552752 11.150262832641602 117749
1760008553149 11.224825859069824 117759
1760008553533 11.027750015258789 117769
1760008553912 11.119662284851074 117779
1760008554297 10.990726470947266 117789
1760008554714 11.303131103515625 117799
1760008555122 11.309749603271484 117809
1760008555523 10.992732048034668 117819
1760008555916 11.340636253356934 117829
1760008556310 11.368398666381836 117839
1760008556721 11.372322082519531 117849
1760008557123 11.147965431213379 117859
1760008557520 11.215408325195312 117869
1760008557898 11.241317749023438 117879
1760008558298 10.881305694580078 117889
1760008558671 11.251319885253906 117899
1760008559057 11.250028610229492 117909
1760008559436 10.996121406555176 117919
1760008559812 11.229297637939453 117929
1760008560191 11.205742835998535 117939
1760008560563 11.014683723449707 117949
1760008560945 11.11768913269043 117959
1760008561330 11.162443161010742 117969
1760008561718 10.963205337524414 117979
1760008562104 10.936281204223633 117989
1760008562490 11.090238571166992 117999
1760008562882 11.111303329467773 118009
1760008563263 10.980718612670898 118019
1760008563643 11.073366165161133 118029
1760008564030 11.148783683776855 118039
1760008564413 11.377767562866211 118049
1760008564791 11.076117515563965 118059
1760008565172 11.137866973876953 118069
1760008565561 11.450031280517578 118079
1760008565955 11.16540813446045 118089
1760008566339 10.911975860595703 118099
1760008566732 11.314069747924805 118109
1760008567121 11.193349838256836 118119
1760008567504 11.211095809936523 118129
1760008567880 10.836772918701172 118139
1760008568275 11.354381561279297 118149
1760008568665 11.339366912841797 118159
1760008569052 10.922123908996582 118169
1760008569433 10.885028839111328 118179
1760008569809 11.131561279296875 118189
1760008570184 10.966007232666016 118199
1760008570563 11.186607360839844 118209
1760008570933 11.14103889465332 118219
1760008571307 10.84555435180664 118229
1760008571705 10.894933700561523 118239
1760008572088 11.368195533752441 118249
1760008572467 11.152276992797852 118259
1760008572855 10.858513832092285 118269
1760008573223 10.982588768005371 118279
1760008573617 11.034852981567383 118289
1760008574015 10.889642715454102 118299
1760008574388 11.18720817565918 118309
1760008574774 11.120466232299805 118319
1760008575155 10.983951568603516 118329
1760008575525 11.127744674682617 118339
1760008575908 10.975871086120605 118349
1760008576285 10.742733001708984 118359
1760008576672 10.863874435424805 118369
1760008577073 10.846628189086914 118379
1760008577456 11.051973342895508 118389
1760008577823 10.727879524230957 118399
1760008578186 11.203042030334473 118409
1760008578554 10.943408966064453 118419
1760008578922 11.0875825881958 118429
1760008579291 10.704312324523926 118439
1760008579673 10.713478088378906 118449
1760008580062 10.877913475036621 118459
1760008580429 11.144566535949707 118469
1760008580799 11.063787460327148 118479
1760008581170 11.045117378234863 118489
1760008581540 10.854446411132812 118499
1760008581922 10.907888412475586 118509
1760008582290 11.196920394897461 118519
1760008582663 11.134478569030762 118529
1760008583036 10.830411911010742 118539
1760008583417 10.833712577819824 118549
1760008583794 11.040767669677734 118559
1760008584175 11.272531509399414 118569
1760008584558 11.076172828674316 118579
1760008584930 11.038692474365234 118589
1760008585389 11.091699600219727 118599
1760008585865 11.007523536682129 118609
1760008586256 11.150284767150879 118619
1760008586626 11.108648300170898 118629
1760008587004 11.240144729614258 118639
1760008587362 10.997465133666992 118649
1760008587720 11.096305847167969 118659
1760008588084 10.85426139831543 118669
1760008588454 10.98547077178955 118679
1760008588826 10.89660930633545 118689
1760008589195 10.647915840148926 118699
1760008589573 10.642712593078613 118709
1760008589934 10.871316909790039 118719
1760008590293 11.099451065063477 118729
1760008590655 10.919831275939941 118739
1760008591016 10.669824600219727 118749
1760008591393 10.908384323120117 118759
1760008591769 11.263843536376953 118769
1760008592164 10.758415222167969 118779
1760008592545 10.814446449279785 118789
1760008592929 10.995399475097656 118799
1760008593312 10.749738693237305 118809
1760008593694 10.916248321533203 118819
1760008594076 10.955050468444824 118829
1760008594456 10.941278457641602 118839
1760008594844 11.054348945617676 118849
1760008595224 10.703256607055664 118859
1760008595616 11.182615280151367 118869
1760008596015 10.979174613952637 118879
1760008596413 11.216593742370605 118889
1760008596789 10.969330787658691 118899
1760008597163 10.952037811279297 118909
1760008597539 10.914920806884766 118919
1760008597914 11.065109252929688 118929
1760008598293 10.96070671081543 118939
1760008598673 11.027827262878418 118949
1760008599054 10.96367073059082 118959
1760008599431 11.042280197143555 118969
1760008599815 10.919339179992676 118979
1760008600197 10.999454498291016 118989
1760008600578 10.766850471496582 118999
1760008600957 10.561769485473633 119009
1760008601339 11.06287670135498 119019
1760008601725 10.699434280395508 119029
1760008602099 10.608488082885742 119039
1760008602469 10.934618949890137 119049
1760008602854 10.85676383972168 119059
1760008603218 10.709070205688477 119069
1760008603582 11.048002243041992 119079
1760008603947 10.903175354003906 119089
1760008604313 11.156518936157227 119099
1760008604678 10.521093368530273 119109
1760008605045 10.622448921203613 119119
1760008605420 10.728151321411133 119129
1760008605792 10.736832618713379 119139
1760008606160 10.699104309082031 119149
1760008606543 10.91942024230957 119159
1760008606924 10.8351469039917 119169
1760008607301 10.991759300231934 119179
1760008607682 11.519704818725586 119189
1760008608068 11.414054870605469 119199
1760008608454 11.2698335647583 119209
1760008608840 11.388792037963867 119219
1760008609213 11.447736740112305 119229
1760008609589 11.399273872375488 119239
1760008609962 11.284080505371094 119249
1760008610335 11.139192581176758 119259
1760008610716 11.095568656921387 119269
1760008611095 11.348262786865234 119279
1760008611474 11.272483825683594 119289
1760008611856 11.305681228637695 119299
1760008612255 11.462145805358887 119309
1760008612650 11.217453002929688 119319
1760008613046 11.16250228881836 119329
1760008613438 11.367074966430664 119339
1760008613818 11.2919921875 119349
1760008614182 11.06765365600586 119359
1760008614553 11.033474922180176 119369
1760008614908 11.167623519897461 119379
1760008615260 11.177957534790039 119389
1760008615639 11.351706504821777 119399
1760008616020 11.45153522491455 119409
1760008616400 11.684979438781738 119419
1760008616795 11.240287780761719 119429
1760008617187 11.204734802246094 119439
1760008617576 11.311904907226562 119449
1760008617962 11.459228515625 119459
1760008618346 11.204126358032227 119469
1760008618733 11.219924926757812 119479
1760008619116 11.116941452026367 119489
1760008619492 11.060991287231445 119499
1760008619868 11.181140899658203 119509
1760008620242 10.980109214782715 119519
1760008620617 11.57863712310791 119529
1760008621001 11.085467338562012 119539
1760008621404 11.085907936096191 119549
1760008621810 11.007044792175293 119559
1760008622198 10.981748580932617 119569
1760008622580 11.235475540161133 119579
1760008622961 11.13395881652832 119589
1760008623354 11.10583209991455 119599
1760008623742 11.179925918579102 119609
1760008624132 11.037206649780273 119619
1760008624509 11.371200561523438 119629
1760008624893 11.210922241210938 119639
1760008625264 11.44386100769043 119649
1760008625645 11.355366706848145 119659
1760008626012 11.083306312561035 119669
1760008626391 11.092521667480469 119679
1760008626764 11.439886093139648 119689
1760008627138 11.241578102111816 119699
1760008627530 11.103375434875488 119709
1760008627907 10.952762603759766 119719
1760008628282 11.050056457519531 119729
1760008628646 11.102960586547852 119739
1760008629014 11.276966094970703 119749
1760008629381 11.123347282409668 119759
1760008629749 10.944384574890137 119769
1760008630122 11.434829711914062 119779
1760008630495 11.036495208740234 119789
1760008630875 11.22969913482666 119799
1760008631271 11.370599746704102 119809
1760008631649 11.289957046508789 119819
1760008632037 11.079484939575195 119829
1760008632447 11.391748428344727 119839
1760008632834 11.349102020263672 119849
1760008633218 11.376602172851562 119859
1760008633597 10.91623592376709 119869
1760008633976 11.269586563110352 119879
1760008634353 11.252054214477539 119889
1760008634733 10.753540992736816 119899
1760008635110 11.307870864868164 119909
1760008635490 11.12004280090332 119919
1760008635872 11.477527618408203 119929
1760008636240 11.014055252075195 119939
1760008636609 11.42125415802002 119949
1760008636979 11.246232986450195 119959
1760008637389 11.196683883666992 119969
1760008637777 11.164222717285156 119979
1760008638163 11.103883743286133 119989
1760008638552 11.129783630371094 119999
1760008638935 11.251035690307617 120009
1760008639325 11.031096458435059 120019
1760008639707 10.883545875549316 120029
1760008640085 11.046977043151855 120039
1760008640470 10.750057220458984 120049
1760008640848 10.96027946472168 120059
1760008641227 11.044428825378418 120069
1760008641610 11.002653121948242 120079
1760008641990 11.20943832397461 120089
1760008642386 11.297231674194336 120099
1760008642758 10.976011276245117 120109
1760008643122 11.247034072875977 120119
1760008643489 11.13055419921875 120129
1760008643866 11.281794548034668 120139
1760008644249 11.056831359863281 120149
1760008644632 10.938650131225586 120159
1760008645014 11.18145751953125 120169
1760008645392 11.110088348388672 120179
1760008645786 11.004531860351562 120189
1760008646167 11.405683517456055 120199
1760008646558 11.28827953338623 120209
1760008646952 11.0050048828125 120219
1760008647335 10.882367134094238 120229
1760008647729 11.23577880859375 120239
1760008648103 10.70605182647705 120249
1760008648480 10.838850021362305 120259
1760008648855 11.073020935058594 120269
1760008649226 10.822004318237305 120279
1760008649604 11.000957489013672 120289
1760008649988 10.928608894348145 120299
1760008650371 10.930103302001953 120309
1760008650753 10.969629287719727 120319
1760008651132 11.07264518737793 120329
1760008651513 11.096192359924316 120339
1760008651894 11.185094833374023 120349
1760008652277 10.973548889160156 120359
1760008652657 11.331103324890137 120369
1760008653048 10.705327987670898 120379
1760008653427 10.916489601135254 120389
1760008653812 10.96467399597168 120399
1760008654195 10.781351089477539 120409
1760008654575 10.936873435974121 120419
1760008654950 11.20583724975586 120429
1760008655319 10.841129302978516 120439
1760008655686 11.053951263427734 120449
1760008656051 10.87750244140625 120459
1760008656432 11.257526397705078 120469
1760008656807 10.84045696258545 120479
1760008657170 10.96951675415039 120489
1760008657532 10.887624740600586 120499
1760008657885 11.198034286499023 120509
1760008658239 10.569757461547852 120519
1760008658607 10.885468482971191 120529
1760008658977 11.069755554199219 120539
1760008659345 10.888532638549805 120549
1760008659714 11.033454895019531 120559
1760008660098 10.704639434814453 120569
1760008660483 10.927579879760742 120579
1760008660853 10.90740966796875 120589
1760008661217 10.819915771484375 120599
1760008661592 10.928699493408203 120609
1760008661958 11.049148559570312 120619
1760008662318 10.78562068939209 120629
1760008662678 10.92350959777832 120639
1760008663044 10.70920181274414 120649
1760008663431 10.783939361572266 120659
1760008663815 10.958463668823242 120669
1760008664201 11.030572891235352 120679
1760008664576 10.748533248901367 120689
1760008664953 11.282560348510742 120699
1760008665341 10.884927749633789 120709
1760008665711 11.031070709228516 120719
1760008666086 11.010337829589844 120729
1760008666458 10.940677642822266 120739
1760008666819 10.819070816040039 120749
1760008667180 10.781930923461914 120759
1760008667545 11.284944534301758 120769
1760008667892 10.755104064941406 120779
1760008668249 10.905122756958008 120789
1760008668612 10.887296676635742 120799
1760008668962 10.720666885375977 120809
1760008669310 10.86243724822998 120819
1760008669666 11.037878036499023 120829
1760008670052 10.756649017333984 120839
1760008670427 11.013054847717285 120849
1760008670807 10.712396621704102 120859
1760008671180 10.636768341064453 120869
1760008671560 10.830484390258789 120879
1760008671948 10.844285011291504 120889
1760008672324 10.964624404907227 120899
1760008672708 10.620854377746582 120909
1760008673095 10.884723663330078 120919
1760008673481 10.837657928466797 120929
1760008673870 10.922383308410645 120939
1760008674264 10.931619644165039 120949
1760008674637 10.990669250488281 120959
1760008675016 11.140876770019531 120969
1760008675401 10.540064811706543 120979
1760008675779 10.97265911102295 120989
1760008676151 10.973892211914062 120999
1760008676522 10.675827026367188 121009
1760008676897 10.792837142944336 121019
1760008677285 10.914752960205078 121029
1760008677667 10.72663402557373 121039
1760008678516 11.0135498046875 121049
1760008678917 11.312552452087402 121059
1760008679295 11.1592435836792 121069
1760008679683 10.87450885772705 121079
1760008680051 11.323949813842773 121089
1760008680434 10.904105186462402 121099
1760008680810 10.909096717834473 121109
1760008681198 11.042940139770508 121119
1760008681569 11.154958724975586 121129
1760008681949 10.75793743133545 121139
1760008682329 11.197067260742188 121149
1760008682704 10.776415824890137 121159
1760008683080 11.182269096374512 121169
1760008696473 10.815244674682617 121179
1760008696866 10.583830833435059 121189
1760008697258 10.515572547912598 121199
1760008697646 11.610292434692383 121209
1760008698035 11.606420516967773 121219
1760008698382 11.255873680114746 121229
1760008698843 11.150089263916016 121239
1760008699203 11.266618728637695 121249
1760008699574 11.288040161132812 121259
1760008699938 11.340909957885742 121269
1760008700300 11.083003044128418 121279
1760008700701 11.454154968261719 121289
1760008701083 11.585348129272461 121299
1760008701460 11.147895812988281 121309
1760008701838 11.26072883605957 121319
1760008702218 11.04747200012207 121329
1760008702601 11.266143798828125 121339
1760008702983 11.298722267150879 121349
1760008703364 11.158577919006348 121359
1760008703741 11.106008529663086 121369
1760008704119 11.458097457885742 121379
1760008704513 11.303674697875977 121389
1760008704897 11.459790229797363 121399
1760008705287 11.269810676574707 121409
1760008705673 11.351880073547363 121419
1760008706065 11.10116195678711 121429
1760008706453 11.13006591796875 121439
1760008706832 11.34917163848877 121449
1760008707220 11.124653816223145 121459
1760008707603 11.324649810791016 121469
1760008707985 11.083355903625488 121479
1760008708367 10.979998588562012 121489
1760008708749 11.126720428466797 121499
1760008709124 11.018132209777832 121509
1760008709491 11.154150009155273 121519
1760008709867 11.323898315429688 121529
1760008710236 10.712858200073242 121539
1760008710605 11.403465270996094 121549
1760008710977 10.774384498596191 121559
1760008711342 11.46438217163086 121569
1760008711708 11.31307315826416 121579
1760008712075 11.40414810180664 121589
1760008712443 11.266765594482422 121599
1760008712807 11.074514389038086 121609
1760008713187 10.908329010009766 121619
1760008713572 10.933173179626465 121629
1760008713952 11.513875961303711 121639
1760008714334 11.232418060302734 121649
1760008714733 11.047496795654297 121659
1760008715114 11.270373344421387 121669
1760008715510 11.321168899536133 121679
1760008715895 11.156131744384766 121689
1760008716263 11.233016014099121 121699
1760008716627 11.269716262817383 121709
1760008717003 11.32544231414795 121719
1760008717361 11.308148384094238 121729
1760008717715 11.488018989562988 121739
1760008718072 11.16180419921875 121749
1760008718423 11.08250617980957 121759
1760008718774 11.305553436279297 121769
1760008719143 11.084784507751465 121779
1760008719510 11.120161056518555 121789
1760008719859 10.971964836120605 121799
1760008720216 11.162643432617188 121809
1760008720580 11.24445915222168 121819
1760008720939 11.304254531860352 121829
1760008721308 10.89854621887207 121839
1760008721668 11.476821899414062 121849
1760008722024 11.010061264038086 121859
1760008722375 11.173816680908203 121869
1760008722738 11.330126762390137 121879
1760008723095 11.226301193237305 121889
1760008723450 11.121553421020508 121899
1760008723809 10.889427185058594 121909
1760008724168 11.141942024230957 121919
1760008724539 11.043085098266602 121929
1760008724927 10.875609397888184 121939
1760008725308 11.076021194458008 121949
1760008725672 11.270878791809082 121959
1760008726057 11.17097282409668 121969
1760008726426 11.127750396728516 121979
1760008726805 11.209234237670898 121989
1760008727195 10.937620162963867 121999
1760008727588 11.144906044006348 122009
1760008727978 11.024964332580566 122019
1760008728366 11.248895645141602 122029
1760008728758 11.04957389831543 122039
1760008729153 11.034856796264648 122049
1760008729540 11.016672134399414 122059
1760008729922 11.085301399230957 122069
1760008730320 11.355989456176758 122079
1760008730697 11.343809127807617 122089
1760008731072 11.188860893249512 122099
1760008731461 11.138452529907227 122109
1760008731843 11.120893478393555 122119
1760008732211 11.371969223022461 122129
1760008732580 11.23974895477295 122139
1760008732961 10.978090286254883 122149
1760008733339 10.840787887573242 122159
1760008733725 10.956184387207031 122169
1760008734128 10.949583053588867 122179
1760008734504 11.143842697143555 122189
1760008734877 11.170616149902344 122199
1760008735249 11.316377639770508 122209
1760008735626 11.019304275512695 122219
1760008736007 11.17112922668457 122229
1760008736378 10.891519546508789 122239
1760008736755 10.802051544189453 122249
1760008737129 10.66594123840332 122259
1760008737502 11.325429916381836 122269
1760008737871 11.019287109375 122279
1760008738238 11.260107040405273 122289
1760008738616 11.084558486938477 122299
1760008738993 10.927826881408691 122309
1760008739363 11.025293350219727 122319
1760008739733 11.018823623657227 122329
1760008740103 10.92591667175293 122339
1760008740472 11.340097427368164 122349
1760008740844 11.154366493225098 122359
1760008741221 11.102287292480469 122369
1760008741604 11.272298812866211 122379
1760008741985 10.762703895568848 122389
1760008742363 10.987760543823242 122399
1760008742741 10.678811073303223 122409
1760008743103 10.988953590393066 122419
1760008743465 10.751144409179688 122429
1760008743817 10.842184066772461 122439
1760008744175 10.950407028198242 122449
1760008744530 11.013055801391602 122459
1760008744882 10.860795021057129 122469
1760008745234 11.047262191772461 122479
1760008745597 10.730476379394531 122489
1760008745950 11.039205551147461 122499
1760008746308 11.153581619262695 122509
1760008746665 11.11706256866455 122519
1760008747022 10.801189422607422 122529
1760008747377 10.942193984985352 122539
1760008747737 10.932136535644531 122549
1760008748095 10.673116683959961 122559
1760008748456 10.901028633117676 122569
1760008748818 10.958736419677734 122579
1760008749172 10.637372970581055 122589
1760008749531 11.138008117675781 122599
1760008749887 10.919157028198242 122609
1760008750255 11.181009292602539 122619
1760008750611 10.930099487304688 122629
1760008750967 11.02446174621582 122639
1760008751324 11.258768081665039 122649
1760008751677 10.969600677490234 122659
1760008752032 10.992777824401855 122669
1760008752395 11.099752426147461 122679
1760008752750 11.070395469665527 122689
1760008753103 10.941890716552734 122699
1760008753456 11.006577491760254 122709
1760008753806 11.175726890563965 122719
1760008754153 10.690125465393066 122729
1760008754503 10.955873489379883 122739
1760008754864 11.021055221557617 122749
1760008755221 10.937154769897461 122759
1760008755582 10.50745964050293 122769
1760008755967 10.760196685791016 122779
1760008756323 11.26401424407959 122789
1760008756674 10.938940048217773 122799
1760008757029 10.902959823608398 122809
1760008757382 10.852120399475098 122819
1760008757731 10.852373123168945 122829
1760008758089 11.203475952148438 122839
1760008758449 10.708992958068848 122849
1760008758793 10.934064865112305 122859
1760008759165 11.138714790344238 122869
1760008759528 10.897863388061523 122879
1760008759895 11.000823974609375 122889
1760008760260 10.99412727355957 122899
1760008760636 10.930303573608398 122909
1760008761010 10.969648361206055 122919
1760008761391 10.748063087463379 122929
1760008761768 10.94821834564209 122939
1760008762154 10.872753143310547 122949
1760008762538 10.849406242370605 122959
1760008762921 10.918350219726562 122969
1760008763298 10.890911102294922 122979
1760008763683 10.717945098876953 122989
1760008764065 11.147150039672852 122999
1760008764450 10.628293991088867 123009
1760008764828 10.986698150634766 123019
1760008765216 10.851566314697266 123029
1760008765595 10.808663368225098 123039
1760008765974 10.898174285888672 123049
1760008766348 10.901626586914062 123059
1760008766726 10.876137733459473 123069
1760008767102 10.593205451965332 123079
1760008767477 10.80708122253418 123089
1760008767872 10.738236427307129 123099
1760008768321 10.672298431396484 123109
1760008768697 10.558601379394531 123119
1760008769076 10.728901863098145 123129
1760008769450 10.706037521362305 123139
1760008769826 11.04964542388916 123149
1760008770204 10.572246551513672 123159
1760008770569 10.486680030822754 123169
1760008770952 10.521300315856934 123179
1760008771328 10.581451416015625 123189
1760008771708 10.640225410461426 123199
1760008772085 10.333346366882324 123209
1760008772458 10.86253833770752 123219
1760008772850 11.880938529968262 123229
1760008773241 11.469918251037598 123239
1760008773626 11.268389701843262 123249
1760008774010 11.251306533813477 123259
1760008774411 11.252509117126465 123269
1760008774802 11.258869171142578 123279
1760008775177 11.332386016845703 123289
1760008775535 11.129188537597656 123299
1760008775900 11.210838317871094 123309
1760008776269 11.340827941894531 123319
1760008776631 11.222496032714844 123329
1760008776987 11.221938133239746 123339
1760008777347 11.206127166748047 123349
1760008777705 11.249743461608887 123359
1760008778075 11.14059066772461 123369
1760008778435 11.457500457763672 123379
1760008778805 11.244673728942871 123389
1760008779156 11.183656692504883 123399
1760008779504 11.203920364379883 123409
1760008779855 11.370651245117188 123419
1760008780204 11.191082000732422 123429
1760008780562 11.470890045166016 123439
1760008780924 11.885940551757812 123449
1760008781278 11.379322052001953 123459
1760008781642 11.267914772033691 123469
1760008782000 11.368913650512695 123479
1760008782359 11.116572380065918 123489
1760008782717 10.869211196899414 123499
1760008783062 11.178062438964844 123509
1760008783409 10.891794204711914 123519
1760008783762 11.372880935668945 123529
1760008784109 11.222700119018555 123539
1760008784456 11.324705123901367 123549
1760008784808 11.039302825927734 123559
1760008785159 11.13195514678955 123569
1760008785511 11.150094985961914 123579
1760008785859 11.264057159423828 123589
1760008786217 11.243999481201172 123599
1760008786567 11.284936904907227 123609
1760008786913 11.18740177154541 123619
1760008787262 11.48023796081543 123629
1760008787620 11.249645233154297 123639
1760008787981 11.413753509521484 123649
1760008788336 10.915836334228516 123659
1760008788656 11.501070976257324 123669
1760008788924 11.43978214263916 123679
1760008789154 11.148773193359375 123689
1760008789369 11.259770393371582 123699
1760008789676 11.198690414428711 123709
1760008790009 11.061983108520508 123719
1760008790354 11.452682495117188 123729
1760008790708 10.973318099975586 123739
1760008791065 11.306772232055664 123749
1760008791433 11.294052124023438 123759
1760008791786 11.168863296508789 123769
1760008792140 11.168590545654297 123779
1760008792487 11.173201560974121 123789
1760008792836 10.880478858947754 123799
1760008793211 10.947907447814941 123809
1760008793567 10.975400924682617 123819
1760008793922 11.115947723388672 123829
1760008794278 10.815274238586426 123839
1760008794637 11.121837615966797 123849
1760008794994 11.394804000854492 123859
1760008795404 11.228475570678711 123869
1760008795786 10.98552131652832 123879
1760008796168 11.037141799926758 123889
1760008796543 11.072332382202148 123899
1760008796934 10.78338623046875 123909
1760008797321 11.17215347290039 123919
1760008797714 10.948829650878906 123929
1760008798092 10.84771728515625 123939
1760008798479 11.033726692199707 123949
1760008798868 10.71859073638916 123959
1760008799262 11.190190315246582 123969
1760008799643 11.162778854370117 123979
1760008800030 11.152729988098145 123989
1760008800413 10.921253204345703 123999
1760008800781 11.08414363861084 124009
1760008801153 11.468597412109375 124019
1760008801520 11.378833770751953 124029
1760008801893 11.072589874267578 124039
1760008802291 11.066567420959473 124049
1760008802659 11.007048606872559 124059
1760008803027 10.985207557678223 124069
1760008803395 10.959701538085938 124079
1760008803770 10.751124382019043 124089
1760008804142 11.343990325927734 124099
1760008804525 11.151510238647461 124109
1760008804884 11.201333999633789 124119
1760008805261 11.110145568847656 124129
1760008805627 10.778998374938965 124139
1760008805992 11.084758758544922 124149
1760008806371 11.156761169433594 124159
1760008806748 11.06496810913086 124169
1760008807118 11.177419662475586 124179
1760008807489 11.049518585205078 124189
1760008807880 11.081241607666016 124199
1760008808254 11.053091049194336 124209
1760008808650 11.127542495727539 124219
1760008809039 11.244281768798828 124229
1760008809412 11.113770484924316 124239
1760008809788 11.044658660888672 124249
1760008810169 11.188531875610352 124259
1760008810560 11.158319473266602 124269
1760008810932 10.783221244812012 124279
1760008811319 11.044570922851562 124289
1760008811697 11.070920944213867 124299
1760008812090 11.019709587097168 124309
1760008812469 11.221087455749512 124319
1760008812847 10.99704360961914 124329
1760008813237 11.225701332092285 124339
1760008813597 11.149971008300781 124349
1760008813962 11.216670989990234 124359
1760008814340 11.137788772583008 124369
1760008814713 10.884500503540039 124379
1760008815084 11.092135429382324 124389
1760008815481 10.906967163085938 124399
1760008815874 11.263725280761719 124409
1760008816258 10.930612564086914 124419
1760008816649 11.129619598388672 124429
1760008817032 10.914709091186523 124439
1760008817412 11.158738136291504 124449
1760008817807 10.952810287475586 124459
1760008818199 10.868376731872559 124469
1760008818580 10.927289962768555 124479
1760008818985 11.049161911010742 124489
1760008819375 11.296899795532227 124499
1760008819759 10.932770729064941 124509
1760008820158 10.88054084777832 124519
1760008820562 11.124242782592773 124529
1760008820946 10.865707397460938 124539
1760008821335 11.092581748962402 124549
1760008821732 10.989895820617676 124559
1760008822119 11.085532188415527 124569
1760008822507 10.782648086547852 124579
1760008822895 10.820625305175781 124589
1760008823286 10.876401901245117 124599
1760008823679 11.202709197998047 124609
1760008824065 10.890292167663574 124619
1760008824425 11.110078811645508 124629
1760008824785 11.071025848388672 124639
1760008825137 10.784494400024414 124649
1760008825489 11.137618064880371 124659
1760008825836 10.965744972229004 124669
1760008826185 10.975878715515137 124679
1760008826544 10.924942016601562 124689
1760008826892 10.963224411010742 124699
1760008827252 11.10466194152832 124709
1760008827611 11.05586051940918 124719
1760008827974 10.918416976928711 124729
1760008828336 10.67550277709961 124739
1760008828693 11.216567993164062 124749
1760008829044 10.66341781616211 124759
1760008829402 10.96745777130127 124769
1760008829761 11.045184135437012 124779
1760008830144 11.12860107421875 124789
1760008830529 11.088598251342773 124799
1760008830915 11.144062042236328 124809
1760008831287 11.225279808044434 124819
1760008831645 10.956472396850586 124829
1760008832014 11.054677963256836 124839
1760008832387 11.074457168579102 124849
1760008832764 10.632116317749023 124859
1760008833142 10.953267097473145 124869
1760008833525 10.493087768554688 124879
1760008833912 11.0538330078125 124889
1760008834291 11.026493072509766 124899
1760008834664 11.12615966796875 124909
1760008835034 11.022187232971191 124919
1760008835406 10.757494926452637 124929
1760008835767 10.968098640441895 124939
1760008836131 11.106090545654297 124949
1760008836526 10.83619499206543 124959
1760008836900 10.959705352783203 124969
1760008837270 11.061657905578613 124979
1760008837643 11.04890251159668 124989
1760008838023 10.99940299987793 124999
1760008838412 10.807561874389648 125009
1760008838783 10.905044555664062 125019
1760008839147 10.824174880981445 125029
1760008839532 10.480424880981445 125039
1760008839937 10.917566299438477 125049
1760008840339 11.0289306640625 125059
1760008840725 10.631014823913574 125069
1760008841105 10.496341705322266 125079
1760008841981 10.660966873168945 125089
1760008842349 10.643314361572266 125099
1760008842710 10.754535675048828 125109
1760008843070 10.80862045288086 125119
1760008843440 10.971437454223633 125129
1760008843822 10.767413139343262 125139
1760008844191 11.0047607421875 125149
1760008844570 10.74250316619873 125159
1760008844943 10.568524360656738 125169
1760008845319 10.879438400268555 125179
1760008845695 10.718948364257812 125189
1760008846070 10.799654006958008 125199
1760008904411 10.544273376464844 125209
1760008904806 10.823301315307617 125219
1760008905190 10.753110885620117 125229
1760008905571 10.642955780029297 125239
1760008905948 11.664875030517578 125249
1760008906320 11.53771686553955 125259
1760008906713 11.350781440734863 125269
1760008907112 11.28164291381836 125279
1760008907475 11.345170021057129 125289
1760008907839 11.260045051574707 125299
1760008908201 11.117853164672852 125309
1760008908586 11.183924674987793 125319
1760008908948 11.071094512939453 125329
1760008909309 11.097609519958496 125339
1760008909676 11.41537094116211 125349
1760008910044 10.906351089477539 125359
1760008910425 10.879146575927734 125369
1760008910830 11.20584774017334 125379
1760008911202 11.082097053527832 125389
1760008911570 11.143993377685547 125399
1760008911941 10.991585731506348 125409
1760008912326 11.3524169921875 125419
1760008912721 10.96686840057373 125429
1760008913119 11.17791748046875 125439
1760008913497 11.046696662902832 125449
1760008913872 11.402481079101562 125459
1760008914251 11.085683822631836 125469
1760008914633 11.315117835998535 125479
1760008915014 11.357054710388184 125489
1760008915384 11.382303237915039 125499
1760008915753 11.00257682800293 125509
1760008916123 11.3133544921875 125519
1760008916488 11.360084533691406 125529
1760008916866 10.923192977905273 125539
1760008917232 11.359455108642578 125549
1760008917617 11.491621971130371 125559
1760008917991 11.169981956481934 125569
1760008918379 11.129368782043457 125579
1760008918754 11.475166320800781 125589
1760008919142 11.119325637817383 125599
1760008919509 11.175970077514648 125609
1760008919882 11.184003829956055 125619
1760008920260 11.190568923950195 125629
1760008920639 11.328758239746094 125639
1760008921028 11.122106552124023 125649
1760008921417 10.805753707885742 125659
1760008921812 11.14166259765625 125669
1760008922202 11.120193481445312 125679
1760008922599 11.06922435760498 125689
1760008922990 11.088513374328613 125699
1760008923384 11.19489860534668 125709
1760008923762 11.069916725158691 125719
1760008924150 11.015920639038086 125729
1760008924534 11.428772926330566 125739
1760008924919 11.40861988067627 125749
1760008925308 10.98151683807373 125759
1760008925709 11.094161987304688 125769
1760008926043 10.867435455322266 125779
1760008926403 11.207342147827148 125789
1760008926787 11.026214599609375 125799
1760008927161 11.25484848022461 125809
1760008927540 11.587764739990234 125819
1760008927932 11.206513404846191 125829
1760008928322 11.156633377075195 125839
1760008928710 11.249768257141113 125849
1760008929104 11.202774047851562 125859
1760008929490 11.314075469970703 125869
1760008929882 11.206258773803711 125879
1760008930263 11.104382514953613 125889
1760008930652 11.15346908569336 125899
1760008931025 11.081779479980469 125909
1760008931399 10.923079490661621 125919
1760008931789 10.857086181640625 125929
1760008932175 11.192329406738281 125939
1760008932564 11.296014785766602 125949
1760008932949 10.78520393371582 125959
1760008933332 11.189289093017578 125969
1760008933707 11.305444717407227 125979
1760008934090 11.053293228149414 125989
1760008934465 11.03915023803711 125999
1760008934838 11.201213836669922 126009
1760008935210 11.205982208251953 126019
1760008935591 10.953182220458984 126029
1760008935957 10.922879219055176 126039
1760008936327 11.244653701782227 126049
1760008936700 10.997940063476562 126059
1760008937079 11.173248291015625 126069
1760008937469 11.076325416564941 126079
1760008937859 11.155964851379395 126089
1760008938251 11.152079582214355 126099
1760008938649 10.995375633239746 126109
1760008939015 11.187665939331055 126119
1760008939402 11.074350357055664 126129
1760008939786 11.085837364196777 126139
1760008940184 11.17833137512207 126149
1760008940566 11.345946311950684 126159
1760008940956 11.376046180725098 126169
1760008941324 11.295744895935059 126179
1760008941687 11.099576950073242 126189
1760008942058 11.060898780822754 126199
1760008942427 10.970409393310547 126209
1760008942783 10.999961853027344 126219
1760008943147 11.094192504882812 126229
1760008943519 10.955938339233398 126239
1760008943885 10.759918212890625 126249
1760008944275 11.12958812713623 126259
1760008944656 11.04804515838623 126269
1760008945027 10.854104995727539 126279
1760008945399 11.150215148925781 126289
1760008945773 11.152257919311523 126299
1760008946154 10.793664932250977 126309
1760008946534 10.90368366241455 126319
1760008946959 10.982620239257812 126329
1760008947339 10.913305282592773 126339
1760008947715 11.006237983703613 126349
1760008948088 11.117279052734375 126359
1760008948483 11.056108474731445 126369
1760008948863 11.018973350524902 126379
1760008949258 10.69669246673584 126389
1760008949640 11.159097671508789 126399
1760008950016 11.024242401123047 126409
1760008950389 11.047011375427246 126419
1760008950768 10.891182899475098 126429
1760008951145 11.043846130371094 126439
1760008951529 11.083651542663574 126449
1760008951907 10.885540008544922 126459
1760008952288 10.953838348388672 126469
1760008952662 11.084802627563477 126479
1760008953047 11.11483383178711 126489
1760008953421 11.13791275024414 126499
1760008953789 11.002729415893555 126509
1760008954162 11.028203964233398 126519
1760008954539 11.106790542602539 126529
1760008954912 10.86582088470459 126539
1760008955294 10.992629051208496 126549
1760008955665 10.922632217407227 126559
1760008956033 10.880232810974121 126569
1760008956391 11.053903579711914 126579
1760008956765 11.024163246154785 126589
1760008957141 10.949792861938477 126599
1760008957514 10.968731880187988 126609
1760008957882 10.949577331542969 126619
1760008958256 10.662094116210938 126629
1760008958619 10.835121154785156 126639
1760008959000 10.736152648925781 126649
1760008959385 11.01328182220459 126659
1760008959760 10.859463691711426 126669
1760008960143 10.80434513092041 126679
1760008960521 10.952081680297852 126689
1760008960894 10.85377025604248 126699
1760008961285 10.828483581542969 126709
1760008961671 11.006232261657715 126719
1760008962063 10.72899341583252 126729
1760008962433 11.014067649841309 126739
1760008962818 10.72702407836914 126749
1760008963183 11.04794692993164 126759
1760008963554 11.149628639221191 126769
1760008963929 11.065690040588379 126779
1760008964293 10.613443374633789 126789
1760008964677 10.874831199645996 126799
1760008965035 10.865333557128906 126809
1760008965389 10.912946701049805 126819
1760008965744 10.728273391723633 126829
1760008966112 10.815093994140625 126839
1760008966484 11.008052825927734 126849
1760008966853 10.889348983764648 126859
1760008967233 10.841938018798828 126869
1760008967607 11.11745834350586 126879
1760008967970 10.666751861572266 126889
1760008968346 10.839542388916016 126899
1760008968720 10.860370635986328 126909
1760008969093 11.090417861938477 126919
1760008969464 10.908414840698242 126929
1760008969840 10.928377151489258 126939
1760008970209 11.086019515991211 126949
1760008970573 11.036128997802734 126959
1760008970942 11.067107200622559 126969
1760008971310 10.905399322509766 126979
1760008971660 10.69120979309082 126989
1760008972023 10.843944549560547 126999
1760008972393 10.82888412475586 127009
1760008972764 11.064460754394531 127019
1760008973147 10.724200248718262 127029
1760008973528 10.984024047851562 127039
1760008973919 10.914966583251953 127049
1760008974303 10.675349235534668 127059
1760008974683 10.709903717041016 127069
1760008975070 10.815206527709961 127079
1760008975461 11.040888786315918 127089
1760008975838 10.821144104003906 127099
1760008976220 10.646217346191406 127109
1760008976602 10.350272178649902 127119
1760008976980 11.089962005615234 127129
1760008977358 10.893864631652832 127139
1760008977735 10.625572204589844 127149
1760008978120 10.815178871154785 127159
1760008978508 10.788721084594727 127169
1760008978894 10.753610610961914 127179
1760008979277 10.858518600463867 127189
1760008979661 10.855792999267578 127199
1760008980055 10.776347160339355 127209
1760008980425 11.043782234191895 127219
1760008980802 10.517732620239258 127229
1760008981184 10.922450065612793 127239
1760008981559 10.910200119018555 127249
1760008981937 10.584646224975586 127259
1760008982324 11.256559371948242 127269
1760008982706 11.197738647460938 127279
1760008983088 11.390436172485352 127289
1760008983479 11.414135932922363 127299
1760008983864 11.018671989440918 127309
1760008984261 11.104594230651855 127319
1760008984649 11.118766784667969 127329
1760008985033 11.14531135559082 127339
1760008985440 11.099662780761719 127349
1760008985860 11.339290618896484 127359
1760008986266 11.030486106872559 127369
1760008986659 10.891120910644531 127379
1760008987072 11.276631355285645 127389
1760008987450 11.404378890991211 127399
1760008987821 11.070714950561523 127409
1760008988224 11.360947608947754 127419
1760008988598 11.141023635864258 127429
1760008988979 11.458440780639648 127439
1760008989377 11.376260757446289 127449
1760008989761 11.474411010742188 127459
1760008990148 11.213373184204102 127469
1760008990536 10.996475219726562 127479
1760008990922 10.859991073608398 127489
1760008991298 11.687719345092773 127499
1760008991692 11.20821762084961 127509
1760008992075 11.310157775878906 127519
1760008992455 11.147883415222168 127529
1760008992836 11.228925704956055 127539
1760008993225 11.56511116027832 127549
1760008993616 11.117000579833984 127559
1760008993999 11.169671058654785 127569
1760008994379 11.118335723876953 127579
1760008994760 10.862056732177734 127589
1760008995145 11.39061164855957 127599
1760008995525 11.230718612670898 127609
1760008995897 10.963848114013672 127619
1760008996270 10.980798721313477 127629
1760008996650 11.218276977539062 127639
1760008997032 11.075555801391602 127649
1760008997411 11.005987167358398 127659
1760008997795 11.174005508422852 127669
1760008998189 11.144827842712402 127679
1760008998567 11.22804069519043 127689
1760008998950 11.564443588256836 127699
1760008999352 11.063037872314453 127709
1760008999734 11.506963729858398 127719
1760009000131 11.24782943725586 127729
1760009000523 11.048299789428711 127739
1760009000918 11.25156021118164 127749
1760009001289 10.905856132507324 127759
1760009001663 11.123005867004395 127769
1760009002033 11.082695960998535 127779
1760009002406 11.45627498626709 127789
1760009002789 11.285866737365723 127799
1760009003159 11.368717193603516 127809
1760009003507 11.31108570098877 127819
1760009003855 11.33153247833252 127829
1760009004212 11.360902786254883 127839
1760009004587 11.31545639038086 127849
1760009004966 11.51346206665039 127859
1760009005343 10.984392166137695 127869
1760009005720 11.199264526367188 127879
1760009006113 11.344693183898926 127889
1760009006477 11.000555038452148 127899
1760009006825 11.267464637756348 127909
1760009007172 10.986804962158203 127919
1760009007520 11.165059089660645 127929
1760009007875 11.03084945678711 127939
1760009008231 11.366055488586426 127949
1760009008590 11.01242733001709 127959
1760009008943 11.059370040893555 127969
1760009009298 11.0972900390625 127979
1760009009658 11.048160552978516 127989
1760009010012 11.12022590637207 127999
1760009010372 11.266036033630371 128009
1760009010734 10.846774101257324 128019
1760009011093 11.181829452514648 128029
1760009011459 10.896966934204102 128039
1760009011818 11.21434497833252 128049
1760009012178 11.227577209472656 128059
1760009012535 10.920154571533203 128069
1760009012887 11.145234107971191 128079
1760009013251 11.109448432922363 128089
1760009013601 11.02137565612793 128099
1760009013966 10.796131134033203 128109
1760009014354 10.83912467956543 128119
1760009014733 10.98205280303955 128129
1760009015117 11.317859649658203 128139
1760009015504 11.14059066772461 128149
1760009015893 11.116071701049805 128159
1760009016268 11.12129020690918 128169
1760009016640 11.099973678588867 128179
1760009016999 10.913837432861328 128189
1760009017355 11.00002670288086 128199
1760009017712 11.048685073852539 128209
1760009018078 10.973262786865234 128219
1760009018441 11.209397315979004 128229
1760009018801 11.152301788330078 128239
1760009019161 10.946186065673828 128249
1760009019541 11.01218032836914 128259
1760009019911 11.066410064697266 128269
1760009020288 11.14244270324707 128279
1760009020658 11.259231567382812 128289
1760009021027 11.06523609161377 128299
1760009021397 11.112200736999512 128309
1760009021765 11.163265228271484 128319
1760009022124 11.256877899169922 128329
1760009022484 11.072227478027344 128339
1760009022847 10.97987174987793 128349
1760009023211 10.905289649963379 128359
1760009023579 10.817723274230957 128369
1760009023945 10.931417465209961 128379
1760009024314 10.73936653137207 128389
1760009024684 11.00584602355957 128399
1760009025056 11.072973251342773 128409
1760009025434 11.163597106933594 128419
1760009025806 11.404590606689453 128429
1760009026177 10.839096069335938 128439
1760009026548 11.065616607666016 128449
1760009026917 10.732097625732422 128459
1760009027292 10.854466438293457 128469
1760009027667 10.991073608398438 128479
1760009028039 11.047584533691406 128489
1760009028413 10.89773941040039 128499
1760009028783 10.997873306274414 128509
1760009029154 10.936857223510742 128519
1760009029525 11.035223007202148 128529
1760009029887 10.991510391235352 128539
1760009030251 11.04277229309082 128549
1760009030620 11.229100227355957 128559
1760009030979 11.024433135986328 128569
1760009031340 10.935272216796875 128579
1760009031693 10.911657333374023 128589
1760009032051 11.045133590698242 128599
1760009032410 10.738495826721191 128609
1760009032762 10.955336570739746 128619
1760009033122 10.715028762817383 128629
1760009033481 10.820948600769043 128639
1760009033839 11.013885498046875 128649
1760009034196 11.081216812133789 128659
1760009034553 10.755008697509766 128669
1760009034905 10.925586700439453 128679
1760009035258 10.754199981689453 128689
1760009035608 11.062252044677734 128699
1760009035957 11.130413055419922 128709
1760009036302 10.852249145507812 128719
1760009036650 11.065918922424316 128729
1760009037018 11.037931442260742 128739
1760009037364 10.855594635009766 128749
1760009037706 10.856584548950195 128759
1760009038050 10.772331237792969 128769
1760009038398 11.289932250976562 128779
1760009038741 10.766046524047852 128789
1760009039086 10.948335647583008 128799
1760009039430 11.090677261352539 128809
1760009039774 10.764402389526367 128819
1760009040119 10.92599105834961 128829
1760009040464 10.8656005859375 128839
1760009040810 10.741554260253906 128849
1760009041159 10.996681213378906 128859
1760009041509 10.684623718261719 128869
1760009041867 10.875060081481934 128879
1760009042213 10.785778045654297 128889
1760009042560 11.00926399230957 128899
1760009042905 10.988880157470703 128909
1760009043248 10.759799003601074 128919
1760009043598 10.770593643188477 128929
1760009043947 10.467933654785156 128939
1760009044303 10.692560195922852 128949
1760009044664 10.600090026855469 128959
1760009045020 10.70041275024414 128969
1760009045346 10.709543228149414 128979
1760009045624 11.08624267578125 128989
1760009045861 11.24320125579834 128999
1760009046099 10.799853324890137 129009
1760009046342 10.545406341552734 129019
1760009046617 11.071748733520508 129029
1760009046840 10.769530296325684 129039
1760009047045 10.509828567504883 129049
1760009047365 10.984047889709473 129059
1760009047716 10.774293899536133 129069
1760009048067 10.84294319152832 129079
1760009048413 10.93559455871582 129089
1760009048763 10.926843643188477 129099
1760009049109 10.896324157714844 129109
1760009049456 10.731502532958984 129119
1760009050253 10.911108016967773 129129
1760009050594 11.030561447143555 129139
1760009050935 10.591496467590332 129149
1760009051277 10.707145690917969 129159
1760009051619 10.738734245300293 129169
1760009051961 10.771681785583496 129179
1760009052307 10.701525688171387 129189
1760009052658 11.099891662597656 129199
1760009053010 10.885890007019043 129209
1760009053364 10.659530639648438 129219
1760009053712 10.924816131591797 129229
1760009054059 11.069672584533691 129239
1760009068644 10.834527969360352 129249
1760009068978 11.011152267456055 129259
1760009069364 10.687044143676758 129269
1760009069754 10.709603309631348 129279
1760009070145 11.045557022094727 129289
1760009070544 11.308151245117188 129299
1760009070926 11.391839027404785 129309
1760009071343 11.546496391296387 129319
1760009071693 11.114425659179688 129329
1760009072057 11.087276458740234 129339
1760009072418 10.985912322998047 129349
1760009072789 11.274528503417969 129359
1760009073152 11.538446426391602 129369
1760009073521 11.079907417297363 129379
1760009073881 11.614424705505371 129389
1760009074242 11.299346923828125 129399
1760009074627 11.054481506347656 129409
1760009074998 11.093317031860352 129419
1760009075375 11.000863075256348 129429
1760009075750 11.165074348449707 129439
1760009076130 11.083581924438477 129449
1760009076515 11.3060884475708 129459
1760009076917 11.562003135681152 129469
1760009077327 11.285476684570312 129479
1760009077704 10.964159965515137 129489
1760009078081 11.073932647705078 129499
1760009078469 11.281721115112305 129509
1760009078836 11.090675354003906 129519
1760009079210 11.246686935424805 129529
1760009079579 10.895340919494629 129539
1760009079971 11.158737182617188 129549
1760009080369 10.99337387084961 129559
1760009080753 11.03515625 129569
1760009081137 11.076687812805176 129579
1760009081510 11.207962036132812 129589
1760009081902 11.266250610351562 129599
1760009082282 10.835453033447266 129609
1760009082661 11.440797805786133 129619
1760009083042 10.982184410095215 129629
1760009083426 11.147140502929688 129639
1760009083804 11.364152908325195 129649
1760009084190 11.334239959716797 129659
1760009084566 10.997994422912598 129669
1760009084942 11.031682014465332 129679
1760009085313 11.343507766723633 129689
1760009085687 11.234288215637207 129699
1760009086063 11.201554298400879 129709
1760009086444 11.169483184814453 129719
1760009086828 11.2977294921875 129729
1760009087220 11.028705596923828 129739
1760009087608 11.287805557250977 129749
1760009087979 11.424408912658691 129759
1760009088369 11.210132598876953 129769
1760009088762 11.063543319702148 129779
1760009089127 11.033353805541992 129789
1760009089506 11.179012298583984 129799
1760009089878 11.294120788574219 129809
1760009090253 11.347289085388184 129819
1760009090635 11.096994400024414 129829
1760009091021 10.885124206542969 129839
1760009091398 11.290504455566406 129849
1760009091778 11.433515548706055 129859
1760009092175 11.005661010742188 129869
1760009092551 11.305326461791992 129879
1760009092938 11.074675559997559 129889
1760009093308 11.202561378479004 129899
1760009093684 11.1424560546875 129909
1760009094079 11.019062042236328 129919
1760009094444 11.155640602111816 129929
1760009094822 11.408671379089355 129939
1760009095197 11.162171363830566 129949
1760009095568 11.196462631225586 129959
1760009095933 11.248201370239258 129969
1760009096308 10.814411163330078 129979
1760009096689 11.157247543334961 129989
1760009097067 11.219213485717773 129999
1760009097433 11.061771392822266 130009
1760009097812 11.212394714355469 130019
1760009098187 11.129377365112305 130029
1760009098573 11.039854049682617 130039
1760009098956 11.675172805786133 130049
1760009099344 11.063922882080078 130059
1760009099726 11.039514541625977 130069
1760009100097 11.222305297851562 130079
1760009100482 10.976203918457031 130089
1760009100849 11.245275497436523 130099
1760009101222 11.044172286987305 130109
1760009101586 10.911840438842773 130119
1760009101993 10.857202529907227 130129
1760009102361 11.083438873291016 130139
1760009102724 10.929454803466797 130149
1760009103074 11.053938865661621 130159
1760009103445 11.161060333251953 130169
1760009103832 10.937867164611816 130179
1760009104181 10.990240097045898 130189
1760009104557 11.191020011901855 130199
1760009104920 11.065359115600586 130209
1760009105302 11.02724552154541 130219
1760009105669 11.159074783325195 130229
1760009106038 11.0044527053833 130239
1760009106413 11.126619338989258 130249
1760009106784 10.731854438781738 130259
1760009107148 11.069897651672363 130269
1760009107521 10.893007278442383 130279
1760009107894 11.216165542602539 130289
1760009108270 11.058480262756348 130299
1760009108651 10.764723777770996 130309
1760009109021 11.041986465454102 130319
1760009109391 11.207244873046875 130329
1760009109763 11.103668212890625 130339
1760009110127 11.209168434143066 130349
1760009110484 11.243101119995117 130359
1760009110845 10.966287612915039 130369
1760009111225 10.9553804397583 130379
1760009111596 11.043587684631348 130389
1760009111969 11.156052589416504 130399
1760009112340 11.163975715637207 130409
1760009112709 10.861342430114746 130419
1760009113089 10.787466049194336 130429
1760009113471 11.076116561889648 130439
1760009113850 10.914974212646484 130449
1760009114218 10.973396301269531 130459
1760009114588 11.114275932312012 130469
1760009114960 10.710023880004883 130479
1760009115339 10.73332405090332 130489
1760009115705 10.881155014038086 130499
1760009116071 11.083118438720703 130509
1760009116441 10.900337219238281 130519
1760009116810 10.650003433227539 130529
1760009117180 10.88715934753418 130539
1760009117557 11.21098804473877 130549
1760009117937 10.875798225402832 130559
1760009118325 10.805557250976562 130569
1760009118694 10.85166072845459 130579
1760009119061 10.818925857543945 130589
1760009119430 11.152536392211914 130599
1760009119808 10.663496017456055 130609
1760009120183 10.87022590637207 130619
1760009120549 11.431278228759766 130629
1760009120927 10.896990776062012 130639
1760009121303 10.934764862060547 130649
1760009121683 10.869535446166992 130659
1760009122049 11.076129913330078 130669
1760009122423 10.896390914916992 130679
1760009122793 10.708208084106445 130689
1760009123159 10.721622467041016 130699
1760009123541 10.957341194152832 130709
1760009123906 10.90718936920166 130719
1760009124280 10.89113712310791 130729
1760009124654 10.687784194946289 130739
1760009125030 10.933012962341309 130749
1760009125401 10.695356369018555 130759
1760009125731 10.706897735595703 130769
1760009126070 10.903055191040039 130779
1760009126387 10.797990798950195 130789
1760009126702 10.664838790893555 130799
1760009127036 10.82545280456543 130809
1760009127425 10.789968490600586 130819
1760009127819 10.795520782470703 130829
1760009128212 10.72187328338623 130839
1760009128544 10.63985824584961 130849
1760009128875 10.62474250793457 130859
1760009129220 10.841506958007812 130869
1760009129549 10.446989059448242 130879
1760009129873 10.736433029174805 130889
1760009130270 10.883699417114258 130899
1760009130669 10.786216735839844 130909
1760009131057 10.936985969543457 130919
1760009131458 10.927956581115723 130929
1760009131849 10.929120063781738 130939
1760009132237 11.010766983032227 130949
1760009132606 10.817970275878906 130959
1760009132984 10.936920166015625 130969
1760009133364 10.899209022521973 130979
1760009133741 11.096116065979004 130989
1760009134114 11.195472717285156 130999
1760009134496 10.800128936767578 131009
1760009134899 10.756303787231445 131019
1760009135281 10.622882843017578 131029
1760009135673 10.873672485351562 131039
1760009136067 10.745763778686523 131049
1760009136457 10.909207344055176 131059
1760009136845 10.787239074707031 131069
1760009137236 10.590178489685059 131079
1760009137618 10.98772144317627 131089
1760009137997 10.647104263305664 131099
1760009138370 10.668994903564453 131109
1760009138727 10.691207885742188 131119
1760009139090 10.719868659973145 131129
1760009139475 10.886453628540039 131139
1760009139879 10.698951721191406 131149
1760009140290 10.999404907226562 131159
1760009140681 11.226805686950684 131169
1760009141065 10.869422912597656 131179
1760009141463 10.794986724853516 131189
1760009141857 10.854659080505371 131199
1760009142260 10.564453125 131209
1760009142653 10.779790878295898 131219
1760009143048 10.796957969665527 131229
1760009143434 10.748029708862305 131239
1760009143807 10.941909790039062 131249
1760009144182 10.658409118652344 131259
1760009144554 11.026802062988281 131269
1760009144950 10.723594665527344 131279
1760009145330 10.972511291503906 131289
1760009145710 10.9869384765625 131299
1760009146094 11.294775009155273 131309
1760009146477 11.166973114013672 131319
1760009146872 11.255243301391602 131329
1760009147257 11.335543632507324 131339
1760009147646 11.327054977416992 131349
1760009148032 11.181142807006836 131359
1760009148412 11.141770362854004 131369
1760009148784 11.171117782592773 131379
1760009149139 10.946767807006836 131389
1760009149481 11.236740112304688 131399
1760009149828 11.094802856445312 131409
1760009150173 11.201486587524414 131419
1760009150520 11.08523178100586 131429
1760009150874 11.189926147460938 131439
1760009151235 11.231451988220215 131449
1760009151604 11.278388977050781 131459
1760009151965 11.178679466247559 131469
1760009152332 11.0515718460083 131479
1760009152699 11.40948486328125 131489
1760009153051 11.339941024780273 131499
1760009153416 11.142265319824219 131509
1760009153775 10.775806427001953 131519
1760009154128 11.219339370727539 131529
1760009154480 11.358474731445312 131539
1760009154841 11.129081726074219 131549
1760009155211 11.267051696777344 131559
1760009155569 11.024744033813477 131569
1760009155930 11.17798900604248 131579
1760009156287 11.374526023864746 131589
1760009156648 11.2853422164917 131599
1760009157001 10.974529266357422 131609
1760009157363 11.157115936279297 131619
1760009157717 11.112842559814453 131629
1760009158075 11.222856521606445 131639
1760009158422 11.381223678588867 131649
1760009158771 11.284252166748047 131659
1760009159115 11.353156089782715 131669
1760009159466 10.94929027557373 131679
1760009159813 11.091167449951172 131689
1760009160172 11.11550521850586 131699
1760009160516 11.331113815307617 131709
1760009160860 11.029960632324219 131719
1760009161210 11.082919120788574 131729
1760009161556 11.028322219848633 131739
1760009161900 11.396384239196777 131749
1760009162250 11.025357246398926 131759
1760009162600 11.181480407714844 131769
1760009162956 11.373479843139648 131779
1760009163301 11.017148971557617 131789
1760009163649 10.908149719238281 131799
1760009163999 11.14094352722168 131809
1760009164355 11.098142623901367 131819
1760009164715 11.050284385681152 131829
1760009165069 11.175003051757812 131839
1760009165427 10.562575340270996 131849
1760009165788 11.090843200683594 131859
1760009166144 11.061784744262695 131869
1760009166510 11.396374702453613 131879
1760009166867 10.987696647644043 131889
1760009167240 11.293855667114258 131899
1760009167607 11.196647644042969 131909
1760009167977 11.235382080078125 131919
1760009168360 10.781251907348633 131929
1760009168741 11.062237739562988 131939
1760009169114 10.99102783203125 131949
1760009169496 10.998756408691406 131959
1760009169877 10.980426788330078 131969
1760009170254 11.286754608154297 131979
1760009170639 10.88455581665039 131989
1760009171026 11.148029327392578 131999
1760009171406 11.107383728027344 132009
1760009171779 11.20032787322998 132019
1760009172158 11.237947463989258 132029
1760009172530 11.056255340576172 132039
1760009172907 11.008661270141602 132049
1760009173288 11.404022216796875 132059
1760009173656 11.062997817993164 132069
1760009174041 11.216960906982422 132079
1760009174422 11.251734733581543 132089
1760009174794 11.338996887207031 132099
1760009175157 10.883437156677246 132109
1760009175527 10.755850791931152 132119
1760009175901 10.923222541809082 132129
1760009176274 11.211729049682617 132139
1760009176650 11.01984977722168 132149
1760009177035 10.817207336425781 132159
1760009177409 11.068902969360352 132169
1760009177764 11.038053512573242 132179
1760009178134 10.998716354370117 132189
1760009178490 11.135605812072754 132199
1760009178859 10.801997184753418 132209
1760009179233 11.350393295288086 132219
1760009179595 10.983095169067383 132229
1760009179961 11.107576370239258 132239
1760009180325 11.050021171569824 132249
1760009180685 10.980049133300781 132259
1760009181044 11.066915512084961 132269
1760009181396 11.183012008666992 132279
1760009181747 11.262481689453125 132289
1760009182093 11.087148666381836 132299
1760009182443 11.169794082641602 132309
1760009182790 10.93661880493164 132319
1760009183145 10.710386276245117 132329
1760009183504 10.99974250793457 132339
1760009183859 11.004719734191895 132349
1760009184214 11.152297973632812 132359
1760009184576 10.9356689453125 132369
1760009184893 11.067619323730469 132379
1760009185180 11.162593841552734 132389
1760009185705 10.987895965576172 132399
1760009186074 11.06913948059082 132409
1760009186450 11.129324913024902 132419
1760009186832 11.042200088500977 132429
1760009187204 11.08061408996582 132439
1760009187585 11.26700210571289 132449
1760009187963 10.674365997314453 132459
1760009188339 10.972721099853516 132469
1760009188705 11.302743911743164 132479
1760009189063 11.066999435424805 132489
1760009189440 11.104612350463867 132499
1760009189815 10.940709114074707 132509
1760009190180 10.882905006408691 132519
1760009190554 10.984548568725586 132529
1760009190930 11.062920570373535 132539
1760009191305 10.58829116821289 132549
1760009191680 10.807747840881348 132559
1760009192064 10.980535507202148 132569
1760009192450 10.93150520324707 132579
1760009192831 11.366898536682129 132589
1760009193210 10.974542617797852 132599
1760009193591 10.730260848999023 132609
1760009193964 11.163056373596191 132619
1760009194335 10.813301086425781 132629
1760009194713 10.840341567993164 132639
1760009195090 11.084486961364746 132649
1760009195456 10.825973510742188 132659
1760009195819 10.696825981140137 132669
1760009196196 11.147283554077148 132679
1760009196575 11.000587463378906 132689
1760009196958 10.99692153930664 132699
1760009197350 10.730600357055664 132709
1760009197730 10.82723331451416 132719
1760009198117 10.604972839355469 132729
1760009198488 10.883355140686035 132739
1760009198882 11.09322738647461 132749
1760009199273 10.607229232788086 132759
1760009199674 11.002345085144043 132769
1760009200041 11.099559783935547 132779
1760009200411 10.877898216247559 132789
1760009200782 10.756644248962402 132799
1760009201159 10.982823371887207 132809
1760009201539 10.833259582519531 132819
1760009201933 10.835936546325684 132829
1760009202310 10.787601470947266 132839
1760009202662 11.040729522705078 132849
1760009203014 11.010414123535156 132859
1760009203366 10.971628189086914 132869
1760009203714 10.756115913391113 132879
1760009204061 10.802421569824219 132889
1760009204422 10.719625473022461 132899
1760009204773 10.651848793029785 132909
1760009205143 11.234613418579102 132919
1760009205506 11.013137817382812 132929
1760009205870 10.65450382232666 132939
1760009206239 10.496137619018555 132949
1760009206617 10.990702629089355 132959
1760009206993 10.769170761108398 132969
1760009207350 10.800037384033203 132979
1760009207728 10.968036651611328 132989
1760009208112 10.845209121704102 132999
1760009208478 10.846881866455078 133009
1760009208830 10.859415054321289 133019
1760009209205 10.597302436828613 133029
1760009209585 10.838624000549316 133039
1760009209961 10.625955581665039 133049
1760009210321 10.979389190673828 133059
1760009210680 10.841055870056152 133069
1760009211036 10.79384994506836 133079
1760009211396 10.594717025756836 133089
1760009211760 10.62877082824707 133099
1760009212117 10.935798645019531 133109
1760009212497 10.868896484375 133119
1760009212872 10.915985107421875 133129
1760009213257 11.027406692504883 133139
1760009213649 11.01008415222168 133149
1760009214514 10.719345092773438 133159
1760009214865 10.818981170654297 133169
1760009215213 11.076643943786621 133179
1760009215557 10.714635848999023 133189
1760009215900 10.91303539276123 133199
1760009216243 10.489236831665039 133209
1760009216589 11.003357887268066 133219
1760009216969 10.52088451385498 133229
1760009217342 10.83130931854248 133239
1760009217716 10.799200057983398 133249
1760009218099 10.975980758666992 133259
1760009218468 10.727717399597168 133269
1760009218841 10.74691390991211 133279
1760009232871 10.782878875732422 133289
1760009233237 10.603368759155273 133299
1760009233598 10.750528335571289 133309
1760009233946 10.704696655273438 133319
1760009234297 11.213208198547363 133329
1760009234668 11.337413787841797 133339
1760009235003 11.116997718811035 133349
1760009235379 11.13997745513916 133359
1760009235715 11.109820365905762 133369
1760009236052 11.002779006958008 133379
1760009236395 11.225208282470703 133389
1760009236734 11.355240821838379 133399
1760009237077 11.446233749389648 133409
1760009237457 11.052606582641602 133419
1760009237808 11.370777130126953 133429
1760009238171 11.049022674560547 133439
1760009238524 10.88525676727295 133449
1760009238876 11.382597923278809 133459
1760009239232 11.019031524658203 133469
1760009239583 11.108574867248535 133479
1760009239933 11.30733871459961 133489
1760009240289 10.964008331298828 133499
1760009240642 11.05734920501709 133509
1760009240993 10.924935340881348 133519
1760009241363 11.01476001739502 133529
1760009241747 10.993657112121582 133539
1760009242130 10.941211700439453 133549
1760009242502 11.184168815612793 133559
1760009242910 11.463289260864258 133569
1760009243342 11.127572059631348 133579
1760009243732 11.015265464782715 133589
1760009244134 11.033035278320312 133599
1760009244523 11.342683792114258 133609
1760009244920 11.198307991027832 133619
1760009245321 11.237686157226562 133629
1760009245685 11.375001907348633 133639
1760009246051 10.845565795898438 133649
1760009246440 10.908548355102539 133659
1760009246817 11.369852066040039 133669
1760009247201 11.503568649291992 133679
1760009247579 11.240110397338867 133689
1760009247957 11.228802680969238 133699
1760009248339 11.134991645812988 133709
1760009248727 10.9323091506958 133719
1760009249106 11.397073745727539 133729
1760009249493 10.866461753845215 133739
1760009249880 11.081193923950195 133749
1760009250257 11.103768348693848 133759
1760009250654 10.973627090454102 133769
1760009251036 11.15304183959961 133779
1760009251426 11.1846342086792 133789
1760009251802 10.879388809204102 133799
1760009252177 10.916900634765625 133809
1760009252552 11.265567779541016 133819
1760009252936 11.10568618774414 133829
1760009253314 11.189789772033691 133839
1760009253690 11.073261260986328 133849
1760009254092 11.211660385131836 133859
1760009254483 11.24993896484375 133869
1760009254885 11.091917991638184 133879
1760009255251 11.199258804321289 133889
1760009255612 10.959178924560547 133899
1760009255976 11.133951187133789 133909
1760009256375 11.352094650268555 133919
1760009256754 11.194684028625488 133929
1760009257116 11.20947551727295 133939
1760009257481 10.589383125305176 133949
1760009257868 10.917579650878906 133959
1760009258242 10.966022491455078 133969
1760009258600 11.013618469238281 133979
1760009258964 11.059046745300293 133989
1760009259329 11.225647926330566 133999
1760009259704 10.867149353027344 134009
1760009260071 11.34982681274414 134019
1760009260433 11.20947265625 134029
1760009260815 11.134594917297363 134039
1760009261196 11.089658737182617 134049
1760009261583 10.97177505493164 134059
1760009261960 11.165305137634277 134069
1760009262335 11.320587158203125 134079
1760009262701 11.304258346557617 134089
1760009263064 11.295915603637695 134099
1760009263458 11.130056381225586 134109
1760009263825 11.398394584655762 134119
1760009264195 11.152406692504883 134129
1760009264564 11.075191497802734 134139
1760009264933 11.320837020874023 134149
1760009265308 11.332130432128906 134159
1760009265667 11.132375717163086 134169
1760009266028 11.218974113464355 134179
1760009266400 11.101728439331055 134189
1760009266754 11.204399108886719 134199
1760009267113 11.147607803344727 134209
1760009267474 11.278626441955566 134219
1760009267832 10.9890718460083 134229
1760009268196 11.028854370117188 134239
1760009268558 10.85734748840332 134249
1760009268923 11.036453247070312 134259
1760009269284 11.14161491394043 134269
1760009269664 11.331734657287598 134279
1760009270022 10.675804138183594 134289
1760009270369 11.167001724243164 134299
1760009270715 10.93910026550293 134309
1760009271061 11.01136302947998 134319
1760009271411 10.958288192749023 134329
1760009271770 11.221186637878418 134339
1760009272135 10.864011764526367 134349
1760009272482 11.139415740966797 134359
1760009272833 11.095849990844727 134369
1760009273200 11.124743461608887 134379
1760009273560 10.803812980651855 134389
1760009273919 11.294008255004883 134399
1760009274280 11.04076862335205 134409
1760009274642 10.740629196166992 134419
1760009275006 11.15499496459961 134429
1760009275379 11.185474395751953 134439
1760009275750 10.812261581420898 134449
1760009276121 10.93146800994873 134459
1760009276491 10.949986457824707 134469
1760009276845 11.138778686523438 134479
1760009277190 10.905187606811523 134489
1760009277537 11.002304077148438 134499
1760009277886 10.985310554504395 134509
1760009278233 11.115760803222656 134519
1760009278580 10.977306365966797 134529
1760009278933 10.903532981872559 134539
1760009279279 10.969217300415039 134549
1760009279625 11.01273250579834 134559
1760009279977 10.885767936706543 134569
1760009280338 10.942975044250488 134579
1760009280698 10.931856155395508 134589
1760009281054 10.879542350769043 134599
1760009281416 10.950605392456055 134609
1760009281763 10.654775619506836 134619
1760009282124 10.97035026550293 134629
1760009282482 10.829907417297363 134639
1760009282838 10.854988098144531 134649
1760009283200 10.990534782409668 134659
1760009283572 10.790719032287598 134669
1760009283936 11.199871063232422 134679
1760009284304 10.96269702911377 134689
1760009284668 10.783405303955078 134699
1760009285027 10.747278213500977 134709
1760009285390 11.087971687316895 134719
1760009285752 10.901599884033203 134729
1760009286118 10.975228309631348 134739
1760009286485 10.964807510375977 134749
1760009286832 10.861404418945312 134759
1760009287180 10.946747779846191 134769
1760009287526 10.528656005859375 134779
1760009287873 10.751091003417969 134789
1760009288228 10.519594192504883 134799
1760009288579 10.743709564208984 134809
1760009288931 10.81244945526123 134819
1760009289294 10.829124450683594 134829
1760009289658 10.658514976501465 134839
1760009290030 11.14134693145752 134849
1760009290373 10.854422569274902 134859
1760009290656 10.73217487335205 134869
1760009290984 10.675331115722656 134879
1760009291378 10.962902069091797 134889
1760009291753 10.608088493347168 134899
1760009292122 10.972472190856934 134909
1760009292483 10.500387191772461 134919
1760009292854 10.896218299865723 134929
1760009293279 10.805554389953613 134939
1760009293657 10.908143997192383 134949
1760009294016 10.82464599609375 134959
1760009294415 10.7637939453125 134969
1760009294784 10.844637870788574 134979
1760009295156 10.903356552124023 134989
1760009295547 10.88800048828125 134999
1760009295959 10.79633617401123 135009
1760009296327 10.809051513671875 135019
1760009296726 11.02226448059082 135029
1760009297132 10.677801132202148 135039
1760009297504 10.753242492675781 135049
1760009297880 10.91984748840332 135059
1760009298305 10.69699478149414 135069
1760009298687 10.858344078063965 135079
1760009299060 11.004974365234375 135089
1760009299427 11.089603424072266 135099
1760009299809 10.905580520629883 135109
1760009300175 10.91629409790039 135119
1760009300536 10.657480239868164 135129
1760009300901 10.901662826538086 135139
1760009301262 10.910223960876465 135149
1760009301620 11.035228729248047 135159
1760009301970 10.951604843139648 135169
1760009302317 10.801072120666504 135179
1760009302663 10.87840461730957 135189
1760009303015 10.497692108154297 135199
1760009303373 11.020158767700195 135209
1760009303730 10.439717292785645 135219
1760009304083 10.765682220458984 135229
1760009304438 10.67051887512207 135239
1760009304787 10.853215217590332 135249
1760009305138 10.697687149047852 135259
1760009305487 10.921945571899414 135269
1760009305840 10.849400520324707 135279
1760009306198 10.824261665344238 135289
1760009306550 10.951027870178223 135299
1760009306900 10.752143859863281 135309
1760009307251 10.857471466064453 135319
1760009307600 10.801243782043457 135329
1760009307954 10.933189392089844 135339
1760009308328 11.333925247192383 135349
1760009308684 11.549999237060547 135359
1760009309037 11.55921745300293 135369
1760009309389 11.208523750305176 135379
1760009309740 11.295167922973633 135389
1760009310090 11.191350936889648 135399
1760009310444 11.355722427368164 135409
1760009310800 11.142727851867676 135419
1760009311155 10.752324104309082 135429
1760009311531 10.942492485046387 135439
1760009311895 11.412979125976562 135449
1760009312264 10.94235610961914 135459
1760009312637 11.158186912536621 135469
1760009313017 11.174266815185547 135479
1760009313385 11.112323760986328 135489
1760009313740 11.103536605834961 135499
1760009314095 11.127885818481445 135509
1760009314453 11.210021018981934 135519
1760009314808 11.185784339904785 135529
1760009315180 11.243233680725098 135539
1760009315537 10.96715259552002 135549
1760009315885 11.428930282592773 135559
1760009316237 11.049080848693848 135569
1760009316591 11.04102897644043 135579
1760009316944 11.268993377685547 135589
1760009317299 11.36005973815918 135599
1760009317662 11.212478637695312 135609
1760009318025 11.307974815368652 135619
1760009318385 11.581477165222168 135629
1760009318742 11.24688720703125 135639
1760009319100 11.232559204101562 135649
1760009319470 11.316137313842773 135659
1760009319861 11.27245044708252 135669
1760009320259 10.640323638916016 135679
1760009320640 11.022811889648438 135689
1760009321014 10.806652069091797 135699
1760009321399 10.90250015258789 135709
1760009321777 11.11507797241211 135719
1760009322142 11.041752815246582 135729
1760009322515 11.235983848571777 135739
1760009322893 11.384682655334473 135749
1760009323272 11.282936096191406 135759
1760009323653 11.163968086242676 135769
1760009324023 11.095139503479004 135779
1760009324395 11.080084800720215 135789
1760009324769 11.208600997924805 135799
1760009325144 11.348251342773438 135809
1760009325522 11.183159828186035 135819
1760009325902 11.267751693725586 135829
1760009326274 10.940622329711914 135839
1760009326645 11.324480056762695 135849
1760009327020 11.016154289245605 135859
1760009327403 11.236082077026367 135869
1760009327825 11.238947868347168 135879
1760009328192 11.13125228881836 135889
1760009328535 11.340782165527344 135899
1760009328881 11.044193267822266 135909
1760009329227 11.220100402832031 135919
1760009329571 11.038507461547852 135929
1760009329918 10.742610931396484 135939
1760009330274 10.973174095153809 135949
1760009330625 11.092857360839844 135959
1760009330976 10.971369743347168 135969
1760009331328 10.992335319519043 135979
1760009331679 11.00269889831543 135989
1760009332034 10.847404479980469 135999
1760009332389 11.138334274291992 136009
1760009332748 11.394947052001953 136019
1760009333102 11.001384735107422 136029
1760009333466 11.375905990600586 136039
1760009333824 10.850454330444336 136049
1760009334182 11.27029037475586 136059
1760009334548 11.132232666015625 136069
1760009334910 11.14657211303711 136079
1760009335272 11.271515846252441 136089
1760009335633 10.794234275817871 136099
1760009335986 10.927023887634277 136109
1760009336333 11.139562606811523 136119
1760009336699 10.933326721191406 136129
1760009337052 10.931211471557617 136139
1760009337413 10.996244430541992 136149
1760009337769 11.056586265563965 136159
1760009338136 11.39162826538086 136169
1760009338510 10.945489883422852 136179
1760009338872 10.912202835083008 136189
1760009339234 11.014411926269531 136199
1760009339601 11.000332832336426 136209
1760009339986 11.170415878295898 136219
1760009340359 10.984628677368164 136229
1760009340728 11.245559692382812 136239
1760009341103 11.152946472167969 136249
1760009341473 11.048474311828613 136259
1760009341842 10.764721870422363 136269
1760009342213 10.994269371032715 136279
1760009342585 10.794112205505371 136289
1760009342958 11.164344787597656 136299
1760009343330 11.222412109375 136309
1760009343701 11.045270919799805 136319
1760009344073 11.277507781982422 136329
1760009344454 11.15304183959961 136339
1760009344823 11.111833572387695 136349
1760009345184 11.396526336669922 136359
1760009345557 11.122912406921387 136369
1760009345934 11.460824966430664 136379
1760009346331 10.729737281799316 136389
1760009346701 10.756187438964844 136399
1760009347075 11.115345001220703 136409
1760009347450 11.179449081420898 136419
1760009347820 10.801837921142578 136429
1760009348193 10.776484489440918 136439
1760009348570 11.06631851196289 136449
1760009348939 10.558320999145508 136459
1760009349305 10.901296615600586 136469
1760009349671 11.12819766998291 136479
1760009350036 11.30301284790039 136489
1760009350408 11.099272727966309 136499
1760009350772 10.929351806640625 136509
1760009351138 11.252998352050781 136519
1760009351508 10.880477905273438 136529
1760009351873 10.779436111450195 136539
1760009352240 11.042726516723633 136549
1760009352613 10.95217514038086 136559
1760009352981 10.966195106506348 136569
1760009353362 10.764212608337402 136579
1760009353732 11.157369613647461 136589
1760009354105 11.103572845458984 136599
1760009354482 10.725326538085938 136609
1760009354855 11.049372673034668 136619
1760009355225 10.969012260437012 136629
1760009355597 10.92013168334961 136639
1760009355970 10.724842071533203 136649
1760009356343 11.19505500793457 136659
1760009356715 10.98257827758789 136669
1760009357086 10.876382827758789 136679
1760009357463 10.920562744140625 136689
1760009357839 11.113404273986816 136699
1760009358220 10.89871597290039 136709
1760009358597 10.782303810119629 136719
1760009358981 10.614538192749023 136729
1760009359352 10.696715354919434 136739
1760009359719 11.05158519744873 136749
1760009360066 10.668238639831543 136759
1760009360411 10.898119926452637 136769
1760009360762 11.173852920532227 136779
1760009361116 10.971731185913086 136789
1760009361490 10.665594100952148 136799
1760009361851 10.863626480102539 136809
1760009362225 10.757636070251465 136819
1760009362612 10.717196464538574 136829
1760009362985 10.844684600830078 136839
1760009363381 11.063009262084961 136849
1760009363751 10.626760482788086 136859
1760009364142 10.812493324279785 136869
1760009364512 10.766561508178711 136879
1760009364870 10.996902465820312 136889
1760009365238 10.966221809387207 136899
1760009365609 11.093171119689941 136909
1760009365978 10.837015151977539 136919
1760009366349 10.743233680725098 136929
1760009366717 10.839059829711914 136939
1760009367087 10.796178817749023 136949
1760009367466 10.635139465332031 136959
1760009367833 10.839604377746582 136969
1760009368205 10.690861701965332 136979
1760009368586 10.671879768371582 136989
1760009368954 11.005667686462402 136999
1760009369331 10.498796463012695 137009
1760009369708 10.883382797241211 137019
1760009370086 10.843340873718262 137029
1760009370464 10.905458450317383 137039
1760009370842 11.034587860107422 137049
1760009371220 10.682807922363281 137059
1760009371600 10.951400756835938 137069
1760009371978 10.669262886047363 137079
1760009372354 10.771912574768066 137089
1760009372732 10.730984687805176 137099
1760009373111 11.032247543334961 137109
1760009373491 10.851112365722656 137119
1760009373870 10.859870910644531 137129
1760009374251 10.903705596923828 137139
1760009374628 11.082640647888184 137149
1760009375008 10.510042190551758 137159
1760009375402 10.927407264709473 137169
1760009375786 10.801429748535156 137179
1760009376163 10.718433380126953 137189
1760009377045 10.717554092407227 137199
1760009377416 10.77145767211914 137209
1760009377786 10.851275444030762 137219
1760009378159 10.97976303100586 137229
1760009378534 10.913650512695312 137239
1760009378910 10.886697769165039 137249
1760009379280 10.777769088745117 137259
1760009379649 10.761883735656738 137269
1760009380021 10.615272521972656 137279
1760009380393 10.518787384033203 137289
1760009380764 10.968727111816406 137299
1760009381133 10.65085220336914 137309
1760009381510 10.820839881896973 137319
1760009396975 10.667089462280273 137329
1760009397342 10.449808120727539 137339
1760009397731 10.68155288696289 137349
1760009398104 10.653401374816895 137359
1760009398485 11.446802139282227 137369
1760009398851 11.25224494934082 137379
1760009399237 11.451886177062988 137389
1760009399613 11.194816589355469 137399
1760009399993 11.176591873168945 137409
1760009400357 11.25339126586914 137419
1760009400727 11.079490661621094 137429
1760009401095 10.914886474609375 137439
1760009401470 10.998908042907715 137449
1760009401843 11.433544158935547 137459
1760009402249 11.241474151611328 137469
1760009402639 10.99819564819336 137479
1760009403045 11.035897254943848 137489
1760009403451 11.089512825012207 137499
1760009403848 11.100190162658691 137509
1760009404246 11.545193672180176 137519
1760009404636 10.978984832763672 137529
1760009405027 11.125014305114746 137539
1760009405406 11.3145751953125 137549
1760009405782 10.957483291625977 137559
1760009406149 11.12246322631836 137569
1760009406521 10.77876091003418 137579
1760009406893 10.983201026916504 137589
1760009407261 11.074378967285156 137599
1760009407619 11.39419937133789 137609
1760009407978 11.234858512878418 137619
1760009408379 10.906157493591309 137629
1760009408747 11.225829124450684 137639
1760009409111 11.10440731048584 137649
1760009409480 11.231708526611328 137659
1760009409842 11.28055191040039 137669
1760009410212 11.128898620605469 137679
1760009410585 10.78803825378418 137689
1760009410941 11.041121482849121 137699
1760009411290 11.310708045959473 137709
1760009411641 11.004352569580078 137719
1760009411995 11.034616470336914 137729
1760009412346 11.202608108520508 137739
1760009412704 11.235601425170898 137749
1760009413076 11.001022338867188 137759
1760009413436 11.072032928466797 137769
1760009413801 11.225112915039062 137779
1760009414166 11.061383247375488 137789
1760009414533 11.11246109008789 137799
1760009414907 10.813000679016113 137809
1760009415274 10.964096069335938 137819
1760009415646 10.885021209716797 137829
1760009416031 10.761039733886719 137839
1760009416402 10.976242065429688 137849
1760009416764 11.038623809814453 137859
1760009417141 11.407987594604492 137869
1760009417499 10.919410705566406 137879
1760009417861 11.130064010620117 137889
1760009418227 11.109941482543945 137899
1760009418605 11.022239685058594 137909
1760009418975 10.969292640686035 137919
1760009419330 11.162156105041504 137929
1760009419697 11.052181243896484 137939
1760009420061 11.04003620147705 137949
1760009420422 11.331252098083496 137959
1760009420783 11.117670059204102 137969
1760009421150 11.346794128417969 137979
1760009421503 11.281688690185547 137989
1760009421863 11.002726554870605 137999
1760009422213 11.091052055358887 138009
1760009422569 10.969768524169922 138019
1760009422932 11.246219635009766 138029
1760009423302 11.012890815734863 138039
1760009423659 11.309988021850586 138049
1760009424019 10.907639503479004 138059
1760009424388 11.367624282836914 138069
1760009424749 10.663567543029785 138079
1760009425107 10.889120101928711 138089
1760009425464 11.015026092529297 138099
1760009425828 11.321220397949219 138109
1760009426197 11.255130767822266 138119
1760009426561 10.983458518981934 138129
1760009426920 10.964061737060547 138139
1760009427272 11.370223999023438 138149
1760009427623 10.916251182556152 138159
1760009427986 10.770025253295898 138169
1760009428342 10.924064636230469 138179
1760009428702 10.817129135131836 138189
1760009429065 11.118087768554688 138199
1760009429422 11.053546905517578 138209
1760009429777 11.136624336242676 138219
1760009430136 10.76407241821289 138229
1760009430496 11.113454818725586 138239
1760009430849 11.227418899536133 138249
1760009431214 11.188434600830078 138259
1760009431573 11.077269554138184 138269
1760009431929 11.062173843383789 138279
1760009432304 11.12910270690918 138289
1760009432674 11.114980697631836 138299
1760009433045 10.772726058959961 138309
1760009433419 11.20172119140625 138319
1760009433795 11.252242088317871 138329
1760009434167 11.162137985229492 138339
1760009434548 10.942750930786133 138349
1760009434932 10.873312950134277 138359
1760009435309 11.21464729309082 138369
1760009435700 10.780981063842773 138379
1760009436058 10.958751678466797 138389
1760009436429 11.295286178588867 138399
1760009436805 11.141565322875977 138409
1760009437164 10.99515438079834 138419
1760009437526 10.835103988647461 138429
1760009437886 10.831403732299805 138439
1760009438249 10.960067749023438 138449
1760009438619 10.918863296508789 138459
1760009438982 10.73519515991211 138469
1760009439348 11.013725280761719 138479
1760009439714 11.009488105773926 138489
1760009440079 10.891193389892578 138499
1760009440448 11.27053165435791 138509
1760009440819 10.696535110473633 138519
1760009441189 10.865127563476562 138529
1760009441559 10.880651473999023 138539
1760009441924 11.115023612976074 138549
1760009442286 10.934627532958984 138559
1760009442656 10.890874862670898 138569
1760009443029 10.839735984802246 138579
1760009443403 10.906072616577148 138589
1760009443775 11.18285846710205 138599
1760009444141 10.897361755371094 138609
1760009444511 10.72686767578125 138619
1760009444879 11.271854400634766 138629
1760009445258 10.75999641418457 138639
1760009445642 10.827611923217773 138649
1760009446006 10.858577728271484 138659
1760009446374 11.005659103393555 138669
1760009446749 10.949234008789062 138679
1760009447122 10.820319175720215 138689
1760009447500 10.841846466064453 138699
1760009447879 10.871660232543945 138709
1760009448244 10.67924690246582 138719
1760009448620 11.255670547485352 138729
1760009448983 10.724063873291016 138739
1760009449350 10.730180740356445 138749
1760009449717 10.641664505004883 138759
1760009450087 10.923177719116211 138769
1760009450461 10.943450927734375 138779
1760009450835 10.762836456298828 138789
1760009451192 10.912202835083008 138799
1760009451559 11.027015686035156 138809
1760009451915 10.738189697265625 138819
1760009452273 10.736165046691895 138829
1760009452632 10.559321403503418 138839
1760009452992 10.659296035766602 138849
1760009453391 10.49695873260498 138859
1760009453805 10.95455265045166 138869
1760009454170 10.89963436126709 138879
1760009454557 11.12036418914795 138889
1760009454923 10.498449325561523 138899
1760009455303 10.977081298828125 138909
1760009455689 10.843701362609863 138919
1760009456080 10.650777816772461 138929
1760009456448 10.925453186035156 138939
1760009456841 10.796533584594727 138949
1760009457222 11.049687385559082 138959
1760009457580 10.679769515991211 138969
1760009457943 10.879212379455566 138979
1760009458310 10.952825546264648 138989
1760009458673 10.858175277709961 138999
1760009459042 11.049137115478516 139009
1760009459414 10.90234375 139019
1760009459789 10.954383850097656 139029
1760009460160 10.795331954956055 139039
1760009460537 11.052716255187988 139049
1760009460915 11.139019966125488 139059
1760009461267 10.761300086975098 139069
1760009461615 10.927640914916992 139079
1760009461960 10.800241470336914 139089
1760009462306 10.751614570617676 139099
1760009462655 10.758783340454102 139109
1760009463027 10.637665748596191 139119
1760009463380 10.878089904785156 139129
1760009463754 10.539140701293945 139139
1760009464129 10.851455688476562 139149
1760009464506 11.048223495483398 139159
1760009464889 10.853277206420898 139169
1760009465267 10.55097770690918 139179
1760009465647 10.851072311401367 139189
1760009466025 10.707144737243652 139199
1760009466394 10.718413352966309 139209
1760009466768 10.675161361694336 139219
1760009467143 10.761778831481934 139229
1760009467520 11.03329086303711 139239
1760009467898 10.927351951599121 139249
1760009468260 10.676897048950195 139259
1760009468626 10.632980346679688 139269
1760009469000 10.819244384765625 139279
1760009469375 10.890081405639648 139289
1760009469743 10.860718727111816 139299
1760009470135 10.902345657348633 139309
1760009470491 10.679027557373047 139319
1760009470859 10.646381378173828 139329
1760009471232 10.535696029663086 139339
1760009471619 10.79245376586914 139349
1760009471997 10.693970680236816 139359
1760009472393 10.694650650024414 139369
1760009472805 10.783127784729004 139379
1760009473213 11.253222465515137 139389
1760009473603 11.270240783691406 139399
1760009474002 11.32860279083252 139409
1760009474393 11.16817855834961 139419
1760009474779 11.038496017456055 139429
1760009475162 11.096580505371094 139439
1760009475559 11.095399856567383 139449
1760009475956 11.29466438293457 139459
1760009476341 11.187565803527832 139469
1760009476749 11.28045654296875 139479
1760009477162 11.02258014678955 139489
1760009477581 11.141240119934082 139499
1760009477937 11.141160011291504 139509
1760009478324 10.995452880859375 139519
1760009478687 11.096491813659668 139529
1760009479072 11.083917617797852 139539
1760009479444 11.074254989624023 139549
1760009479802 11.131237030029297 139559
1760009480161 11.016870498657227 139569
1760009480532 11.06091594696045 139579
1760009480904 11.241817474365234 139589
1760009481262 10.999408721923828 139599
1760009481624 11.150455474853516 139609
1760009481989 11.460378646850586 139619
1760009482356 11.0764799118042 139629
1760009482728 11.45820140838623 139639
1760009483112 11.052659034729004 139649
1760009483481 11.284065246582031 139659
1760009483854 10.944978713989258 139669
1760009484225 10.972089767456055 139679
1760009484596 11.052915573120117 139689
1760009484995 10.952398300170898 139699
1760009485586 11.338699340820312 139709
1760009485983 10.695623397827148 139719
1760009486354 10.9805269241333 139729
1760009486723 11.149759292602539 139739
1760009487097 10.961959838867188 139749
1760009487468 11.097826957702637 139759
1760009487840 11.096729278564453 139769
1760009488211 11.14806842803955 139779
1760009488592 10.926728248596191 139789
1760009488965 11.118448257446289 139799
1760009489337 11.014850616455078 139809
1760009489714 11.041339874267578 139819
1760009490102 11.124187469482422 139829
1760009490458 11.052906036376953 139839
1760009490823 11.099382400512695 139849
1760009491202 10.970931053161621 139859
1760009491577 11.040772438049316 139869
1760009491952 11.084161758422852 139879
1760009492326 11.11213493347168 139889
1760009492702 11.031009674072266 139899
1760009493080 11.107507705688477 139909
1760009493461 11.303661346435547 139919
1760009493842 11.460044860839844 139929
1760009494232 10.876164436340332 139939
1760009494617 11.026915550231934 139949
1760009494990 11.039648056030273 139959
1760009495367 11.080039978027344 139969
1760009495758 10.777227401733398 139979
1760009496145 11.046653747558594 139989
1760009496530 10.729686737060547 139999
1760009496933 11.2794189453125 140009
1760009497314 10.859476089477539 140019
1760009497699 11.00812816619873 140029
1760009498081 11.131317138671875 140039
1760009498483 11.302228927612305 140049
1760009498879 11.012992858886719 140059
1760009499270 11.068949699401855 140069
1760009499659 10.810725212097168 140079
1760009500048 11.170597076416016 140089
1760009500436 11.110692024230957 140099
1760009500832 10.967809677124023 140109
1760009501202 11.268211364746094 140119
1760009501570 11.058450698852539 140129
1760009501954 11.271963119506836 140139
1760009502345 10.870074272155762 140149
1760009502754 11.05394172668457 140159
1760009503143 11.101726531982422 140169
1760009503526 10.948575973510742 140179
1760009503916 11.166751861572266 140189
1760009504288 11.135873794555664 140199
1760009504698 11.22829818725586 140209
1760009505085 11.159249305725098 140219
1760009505452 10.605993270874023 140229
1760009505814 11.004554748535156 140239
1760009506177 10.903695106506348 140249
1760009506559 10.747848510742188 140259
1760009506923 11.087732315063477 140269
1760009507279 11.187847137451172 140279
1760009507639 11.292449951171875 140289
1760009508003 10.956613540649414 140299
1760009508368 10.888702392578125 140309
1760009508733 11.048738479614258 140319
1760009509097 11.057395935058594 140329
1760009509469 10.864558219909668 140339
1760009509850 10.963911056518555 140349
1760009510220 10.921187400817871 140359
1760009510588 11.032740592956543 140369
1760009510948 10.902610778808594 140379
1760009511317 10.869996070861816 140389
1760009511697 11.161225318908691 140399
1760009512070 11.08575439453125 140409
1760009512438 11.057373046875 140419
1760009512814 11.014361381530762 140429
1760009513198 10.841197967529297 140439
1760009513575 11.023384094238281 140449
1760009513961 11.071910858154297 140459
1760009514335 11.256649017333984 140469
1760009514718 11.002227783203125 140479
1760009515105 10.936351776123047 140489
1760009515488 11.087396621704102 140499
1760009515865 10.645238876342773 140509
1760009516243 10.959792137145996 140519
1760009516628 10.949426651000977 140529
1760009517008 11.013690948486328 140539
1760009517379 11.010638236999512 140549
1760009517746 10.888540267944336 140559
1760009518113 11.005644798278809 140569
1760009518479 10.847044944763184 140579
1760009518847 10.935038566589355 140589
1760009519216 11.107213973999023 140599
1760009519585 11.01956844329834 140609
1760009519956 10.664875030517578 140619
1760009520325 10.902766227722168 140629
1760009520695 11.211390495300293 140639
1760009521067 11.174471855163574 140649
1760009521437 10.911664009094238 140659
1760009521818 10.709774017333984 140669
1760009522190 10.949758529663086 140679
1760009522571 10.740156173706055 140689
1760009522948 11.10976791381836 140699
1760009523308 11.061836242675781 140709
1760009523677 10.640472412109375 140719
1760009524048 10.687102317810059 140729
1760009524417 10.966026306152344 140739
1760009524787 10.823381423950195 140749
1760009525167 10.508377075195312 140759
1760009525546 10.564419746398926 140769
1760009525940 10.88797664642334 140779
1760009526319 10.887395858764648 140789
1760009526699 10.738729476928711 140799
1760009527075 10.830270767211914 140809
1760009527450 10.709672927856445 140819
1760009527835 11.06905746459961 140829
1760009528230 10.747426986694336 140839
1760009528614 10.810185432434082 140849
1760009529007 11.255412101745605 140859
1760009529415 11.097122192382812 140869
1760009529882 10.56015396118164 140879
1760009530302 10.808353424072266 140889
1760009530694 10.687549591064453 140899
1760009531128 10.709041595458984 140909
1760009531568 11.071046829223633 140919
1760009531989 10.810552597045898 140929
1760009532402 10.905352592468262 140939
1760009532812 10.78381633758545 140949
1760009533214 11.110586166381836 140959
1760009533607 10.947086334228516 140969
1760009534002 10.915445327758789 140979
1760009534371 10.856668472290039 140989
1760009534751 10.79043197631836 140999
1760009535132 11.151498794555664 141009
1760009535534 10.672538757324219 141019
1760009535967 10.659669876098633 141029
1760009536357 10.964576721191406 141039
1760009536749 10.713481903076172 141049
1760009537148 10.703863143920898 141059
1760009537537 10.84144115447998 141069
1760009537957 10.95499038696289 141079
1760009538387 10.834426879882812 141089
1760009538822 10.923439025878906 141099
1760009539252 10.589332580566406 141109
1760009539668 10.481016159057617 141119
1760009540069 10.781707763671875 141129
1760009540480 10.810922622680664 141139
1760009540874 10.749958038330078 141149
1760009541252 10.843875885009766 141159
1760009541618 10.57425308227539 141169
1760009542011 10.743085861206055 141179
1760009542377 10.73920726776123 141189
1760009542740 10.642929077148438 141199
1760009543102 10.55525016784668 141209
1760009543455 10.322334289550781 141219
1760009543810 10.746893882751465 141229
1760009544664 10.487802505493164 141239
1760009545047 10.709840774536133 141249
1760009545423 10.701278686523438 141259
1760009545778 11.049394607543945 141269
1760009546124 10.477197647094727 141279
1760009546470 10.680673599243164 141289
1760009546815 10.794622421264648 141299
1760009547162 10.543546676635742 141309
1760009547515 10.856379508972168 141319
1760009547871 10.731128692626953 141329
1760009548232 11.018835067749023 141339
1760009548589 10.535186767578125 141349
1760009548944 10.850650787353516 141359
1760009563261 10.720704078674316 141369
1760009563587 10.80457878112793 141379
1760009563956 10.65627670288086 141389
1760009564325 10.735542297363281 141399
1760009564691 11.380353927612305 141409
1760009565106 11.019427299499512 141419
1760009565517 11.206350326538086 141429
1760009565874 10.882952690124512 141439
1760009566238 11.591188430786133 141449
1760009566608 11.11257553100586 141459
1760009566963 11.227561950683594 141469
1760009567324 11.315972328186035 141479
1760009567704 11.301717758178711 141489
1760009568084 11.114198684692383 141499
1760009568470 11.429216384887695 141509
1760009568874 11.008171081542969 141519
1760009569276 11.187013626098633 141529
1760009569676 10.91073989868164 141539
1760009570092 11.03199577331543 141549
1760009570542 11.122692108154297 141559
1760009570956 10.953486442565918 141569
1760009571395 11.253253936767578 141579
1760009571839 10.948582649230957 141589
1760009572312 11.292999267578125 141599
1760009572781 10.99030876159668 141609
1760009573220 11.020397186279297 141619
1760009573648 11.219467163085938 141629
1760009574074 10.93075180053711 141639
1760009574510 11.256606101989746 141649
1760009574910 11.047489166259766 141659
1760009575328 11.15255355834961 141669
1760009575748 11.171215057373047 141679
1760009576183 11.006925582885742 141689
1760009576604 10.936037063598633 141699
1760009577026 11.255342483520508 141709
1760009577457 11.061111450195312 141719
1760009577872 11.238408088684082 141729
1760009578292 10.754308700561523 141739
1760009578726 10.956876754760742 141749
1760009579148 10.893474578857422 141759
1760009579568 11.023963928222656 141769
1760009579991 11.18381118774414 141779
1760009580446 10.995670318603516 141789
1760009580895 11.291013717651367 141799
1760009581359 11.049124717712402 141809
1760009581825 11.077994346618652 141819
1760009582332 10.899160385131836 141829
1760009582803 11.01011848449707 141839
1760009583255 10.612833023071289 141849
1760009583679 10.906728744506836 141859
1760009584103 11.509496688842773 141869
1760009584568 11.053115844726562 141879
1760009584942 10.919778823852539 141889
1760009585396 11.094877243041992 141899
1760009585835 11.075593948364258 141909
1760009586232 11.4266939163208 141919
1760009586671 10.934117317199707 141929
1760009587108 11.09014892578125 141939
1760009587510 10.904876708984375 141949
1760009587950 11.048567771911621 141959
1760009588336 11.19186782836914 141969
1760009588739 10.982933044433594 141979
1760009589104 10.76046371459961 141989
1760009589477 11.203409194946289 141999
1760009589858 11.303264617919922 142009
1760009590222 11.033997535705566 142019
1760009590602 10.746248245239258 142029
1760009590966 11.165034294128418 142039
1760009591328 10.980894088745117 142049
1760009591703 11.28587818145752 142059
1760009592089 10.974717140197754 142069
1760009592485 11.204957962036133 142079
1760009592855 10.89552116394043 142089
1760009593232 10.925802230834961 142099
1760009593619 10.96933650970459 142109
1760009593984 10.712026596069336 142119
1760009594350 11.10531997680664 142129
1760009594716 11.006492614746094 142139
1760009595077 10.899679183959961 142149
1760009595468 11.146957397460938 142159
1760009595865 10.65574836730957 142169
1760009596249 10.892253875732422 142179
1760009596652 11.142053604125977 142189
1760009597048 11.054513931274414 142199
1760009597418 11.061588287353516 142209
1760009597788 11.139825820922852 142219
1760009598158 10.632368087768555 142229
1760009598527 10.906435012817383 142239
1760009598895 10.93751049041748 142249
1760009599265 11.003277778625488 142259
1760009599632 11.093450546264648 142269
1760009599999 10.928540229797363 142279
1760009600367 10.91928482055664 142289
1760009600745 10.754941940307617 142299
1760009601119 11.101680755615234 142309
1760009601490 10.736125946044922 142319
1760009601881 11.13552188873291 142329
1760009602269 11.006996154785156 142339
1760009602622 11.106575012207031 142349
1760009602970 11.009021759033203 142359
1760009603340 11.017904281616211 142369
1760009603708 11.09090518951416 142379
1760009604067 11.136751174926758 142389
1760009604419 11.073067665100098 142399
1760009604779 11.129130363464355 142409
1760009605152 11.117156028747559 142419
1760009605506 11.154409408569336 142429
1760009605857 11.145474433898926 142439
1760009606218 10.881962776184082 142449
1760009606581 11.001672744750977 142459
1760009606935 10.863533020019531 142469
1760009607298 10.821676254272461 142479
1760009607672 10.969306945800781 142489
1760009608062 11.22539234161377 142499
1760009608447 10.868703842163086 142509
1760009608825 11.054393768310547 142519
1760009609213 10.968485832214355 142529
1760009609596 10.933218002319336 142539
1760009609977 10.792078971862793 142549
1760009610346 11.171348571777344 142559
1760009610718 10.754518508911133 142569
1760009611088 10.8046293258667 142579
1760009611453 11.098995208740234 142589
1760009611819 10.910545349121094 142599
1760009612195 10.961637496948242 142609
1760009612554 11.227502822875977 142619
1760009612910 10.686582565307617 142629
1760009613276 10.963878631591797 142639
1760009613647 10.80274772644043 142649
1760009614019 11.276490211486816 142659
1760009614435 10.922130584716797 142669
1760009614802 10.658909797668457 142679
1760009615167 10.987085342407227 142689
1760009615529 11.000869750976562 142699
1760009615894 10.844991683959961 142709
1760009616261 11.134664535522461 142719
1760009616639 10.70044231414795 142729
1760009617005 11.089340209960938 142739
1760009617368 11.009986877441406 142749
1760009617740 10.730584144592285 142759
1760009618122 11.113607406616211 142769
1760009618503 10.808509826660156 142779
1760009618888 10.418582916259766 142789
1760009619261 10.682971000671387 142799
1760009619635 10.874126434326172 142809
1760009620012 10.559202194213867 142819
1760009620402 10.759519577026367 142829
1760009620798 11.2319917678833 142839
1760009621189 10.525017738342285 142849
1760009621578 10.850278854370117 142859
1760009621992 11.209040641784668 142869
1760009622415 10.807977676391602 142879
1760009622836 10.916413307189941 142889
1760009623265 10.854593276977539 142899
1760009623692 10.77411937713623 142909
1760009624119 10.900524139404297 142919
1760009624530 10.599624633789062 142929
1760009624955 10.910847663879395 142939
1760009625417 10.82942008972168 142949
1760009625832 11.006511688232422 142959
1760009626268 10.782472610473633 142969
1760009626682 10.635994911193848 142979
1760009627116 10.814339637756348 142989
1760009627537 10.783378601074219 142999
1760009627981 10.79297924041748 143009
1760009628388 10.719141006469727 143019
1760009628800 10.94333267211914 143029
1760009629236 10.675249099731445 143039
1760009629654 11.015398025512695 143049
1760009630055 10.497217178344727 143059
1760009630462 10.870023727416992 143069
1760009630902 10.879966735839844 143079
1760009631339 11.044698715209961 143089
1760009631751 10.773054122924805 143099
1760009632164 10.652441024780273 143109
1760009632573 10.569263458251953 143119
1760009633024 11.027778625488281 143129
1760009633452 11.085631370544434 143139
1760009633843 10.644754409790039 143149
1760009634228 11.392263412475586 143159
1760009634598 10.815293312072754 143169
1760009635004 10.592511177062988 143179
1760009635430 10.659183502197266 143189
1760009635858 10.755359649658203 143199
1760009636284 10.861339569091797 143209
1760009636700 10.72494888305664 143219
1760009637119 10.470281600952148 143229
1760009637534 10.996703147888184 143239
1760009637943 10.674848556518555 143249
1760009638424 10.62991714477539 143259
1760009638880 10.92114543914795 143269
1760009639240 10.847467422485352 143279
1760009639632 10.788374900817871 143289
1760009640058 10.827608108520508 143299
1760009640467 10.720281600952148 143309
1760009640872 10.711705207824707 143319
1760009641313 10.79155445098877 143329
1760009641755 10.659634590148926 143339
1760009642153 10.705554962158203 143349
1760009642577 10.864212036132812 143359
1760009643011 10.849260330200195 143369
1760009643424 10.91076946258545 143379
1760009643824 10.808134078979492 143389
1760009644205 10.971117973327637 143399
1760009644605 11.059167861938477 143409
1760009644981 10.783429145812988 143419
1760009645424 11.498058319091797 143429
1760009645857 11.1273775100708 143439
1760009646320 11.393149375915527 143449
1760009646788 11.307650566101074 143459
1760009647306 11.135374069213867 143469
1760009647762 11.246383666992188 143479
1760009648204 11.278090476989746 143489
1760009648653 10.928487777709961 143499
1760009649135 10.927717208862305 143509
1760009649584 11.158360481262207 143519
1760009650026 11.120099067687988 143529
1760009650448 10.917826652526855 143539
1760009650857 11.013211250305176 143549
1760009651288 11.111405372619629 143559
1760009651728 11.083982467651367 143569
1760009652169 11.157096862792969 143579
1760009652635 11.045244216918945 143589
1760009653102 11.012232780456543 143599
1760009653527 11.186578750610352 143609
1760009653981 11.294734954833984 143619
1760009654423 10.8152437210083 143629
1760009654847 11.236536026000977 143639
1760009655299 11.15725326538086 143649
1760009655720 11.173750877380371 143659
1760009656225 11.56538200378418 143669
1760009656664 11.645838737487793 143679
1760009657172 11.321549415588379 143689
1760009657590 11.239980697631836 143699
1760009658032 11.23202133178711 143709
1760009658482 11.008796691894531 143719
1760009658908 11.16766357421875 143729
1760009659429 10.971384048461914 143739
1760009659968 11.06491756439209 143749
1760009660423 11.314226150512695 143759
1760009660888 10.924388885498047 143769
1760009661321 11.001327514648438 143779
1760009661766 11.435338973999023 143789
1760009662193 11.113460540771484 143799
1760009662652 10.927020072937012 143809
1760009663114 11.174934387207031 143819
1760009663516 11.053298950195312 143829
1760009663903 11.133359909057617 143839
1760009664270 11.39591121673584 143849
1760009664673 10.970587730407715 143859
1760009665056 11.11505126953125 143869
1760009665421 10.962182998657227 143879
1760009665796 11.244562149047852 143889
1760009666178 11.294986724853516 143899
1760009666543 11.000619888305664 143909
1760009666916 11.036539077758789 143919
1760009667280 10.997941970825195 143929
1760009667656 11.151641845703125 143939
1760009668032 11.092798233032227 143949
1760009668403 11.147186279296875 143959
1760009668804 11.378152847290039 143969
1760009669200 11.039793014526367 143979
1760009669567 11.104158401489258 143989
1760009669931 11.023693084716797 143999
1760009670291 11.130695343017578 144009
1760009670649 11.27084732055664 144019
1760009671008 11.328317642211914 144029
1760009671366 11.225000381469727 144039
1760009671726 11.490960121154785 144049
1760009672083 11.230971336364746 144059
1760009672440 10.957748413085938 144069
1760009672804 10.984018325805664 144079
1760009673176 10.930461883544922 144089
1760009673534 11.025860786437988 144099
1760009673898 10.769243240356445 144109
1760009674271 11.050924301147461 144119
1760009674646 11.076325416564941 144129
1760009675022 11.004034042358398 144139
1760009675392 10.945812225341797 144149
1760009675767 10.882022857666016 144159
1760009676139 10.833436965942383 144169
1760009676514 11.177461624145508 144179
1760009676887 10.982691764831543 144189
1760009677271 11.069625854492188 144199
1760009677649 10.875504493713379 144209
1760009678028 10.92253303527832 144219
1760009678403 11.006095886230469 144229
1760009678778 10.917305946350098 144239
1760009679133 10.949236869812012 144249
1760009679493 10.866065979003906 144259
1760009679848 10.912301063537598 144269
1760009680204 11.20237922668457 144279
1760009680553 11.082733154296875 144289
1760009680898 10.749052047729492 144299
1760009681242 11.097232818603516 144309
1760009681595 10.919618606567383 144319
1760009681945 11.152109146118164 144329
1760009682302 11.04023265838623 144339
1760009682650 11.238272666931152 144349
1760009682998 11.178732872009277 144359
1760009683352 10.977842330932617 144369
1760009683729 11.10891056060791 144379
1760009684135 11.01643180847168 144389
1760009684568 11.081205368041992 144399
1760009684969 10.790428161621094 144409
1760009685410 10.710481643676758 144419
1760009685816 11.010824203491211 144429
1760009686257 11.21226978302002 144439
1760009686638 10.939695358276367 144449
1760009687041 10.832538604736328 144459
1760009687461 11.052404403686523 144469
1760009687916 10.907193183898926 144479
1760009688338 10.890156745910645 144489
1760009688763 10.647927284240723 144499
1760009689192 11.06832504272461 144509
1760009689623 11.046586036682129 144519
1760009690029 10.95548152923584 144529
1760009690428 10.688667297363281 144539
1760009690849 11.199071884155273 144549
1760009691249 11.016790390014648 144559
1760009691672 11.187562942504883 144569
1760009692093 11.064493179321289 144579
1760009692518 10.824159622192383 144589
1760009692951 11.188305854797363 144599
1760009693381 10.812479972839355 144609
1760009693794 10.611946105957031 144619
1760009694211 10.787004470825195 144629
1760009694606 11.112887382507324 144639
1760009695034 10.63664436340332 144649
1760009695436 10.657670021057129 144659
1760009695835 10.630314826965332 144669
1760009696218 10.710222244262695 144679
1760009696621 11.14376163482666 144689
1760009697030 10.943729400634766 144699
1760009697419 10.80673599243164 144709
1760009697819 10.635528564453125 144719
1760009698211 10.995606422424316 144729
1760009698605 10.72891902923584 144739
1760009699027 10.911331176757812 144749
1760009699432 10.84739875793457 144759
1760009699855 10.911291122436523 144769
1760009700262 10.736104965209961 144779
1760009700669 10.915566444396973 144789
1760009701070 11.029072761535645 144799
1760009701462 10.92199993133545 144809
1760009701911 10.784784317016602 144819
1760009702397 10.952106475830078 144829
1760009702820 10.73411750793457 144839
1760009703321 10.664807319641113 144849
1760009703787 10.757819175720215 144859
1760009704251 10.611665725708008 144869
1760009704668 10.859566688537598 144879
1760009705085 10.828580856323242 144889
1760009705527 10.831067085266113 144899
1760009705950 10.914697647094727 144909
1760009706389 10.765766143798828 144919
1760009706872 11.026830673217773 144929
1760009707308 10.917874336242676 144939
1760009707761 10.770801544189453 144949
1760009708183 10.916075706481934 144959
1760009708628 10.917773246765137 144969
1760009709110 10.63427734375 144979
1760009709615 11.03504753112793 144989
1760009710060 10.763816833496094 144999
1760009710581 10.753347396850586 145009
1760009711121 10.823004722595215 145019
1760009711556 10.99017333984375 145029
1760009712016 10.432968139648438 145039
1760009712460 10.815917015075684 145049
1760009712908 10.765022277832031 145059
1760009713374 11.03718376159668 145069
1760009713829 10.977537155151367 145079
1760009714275 10.944494247436523 145089
1760009714713 10.824657440185547 145099
1760009715168 10.82363510131836 145109
1760009715643 10.5755615234375 145119
1760009716115 10.85778522491455 145129
1760009716552 10.83891487121582 145139
1760009716966 10.799155235290527 145149
1760009717382 10.51815128326416 145159
1760009717809 10.89669418334961 145169
1760009718247 10.556951522827148 145179
1760009718676 10.81895637512207 145189
1760009719104 10.95619010925293 145199
1760009719536 10.833721160888672 145209
1760009720013 10.652395248413086 145219
1760009720430 10.658416748046875 145229
1760009720864 11.035140991210938 145239
1760009721291 10.786630630493164 145249
1760009721781 10.782649993896484 145259
1760009722172 10.733884811401367 145269
1760009723083 10.881263732910156 145279
1760009723527 10.859565734863281 145289
1760009723958 10.89144515991211 145299
1760009724423 10.890399932861328 145309
1760009724842 10.8413667678833 145319
1760009725265 10.890321731567383 145329
1760009725658 10.802694320678711 145339
1760009726102 10.954387664794922 145349
1760009726500 10.489631652832031 145359
1760009726938 10.761087417602539 145369
1760009727340 10.76309871673584 145379
1760009727715 10.517333030700684 145389
1760009728098 10.679737091064453 145399
1760009743728 10.8281831741333 145409
1760009744093 10.916840553283691 145419
1760009744460 10.447443962097168 145429
1760009744811 10.934112548828125 145439
1760009745196 11.1047945022583 145449
1760009745594 10.922521591186523 145459
1760009746381 11.446130752563477 145469
1760009746764 11.093668937683105 145479
1760009747143 10.870124816894531 145489
1760009747518 11.233360290527344 145499
1760009747910 11.00301742553711 145509
1760009748291 11.04554557800293 145519
1760009748674 11.044290542602539 145529
1760009749075 11.303611755371094 145539
1760009749491 11.061080932617188 145549
1760009749922 11.150264739990234 145559
1760009750336 11.26850700378418 145569
1760009750792 10.79616641998291 145579
1760009751254 10.87820816040039 145589
1760009751684 11.271973609924316 145599
1760009752097 11.059629440307617 145609
1760009752536 10.862075805664062 145619
1760009752989 10.828266143798828 145629
1760009753402 11.121891021728516 145639
1760009753861 11.17751693725586 145649
1760009754707 11.071931838989258 145659
1760009755123 11.117293357849121 145669
1760009755564 11.235824584960938 145679
1760009755995 10.979961395263672 145689
1760009756411 11.067062377929688 145699
1760009756819 10.868289947509766 145709
1760009757247 11.044212341308594 145719
1760009757666 11.033007621765137 145729
1760009758119 11.295153617858887 145739
1760009758515 10.97348403930664 145749
1760009758930 10.941815376281738 145759
1760009759355 11.06545639038086 145769
1760009759795 10.993499755859375 145779
1760009760212 11.099298477172852 145789
1760009760656 10.817506790161133 145799
1760009761076 10.909574508666992 145809
1760009761492 11.123149871826172 145819
1760009761914 10.947288513183594 145829
1760009762354 11.323831558227539 145839
1760009762773 10.940250396728516 145849
1760009763219 11.007757186889648 145859
1760009763672 10.957275390625 145869
1760009764107 11.07647705078125 145879
1760009764564 10.848233222961426 145889
1760009765017 11.076131820678711 145899
1760009765468 11.15591049194336 145909
1760009765916 10.814336776733398 145919
1760009766352 11.098288536071777 145929
1760009766793 11.358120918273926 145939
1760009767274 11.138544082641602 145949
1760009767705 11.049121856689453 145959
1760009768207 11.14770221710205 145969
1760009768669 11.300429344177246 145979
1760009769118 11.210290908813477 145989
1760009769545 10.766972541809082 145999
1760009769985 10.946427345275879 146009
1760009770421 11.158833503723145 146019
1760009770817 10.932622909545898 146029
1760009771248 11.123793601989746 146039
1760009771689 10.889904022216797 146049
1760009772128 10.981000900268555 146059
1760009772558 11.260245323181152 146069
1760009772985 10.957853317260742 146079
1760009773463 11.04676342010498 146089
1760009773918 11.337972640991211 146099
1760009774347 10.913081169128418 146109
1760009774801 11.152978897094727 146119
1760009775231 11.105886459350586 146129
1760009775691 11.044061660766602 146139
1760009776119 11.125932693481445 146149
1760009776538 11.09035587310791 146159
1760009776979 10.878776550292969 146169
1760009777410 10.927018165588379 146179
1760009777844 10.958233833312988 146189
1760009778304 10.982732772827148 146199
1760009778782 11.122030258178711 146209
1760009779207 10.992252349853516 146219
1760009779630 10.925039291381836 146229
1760009780057 11.234710693359375 146239
1760009780477 11.13467788696289 146249
1760009780940 10.937810897827148 146259
1760009781415 11.14602279663086 146269
1760009781839 11.083833694458008 146279
1760009782261 11.191179275512695 146289
1760009782720 10.777969360351562 146299
1760009783197 11.074760437011719 146309
1760009783691 10.95002555847168 146319
1760009784125 11.09067440032959 146329
1760009784507 10.997625350952148 146339
1760009784915 10.81766128540039 146349
1760009785409 11.339750289916992 146359
1760009785896 10.937482833862305 146369
1760009786314 11.088760375976562 146379
1760009786708 10.651960372924805 146389
1760009787121 10.937519073486328 146399
1760009787541 10.663679122924805 146409
1760009788047 11.090993881225586 146419
1760009788479 10.8269681930542 146429
1760009788929 10.920928001403809 146439
1760009789309 10.973922729492188 146449
1760009789730 11.2012357711792 146459
1760009790116 11.265756607055664 146469
1760009790522 10.912943840026855 146479
1760009790935 10.94235610961914 146489
1760009791336 11.113819122314453 146499
1760009791708 11.289918899536133 146509
1760009792072 11.155973434448242 146519
1760009792435 11.00440788269043 146529
1760009792810 11.180349349975586 146539
1760009793173 10.988458633422852 146549
1760009793537 10.820953369140625 146559
1760009793902 10.954350471496582 146569
1760009794272 10.775211334228516 146579
1760009794639 10.74966049194336 146589
1760009795002 10.909045219421387 146599
1760009795365 10.980751037597656 146609
1760009795731 10.96263313293457 146619
1760009796110 11.179651260375977 146629
1760009796474 11.040349006652832 146639
1760009796838 10.861315727233887 146649
1760009797190 11.086402893066406 146659
1760009797554 11.104585647583008 146669
1760009797921 11.080904006958008 146679
1760009798286 10.758081436157227 146689
1760009798652 10.91031265258789 146699
1760009799027 11.029960632324219 146709
1760009799390 10.94743537902832 146719
1760009799758 10.75771713256836 146729
1760009800135 11.004617691040039 146739
1760009800514 10.98025894165039 146749
1760009800895 10.816963195800781 146759
1760009801270 10.935056686401367 146769
1760009801653 10.746078491210938 146779
1760009802035 10.801248550415039 146789
1760009802425 10.754636764526367 146799
1760009802802 10.919225692749023 146809
1760009803192 11.154074668884277 146819
1760009803570 10.906949996948242 146829
1760009803946 10.606164932250977 146839
1760009804322 10.648656845092773 146849
1760009804702 10.607068061828613 146859
1760009805069 10.731863021850586 146869
1760009805437 10.750770568847656 146879
1760009805807 10.329143524169922 146889
1760009806179 10.570158004760742 146899
1760009806543 11.372476577758789 146909
1760009806908 10.70349407196045 146919
1760009807278 10.843169212341309 146929
1760009807634 10.859896659851074 146939
1760009807996 10.58691120147705 146949
1760009808355 10.602071762084961 146959
1760009808711 10.835676193237305 146969
1760009809076 10.949504852294922 146979
1760009809433 10.858325958251953 146989
1760009809794 10.45637321472168 146999
1760009810165 10.954965591430664 147009
1760009810529 11.122739791870117 147019
1760009810910 10.578607559204102 147029
1760009811290 10.858784675598145 147039
1760009811669 10.685747146606445 147049
1760009812053 10.73801040649414 147059
1760009812435 10.544707298278809 147069
1760009812826 10.676334381103516 147079
1760009813242 10.67750358581543 147089
1760009813634 11.141082763671875 147099
1760009814039 10.638813018798828 147109
1760009814432 10.824115753173828 147119
1760009814827 10.842574119567871 147129
1760009815230 10.908737182617188 147139
1760009815637 10.89760971069336 147149
1760009816054 10.644307136535645 147159
1760009816475 10.654666900634766 147169
1760009816888 11.005292892456055 147179
1760009817335 10.849565505981445 147189
1760009817789 10.721423149108887 147199
1760009818223 10.769132614135742 147209
1760009818644 10.650873184204102 147219
1760009819074 10.712957382202148 147229
1760009819481 10.620157241821289 147239
1760009819896 10.814929962158203 147249
1760009820310 10.699406623840332 147259
1760009820747 10.403172492980957 147269
1760009821100 10.836048126220703 147279
1760009821521 10.744457244873047 147289
1760009821943 10.888853073120117 147299
1760009822387 10.78034782409668 147309
1760009822812 10.499776840209961 147319
1760009823237 10.974756240844727 147329
1760009823606 10.724625587463379 147339
1760009823989 10.83193302154541 147349
1760009824364 10.710180282592773 147359
1760009824756 10.730264663696289 147369
1760009825157 10.420318603515625 147379
1760009825557 10.743115425109863 147389
1760009825935 10.92412281036377 147399
1760009826321 10.766311645507812 147409
1760009826714 10.71558952331543 147419
1760009827130 10.832351684570312 147429
1760009827527 11.004401206970215 147439
1760009827927 10.722886085510254 147449
1760009828312 10.883476257324219 147459
1760009828729 11.886502265930176 147469
1760009829144 11.290244102478027 147479
1760009829582 11.443734169006348 147489
1760009830020 11.359930992126465 147499
1760009830460 11.173055648803711 147509
1760009830855 11.034295082092285 147519
1760009831282 10.922126770019531 147529
1760009831721 11.111501693725586 147539
1760009832146 11.29954719543457 147549
1760009832601 11.154094696044922 147559
1760009833048 11.21787166595459 147569
1760009833489 11.015531539916992 147579
1760009833923 11.019214630126953 147589
1760009834362 11.000380516052246 147599
1760009834817 11.034016609191895 147609
1760009835282 11.110751152038574 147619
1760009835727 11.273357391357422 147629
1760009836175 11.09032917022705 147639
1760009836575 11.186437606811523 147649
1760009836993 11.090526580810547 147659
1760009837486 11.059240341186523 147669
1760009837951 10.904052734375 147679
1760009838442 10.943161010742188 147689
1760009838878 11.149405479431152 147699
1760009839322 10.961776733398438 147709
1760009839751 11.37852954864502 147719
1760009840220 11.112724304199219 147729
1760009840707 10.992154121398926 147739
1760009841163 10.999375343322754 147749
1760009841593 10.966974258422852 147759
1760009842028 11.156600952148438 147769
1760009842461 10.83564281463623 147779
1760009842930 11.236369132995605 147789
1760009843356 11.129515647888184 147799
1760009843781 11.037623405456543 147809
1760009844202 10.567010879516602 147819
1760009844659 10.962686538696289 147829
1760009845081 11.080591201782227 147839
1760009845539 11.127326965332031 147849
1760009845955 10.860004425048828 147859
1760009846349 11.10920238494873 147869
1760009846737 11.128171920776367 147879
1760009847119 11.039098739624023 147889
1760009847496 11.351901054382324 147899
1760009847901 11.204763412475586 147909
1760009848329 11.180845260620117 147919
1760009848754 11.147897720336914 147929
1760009849187 10.960833549499512 147939
1760009849609 11.037388801574707 147949
1760009850050 11.160757064819336 147959
1760009850456 11.153480529785156 147969
1760009850890 10.95730209350586 147979
1760009851359 11.116928100585938 147989
1760009851803 11.005950927734375 147999
1760009852147 10.920516967773438 148009
1760009852591 10.996841430664062 148019
1760009853064 10.81844425201416 148029
1760009853526 11.04614543914795 148039
1760009853943 11.211006164550781 148049
1760009854389 10.838371276855469 148059
1760009854809 10.825676918029785 148069
1760009855209 11.039359092712402 148079
1760009855576 10.942490577697754 148089
1760009855948 11.634136199951172 148099
1760009856313 11.073310852050781 148109
1760009856694 11.091806411743164 148119
1760009857090 11.340362548828125 148129
1760009857477 11.159282684326172 148139
1760009857868 11.546903610229492 148149
1760009858246 11.067368507385254 148159
1760009858611 11.097846031188965 148169
1760009858973 11.065321922302246 148179
1760009859337 11.287007331848145 148189
1760009859693 11.158703804016113 148199
1760009860059 11.145421981811523 148209
1760009860420 10.973811149597168 148219
1760009860788 10.943767547607422 148229
1760009861155 10.89921760559082 148239
1760009861512 11.098284721374512 148249
1760009861875 11.182563781738281 148259
1760009862236 11.310707092285156 148269
1760009862617 11.180500030517578 148279
1760009863005 11.066476821899414 148289
1760009863375 11.036162376403809 148299
1760009863758 11.034704208374023 148309
1760009864139 10.950149536132812 148319
1760009864512 10.90039348602295 148329
1760009864885 11.054391860961914 148339
1760009865253 11.277134895324707 148349
1760009865622 11.04290771484375 148359
1760009865988 10.83716106414795 148369
1760009866359 11.135809898376465 148379
1760009866733 10.817338943481445 148389
1760009867108 11.075733184814453 148399
1760009867481 11.095624923706055 148409
1760009867853 11.213421821594238 148419
1760009868226 10.827179908752441 148429
1760009868589 11.16008186340332 148439
1760009868949 10.903040885925293 148449
1760009869310 11.076101303100586 148459
1760009869674 10.956714630126953 148469
1760009870037 10.98239517211914 148479
1760009870394 10.962936401367188 148489
1760009870753 10.901762008666992 148499
1760009871115 10.967155456542969 148509
1760009871480 11.002083778381348 148519
1760009871848 11.056687355041504 148529
1760009872226 10.822305679321289 148539
1760009872599 11.098241806030273 148549
1760009872983 10.70689868927002 148559
1760009873359 10.707880973815918 148569
1760009873735 10.748922348022461 148579
1760009874127 10.963130950927734 148589
1760009874548 11.066975593566895 148599
1760009874958 11.061441421508789 148609
1760009875377 10.744699478149414 148619
1760009875783 10.842188835144043 148629
1760009876220 10.830206871032715 148639
1760009876649 10.995729446411133 148649
1760009877072 11.098395347595215 148659
1760009877500 10.727163314819336 148669
1760009877922 10.967738151550293 148679
1760009878368 10.850579261779785 148689
1760009878793 10.696138381958008 148699
1760009879236 10.915958404541016 148709
1760009879656 10.95317268371582 148719
1760009880059 10.904783248901367 148729
1760009880465 10.560120582580566 148739
1760009880844 10.9636869430542 148749
1760009881266 11.047788619995117 148759
1760009881681 10.65517520904541 148769
1760009882079 10.928316116333008 148779
1760009882469 10.667259216308594 148789
1760009882855 10.665393829345703 148799
1760009883261 10.784415245056152 148809
1760009883649 11.036843299865723 148819
1760009884043 10.948527336120605 148829
1760009884456 11.209724426269531 148839
1760009884877 10.882983207702637 148849
1760009885292 10.879666328430176 148859
1760009885727 10.720170974731445 148869
1760009886171 10.900978088378906 148879
1760009886591 10.954256057739258 148889
1760009887016 10.617937088012695 148899
1760009887445 10.807439804077148 148909
1760009887885 10.859317779541016 148919
1760009888328 11.095405578613281 148929
1760009888759 10.833457946777344 148939
1760009889166 10.825703620910645 148949
1760009889569 10.911197662353516 148959
1760009889978 10.934850692749023 148969
1760009890399 10.732439994812012 148979
1760009890831 10.8950777053833 148989
1760009891301 11.012184143066406 148999
1760009891724 10.988517761230469 149009
1760009892172 10.854243278503418 149019
1760009892638 11.06808853149414 149029
1760009893086 10.902324676513672 149039
1760009893573 10.546510696411133 149049
1760009894007 10.638174057006836 149059
1760009894453 10.670649528503418 149069
1760009894894 11.158480644226074 149079
1760009895346 10.884243965148926 149089
1760009895783 10.772505760192871 149099
1760009896204 10.768962860107422 149109
1760009896643 10.977798461914062 149119
1760009897103 10.951333999633789 149129
1760009897503 10.598855018615723 149139
1760009897874 10.781519889831543 149149
1760009898255 10.662514686584473 149159
1760009898669 11.01556396484375 149169
1760009899105 10.827625274658203 149179
1760009899474 10.589962005615234 149189
1760009899843 10.810733795166016 149199
1760009900211 10.781986236572266 149209
1760009900583 10.83997917175293 149219
1760009900956 10.75998306274414 149229
1760009901320 10.446109771728516 149239
1760009901692 10.429516792297363 149249
1760009902057 10.84117317199707 149259
1760009902429 10.848018646240234 149269
1760009902801 10.645987510681152 149279
1760009903174 10.76756763458252 149289
1760009903545 10.811767578125 149299
1760009903917 10.968231201171875 149309
1760009904796 10.683241844177246 149319
1760009905153 10.588687896728516 149329
1760009905509 10.766315460205078 149339
1760009905866 10.773096084594727 149349
1760009906221 10.507902145385742 149359
1760009906579 10.68295955657959 149369
1760009906937 10.848600387573242 149379
1760009907294 10.66616439819336 149389
1760009907651 10.592206001281738 149399
1760009908013 11.020750045776367 149409
1760009908372 10.85504150390625 149419
1760009908731 10.791776657104492 149429
1760009909097 10.679566383361816 149439
1760009924397 10.983156204223633 149449
1760009924765 10.551198959350586 149459
1760009925141 10.740028381347656 149469
1760009925508 10.564202308654785 149479
1760009925881 10.795061111450195 149489
1760009926242 11.126550674438477 149499
1760009926649 11.108558654785156 149509
1760009926987 11.047475814819336 149519
1760009927334 10.62891960144043 149529
1760009927670 11.415367126464844 149539
1760009928012 11.381978034973145 149549
1760009928350 10.836946487426758 149559
1760009928695 11.057862281799316 149569
1760009929045 11.104375839233398 149579
1760009929400 11.02761459350586 149589
1760009929751 11.261552810668945 149599
1760009930110 11.151098251342773 149609
1760009930478 11.083514213562012 149619
1760009930846 11.000980377197266 149629
1760009931218 11.265817642211914 149639
1760009931585 11.322261810302734 149649
1760009931950 11.161684036254883 149659
1760009932304 11.119140625 149669
1760009932671 11.525594711303711 149679
1760009933036 11.018760681152344 149689
1760009933392 10.89394474029541 149699
1760009933754 10.842906951904297 149709
1760009934107 11.275084495544434 149719
1760009934458 11.268505096435547 149729
1760009934810 11.22341537475586 149739
1760009935179 10.821828842163086 149749
1760009935546 11.071341514587402 149759
1760009935914 10.911101341247559 149769
1760009936267 10.984098434448242 149779
1760009936631 10.947532653808594 149789
1760009936986 11.087052345275879 149799
1760009937349 11.306252479553223 149809
1760009937717 11.09708309173584 149819
1760009938083 11.00407886505127 149829
1760009938414 10.935937881469727 149839
1760009938697 11.087489128112793 149849
1760009938938 10.927032470703125 149859
1760009939150 11.126567840576172 149869
1760009939362 11.041062355041504 149879
1760009939575 11.528846740722656 149889
1760009939787 11.126880645751953 149899
1760009940008 10.73025131225586 149909
1760009940312 11.087759017944336 149919
1760009940649 10.89184284210205 149929
1760009941003 10.965107917785645 149939
1760009941375 10.95919418334961 149949
1760009941735 11.143239974975586 149959
1760009942100 11.261516571044922 149969
1760009942466 11.111187934875488 149979
1760009942795 11.338287353515625 149989
1760009943155 11.094182968139648 149999
1760009943516 10.874189376831055 150009
1760009943875 11.26710033416748 150019
1760009944233 11.318357467651367 150029
1760009944590 11.171751022338867 150039
1760009944947 10.978658676147461 150049
1760009945305 11.203422546386719 150059
1760009945669 10.923791885375977 150069
1760009946036 11.181936264038086 150079
1760009946406 10.898258209228516 150089
1760009946787 11.06330680847168 150099
1760009947156 10.906332015991211 150109
1760009947531 11.123380661010742 150119
1760009947900 10.869043350219727 150129
1760009948271 11.193202018737793 150139
1760009948639 10.98910903930664 150149
1760009949016 10.801060676574707 150159
1760009949386 11.223614692687988 150169
1760009949754 11.01254940032959 150179
1760009950124 11.129855155944824 150189
1760009950494 11.030179023742676 150199
1760009950863 11.112138748168945 150209
1760009951234 11.027626037597656 150219
1760009951606 10.757109642028809 150229
1760009951974 10.925565719604492 150239
1760009952344 11.114694595336914 150249
1760009952715 11.135157585144043 150259
1760009953085 11.182090759277344 150269
1760009953459 11.235634803771973 150279
1760009953847 10.948543548583984 150289
1760009954228 10.954671859741211 150299
1760009954600 11.268136978149414 150309
1760009954971 11.09622573852539 150319
1760009955345 11.07921028137207 150329
1760009955712 10.761075019836426 150339
1760009956077 10.768296241760254 150349
1760009956437 11.380046844482422 150359
1760009956797 11.207417488098145 150369
1760009957170 10.85156536102295 150379
1760009957544 10.740970611572266 150389
1760009957915 10.886672973632812 150399
1760009958284 10.998298645019531 150409
1760009958705 10.879251480102539 150419
1760009959074 10.943021774291992 150429
1760009959442 11.13725757598877 150439
1760009959812 10.928442001342773 150449
1760009960183 10.69485092163086 150459
1760009960557 10.739992141723633 150469
1760009960937 10.954426765441895 150479
1760009961307 10.86488151550293 150489
1760009961678 11.020111083984375 150499
1760009962046 10.696701049804688 150509
1760009962415 10.802374839782715 150519
1760009962786 11.196704864501953 150529
1760009963159 10.88153076171875 150539
1760009963530 10.75798225402832 150549
1760009963894 10.999492645263672 150559
1760009964278 10.93984317779541 150569
1760009964643 11.137008666992188 150579
1760009965005 10.699970245361328 150589
1760009965370 10.805974960327148 150599
1760009965733 11.190336227416992 150609
1760009966100 10.946901321411133 150619
1760009966467 10.750456809997559 150629
1760009966840 10.887734413146973 150639
1760009967211 11.212667465209961 150649
1760009967560 10.905630111694336 150659
1760009967915 10.847234725952148 150669
1760009968270 10.968626976013184 150679
1760009968625 10.51192855834961 150689
1760009968978 10.7532958984375 150699
1760009969332 10.917810440063477 150709
1760009969688 10.928031921386719 150719
1760009970050 10.980146408081055 150729
1760009970414 10.933809280395508 150739
1760009970780 10.750425338745117 150749
1760009971146 10.7356595993042 150759
1760009971511 10.896985054016113 150769
1760009971877 11.156282424926758 150779
1760009972240 10.868942260742188 150789
1760009972603 10.798768997192383 150799
1760009972969 11.05500316619873 150809
1760009973344 11.11572551727295 150819
1760009973721 10.957931518554688 150829
1760009974092 10.765067100524902 150839
1760009974461 10.7401762008667 150849
1760009974832 10.49022388458252 150859
1760009975202 10.922125816345215 150869
1760009975571 10.949652671813965 150879
1760009975942 10.70166301727295 150889
1760009976317 11.006486892700195 150899
1760009976694 10.892166137695312 150909
1760009977053 10.791352272033691 150919
1760009977406 10.972066879272461 150929
1760009977757 11.101378440856934 150939
1760009978111 10.760225296020508 150949
1760009978466 10.812342643737793 150959
1760009978824 10.643171310424805 150969
1760009979180 11.149412155151367 150979
1760009979546 10.773358345031738 150989
1760009979924 10.721823692321777 150999
1760009980305 11.005550384521484 151009
1760009980677 10.793778419494629 151019
1760009981051 10.97970962524414 151029
1760009981426 10.603507995605469 151039
1760009981795 10.911237716674805 151049
1760009982168 10.647185325622559 151059
1760009982538 10.942187309265137 151069
1760009982911 10.530069351196289 151079
1760009983294 10.773818969726562 151089
1760009983657 10.717971801757812 151099
1760009984041 11.1096773147583 151109
1760009984438 10.517032623291016 151119
1760009984812 10.540382385253906 151129
1760009985178 10.891996383666992 151139
1760009985548 10.748556137084961 151149
1760009985920 10.907479286193848 151159
1760009986304 10.621037483215332 151169
1760009986682 10.552095413208008 151179
1760009987073 10.322463989257812 151189
1760009987462 10.703341484069824 151199
1760009987851 10.804380416870117 151209
1760009988236 10.809003829956055 151219
1760009988599 10.723518371582031 151229
1760009988959 10.607444763183594 151239
1760009989324 10.889817237854004 151249
1760009989697 10.789453506469727 151259
1760009990070 10.984333038330078 151269
1760009990443 10.981683731079102 151279
1760009990831 10.998924255371094 151289
1760009991235 10.936471939086914 151299
1760009991626 10.725927352905273 151309
1760009992015 10.782903671264648 151319
1760009992398 10.791040420532227 151329
1760009992768 10.9514799118042 151339
1760009993151 10.44703483581543 151349
1760009993520 10.756734848022461 151359
1760009993889 10.689102172851562 151369
1760009994257 11.132853507995605 151379
1760009994628 10.494461059570312 151389
1760009995000 11.086503982543945 151399
1760009995370 10.789356231689453 151409
1760009995746 10.72482681274414 151419
1760009996122 10.421958923339844 151429
1760009996493 11.020536422729492 151439
1760009996872 10.820798873901367 151449
1760009997253 10.932491302490234 151459
1760009997633 10.72797966003418 151469
1760009998016 10.956941604614258 151479
1760009998390 10.755680084228516 151489
1760009998760 10.616326332092285 151499
1760009999129 11.489712715148926 151509
1760009999493 11.102799415588379 151519
1760009999858 11.249691009521484 151529
1760010000234 11.238828659057617 151539
1760010000618 11.12336540222168 151549
1760010000993 11.299066543579102 151559
1760010001365 10.868127822875977 151569
1760010001742 11.341255187988281 151579
1760010002121 10.915071487426758 151589
1760010002495 11.198920249938965 151599
1760010002870 11.377640724182129 151609
1760010003249 11.012953758239746 151619
1760010003631 11.127436637878418 151629
1760010004007 11.333702087402344 151639
1760010004382 10.909562110900879 151649
1760010004765 11.142746925354004 151659
1760010005150 10.999198913574219 151669
1760010005529 11.036797523498535 151679
1760010005934 10.9869966506958 151689
1760010006324 11.26065731048584 151699
1760010006706 10.937503814697266 151709
1760010007073 11.130107879638672 151719
1760010007430 11.036235809326172 151729
1760010007801 11.236896514892578 151739
1760010008171 10.883859634399414 151749
1760010008529 11.43083381652832 151759
1760010008886 11.025318145751953 151769
1760010009244 10.809627532958984 151779
1760010009608 11.399225234985352 151789
1760010009982 11.27178955078125 151799
1760010010337 10.739962577819824 151809
1760010010700 11.200201034545898 151819
1760010011071 10.981441497802734 151829
1760010011439 11.214340209960938 151839
1760010011809 11.29427719116211 151849
1760010012177 11.114083290100098 151859
1760010012532 11.351974487304688 151869
1760010012900 11.244501113891602 151879
1760010013286 10.993675231933594 151889
1760010013656 10.869680404663086 151899
1760010014030 11.120182991027832 151909
1760010014395 10.932153701782227 151919
1760010014754 10.98526668548584 151929
1760010015111 11.109710693359375 151939
1760010015487 11.375707626342773 151949
1760010015863 11.339577674865723 151959
1760010016229 11.092482566833496 151969
1760010016601 11.299118041992188 151979
1760010016971 11.280725479125977 151989
1760010017340 11.16342544555664 151999
1760010017723 11.20848274230957 152009
1760010018096 10.919843673706055 152019
1760010018465 10.91136360168457 152029
1760010018836 11.180229187011719 152039
1760010019211 11.068347930908203 152049
1760010019584 11.211423873901367 152059
1760010019953 10.974026679992676 152069
1760010020321 11.131330490112305 152079
1760010020688 11.13276481628418 152089
1760010021051 10.800838470458984 152099
1760010021420 11.10623550415039 152109
1760010021788 11.153360366821289 152119
1760010022154 10.960304260253906 152129
1760010022521 10.999670028686523 152139
1760010022886 11.32110595703125 152149
1760010023255 10.998344421386719 152159
1760010023625 10.705646514892578 152169
1760010023999 11.264897346496582 152179
1760010024370 11.33763313293457 152189
1760010024741 10.950601577758789 152199
1760010025108 11.335224151611328 152209
1760010025479 10.79686164855957 152219
1760010025847 10.616752624511719 152229
1760010026222 10.976186752319336 152239
1760010026590 11.073923110961914 152249
1760010026961 11.091501235961914 152259
1760010027332 10.966053009033203 152269
1760010027705 10.990642547607422 152279
1760010028089 11.075776100158691 152289
1760010028460 11.18463134765625 152299
1760010028815 10.665751457214355 152309
1760010029166 11.252351760864258 152319
1760010029526 10.790548324584961 152329
1760010029876 10.879003524780273 152339
1760010030242 11.423516273498535 152349
1760010030599 11.0596923828125 152359
1760010030958 10.957222938537598 152369
1760010031313 11.018026351928711 152379
1760010031679 11.028726577758789 152389
1760010032045 11.075179100036621 152399
1760010032402 11.114891052246094 152409
1760010032783 10.711648941040039 152419
1760010033140 10.996828079223633 152429
1760010033503 11.242425918579102 152439
1760010033864 11.037729263305664 152449
1760010034246 10.956487655639648 152459
1760010034619 11.021196365356445 152469
1760010034999 10.955061912536621 152479
1760010035372 10.739778518676758 152489
1760010035749 10.942581176757812 152499
1760010036121 10.781915664672852 152509
1760010036496 11.107452392578125 152519
1760010036864 10.891332626342773 152529
1760010037239 11.041160583496094 152539
1760010037614 11.049400329589844 152549
1760010037986 11.191235542297363 152559
1760010038355 10.923592567443848 152569
1760010038753 11.08488655090332 152579
1760010039108 11.03176498413086 152589
1760010039457 11.00093936920166 152599
1760010039804 11.012287139892578 152609
1760010040152 11.032567977905273 152619
1760010040502 10.690360069274902 152629
1760010040852 10.921041488647461 152639
1760010041201 11.185562133789062 152649
1760010041554 11.228076934814453 152659
1760010041904 10.941173553466797 152669
1760010042252 10.837141036987305 152679
1760010042602 10.970083236694336 152689
1760010042953 10.866008758544922 152699
1760010043311 10.970256805419922 152709
1760010043680 10.863771438598633 152719
1760010044047 11.082767486572266 152729
1760010044414 10.860738754272461 152739
1760010044780 10.79109001159668 152749
1760010045148 10.809362411499023 152759
1760010045516 10.81414794921875 152769
1760010045889 10.904159545898438 152779
1760010046256 10.924863815307617 152789
1760010046620 10.937420845031738 152799
1760010046986 10.97461223602295 152809
1760010047351 10.83460521697998 152819
1760010047725 11.082450866699219 152829
1760010048107 10.743614196777344 152839
1760010048487 10.813155174255371 152849
1760010048852 10.784137725830078 152859
1760010049217 10.830391883850098 152869
1760010049569 10.967662811279297 152879
1760010049930 11.065975189208984 152889
1760010050298 11.057747840881348 152899
1760010050669 10.969058990478516 152909
1760010051041 10.732293128967285 152919
1760010051414 10.88715648651123 152929
1760010051773 11.026514053344727 152939
1760010052132 10.78122615814209 152949
1760010052487 10.715524673461914 152959
1760010052842 10.737680435180664 152969
1760010053209 10.549863815307617 152979
1760010053573 10.826044082641602 152989
1760010053934 10.698446273803711 152999
1760010054289 10.557668685913086 153009
1760010054644 10.99027156829834 153019
1760010055003 10.640094757080078 153029
1760010055358 10.735754013061523 153039
1760010055719 10.698802947998047 153049
1760010056081 10.84577465057373 153059
1760010056446 10.863311767578125 153069
1760010056806 10.509956359863281 153079
1760010057161 10.998469352722168 153089
1760010057525 10.50033950805664 153099
1760010057887 10.784812927246094 153109
1760010058243 10.794258117675781 153119
1760010058610 10.913387298583984 153129
1760010058980 10.892074584960938 153139
1760010059352 10.770358085632324 153149
1760010059724 10.625455856323242 153159
1760010060098 10.83903694152832 153169
1760010060467 10.929351806640625 153179
1760010060874 10.84057903289795 153189
1760010061282 10.777790069580078 153199
1760010061693 10.596603393554688 153209
1760010062071 10.694257736206055 153219
1760010062442 10.962552070617676 153229
1760010062823 10.449556350708008 153239
1760010063206 10.719057083129883 153249
1760010063577 10.69043254852295 153259
1760010063948 10.589739799499512 153269
1760010064330 10.796635627746582 153279
1760010064712 10.745137214660645 153289
1760010065097 10.897634506225586 153299
1760010065484 10.659162521362305 153309
1760010065856 10.46987533569336 153319
1760010066225 10.614012718200684 153329
1760010066601 10.668633460998535 153339
1760010066971 10.797138214111328 153349
1760010067835 11.027915000915527 153359
1760010068199 10.39983081817627 153369
1760010068564 10.8683443069458 153379
1760010068925 10.857494354248047 153389
1760010069284 10.585947036743164 153399
1760010069641 10.790956497192383 153409
1760010070000 10.838476181030273 153419
1760010070361 10.653471946716309 153429
1760010070725 10.72210693359375 153439
1760010071087 10.890087127685547 153449
1760010071453 10.91119384765625 153459
1760010071826 10.379104614257812 153469
1760010072201 10.767260551452637 153479
1760010085274 10.891942977905273 153489
1760010085791 10.477861404418945 153499
1760010086156 10.603811264038086 153509
1760010086512 10.496328353881836 153519
1760010086902 11.416674613952637 153529
1760010087292 10.924570083618164 153539
1760010087694 11.076681137084961 153549
1760010088129 11.111665725708008 153559
1760010088513 10.981549263000488 153569
1760010088900 11.129846572875977 153579
1760010089292 10.631038665771484 153589
1760010089666 11.16039752960205 153599
1760010090028 10.963997840881348 153609
1760010090443 10.931853294372559 153619
1760010090809 11.032224655151367 153629
1760010091173 10.855294227600098 153639
1760010091559 10.964801788330078 153649
1760010091965 11.256948471069336 153659
1760010092344 11.00987434387207 153669
1760010092742 10.833898544311523 153679
1760010093119 11.03868579864502 153689
1760010093486 11.284120559692383 153699
1760010093873 11.04793930053711 153709
1760010094236 11.10822582244873 153719
1760010094596 11.152570724487305 153729
1760010094981 10.777244567871094 153739
1760010095342 11.161782264709473 153749
1760010095714 11.17386245727539 153759
1760010096106 11.282876968383789 153769
1760010096484 10.919431686401367 153779
1760010096856 11.257168769836426 153789
1760010097221 11.107860565185547 153799
1760010097591 11.028539657592773 153809
1760010097971 11.027029037475586 153819
1760010098340 10.895359992980957 153829
1760010098715 11.087198257446289 153839
1760010099091 11.0316743850708 153849
1760010099452 10.970479965209961 153859
1760010099839 10.853090286254883 153869
1760010100219 11.328191757202148 153879
1760010100594 11.02053451538086 153889
1760010100972 11.168701171875 153899
1760010101358 11.264652252197266 153909
1760010101722 10.807504653930664 153919
1760010102087 11.04792594909668 153929
1760010102451 10.795934677124023 153939
1760010102819 10.862302780151367 153949
1760010103186 10.982851028442383 153959
1760010103551 11.424154281616211 153969
1760010103916 11.03392505645752 153979
1760010104280 10.95252799987793 153989
1760010104638 11.018854141235352 153999
1760010104999 10.823803901672363 154009
1760010105359 10.806398391723633 154019
1760010105715 11.18606948852539 154029
1760010106061 10.9446439743042 154039
1760010106363 11.303982734680176 154049
1760010106694 11.049463272094727 154059
1760010107065 11.211624145507812 154069
1760010107425 10.980354309082031 154079
1760010107783 11.269061088562012 154089
1760010108142 10.928032875061035 154099
1760010108496 10.93271255493164 154109
1760010108862 11.323102951049805 154119
1760010109222 10.907804489135742 154129
1760010109590 10.985298156738281 154139
1760010109959 10.92596435546875 154149
1760010110329 11.14891242980957 154159
1760010110691 11.10476303100586 154169
1760010111055 11.126262664794922 154179
1760010111419 11.059833526611328 154189
1760010111787 11.001819610595703 154199
1760010112148 10.783031463623047 154209
1760010112519 10.880715370178223 154219
1760010112897 10.957839965820312 154229
1760010113272 11.181354522705078 154239
1760010113657 11.29593276977539 154249
1760010114047 10.975777626037598 154259
1760010114434 11.151351928710938 154269
1760010114818 11.138030052185059 154279
1760010115196 10.928586959838867 154289
1760010115584 11.061907768249512 154299
1760010115980 11.037612915039062 154309
1760010116362 10.816652297973633 154319
1760010116748 11.044023513793945 154329
1760010117116 10.865455627441406 154339
1760010117505 10.896683692932129 154349
1760010117893 10.754926681518555 154359
1760010118292 11.172277450561523 154369
1760010118727 10.941949844360352 154379
1760010119163 10.802597045898438 154389
1760010119596 11.002366065979004 154399
1760010120026 10.811101913452148 154409
1760010120456 11.012665748596191 154419
1760010120861 11.033571243286133 154429
1760010121273 10.919445037841797 154439
1760010121653 10.960699081420898 154449
1760010122035 11.37338638305664 154459
1760010122402 10.839197158813477 154469
1760010122772 10.91933536529541 154479
1760010123165 11.031848907470703 154489
1760010123582 10.835653305053711 154499
1760010123973 11.104491233825684 154509
1760010124349 10.829320907592773 154519
1760010124730 10.901069641113281 154529
1760010125117 10.978958129882812 154539
1760010125493 10.602438926696777 154549
1760010125877 10.974299430847168 154559
1760010126237 10.798563003540039 154569
1760010126645 10.87104320526123 154579
1760010127022 10.959054946899414 154589
1760010127409 11.062834739685059 154599
1760010127800 10.935383796691895 154609
1760010128195 10.995798110961914 154619
1760010128564 10.967547416687012 154629
1760010128955 10.958940505981445 154639
1760010129324 11.073060989379883 154649
1760010129680 10.964994430541992 154659
1760010130050 11.04421329498291 154669
1760010130404 10.828380584716797 154679
1760010130765 10.80832290649414 154689
1760010131139 10.723905563354492 154699
1760010131509 10.79465103149414 154709
1760010131879 10.955141067504883 154719
1760010132250 10.875402450561523 154729
1760010132621 10.918415069580078 154739
1760010132982 11.117839813232422 154749
1760010133366 11.029850006103516 154759
1760010133736 10.98389720916748 154769
1760010134112 10.836202621459961 154779
1760010134485 10.971000671386719 154789
1760010134855 10.7487154006958 154799
1760010135227 10.788419723510742 154809
1760010135606 11.00069808959961 154819
1760010135981 10.99827766418457 154829
1760010136355 10.839771270751953 154839
1760010136728 10.588287353515625 154849
1760010137102 10.756813049316406 154859
1760010137478 11.128190994262695 154869
1760010137859 10.686910629272461 154879
1760010138235 10.722005844116211 154889
1760010138608 10.916675567626953 154899
1760010138986 10.839275360107422 154909
1760010139362 10.985700607299805 154919
1760010139730 10.857138633728027 154929
1760010140102 10.956485748291016 154939
1760010140476 11.081706047058105 154949
1760010140839 10.606410026550293 154959
1760010141211 10.746160507202148 154969
1760010141580 10.694762229919434 154979
1760010141956 10.877071380615234 154989
1760010142322 10.761835098266602 154999
1760010142690 11.017355918884277 155009
1760010143076 10.854856491088867 155019
1760010143447 10.293829917907715 155029
1760010143818 10.727950096130371 155039
1760010144192 10.942756652832031 155049
1760010144558 11.067778587341309 155059
1760010144925 10.76778507232666 155069
1760010145301 10.797438621520996 155079
1760010145679 10.8362455368042 155089
1760010146048 10.893672943115234 155099
1760010146416 10.852296829223633 155109
1760010146793 11.025065422058105 155119
1760010147165 10.902538299560547 155129
1760010147539 10.71523666381836 155139
1760010147913 10.854789733886719 155149
1760010148304 11.027263641357422 155159
1760010148715 10.71577262878418 155169
1760010149112 10.581817626953125 155179
1760010149524 10.897372245788574 155189
1760010149937 10.856837272644043 155199
1760010150346 10.956356048583984 155209
1760010150767 10.90292739868164 155219
1760010151175 10.674251556396484 155229
1760010151586 10.938592910766602 155239
1760010151999 10.720483779907227 155249
1760010152382 10.777090072631836 155259
1760010152760 10.941163063049316 155269
1760010153166 10.692293167114258 155279
1760010153600 10.588676452636719 155289
1760010154022 10.748857498168945 155299
1760010154432 10.997161865234375 155309
1760010154821 10.494876861572266 155319
1760010155216 10.603460311889648 155329
1760010155592 10.783733367919922 155339
1760010155988 10.948047637939453 155349
1760010156369 10.897257804870605 155359
1760010156765 10.953662872314453 155369
1760010157153 10.699712753295898 155379
1760010157560 10.830400466918945 155389
1760010157960 10.71815299987793 155399
1760010158380 10.51016616821289 155409
1760010158757 10.724740982055664 155419
1760010159144 10.53116226196289 155429
1760010159557 10.658855438232422 155439
1760010159952 10.89315414428711 155449
1760010160335 10.742888450622559 155459
1760010160702 10.664847373962402 155469
1760010161064 10.833337783813477 155479
1760010161441 10.782866477966309 155489
1760010161806 10.385095596313477 155499
1760010162172 10.307550430297852 155509
1760010162554 10.942562103271484 155519
1760010162912 10.578935623168945 155529
1760010163302 10.866569519042969 155539
1760010163678 11.594734191894531 155549
1760010164046 11.186214447021484 155559
1760010164415 11.334165573120117 155569
1760010164783 11.326469421386719 155579
1760010165146 10.996302604675293 155589
1760010165505 10.999213218688965 155599
1760010165863 11.223082542419434 155609
1760010166226 11.070558547973633 155619
1760010166597 11.154834747314453 155629
1760010166967 10.8191556930542 155639
1760010167343 11.304744720458984 155649
1760010167721 10.970357894897461 155659
1760010168105 11.207963943481445 155669
1760010168473 11.222736358642578 155679
1760010168839 11.170690536499023 155689
1760010169217 10.799886703491211 155699
1760010169597 11.140711784362793 155709
1760010169962 11.163168907165527 155719
1760010170337 11.226344108581543 155729
1760010170718 11.116231918334961 155739
1760010171094 11.262718200683594 155749
1760010171483 11.087735176086426 155759
1760010171860 10.937222480773926 155769
1760010172231 11.06960391998291 155779
1760010172610 10.609198570251465 155789
1760010172984 11.06903076171875 155799
1760010173364 11.20306396484375 155809
1760010173738 10.75653076171875 155819
1760010174138 11.021791458129883 155829
1760010174518 11.235187530517578 155839
1760010174890 10.849504470825195 155849
1760010175269 11.164380073547363 155859
1760010175648 11.020045280456543 155869
1760010176031 11.00323486328125 155879
1760010176405 11.058401107788086 155889
1760010176780 11.024563789367676 155899
1760010177154 10.97952651977539 155909
1760010177532 11.082125663757324 155919
1760010177899 10.94929027557373 155929
1760010178270 11.203010559082031 155939
1760010178651 11.12633991241455 155949
1760010179034 11.233039855957031 155959
1760010179416 11.349287986755371 155969
1760010179791 11.015402793884277 155979
1760010180161 10.651276588439941 155989
1760010180530 11.025049209594727 155999
1760010180905 11.098421096801758 156009
1760010181281 10.862251281738281 156019
1760010181651 10.842657089233398 156029
1760010182030 11.295522689819336 156039
1760010182408 11.049396514892578 156049
1760010182780 11.273908615112305 156059
1760010183152 11.240924835205078 156069
1760010183512 10.73585033416748 156079
1760010183866 10.442604064941406 156089
1760010184228 11.186367988586426 156099
1760010184602 10.834207534790039 156109
1760010184976 11.192434310913086 156119
1760010185354 11.049302101135254 156129
1760010185737 10.940738677978516 156139
1760010186112 11.185291290283203 156149
1760010186498 11.052139282226562 156159
1760010186886 11.167191505432129 156169
1760010187284 11.126760482788086 156179
1760010187686 11.258386611938477 156189
1760010188109 11.193934440612793 156199
1760010188492 11.305891990661621 156209
1760010188884 11.033585548400879 156219
1760010189309 10.515861511230469 156229
1760010189737 10.890716552734375 156239
1760010190182 10.644096374511719 156249
1760010190606 10.946874618530273 156259
1760010191048 10.964584350585938 156269
1760010191491 10.993476867675781 156279
1760010191933 10.9425630569458 156289
1760010192352 11.196637153625488 156299
1760010192758 11.080585479736328 156309
1760010193179 11.205270767211914 156319
1760010193556 11.04153823852539 156329
1760010193932 11.029629707336426 156339
1760010194325 10.992850303649902 156349
1760010194650 11.025394439697266 156359
1760010194959 11.311662673950195 156369
1760010195283 11.274116516113281 156379
1760010195661 10.93543815612793 156389
1760010196057 11.15903377532959 156399
1760010196449 11.07681941986084 156409
1760010196905 10.791534423828125 156419
1760010197301 10.86162281036377 156429
1760010197679 11.010019302368164 156439
1760010198090 10.886045455932617 156449
1760010198550 10.984177589416504 156459
1760010199024 11.121023178100586 156469
1760010199442 11.171300888061523 156479
1760010199831 10.887666702270508 156489
1760010200230 10.614242553710938 156499
1760010200621 11.162210464477539 156509
1760010200999 11.106953620910645 156519
1760010201388 10.968403816223145 156529
1760010201789 11.088202476501465 156539
1760010202184 10.503976821899414 156549
1760010202517 11.075843811035156 156559
1760010202819 11.103166580200195 156569
1760010203229 11.298566818237305 156579
1760010203629 10.74308967590332 156589
1760010204031 10.761098861694336 156599
1760010204415 11.144634246826172 156609
1760010204805 11.026931762695312 156619
1760010205184 10.952784538269043 156629
1760010205475 10.9548978805542 156639
1760010205818 10.787893295288086 156649
1760010206257 11.064628601074219 156659
1760010206683 10.552769660949707 156669
1760010207086 10.682154655456543 156679
1760010207491 10.689643859863281 156689
1760010207890 11.210472106933594 156699
1760010208304 11.010364532470703 156709
1760010208716 10.911375045776367 156719
1760010209146 10.865859031677246 156729
1760010209523 11.083026885986328 156739
1760010209892 11.039470672607422 156749
1760010210267 11.156074523925781 156759
1760010210642 10.858255386352539 156769
1760010211014 10.782323837280273 156779
1760010211392 10.920829772949219 156789
1760010211764 10.829948425292969 156799
1760010212135 11.008975982666016 156809
1760010212500 10.821226119995117 156819
1760010212871 10.634469985961914 156829
1760010213237 10.753947257995605 156839
1760010213609 10.800440788269043 156849
1760010213980 10.676544189453125 156859
1760010214353 10.903244018554688 156869
1760010214712 10.933406829833984 156879
1760010215072 10.758097648620605 156889
1760010215435 10.635238647460938 156899
1760010215801 10.883397102355957 156909
1760010216173 10.821196556091309 156919
1760010216547 10.905746459960938 156929
1760010216920 11.052590370178223 156939
1760010217293 11.055116653442383 156949
1760010217668 10.743108749389648 156959
1760010218080 10.976312637329102 156969
1760010218433 10.739958763122559 156979
1760010218795 11.08006763458252 156989
1760010219186 11.088871002197266 156999
1760010219574 10.6505708694458 157009
1760010219948 10.832845687866211 157019
1760010220325 10.867137908935547 157029
1760010220700 10.811842918395996 157039
1760010221075 10.921934127807617 157049
1760010221457 10.587516784667969 157059
1760010221849 10.692188262939453 157069
1760010222261 10.839086532592773 157079
1760010222661 10.843981742858887 157089
1760010223057 11.044698715209961 157099
1760010223433 10.961730003356934 157109
1760010223825 10.829501152038574 157119
1760010224212 10.82821273803711 157129
1760010224577 10.442056655883789 157139
1760010224939 10.598752975463867 157149
1760010225319 10.70252799987793 157159
1760010225709 10.68533706665039 157169
1760010226086 10.707633972167969 157179
1760010226468 10.826075553894043 157189
1760010226858 10.48033618927002 157199
1760010227250 10.857522010803223 157209
1760010227636 10.942476272583008 157219
1760010228012 11.09124755859375 157229
1760010228384 10.721725463867188 157239
1760010228756 10.70472240447998 157249
1760010229128 10.864330291748047 157259
1760010229497 10.516748428344727 157269
1760010229868 10.788663864135742 157279
1760010230255 10.6976900100708 157289
1760010230622 10.835103988647461 157299
1760010230986 10.668146133422852 157309
1760010231359 10.675775527954102 157319
1760010231732 10.805814743041992 157329
1760010232100 10.31998062133789 157339
1760010232475 10.744534492492676 157349
1760010232842 11.040069580078125 157359
1760010233221 10.586587905883789 157369
1760010233593 10.744306564331055 157379
1760010233965 10.537630081176758 157389
1760010234797 10.600118637084961 157399
1760010235166 10.634775161743164 157409
1760010235534 10.84671688079834 157419
1760010235911 10.763594627380371 157429
1760010236313 10.870941162109375 157439
1760010236707 10.502824783325195 157449
1760010237066 10.817665100097656 157459
1760010237439 10.648763656616211 157469
1760010237814 10.920890808105469 157479
1760010238191 10.62678050994873 157489
1760010238565 10.515419006347656 157499
1760010238933 10.693599700927734 157509
1760010239310 10.912925720214844 157519
1760010253492 10.792791366577148 157529
1760010253906 10.902507781982422 157539
1760010254318 10.70457649230957 157549
1760010254745 10.76219367980957 157559
1760010255137 11.41038703918457 157569
1760010255551 11.108936309814453 157579
1760010256016 11.11335563659668 157589
1760010256436 11.134101867675781 157599
1760010256846 11.04179573059082 157609
1760010257242 11.20598030090332 157619
1760010257644 11.078657150268555 157629
1760010258045 11.009029388427734 157639
1760010258469 11.258030891418457 157649
1760010258889 11.037824630737305 157659
1760010259305 10.931295394897461 157669
1760010259737 10.94841194152832 157679
1760010260176 11.120466232299805 157689
1760010260624 11.15921401977539 157699
1760010261081 11.14155387878418 157709
1760010261532 11.077817916870117 157719
1760010261893 11.087610244750977 157729
1760010262337 11.211054801940918 157739
1760010262785 10.998666763305664 157749
1760010263227 11.219364166259766 157759
1760010263657 11.16405200958252 157769
1760010264103 11.00316047668457 157779
1760010264527 10.887493133544922 157789
1760010264972 11.035507202148438 157799
1760010265400 10.857439041137695 157809
1760010265805 10.936027526855469 157819
1760010266237 11.034950256347656 157829
1760010266666 11.114551544189453 157839
1760010267112 10.701478958129883 157849
1760010267521 11.075506210327148 157859
1760010267960 11.13416862487793 157869
1760010268369 10.973682403564453 157879
1760010268786 11.276668548583984 157889
1760010269223 11.189864158630371 157899
1760010269691 10.976062774658203 157909
1760010270152 11.192642211914062 157919
1760010270628 11.196460723876953 157929
1760010271051 10.857855796813965 157939
1760010271488 11.175432205200195 157949
1760010271897 10.979132652282715 157959
1760010272301 10.9310941696167 157969
1760010272708 11.24121379852295 157979
1760010273150 11.080873489379883 157989
1760010273588 11.10307502746582 157999
1760010274042 10.872684478759766 158009
1760010274496 10.953916549682617 158019
1760010274976 10.670207977294922 158029
1760010275430 11.229537963867188 158039
1760010275910 10.871450424194336 158049
1760010276521 11.012777328491211 158059
1760010276983 11.070890426635742 158069
1760010277462 11.036588668823242 158079
1760010277942 11.323271751403809 158089
1760010278487 10.911449432373047 158099
1760010278925 10.96418571472168 158109
1760010279373 11.0371732711792 158119
1760010279768 11.18751335144043 158129
1760010280162 11.160223007202148 158139
1760010280554 10.97365951538086 158149
1760010280936 10.9466552734375 158159
1760010281293 10.771288871765137 158169
1760010281723 10.751253128051758 158179
1760010282095 10.912223815917969 158189
1760010282559 10.943965911865234 158199
1760010282997 10.972614288330078 158209
1760010283447 10.855262756347656 158219
1760010283873 11.07371997833252 158229
1760010284334 11.167360305786133 158239
1760010284731 11.218249320983887 158249
1760010285157 11.150970458984375 158259
1760010285560 11.13084602355957 158269
1760010285941 11.169360160827637 158279
1760010286332 10.981544494628906 158289
1760010286706 11.029890060424805 158299
1760010287078 10.725564002990723 158309
1760010287470 10.924243927001953 158319
1760010287855 11.021459579467773 158329
1760010288240 10.946083068847656 158339
1760010288610 10.771661758422852 158349
1760010289004 10.917750358581543 158359
1760010289365 11.006793022155762 158369
1760010289723 10.93173885345459 158379
1760010290076 11.03628158569336 158389
1760010290428 10.903682708740234 158399
1760010290780 10.87811279296875 158409
1760010291135 10.96127700805664 158419
1760010291494 11.036148071289062 158429
1760010291850 11.048141479492188 158439
1760010292211 10.771831512451172 158449
1760010292575 10.920677185058594 158459
1760010292934 10.866979598999023 158469
1760010293291 11.228469848632812 158479
1760010293635 11.008544921875 158489
1760010293979 10.917781829833984 158499
1760010294327 11.11397647857666 158509
1760010294672 10.771220207214355 158519
1760010295050 10.792490005493164 158529
1760010295402 10.989032745361328 158539
1760010295752 11.100281715393066 158549
1760010296103 10.79334831237793 158559
1760010296457 10.755752563476562 158569
1760010296806 10.749178886413574 158579
1760010297170 10.796903610229492 158589
1760010297534 10.776408195495605 158599
1760010297889 11.06281566619873 158609
1760010298239 10.89788818359375 158619
1760010298593 10.929170608520508 158629
1760010298942 11.081236839294434 158639
1760010299288 10.956449508666992 158649
1760010299635 10.861385345458984 158659
1760010299983 10.905645370483398 158669
1760010300333 10.724491119384766 158679
1760010300681 10.946544647216797 158689
1760010301036 10.825105667114258 158699
1760010301389 10.529860496520996 158709
1760010301734 10.86318302154541 158719
1760010302080 10.763293266296387 158729
1760010302429 10.576231002807617 158739
1760010302774 10.918302536010742 158749
1760010303129 10.901481628417969 158759
1760010303479 10.579414367675781 158769
1760010303833 11.016486167907715 158779
1760010304185 10.937862396240234 158789
1760010304532 10.963180541992188 158799
1760010304881 10.979585647583008 158809
1760010305249 10.703003883361816 158819
1760010305604 10.768512725830078 158829
1760010305959 10.786371231079102 158839
1760010306314 10.998451232910156 158849
1760010306668 10.896096229553223 158859
1760010307024 10.900436401367188 158869
1760010307377 10.851715087890625 158879
1760010307735 10.876508712768555 158889
1760010308102 10.656072616577148 158899
1760010308454 10.73061752319336 158909
1760010308817 10.874624252319336 158919
1760010309178 10.998239517211914 158929
1760010309532 11.041231155395508 158939
1760010309886 10.902044296264648 158949
1760010310245 10.822678565979004 158959
1760010310600 10.699943542480469 158969
1760010310958 10.930938720703125 158979
1760010311314 10.903444290161133 158989
1760010311675 10.79793930053711 158999
1760010312032 10.883885383605957 159009
1760010312408 10.470090866088867 159019
1760010312779 10.553434371948242 159029
1760010313174 10.756159782409668 159039
1760010313570 10.848804473876953 159049
1760010313966 10.56825065612793 159059
1760010314342 10.778511047363281 159069
1760010314706 10.688289642333984 159079
1760010315063 11.086938858032227 159089
1760010315418 10.85234546661377 159099
1760010315779 10.597299575805664 159109
1760010316141 11.131467819213867 159119
1760010316517 10.793161392211914 159129
1760010316905 10.865986824035645 159139
1760010317292 10.82635498046875 159149
1760010317661 10.723908424377441 159159
1760010318037 10.84444808959961 159169
1760010318428 10.836258888244629 159179
1760010318829 10.508760452270508 159189
1760010319199 10.67280101776123 159199
1760010319604 10.762203216552734 159209
1760010319999 10.69012451171875 159219
1760010320412 10.901456832885742 159229
1760010320837 10.72997760772705 159239
1760010321219 10.696625709533691 159249
1760010321605 10.68967342376709 159259
1760010321995 10.577709197998047 159269
1760010322382 10.592826843261719 159279
1760010322748 10.95578384399414 159289
1760010323088 10.622459411621094 159299
1760010323507 10.679264068603516 159309
1760010323918 10.46286392211914 159319
1760010324333 10.76211929321289 159329
1760010324746 10.72598648071289 159339
1760010325165 10.96799087524414 159349
1760010325579 10.663904190063477 159359
1760010326006 11.017112731933594 159369
1760010326434 10.743498802185059 159379
1760010326843 10.513914108276367 159389
1760010327288 10.634254455566406 159399
1760010327695 10.715974807739258 159409
1760010328116 10.690221786499023 159419
1760010328509 10.800615310668945 159429
1760010328893 10.555606842041016 159439
1760010329320 10.768938064575195 159449
1760010329732 10.744377136230469 159459
1760010330156 10.640104293823242 159469
1760010330565 10.929332733154297 159479
1760010331019 10.567609786987305 159489
1760010331449 10.763808250427246 159499
1760010331877 11.021976470947266 159509
1760010332286 10.834179878234863 159519
1760010332712 10.761262893676758 159529
1760010333142 10.77960205078125 159539
1760010333594 10.753746032714844 159549
1760010334027 11.026947975158691 159559
1760010334454 10.70626449584961 159569
1760010334891 10.710128784179688 159579
1760010335306 11.558884620666504 159589
1760010335717 11.22929573059082 159599
1760010336146 11.266258239746094 159609
1760010336570 10.832666397094727 159619
1760010337042 11.27862548828125 159629
1760010337492 11.43923568725586 159639
1760010337922 11.380809783935547 159649
1760010338360 11.179697036743164 159659
1760010338723 11.24721622467041 159669
1760010339167 11.463005065917969 159679
1760010339617 11.168140411376953 159689
1760010340034 10.920903205871582 159699
1760010340428 11.378252983093262 159709
1760010340854 10.927461624145508 159719
1760010341264 11.000693321228027 159729
1760010341678 10.80086898803711 159739
1760010342097 11.023624420166016 159749
1760010342467 11.20090103149414 159759
1760010342857 10.967557907104492 159769
1760010343229 11.17215633392334 159779
1760010343628 10.907776832580566 159789
1760010344011 11.067805290222168 159799
1760010344394 10.855076789855957 159809
1760010344760 10.9685640335083 159819
1760010345132 10.807180404663086 159829
1760010345498 10.90548038482666 159839
1760010345865 11.028398513793945 159849
1760010346232 11.174409866333008 159859
1760010346606 11.105951309204102 159869
1760010346961 10.882040977478027 159879
1760010347314 11.159815788269043 159889
1760010347660 10.83724308013916 159899
1760010348024 10.967375755310059 159909
1760010348375 11.038751602172852 159919
1760010348724 11.025943756103516 159929
1760010349079 10.925580978393555 159939
1760010349430 11.087691307067871 159949
1760010349778 10.834095001220703 159959
1760010350124 10.850019454956055 159969
1760010350475 11.044103622436523 159979
1760010350827 10.932835578918457 159989
1760010351185 11.223526000976562 159999
1760010351547 11.062376022338867 160009
1760010351964 10.97826099395752 160019
1760010352346 11.08367919921875 160029
1760010352720 11.24877643585205 160039
1760010353098 10.961889266967773 160049
1760010353444 11.05174446105957 160059
1760010353789 10.901128768920898 160069
1760010354137 10.999561309814453 160079
1760010354485 10.873886108398438 160089
1760010354848 10.998242378234863 160099
1760010355208 10.981313705444336 160109
1760010355577 10.901741027832031 160119
1760010355949 10.7960786819458 160129
1760010356325 11.045321464538574 160139
1760010356725 10.814237594604492 160149
1760010357073 11.001029968261719 160159
1760010357418 11.018522262573242 160169
1760010357763 11.09196662902832 160179
1760010358123 11.173344612121582 160189
1760010358474 10.997611045837402 160199
1760010358830 10.847552299499512 160209
1760010359182 11.134323120117188 160219
1760010359533 11.191224098205566 160229
1760010359887 10.746427536010742 160239
1760010360254 11.075623512268066 160249
1760010360615 11.296114921569824 160259
1760010360988 11.289003372192383 160269
1760010361330 11.076614379882812 160279
1760010361688 11.246257781982422 160289
1760010362046 10.79891300201416 160299
1760010362410 11.071226119995117 160309
1760010362775 10.998929977416992 160319
1760010363142 11.0994873046875 160329
1760010363511 11.041825294494629 160339
1760010363880 11.031973838806152 160349
1760010364255 11.13414192199707 160359
1760010364628 10.770441055297852 160369
1760010365003 10.953142166137695 160379
1760010365373 10.792455673217773 160389
1760010365744 11.206296920776367 160399
1760010366127 11.239018440246582 160409
1760010366512 10.85091495513916 160419
1760010366885 10.925566673278809 160429
1760010367251 11.007762908935547 160439
1760010367625 10.655302047729492 160449
1760010367999 11.083154678344727 160459
1760010368381 10.961726188659668 160469
1760010368747 11.011115074157715 160479
1760010369099 11.05243968963623 160489
1760010369454 10.88725757598877 160499
1760010369817 11.089019775390625 160509
1760010370179 11.08353042602539 160519
1760010370557 10.923311233520508 160529
1760010370931 11.09239387512207 160539
1760010371324 11.016426086425781 160549
1760010371689 10.72639274597168 160559
1760010372040 10.633200645446777 160569
1760010372395 10.954599380493164 160579
1760010372762 11.04014778137207 160589
1760010373138 10.980632781982422 160599
1760010373525 10.978282928466797 160609
1760010373895 10.64896011352539 160619
1760010374265 10.825628280639648 160629
1760010374633 10.905638694763184 160639
1760010375000 11.041976928710938 160649
1760010375368 10.916213989257812 160659
1760010375741 10.942337989807129 160669
1760010376108 10.710222244262695 160679
1760010376477 10.526996612548828 160689
1760010376841 10.910903930664062 160699
1760010377227 10.746883392333984 160709
1760010377595 10.748497009277344 160719
1760010377968 10.852502822875977 160729
1760010378339 10.836523056030273 160739
1760010378708 11.164444923400879 160749
1760010379071 10.938793182373047 160759
1760010379433 10.934270858764648 160769
1760010379800 11.072868347167969 160779
1760010380159 11.13537311553955 160789
1760010380527 10.559934616088867 160799
1760010380878 11.09782600402832 160809
1760010381240 10.975099563598633 160819
1760010381606 11.117551803588867 160829
1760010381990 11.026926040649414 160839
1760010382366 10.79835033416748 160849
1760010382742 10.346281051635742 160859
1760010383115 10.653520584106445 160869
1760010383501 10.894962310791016 160879
1760010383869 10.453274726867676 160889
1760010384238 10.627216339111328 160899
1760010384612 10.964496612548828 160909
1760010384980 10.77365779876709 160919
1760010385464 11.10688591003418 160929
1760010385893 10.757965087890625 160939
1760010386260 11.17467975616455 160949
1760010386625 10.828474044799805 160959
1760010386999 10.781964302062988 160969
1760010387388 10.78927993774414 160979
1760010387766 10.580101013183594 160989
1760010388131 10.621118545532227 160999
1760010388501 10.797252655029297 161009
1760010388861 10.961859703063965 161019
1760010389234 10.924172401428223 161029
1760010389597 10.772541046142578 161039
1760010389961 10.802005767822266 161049
1760010390324 10.689233779907227 161059
1760010390689 10.698400497436523 161069
1760010391057 10.62594985961914 161079
1760010391424 10.87735652923584 161089
1760010391786 10.768394470214844 161099
1760010392144 10.861220359802246 161109
1760010392505 10.655006408691406 161119
1760010392870 10.89609146118164 161129
1760010393240 10.819576263427734 161139
1760010393601 10.705307960510254 161149
1760010393962 10.919868469238281 161159
1760010394323 10.690597534179688 161169
1760010394679 10.712202072143555 161179
1760010395042 10.822827339172363 161189
1760010395410 10.870342254638672 161199
1760010395768 10.566161155700684 161209
1760010396128 10.870951652526855 161219
1760010396495 10.942619323730469 161229
1760010396848 10.922618865966797 161239
1760010397201 10.76641845703125 161249
1760010397569 10.733282089233398 161259
1760010397930 10.677386283874512 161269
1760010398282 10.727920532226562 161279
1760010398647 10.778432846069336 161289
1760010399010 10.867618560791016 161299
1760010399372 10.832056045532227 161309
1760010399728 10.836709976196289 161319
1760010400094 10.43516731262207 161329
1760010400490 10.67784309387207 161339
1760010400857 10.605671882629395 161349
1760010401215 10.799631118774414 161359
1760010401575 10.67233657836914 161369
1760010401936 10.625893592834473 161379
1760010402294 10.855375289916992 161389
1760010402651 10.659976959228516 161399
1760010403045 10.69953727722168 161409
1760010403430 10.781362533569336 161419
1760010403794 10.470701217651367 161429
1760010404637 10.697723388671875 161439
1760010404998 10.82590103149414 161449
1760010405364 11.03237533569336 161459
1760010405728 10.786855697631836 161469
1760010406091 10.53879451751709 161479
1760010406455 10.5986328125 161489
1760010406845 10.628969192504883 161499
1760010407192 10.802166938781738 161509
1760010407538 10.554545402526855 161519
1760010407888 10.495566368103027 161529
1760010408277 10.40201187133789 161539
1760010408642 10.69989013671875 161549
1760010409004 10.544456481933594 161559
1760010423612 10.614355087280273 161569
1760010423901 10.650411605834961 161579
1760010424209 10.69444751739502 161589
1760010424585 10.717718124389648 161599
1760010424954 11.22102165222168 161609
1760010425329 11.203109741210938 161619
1760010425759 11.196619033813477 161629
1760010426123 11.240151405334473 161639
1760010426486 10.68745231628418 161649
1760010426847 10.623186111450195 161659
1760010427202 10.909645080566406 161669
1760010427567 10.777769088745117 161679
1760010427972 11.154668807983398 161689
1760010428341 11.080727577209473 161699
1760010428711 11.058866500854492 161709
1760010429088 10.953290939331055 161719
1760010429460 11.126327514648438 161729
1760010429830 11.133172988891602 161739
1760010430202 11.203444480895996 161749
1760010430577 11.10118293762207 161759
1760010430947 11.057645797729492 161769
1760010431323 11.097575187683105 161779
1760010431702 10.924505233764648 161789
1760010432120 10.893203735351562 161799
1760010432495 10.860664367675781 161809
1760010432877 11.200216293334961 161819
1760010433244 11.353418350219727 161829
1760010433616 10.987655639648438 161839
1760010433966 10.811575889587402 161849
1760010434332 11.018013000488281 161859
1760010434709 11.091599464416504 161869
1760010435079 11.101097106933594 161879
1760010435457 11.005550384521484 161889
1760010435827 11.25078010559082 161899
1760010436196 11.27517318725586 161909
1760010436564 11.280935287475586 161919
1760010436929 11.145753860473633 161929
1760010437302 11.152881622314453 161939
1760010437679 11.308219909667969 161949
1760010438064 11.652666091918945 161959
1760010438441 11.198884963989258 161969
1760010438814 11.06399154663086 161979
1760010439182 11.211912155151367 161989
1760010439554 10.78525447845459 161999
1760010439935 11.074579238891602 162009
1760010440288 11.229418754577637 162019
1760010440645 11.016799926757812 162029
1760010441000 10.534204483032227 162039
1760010441352 11.011985778808594 162049
1760010441721 10.851933479309082 162059
1760010442078 10.998620986938477 162069
1760010442436 10.929876327514648 162079
1760010442798 11.256036758422852 162089
1760010443160 11.42027473449707 162099
1760010443519 11.046836853027344 162109
1760010443880 11.00384521484375 162119
1760010444239 11.1943359375 162129
1760010444596 10.941122055053711 162139
1760010444962 10.987592697143555 162149
1760010445339 10.746017456054688 162159
1760010445698 10.992321014404297 162169
1760010446054 11.277873992919922 162179
1760010446421 11.193337440490723 162189
1760010446781 10.821174621582031 162199
1760010447136 10.93545150756836 162209
1760010447500 10.948318481445312 162219
1760010447869 11.083442687988281 162229
1760010448233 10.93355655670166 162239
1760010448610 10.925203323364258 162249
1760010448984 10.828483581542969 162259
1760010449348 11.218392372131348 162269
1760010449711 10.912088394165039 162279
1760010450076 10.737044334411621 162289
1760010450452 10.903505325317383 162299
1760010450827 10.723230361938477 162309
1760010451197 11.204242706298828 162319
1760010451560 10.97955322265625 162329
1760010451913 11.143165588378906 162339
1760010452266 11.066173553466797 162349
1760010452617 11.181900024414062 162359
1760010452986 10.972123146057129 162369
1760010453378 10.903844833374023 162379
1760010453774 10.837125778198242 162389
1760010454165 11.025277137756348 162399
1760010454540 11.004112243652344 162409
1760010454914 11.108348846435547 162419
1760010455303 10.856088638305664 162429
1760010455694 10.859225273132324 162439
1760010456062 10.974199295043945 162449
1760010456424 10.875633239746094 162459
1760010456792 10.982586860656738 162469
1760010457153 11.08067798614502 162479
1760010457522 11.089593887329102 162489
1760010457896 10.93395709991455 162499
1760010458246 10.57913589477539 162509
1760010458607 11.057378768920898 162519
1760010458956 10.94981575012207 162529
1760010459303 10.68011474609375 162539
1760010459651 11.22978401184082 162549
1760010460006 10.925832748413086 162559
1760010460356 10.855386734008789 162569
1760010460705 10.829428672790527 162579
1760010461060 11.071256637573242 162589
1760010461416 10.834009170532227 162599
1760010461765 11.005244255065918 162609
1760010462131 11.04604721069336 162619
1760010462489 10.967050552368164 162629
1760010462843 10.911931037902832 162639
1760010463205 11.099164962768555 162649
1760010463560 10.851828575134277 162659
1760010463911 11.065217018127441 162669
1760010464262 10.862998962402344 162679
1760010464624 11.218742370605469 162689
1760010464983 10.743436813354492 162699
1760010465336 10.682994842529297 162709
1760010465689 10.89778995513916 162719
1760010466041 11.274099349975586 162729
1760010466396 10.80629825592041 162739
1760010466751 10.965505599975586 162749
1760010467121 10.966060638427734 162759
1760010467478 10.945001602172852 162769
1760010467837 10.743795394897461 162779
1760010468243 11.10072135925293 162789
1760010468649 10.624232292175293 162799
1760010469041 10.937468528747559 162809
1760010469415 10.81885051727295 162819
1760010469791 10.800457954406738 162829
1760010470169 10.713296890258789 162839
1760010470541 10.618127822875977 162849
1760010470920 10.932446479797363 162859
1760010471299 10.60516357421875 162869
1760010471668 10.96804428100586 162879
1760010472028 10.72615909576416 162889
1760010472389 10.822078704833984 162899
1760010472748 10.810708999633789 162909
1760010473104 10.850584030151367 162919
1760010473461 10.774629592895508 162929
1760010473811 10.908885955810547 162939
1760010474166 10.646678924560547 162949
1760010474526 11.06598949432373 162959
1760010474875 10.76336669921875 162969
1760010475222 10.714852333068848 162979
1760010475581 10.89261245727539 162989
1760010475932 10.823598861694336 162999
1760010476283 10.646681785583496 163009
1760010476631 10.839770317077637 163019
1760010476996 10.766298294067383 163029
1760010477377 10.702266693115234 163039
1760010477740 10.710151672363281 163049
1760010478099 10.950615882873535 163059
1760010478465 10.546306610107422 163069
1760010478828 10.705178260803223 163079
1760010479200 10.599623680114746 163089
1760010479568 10.727630615234375 163099
1760010479936 10.7073974609375 163109
1760010480311 10.804380416870117 163119
1760010480744 10.764573097229004 163129
1760010481182 10.795428276062012 163139
1760010481565 10.963838577270508 163149
1760010481953 10.485225677490234 163159
1760010482326 10.827632904052734 163169
1760010482735 10.878569602966309 163179
1760010483147 10.656427383422852 163189
1760010483520 10.700502395629883 163199
1760010483896 11.100778579711914 163209
1760010484281 10.6962890625 163219
1760010484668 10.902451515197754 163229
1760010485048 10.795719146728516 163239
1760010485433 11.042940139770508 163249
1760010485793 10.773940086364746 163259
1760010486154 10.673457145690918 163269
1760010486495 10.848804473876953 163279
1760010486849 10.892913818359375 163289
1760010487208 10.687742233276367 163299
1760010487569 10.455778121948242 163309
1760010487926 10.40174674987793 163319
1760010488283 10.956101417541504 163329
1760010488653 10.834166526794434 163339
1760010489023 10.529633522033691 163349
1760010489396 10.889432907104492 163359
1760010489769 10.632084846496582 163369
1760010490146 10.639171600341797 163379
1760010490500 10.581289291381836 163389
1760010490848 10.727851867675781 163399
1760010491192 10.701221466064453 163409
1760010491547 10.588754653930664 163419
1760010491901 10.538644790649414 163429
1760010492256 10.31699275970459 163439
1760010492608 10.604657173156738 163449
1760010492980 10.569217681884766 163459
1760010493351 10.726411819458008 163469
1760010493724 10.576655387878418 163479
1760010494089 10.82370376586914 163489
1760010494442 10.688447952270508 163499
1760010494801 10.706740379333496 163509
1760010495166 10.539986610412598 163519
1760010495529 10.613525390625 163529
1760010495906 10.766250610351562 163539
1760010496277 10.653871536254883 163549
1760010496648 10.890785217285156 163559
1760010497020 10.704765319824219 163569
1760010497396 10.613962173461914 163579
1760010497771 10.914584159851074 163589
1760010498154 10.543289184570312 163599
1760010498529 10.78602123260498 163609
1760010498898 10.649385452270508 163619
1760010499276 11.303729057312012 163629
1760010499637 10.885136604309082 163639
1760010500025 10.973054885864258 163649
1760010500392 11.307975769042969 163659
1760010500758 11.492352485656738 163669
1760010501118 11.146400451660156 163679
1760010501492 11.072854995727539 163689
1760010501877 11.178389549255371 163699
1760010502248 11.208974838256836 163709
1760010502612 11.04542350769043 163719
1760010502990 11.218578338623047 163729
1760010503358 11.130420684814453 163739
1760010503727 11.076936721801758 163749
1760010504096 11.379465103149414 163759
1760010504477 11.13831615447998 163769
1760010504849 11.19979476928711 163779
1760010505216 11.102567672729492 163789
1760010505582 11.283344268798828 163799
1760010505951 10.995126724243164 163809
1760010506323 10.885953903198242 163819
1760010506702 11.044544219970703 163829
1760010507073 10.99245834350586 163839
1760010507445 10.903454780578613 163849
1760010507815 11.047313690185547 163859
1760010508186 11.07516860961914 163869
1760010508574 11.063379287719727 163879
1760010508993 11.008519172668457 163889
1760010509407 10.772173881530762 163899
1760010509857 11.209144592285156 163909
1760010510259 11.021717071533203 163919
1760010510643 10.963899612426758 163929
1760010511010 11.336777687072754 163939
1760010511420 10.968561172485352 163949
1760010511817 10.976787567138672 163959
1760010512200 10.949392318725586 163969
1760010512609 11.220505714416504 163979
1760010513020 10.900291442871094 163989
1760010513424 11.203775405883789 163999
1760010513806 10.95950984954834 164009
1760010514171 11.032200813293457 164019
1760010514537 11.082552909851074 164029
1760010514917 11.155305862426758 164039
1760010515286 11.00767993927002 164049
1760010515653 11.029974937438965 164059
1760010516021 11.332249641418457 164069
1760010516389 11.008590698242188 164079
1760010516760 11.107332229614258 164089
1760010517124 11.075309753417969 164099
1760010517483 10.964043617248535 164109
1760010517847 10.89382553100586 164119
1760010518218 11.173307418823242 164129
1760010518587 11.263874053955078 164139
1760010518975 11.011224746704102 164149
1760010519352 10.879413604736328 164159
1760010519724 11.068439483642578 164169
1760010520096 11.311125755310059 164179
1760010520471 10.987226486206055 164189
1760010520845 11.063413619995117 164199
1760010521222 10.776508331298828 164209
1760010521602 10.808177947998047 164219
1760010521989 10.931502342224121 164229
1760010522373 10.885464668273926 164239
1760010522803 10.614925384521484 164249
1760010523192 11.113292694091797 164259
1760010523565 11.120718955993652 164269
1760010523944 10.966651916503906 164279
1760010524325 11.141176223754883 164289
1760010524697 10.849393844604492 164299
1760010525077 10.845849990844727 164309
1760010525460 10.857320785522461 164319
1760010525839 11.053691864013672 164329
1760010526216 11.124530792236328 164339
1760010526596 10.815496444702148 164349
1760010526974 11.097238540649414 164359
1760010527351 10.808984756469727 164369
1760010527724 10.802326202392578 164379
1760010528089 11.004085540771484 164389
1760010528461 10.681221008300781 164399
1760010528841 10.760907173156738 164409
1760010529208 11.284405708312988 164419
1760010529577 11.025209426879883 164429
1760010529945 11.20433521270752 164439
1760010530327 11.282939910888672 164449
1760010530708 10.856599807739258 164459
1760010531071 11.236936569213867 164469
1760010531426 11.013463973999023 164479
1760010531796 10.939397811889648 164489
1760010532159 11.007596969604492 164499
1760010532531 11.016303062438965 164509
1760010532894 11.134366989135742 164519
1760010533279 10.919756889343262 164529
1760010533668 10.69018268585205 164539
1760010534034 11.215191841125488 164549
1760010534393 11.309831619262695 164559
1760010534771 10.74990463256836 164569
1760010535151 11.11140251159668 164579
1760010535518 10.880925178527832 164589
1760010535885 11.091166496276855 164599
1760010536251 10.967308044433594 164609
1760010536620 10.897089004516602 164619
1760010537002 10.893192291259766 164629
1760010537379 10.880670547485352 164639
1760010537772 11.012027740478516 164649
1760010538192 10.86635971069336 164659
1760010538621 11.010589599609375 164669
1760010539081 10.850252151489258 164679
1760010539496 10.817652702331543 164689
1760010539874 10.808752059936523 164699
1760010540297 10.62656021118164 164709
1760010540701 11.051060676574707 164719
1760010541097 11.198848724365234 164729
1760010541495 10.927458763122559 164739
1760010541909 11.049226760864258 164749
1760010542281 10.776834487915039 164759
1760010542654 10.691719055175781 164769
1760010543042 10.973304748535156 164779
1760010543443 11.029692649841309 164789
1760010543844 10.981596946716309 164799
1760010544236 11.071054458618164 164809
1760010544627 10.719480514526367 164819
1760010545012 10.836604118347168 164829
1760010545394 10.771121978759766 164839
1760010545800 10.701120376586914 164849
1760010546222 10.852495193481445 164859
1760010546697 10.89620304107666 164869
1760010547085 10.95002555847168 164879
1760010547529 10.717734336853027 164889
1760010547927 11.077163696289062 164899
1760010548351 10.922463417053223 164909
1760010548750 10.906278610229492 164919
1760010549160 10.765769958496094 164929
1760010549527 10.773384094238281 164939
1760010549902 10.887781143188477 164949
1760010550270 11.257524490356445 164959
1760010550642 10.736305236816406 164969
1760010551017 10.584214210510254 164979
1760010551399 10.876705169677734 164989
1760010551785 10.910564422607422 164999
1760010552164 10.414833068847656 165009
1760010552540 10.88687515258789 165019
1760010552913 10.73178482055664 165029
1760010553296 10.6552095413208 165039
1760010553689 10.924760818481445 165049
1760010554069 10.985238075256348 165059
1760010554455 10.596179008483887 165069
1760010554833 10.753870010375977 165079
1760010555211 10.69314193725586 165089
1760010555591 10.910958290100098 165099
1760010555979 10.611303329467773 165109
1760010556367 10.712475776672363 165119
1760010556754 11.108691215515137 165129
1760010557139 10.685283660888672 165139
1760010557521 10.745403289794922 165149
1760010557902 10.866815567016602 165159
1760010558288 10.818273544311523 165169
1760010558684 10.716205596923828 165179
1760010559066 10.903635025024414 165189
1760010559452 11.005769729614258 165199
1760010559831 10.871782302856445 165209
1760010560210 10.64340877532959 165219
1760010560592 10.736175537109375 165229
1760010560978 10.833030700683594 165239
1760010561360 10.737005233764648 165249
1760010561747 10.585111618041992 165259
1760010562127 10.738871574401855 165269
1760010562502 10.809062957763672 165279
1760010562876 10.682863235473633 165289
1760010563250 10.454278945922852 165299
1760010563620 10.815988540649414 165309
1760010563994 11.01226806640625 165319
1760010564365 10.404226303100586 165329
1760010564733 10.708776473999023 165339
1760010565094 10.89857006072998 165349
1760010565454 10.683723449707031 165359
1760010565824 10.693458557128906 165369
1760010566190 10.810853958129883 165379
1760010566556 10.963152885437012 165389
1760010566921 10.895086288452148 165399
1760010567284 10.799301147460938 165409
1760010567645 10.775169372558594 165419
1760010568013 10.916183471679688 165429
1760010568383 10.906982421875 165439
1760010568749 10.85599422454834 165449
1760010569124 10.848633766174316 165459
1760010569500 10.688461303710938 165469
1760010570348 10.511215209960938 165479
1760010570711 10.910205841064453 165489
1760010571075 10.553056716918945 165499
1760010571470 10.824531555175781 165509
1760010571850 10.824254035949707 165519
1760010572228 10.808965682983398 165529
1760010572610 10.64000129699707 165539
1760010573016 10.510611534118652 165549
1760010573444 10.453350067138672 165559
1760010573887 10.69090461730957 165569
1760010574339 10.741456985473633 165579
1760010574784 10.648341178894043 165589
1760010637032 10.514603614807129 165599
1760010637394 10.724431991577148 165609
1760010637857 10.555594444274902 165619
1760010638317 10.902433395385742 165629
1760010638772 10.66769790649414 165639
1760010639227 11.447687149047852 165649
1760010639674 11.210343360900879 165659
1760010640212 11.19089126586914 165669
1760010640684 10.980746269226074 165679
1760010641154 11.089143753051758 165689
1760010641572 10.793352127075195 165699
1760010641988 11.006460189819336 165709
1760010642436 10.729299545288086 165719
1760010642866 10.889395713806152 165729
1760010643249 10.997564315795898 165739
1760010643648 11.002690315246582 165749
1760010644090 11.015680313110352 165759
1760010644605 11.10029411315918 165769
1760010645105 10.95376968383789 165779
1760010645527 11.181365966796875 165789
1760010645955 11.27021598815918 165799
1760010646451 11.168960571289062 165809
1760010646938 10.7711181640625 165819
1760010647325 11.155726432800293 165829
1760010647851 11.181954383850098 165839
1760010648342 10.88137435913086 165849
1760010648801 10.733163833618164 165859
1760010649243 10.969324111938477 165869
1760010649686 11.023991584777832 165879
1760010650094 11.233251571655273 165889
1760010650482 11.10132122039795 165899
1760010650851 11.032663345336914 165909
1760010651233 11.158538818359375 165919
1760010651610 11.056928634643555 165929
1760010651972 10.896187782287598 165939
1760010652334 11.135563850402832 165949
1760010652707 10.791877746582031 165959
1760010653086 11.095185279846191 165969
1760010653472 11.255825996398926 165979
1760010653856 11.297017097473145 165989
1760010654233 10.822380065917969 165999
1760010654618 11.06291389465332 166009
1760010654997 10.650705337524414 166019
1760010655380 11.279045104980469 166029
1760010655760 10.955597877502441 166039
1760010656139 10.867136001586914 166049
1760010656510 10.90756607055664 166059
1760010656885 10.847228050231934 166069
1760010657254 11.169198989868164 166079
1760010657625 10.819625854492188 166089
1760010657997 10.869032859802246 166099
1760010658377 11.05333423614502 166109
1760010658747 11.011326789855957 166119
1760010659121 10.904438972473145 166129
1760010659495 11.106653213500977 166139
1760010659870 11.009895324707031 166149
1760010660246 10.98729133605957 166159
1760010660621 11.043275833129883 166169
1760010661003 11.098855972290039 166179
1760010661380 10.873420715332031 166189
1760010661756 10.940879821777344 166199
1760010662132 11.028315544128418 166209
1760010662506 10.998469352722168 166219
1760010662880 10.75964641571045 166229
1760010663259 10.685222625732422 166239
1760010663632 11.077544212341309 166249
1760010664006 11.030364990234375 166259
1760010664369 11.188921928405762 166269
1760010664733 11.240893363952637 166279
1760010665095 11.264579772949219 166289
1760010665461 10.972275733947754 166299
1760010665825 11.031408309936523 166309
1760010666190 10.899633407592773 166319
1760010666553 11.051179885864258 166329
1760010666913 11.011453628540039 166339
1760010667277 10.838143348693848 166349
1760010667647 10.882320404052734 166359
1760010668025 10.760343551635742 166369
1760010668399 10.90468978881836 166379
1760010668770 10.995994567871094 166389
1760010669137 10.866828918457031 166399
1760010669502 10.939092636108398 166409
1760010669867 11.192755699157715 166419
1760010670238 10.998316764831543 166429
1760010670616 10.761497497558594 166439
1760010670996 11.039897918701172 166449
1760010671375 10.907746315002441 166459
1760010671757 10.902955055236816 166469
1760010672132 10.954753875732422 166479
1760010672503 11.08010482788086 166489
1760010672886 10.965898513793945 166499
1760010673292 10.928081512451172 166509
1760010673685 10.985363960266113 166519
1760010674083 11.09672737121582 166529
1760010674471 10.889366149902344 166539
1760010674869 11.171772003173828 166549
1760010675262 10.906878471374512 166559
1760010675678 10.913993835449219 166569
1760010676138 10.90761661529541 166579
1760010676627 11.008467674255371 166589
1760010677039 11.016000747680664 166599
1760010677430 11.052285194396973 166609
1760010677743 11.298178672790527 166619
1760010678036 10.742463111877441 166629
1760010678335 10.795156478881836 166639
1760010678633 10.741586685180664 166649
1760010678939 10.840383529663086 166659
1760010679310 10.853872299194336 166669
1760010679630 10.771799087524414 166679
1760010680032 10.842323303222656 166689
1760010680389 11.02792739868164 166699
1760010680794 11.043096542358398 166709
1760010681220 10.754188537597656 166719
1760010681627 11.062820434570312 166729
1760010682031 10.850040435791016 166739
1760010682469 10.672572135925293 166749
1760010682907 10.824289321899414 166759
1760010683361 10.96115493774414 166769
1760010683833 10.81257438659668 166779
1760010684324 10.834871292114258 166789
1760010684759 11.033748626708984 166799
1760010685208 10.482181549072266 166809
1760010685753 11.1754732131958 166819
1760010686181 10.86491870880127 166829
1760010686575 11.075756072998047 166839
1760010687024 10.63597297668457 166849
1760010687439 10.846795082092285 166859
1760010687875 10.665124893188477 166869
1760010688331 10.712467193603516 166879
1760010688769 10.873584747314453 166889
1760010689225 10.871381759643555 166899
1760010689658 10.759952545166016 166909
1760010690095 11.105907440185547 166919
1760010690512 10.928362846374512 166929
1760010690929 10.96432876586914 166939
1760010691350 10.668540954589844 166949
1760010691762 11.031744956970215 166959
1760010692195 10.710485458374023 166969
1760010692625 10.783013343811035 166979
1760010693039 10.740944862365723 166989
1760010693452 10.682781219482422 166999
1760010693871 11.107765197753906 167009
1760010694288 10.990570068359375 167019
1760010694691 10.994516372680664 167029
1760010695077 10.628406524658203 167039
1760010695496 10.879443168640137 167049
1760010695895 11.026262283325195 167059
1760010696420 10.74247932434082 167069
1760010696927 10.593612670898438 167079
1760010697429 10.761438369750977 167089
1760010697864 10.735607147216797 167099
1760010698331 10.874290466308594 167109
1760010698863 10.800460815429688 167119
1760010699321 10.924688339233398 167129
1760010699694 10.493919372558594 167139
1760010700017 10.762738227844238 167149
1760010700408 10.7685546875 167159
1760010700878 11.003453254699707 167169
1760010701286 10.494492530822754 167179
1760010701680 11.005342483520508 167189
1760010702117 10.882976531982422 167199
1760010702574 10.957208633422852 167209
1760010703025 10.878392219543457 167219
1760010703482 10.290538787841797 167229
1760010703907 10.623817443847656 167239
1760010704332 10.413824081420898 167249
1760010704734 11.105828285217285 167259
1760010705118 10.526947021484375 167269
1760010705496 10.6206693649292 167279
1760010705920 10.667612075805664 167289
1760010706338 10.674893379211426 167299
1760010706698 10.985186576843262 167309
1760010707091 10.809122085571289 167319
1760010707464 10.595359802246094 167329
1760010707754 10.863763809204102 167339
1760010708109 10.96219253540039 167349
1760010708525 10.571001052856445 167359
1760010708945 10.388190269470215 167369
1760010709342 11.043241500854492 167379
1760010709768 10.629105567932129 167389
1760010710180 10.793895721435547 167399
1760010710569 10.464471817016602 167409
1760010710974 10.641534805297852 167419
1760010711368 10.990673065185547 167429
1760010711752 10.538366317749023 167439
1760010712138 10.66698932647705 167449
1760010712539 10.4735746383667 167459
1760010712910 10.88572883605957 167469
1760010713298 10.836334228515625 167479
1760010713672 10.659856796264648 167489
1760010714072 10.710071563720703 167499
1760010714460 10.737680435180664 167509
1760010714857 10.523996353149414 167519
1760010715257 10.398124694824219 167529
1760010715674 10.719608306884766 167539
1760010716143 10.56031608581543 167549
1760010716557 10.482349395751953 167559
1760010716929 10.450180053710938 167569
1760010717292 10.714832305908203 167579
1760010717704 10.688873291015625 167589
1760010718126 10.655198097229004 167599
1760010718572 10.677207946777344 167609
1760010718984 10.804200172424316 167619
1760010719400 10.591302871704102 167629
1760010719816 10.886322021484375 167639
1760010720237 10.84741497039795 167649
1760010720645 10.830653190612793 167659
1760010721052 11.503265380859375 167669
1760010721437 11.195168495178223 167679
1760010721816 10.909551620483398 167689
1760010722214 10.850446701049805 167699
1760010722603 10.931309700012207 167709
1760010723012 10.89831829071045 167719
1760010723389 11.080426216125488 167729
1760010723780 10.895273208618164 167739
1760010724172 10.915513038635254 167749
1760010724592 11.299504280090332 167759
1760010725049 11.2364501953125 167769
1760010725442 11.090801239013672 167779
1760010725865 11.173553466796875 167789
1760010726253 11.487075805664062 167799
1760010726638 10.7846040725708 167809
1760010727015 11.135093688964844 167819
1760010727437 11.149471282958984 167829
1760010727881 10.821681022644043 167839
1760010728339 11.23458194732666 167849
1760010728822 11.086990356445312 167859
1760010729234 10.971456527709961 167869
1760010729664 11.194513320922852 167879
1760010730105 11.2260103225708 167889
1760010730487 10.773357391357422 167899
1760010730885 10.927988052368164 167909
1760010731338 11.036247253417969 167919
1760010731783 11.117902755737305 167929
1760010732226 11.224971771240234 167939
1760010732667 11.351542472839355 167949
1760010733086 11.095952987670898 167959
1760010733525 10.930490493774414 167969
1760010733955 10.817705154418945 167979
1760010734367 10.946449279785156 167989
1760010734798 11.113683700561523 167999
1760010735192 11.1216459274292 168009
1760010735591 10.973716735839844 168019
1760010735987 10.871377944946289 168029
1760010736409 11.02463436126709 168039
1760010736740 10.766801834106445 168049
1760010737142 10.760149002075195 168059
1760010737573 10.913703918457031 168069
1760010738011 10.960030555725098 168079
1760010738372 11.255132675170898 168089
1760010738808 10.9398832321167 168099
1760010739310 10.99840259552002 168109
1760010739769 11.043310165405273 168119
1760010740163 11.150713920593262 168129
1760010740669 11.000986099243164 168139
1760010741257 10.862003326416016 168149
1760010741741 10.905887603759766 168159
1760010742262 10.939830780029297 168169
1760010742750 10.893365859985352 168179
1760010743344 10.941427230834961 168189
1760010743879 11.235780715942383 168199
1760010744321 10.926444053649902 168209
1760010744743 11.09817123413086 168219
1760010745147 10.99333667755127 168229
1760010745507 11.141921043395996 168239
1760010745872 10.751171112060547 168249
1760010746240 10.96583366394043 168259
1760010746629 10.987238883972168 168269
1760010747009 10.80532169342041 168279
1760010747380 11.204963684082031 168289
1760010747737 10.734195709228516 168299
1760010748102 11.047709465026855 168309
1760010748464 11.087817192077637 168319
1760010748830 11.038908004760742 168329
1760010749188 10.909839630126953 168339
1760010749559 11.083198547363281 168349
1760010749926 10.882245063781738 168359
1760010750288 10.897175788879395 168369
1760010750646 11.014947891235352 168379
1760010751007 10.842443466186523 168389
1760010751371 10.723666191101074 168399
1760010751724 10.906414985656738 168409
1760010752096 11.019170761108398 168419
1760010752464 11.194547653198242 168429
1760010752825 11.18750286102295 168439
1760010753185 10.999565124511719 168449
1760010753559 10.807512283325195 168459
1760010753937 10.584732055664062 168469
1760010754316 10.855356216430664 168479
1760010754685 11.065423965454102 168489
1760010755061 10.546709060668945 168499
1760010755431 10.808320999145508 168509
1760010755798 10.758600234985352 168519
1760010756168 11.056384086608887 168529
1760010756535 10.822927474975586 168539
1760010756903 10.897686958312988 168549
1760010757273 11.150585174560547 168559
1760010757650 10.85052490234375 168569
1760010758019 10.9826021194458 168579
1760010758388 11.057340621948242 168589
1760010758755 10.734187126159668 168599
1760010759122 10.908309936523438 168609
1760010759491 11.135992050170898 168619
1760010759865 10.808968544006348 168629
1760010760234 10.946151733398438 168639
1760010760601 10.901609420776367 168649
1760010760968 11.038861274719238 168659
1760010761336 10.824844360351562 168669
1760010761710 10.874868392944336 168679
1760010762072 10.851181983947754 168689
1760010762444 10.72391128540039 168699
1760010762810 10.94719123840332 168709
1760010763178 10.979156494140625 168719
1760010763538 10.778390884399414 168729
1760010763909 10.851032257080078 168739
1760010764283 11.02058219909668 168749
1760010764651 10.741643905639648 168759
1760010765009 10.907934188842773 168769
1760010765376 10.92756462097168 168779
1760010765742 10.872703552246094 168789
1760010766108 11.000041961669922 168799
1760010766475 10.58926773071289 168809
1760010766835 10.86174201965332 168819
1760010767203 10.81233024597168 168829
1760010767569 11.0686616897583 168839
1760010767935 10.846220016479492 168849
1760010768305 11.091062545776367 168859
1760010768678 10.981558799743652 168869
1760010769045 10.491572380065918 168879
1760010769415 10.792333602905273 168889
1760010769782 11.035964012145996 168899
1760010770154 10.463370323181152 168909
1760010770536 10.865189552307129 168919
1760010770912 10.827640533447266 168929
1760010771291 10.822915077209473 168939
1760010771666 10.994312286376953 168949
1760010772045 10.713335990905762 168959
1760010772433 10.827266693115234 168969
1760010772851 11.016812324523926 168979
1760010773268 10.719649314880371 168989
1760010773679 10.837510108947754 168999
1760010774129 10.452384948730469 169009
1760010774541 10.956450462341309 169019
1760010774873 10.72780990600586 169029
1760010775186 10.634016036987305 169039
1760010775589 10.926156997680664 169049
1760010775980 10.747465133666992 169059
1760010776369 10.689906120300293 169069
1760010776804 10.585366249084473 169079
1760010777216 10.886996269226074 169089
1760010777611 10.720569610595703 169099
1760010778012 10.499940872192383 169109
1760010778445 10.696685791015625 169119
1760010778897 10.616442680358887 169129
1760010779371 10.921309471130371 169139
1760010779820 10.69846248626709 169149
1760010780279 10.776308059692383 169159
1760010780704 10.867582321166992 169169
1760010781134 10.916224479675293 169179
1760010781580 10.871147155761719 169189
1760010782005 10.805717468261719 169199
1760010782417 10.726043701171875 169209
1760010782843 10.638035774230957 169219
1760010783246 10.955812454223633 169229
1760010783650 10.881746292114258 169239
1760010784040 10.758064270019531 169249
1760010784444 10.856256484985352 169259
1760010784847 10.771276473999023 169269
1760010785249 10.968130111694336 169279
1760010785649 10.761510848999023 169289
1760010786071 10.454404830932617 169299
1760010786473 10.775760650634766 169309
1760010786953 10.753277778625488 169319
1760010787385 10.552513122558594 169329
1760010787779 10.656782150268555 169339
1760010788184 10.792635917663574 169349
1760010788619 10.711969375610352 169359
1760010789017 10.692676544189453 169369
1760010789426 10.838335037231445 169379
1760010789837 10.883295059204102 169389
1760010790283 10.921438217163086 169399
1760010790720 10.735003471374512 169409
1760010791124 10.429964065551758 169419
1760010791533 10.751029968261719 169429
1760010791950 10.771933555603027 169439
1760010792386 10.59541130065918 169449
1760010792799 11.039166450500488 169459
1760010793288 10.741317749023438 169469
1760010793728 10.85940170288086 169479
1760010794186 10.739259719848633 169489
1760010794629 10.501163482666016 169499
1760010795101 10.564922332763672 169509
1760010796055 10.914087295532227 169519
1760010796482 10.610581398010254 169529
1760010796906 10.781743049621582 169539
1760010797392 10.957186698913574 169549
1760010797870 10.47719955444336 169559
1760010798330 10.80748462677002 169569
1760010798815 10.882905960083008 169579
1760010799270 10.578248977661133 169589
1760010799713 10.923733711242676 169599
1760010800172 10.722679138183594 169609
1760010800623 10.506196975708008 169619
1760010801037 10.72053337097168 169629
1760010816438 10.590299606323242 169639
1760010816873 10.41602897644043 169649
1760010817277 10.945901870727539 169659
1760010817697 10.684070587158203 169669
1760010818090 10.739585876464844 169679
1760010818459 11.19958782196045 169689
1760010818859 11.070518493652344 169699
1760010819218 10.855731964111328 169709
1760010819575 11.263520240783691 169719
1760010819924 11.093120574951172 169729
1760010820282 11.014982223510742 169739
1760010820674 10.761409759521484 169749
1760010821047 11.086898803710938 169759
1760010821424 11.067855834960938 169769
1760010821810 10.815366744995117 169779
1760010822209 11.069803237915039 169789
1760010822605 11.040746688842773 169799
1760010823038 10.90700626373291 169809
1760010823436 10.659354209899902 169819
1760010823855 10.88245677947998 169829
1760010824271 10.750879287719727 169839
1760010824649 11.039628028869629 169849
1760010825054 10.531024932861328 169859
1760010825472 11.046728134155273 169869
1760010825905 11.23735237121582 169879
1760010826302 10.665061950683594 169889
1760010826713 11.1214599609375 169899
1760010827152 10.772157669067383 169909
1760010827582 11.216239929199219 169919
1760010827978 10.765145301818848 169929
1760010828392 11.099952697753906 169939
1760010828817 11.160377502441406 169949
1760010829265 10.989057540893555 169959
1760010829664 10.910295486450195 169969
1760010830080 11.437761306762695 169979
1760010830494 11.085190773010254 169989
1760010830937 10.918596267700195 169999
1760010831356 11.25228500366211 170009
1760010831771 11.192656517028809 170019
1760010832186 10.872455596923828 170029
1760010832576 11.24062442779541 170039
1760010832972 10.899190902709961 170049
1760010833385 11.027440071105957 170059
1760010833823 10.858348846435547 170069
1760010834246 11.222148895263672 170079
1760010834670 11.08871078491211 170089
1760010835081 11.035713195800781 170099
1760010835491 10.9862699508667 170109
1760010835918 11.320304870605469 170119
1760010836310 10.962186813354492 170129
1760010836732 10.666315078735352 170139
1760010837170 11.1065673828125 170149
1760010837574 11.38505744934082 170159
1760010838007 11.258709907531738 170169
1760010838404 10.927956581115723 170179
1760010838825 10.947855949401855 170189
1760010839231 10.658529281616211 170199
1760010839658 11.009695053100586 170209
1760010840078 11.26437759399414 170219
1760010840505 10.975395202636719 170229
1760010840955 10.926698684692383 170239
1760010841392 11.160591125488281 170249
1760010841810 10.937457084655762 170259
1760010842151 11.049142837524414 170269
1760010842573 10.901686668395996 170279
1760010842958 10.814493179321289 170289
1760010843385 11.19194221496582 170299
1760010843810 10.958505630493164 170309
1760010844255 11.021038055419922 170319
1760010844705 10.983503341674805 170329
1760010845105 10.667417526245117 170339
1760010845451 10.910871505737305 170349
1760010845827 11.083248138427734 170359
1760010846278 11.373605728149414 170369
1760010846776 11.00579833984375 170379
1760010847254 10.996187210083008 170389
1760010847734 10.904132843017578 170399
1760010848196 11.208353996276855 170409
1760010848669 10.918014526367188 170419
1760010849128 10.957612037658691 170429
1760010849588 10.693098068237305 170439
1760010850073 10.965614318847656 170449
1760010850524 10.974019050598145 170459
1760010850984 10.855627059936523 170469
1760010851500 10.968246459960938 170479
1760010851960 10.819263458251953 170489
1760010852411 10.844596862792969 170499
1760010852868 10.860811233520508 170509
1760010853342 10.907724380493164 170519
1760010853818 11.162715911865234 170529
1760010854305 10.825523376464844 170539
1760010854760 10.920263290405273 170549
1760010855215 10.861600875854492 170559
1760010855683 10.907674789428711 170569
1760010856111 10.483988761901855 170579
1760010856554 10.860614776611328 170589
1760010857051 10.67566967010498 170599
1760010857541 11.033096313476562 170609
1760010858018 10.861700057983398 170619
1760010858520 10.859336853027344 170629
1760010859035 10.841710090637207 170639
1760010859566 10.993330001831055 170649
1760010860192 10.816503524780273 170659
1760010860787 10.970584869384766 170669
1760010861267 10.943243026733398 170679
1760010861717 10.847051620483398 170689
1760010862230 11.028244018554688 170699
1760010862694 10.706108093261719 170709
1760010863176 10.658974647521973 170719
1760010863700 10.909156799316406 170729
1760010864158 10.88215160369873 170739
1760010864616 10.433832168579102 170749
1760010865013 10.677677154541016 170759
1760010865432 10.858872413635254 170769
1760010865830 11.22639274597168 170779
1760010866233 10.885781288146973 170789
1760010866629 10.911752700805664 170799
1760010867078 10.858436584472656 170809
1760010867530 10.674917221069336 170819
1760010867970 10.992152214050293 170829
1760010868443 10.712919235229492 170839
1760010868956 10.909908294677734 170849
1760010869480 11.024290084838867 170859
1760010869969 10.759611129760742 170869
1760010870422 10.960915565490723 170879
1760010870880 10.979744911193848 170889
1760010871342 10.915294647216797 170899
1760010871771 10.80820369720459 170909
1760010872242 11.079269409179688 170919
1760010872692 10.810802459716797 170929
1760010873163 10.850549697875977 170939
1760010873610 10.973335266113281 170949
1760010874061 10.647643089294434 170959
1760010874484 11.006078720092773 170969
1760010874929 10.815961837768555 170979
1760010875397 10.436013221740723 170989
1760010875863 10.835585594177246 170999
1760010876347 10.907272338867188 171009
1760010876834 10.880760192871094 171019
1760010877253 10.942991256713867 171029
1760010877691 10.740348815917969 171039
1760010878145 10.831226348876953 171049
1760010878626 11.155503273010254 171059
1760010879081 10.679484367370605 171069
1760010879578 10.801529884338379 171079
1760010880069 10.506031036376953 171089
1760010880529 10.616313934326172 171099
1760010880980 11.007279396057129 171109
1760010881484 10.532444953918457 171119
1760010881964 10.941291809082031 171129
1760010882430 10.724814414978027 171139
1760010882862 10.862931251525879 171149
1760010883337 10.776630401611328 171159
1760010883778 10.5234956741333 171169
1760010884217 10.735448837280273 171179
1760010884652 10.931497573852539 171189
1760010885072 10.772022247314453 171199
1760010885461 10.639884948730469 171209
1760010885899 10.487972259521484 171219
1760010886303 10.77164077758789 171229
1760010886759 10.468893051147461 171239
1760010887167 10.686922073364258 171249
1760010887599 10.53396987915039 171259
1760010888084 10.668980598449707 171269
1760010888548 10.923059463500977 171279
1760010889074 10.758564949035645 171289
1760010889529 10.780763626098633 171299
1760010889955 10.677983283996582 171309
1760010890394 10.825815200805664 171319
1760010890841 10.847314834594727 171329
1760010891319 10.634180068969727 171339
1760010891884 10.747968673706055 171349
1760010892397 10.433757781982422 171359
1760010892861 10.686716079711914 171369
1760010893284 10.698046684265137 171379
1760010893707 10.646638870239258 171389
1760010894138 10.779935836791992 171399
1760010894572 10.92009449005127 171409
1760010895041 10.95441722869873 171419
1760010895492 10.945595741271973 171429
1760010895907 11.016458511352539 171439
1760010896310 10.767936706542969 171449
1760010896752 10.539653778076172 171459
1760010897183 10.341262817382812 171469
1760010897637 10.623167037963867 171479
1760010898099 10.995073318481445 171489
1760010898527 11.020899772644043 171499
1760010898947 10.712601661682129 171509
1760010899374 10.52325439453125 171519
1760010899859 10.64552116394043 171529
1760010900294 10.882303237915039 171539
1760010900737 10.53915023803711 171549
1760010901180 10.87397575378418 171559
1760010901629 10.54283332824707 171569
1760010902063 10.647541999816895 171579
1760010902512 10.980070114135742 171589
1760010902949 10.763102531433105 171599
1760010903470 10.579801559448242 171609
1760010903920 10.67919635772705 171619
1760010904387 10.727621078491211 171629
1760010904797 10.494482040405273 171639
1760010905262 10.71523666381836 171649
1760010905713 10.213409423828125 171659
1760010906226 10.480611801147461 171669
1760010906724 10.933263778686523 171679
1760010907195 10.769819259643555 171689
1760010907681 10.80438232421875 171699
1760010908117 11.369772911071777 171709
1760010908605 11.490589141845703 171719
1760010909097 11.352439880371094 171729
1760010909662 11.118242263793945 171739
1760010910108 10.972763061523438 171749
1760010910578 11.447441101074219 171759
1760010911019 10.96567440032959 171769
1760010911430 11.237733840942383 171779
1760010911828 11.021708488464355 171789
1760010912283 10.976579666137695 171799
1760010912798 10.861859321594238 171809
1760010913380 11.296662330627441 171819
1760010913950 10.837783813476562 171829
1760010914561 11.232160568237305 171839
1760010915080 10.844903945922852 171849
1760010915678 10.814292907714844 171859
1760010916160 11.095266342163086 171869
1760010916577 10.804277420043945 171879
1760010916965 11.043424606323242 171889
1760010917354 11.050267219543457 171899
1760010917729 10.98835277557373 171909
1760010918101 10.850685119628906 171919
1760010918464 10.895345687866211 171929
1760010918831 10.770954132080078 171939
1760010919207 11.181963920593262 171949
1760010919577 11.175066947937012 171959
1760010919952 10.792241096496582 171969
1760010920332 10.629993438720703 171979
1760010920708 10.912168502807617 171989
1760010921075 10.837568283081055 171999
1760010921462 10.995494842529297 172009
1760010921830 11.023204803466797 172019
1760010922196 11.01791763305664 172029
1760010922570 11.18682861328125 172039
1760010922943 11.048927307128906 172049
1760010923326 11.149837493896484 172059
1760010923704 11.036380767822266 172069
1760010924070 10.726458549499512 172079
1760010924437 11.220399856567383 172089
1760010924802 11.034141540527344 172099
1760010925169 11.25660514831543 172109
1760010925542 10.840278625488281 172119
1760010925917 11.105583190917969 172129
1760010926293 11.135595321655273 172139
1760010926667 10.99820327758789 172149
1760010927029 11.024913787841797 172159
1760010927392 11.190031051635742 172169
1760010927755 10.893251419067383 172179
1760010928117 10.8316650390625 172189
1760010928482 10.873247146606445 172199
1760010928848 11.163705825805664 172209
1760010929210 10.678777694702148 172219
1760010929567 11.08556842803955 172229
1760010929927 11.229883193969727 172239
1760010930291 10.922333717346191 172249
1760010930663 11.009166717529297 172259
1760010931033 10.570991516113281 172269
1760010931402 10.960556030273438 172279
1760010931764 11.09792709350586 172289
1760010932129 10.97640609741211 172299
1760010932517 10.413064002990723 172309
1760010932904 11.038448333740234 172319
1760010933267 10.805161476135254 172329
1760010933629 10.728684425354004 172339
1760010933985 10.938668251037598 172349
1760010934343 11.111226081848145 172359
1760010934705 10.951362609863281 172369
1760010935070 10.848438262939453 172379
1760010935443 10.908849716186523 172389
1760010935808 10.7532377243042 172399
1760010936165 10.998239517211914 172409
1760010936527 11.123442649841309 172419
1760010936888 10.999979019165039 172429
1760010937262 10.866273880004883 172439
1760010937607 10.830671310424805 172449
1760010937966 11.11611557006836 172459
1760010938328 11.046716690063477 172469
1760010938683 10.953739166259766 172479
1760010939043 10.863164901733398 172489
1760010939409 10.797660827636719 172499
1760010939763 10.773799896240234 172509
1760010940114 11.106332778930664 172519
1760010940467 10.921249389648438 172529
1760010940813 10.76392936706543 172539
1760010941161 11.465554237365723 172549
1760010941513 10.809033393859863 172559
1760010941878 10.916221618652344 172569
1760010942242 11.027832984924316 172579
1760010942605 10.919721603393555 172589
1760010942957 10.746451377868652 172599
1760010943326 10.908890724182129 172609
1760010943692 10.717901229858398 172619
1760010944061 10.760332107543945 172629
1760010944436 10.959386825561523 172639
1760010944798 10.96513557434082 172649
1760010945160 10.962701797485352 172659
1760010945519 10.621707916259766 172669
1760010945878 11.044739723205566 172679
1760010946238 11.047764778137207 172689
1760010946603 10.861294746398926 172699
1760010946967 10.884702682495117 172709
1760010947333 10.940879821777344 172719
1760010947696 10.809856414794922 172729
1760010948052 10.941434860229492 172739
1760010948409 10.629180908203125 172749
1760010948775 10.523534774780273 172759
1760010949141 10.856111526489258 172769
1760010949506 10.663839340209961 172779
1760010949872 10.77619457244873 172789
1760010950235 11.026211738586426 172799
1760010950601 10.893148422241211 172809
1760010950965 10.624794006347656 172819
1760010951363 10.941957473754883 172829
1760010951778 10.824915885925293 172839
1760010952176 10.944024085998535 172849
1760010952566 10.763612747192383 172859
1760010952948 10.33027458190918 172869
1760010953339 10.75106430053711 172879
1760010953717 10.760820388793945 172889
1760010954102 10.63749885559082 172899
1760010954483 10.840137481689453 172909
1760010954868 10.815755844116211 172919
1760010955249 10.520986557006836 172929
1760010955632 10.626792907714844 172939
1760010956015 10.893291473388672 172949
1760010956402 10.865459442138672 172959
1760010956777 10.582462310791016 172969
1760010957135 10.90504264831543 172979
1760010957508 10.591136932373047 172989
1760010957879 10.807723045349121 172999
1760010958255 10.766483306884766 173009
1760010958627 10.516079902648926 173019
1760010959007 10.797386169433594 173029
1760010959381 10.738067626953125 173039
1760010959756 10.6439847946167 173049
1760010960132 10.7724609375 173059
1760010960506 10.662731170654297 173069
1760010960879 10.908918380737305 173079
1760010961259 10.68069839477539 173089
1760010961633 10.989965438842773 173099
1760010962008 10.95246696472168 173109
1760010962384 10.496185302734375 173119
1760010962760 11.00855827331543 173129
1760010963137 10.785456657409668 173139
1760010963514 10.635917663574219 173149
1760010963893 10.829158782958984 173159
1760010964261 10.724190711975098 173169
1760010964629 10.684022903442383 173179
1760010964998 10.634542465209961 173189
1760010965366 10.730754852294922 173199
1760010965739 10.535991668701172 173209
1760010966108 10.586109161376953 173219
1760010966476 10.502239227294922 173229
1760010966851 10.867157936096191 173239
1760010967225 10.646629333496094 173249
1760010967598 10.66098690032959 173259
1760010967969 10.43574047088623 173269
1760010968341 10.686606407165527 173279
1760010968713 10.953958511352539 173289
1760010969086 10.862753868103027 173299
1760010969461 10.543915748596191 173309
1760010969840 10.8616943359375 173319
1760010970206 10.856819152832031 173329
1760010970573 10.7907075881958 173339
1760010970941 10.754983901977539 173349
1760010971304 10.853256225585938 173359
1760010971658 10.459595680236816 173369
1760010972014 10.718304634094238 173379
1760010972370 10.581684112548828 173389
1760010972727 10.394584655761719 173399
1760010973088 10.869390487670898 173409
1760010973467 10.769733428955078 173419
1760010973824 10.91403865814209 173429
1760010974179 11.004036903381348 173439
1760010974532 10.736017227172852 173449
1760010974889 10.683586120605469 173459
1760010975248 10.799318313598633 173469
1760010975606 10.769708633422852 173479
1760010975964 10.667774200439453 173489
1760010976327 11.021780967712402 173499
1760010976697 10.762895584106445 173509
1760010977058 10.852034568786621 173519
1760010977419 10.593692779541016 173529
1760010977787 11.114980697631836 173539
1760010978661 10.54507064819336 173549
1760010979014 10.572957992553711 173559
1760010979364 10.597358703613281 173569
1760010979722 10.527963638305664 173579
1760010980067 10.750530242919922 173589
1760010980411 10.351016998291016 173599
1760010980757 10.405532836914062 173609
1760010981102 10.717641830444336 173619
1760010981454 10.417076110839844 173629
1760010981804 10.578319549560547 173639
1760010982150 10.669183731079102 173649
1760010982496 10.709238052368164 173659
1760010982841 10.774650573730469 173669
1760010998749 10.500401496887207 173679
1760010999121 10.678321838378906 173689
1760010999499 10.606620788574219 173699
1760010999872 10.604045867919922 173709
1760011000258 10.453843116760254 173719
1760011000622 11.620448112487793 173729
1760011001028 10.953507423400879 173739
1760011001446 11.395441055297852 173749
1760011001804 11.206998825073242 173759
1760011002169 11.226529121398926 173769
1760011002533 11.193958282470703 173779
1760011002897 11.180660247802734 173789
1760011003258 11.081697463989258 173799
1760011003622 11.02497673034668 173809
1760011003989 10.871086120605469 173819
1760011004355 10.877178192138672 173829
1760011004722 11.02652359008789 173839
1760011005088 11.227682113647461 173849
1760011005454 10.865165710449219 173859
1760011005848 10.952547073364258 173869
1760011006210 10.910832405090332 173879
1760011006574 11.09303092956543 173889
1760011006952 10.994405746459961 173899
1760011007330 11.226214408874512 173909
1760011007708 11.005578994750977 173919
1760011008088 10.889135360717773 173929
1760011008469 11.033552169799805 173939
1760011008841 11.077807426452637 173949
1760011009223 10.815689086914062 173959
1760011009601 10.660172462463379 173969
1760011009975 10.897881507873535 173979
1760011010345 11.08115005493164 173989
1760011010722 11.093762397766113 173999
1760011011079 10.965154647827148 174009
1760011011440 10.770308494567871 174019
1760011011804 10.888675689697266 174029
1760011012164 11.201318740844727 174039
1760011012523 10.940351486206055 174049
1760011012883 11.173011779785156 174059
1760011013247 10.879104614257812 174069
1760011013600 11.285371780395508 174079
1760011013963 11.017446517944336 174089
1760011014316 10.846517562866211 174099
1760011014672 11.008224487304688 174109
1760011015026 11.066333770751953 174119
1760011015384 10.954622268676758 174129
1760011015741 10.789636611938477 174139
1760011016102 10.840476989746094 174149
1760011016469 11.043525695800781 174159
1760011016831 11.089788436889648 174169
1760011017191 10.95755386352539 174179
1760011017558 10.96189022064209 174189
1760011017916 10.816669464111328 174199
1760011018278 11.201026916503906 174209
1760011018644 10.793272018432617 174219
1760011019010 11.026446342468262 174229
1760011019378 11.090597152709961 174239
1760011019740 11.081319808959961 174249
1760011020104 10.96189022064209 174259
1760011020463 10.874349594116211 174269
1760011020825 10.900867462158203 174279
1760011021182 11.380450248718262 174289
1760011021543 10.929614067077637 174299
1760011021899 10.942005157470703 174309
1760011022258 11.086329460144043 174319
1760011022616 10.900466918945312 174329
1760011022979 11.048555374145508 174339
1760011023341 10.863838195800781 174349
1760011023703 11.25510311126709 174359
1760011024065 11.002567291259766 174369
1760011024395 10.89365005493164 174379
1760011024681 10.740534782409668 174389
1760011024924 11.263967514038086 174399
1760011025136 11.000162124633789 174409
1760011025368 10.788819313049316 174419
1760011025637 10.925949096679688 174429
1760011025910 11.179572105407715 174439
1760011026211 10.975532531738281 174449
1760011026562 11.134992599487305 174459
1760011026915 10.80427360534668 174469
1760011027268 11.006292343139648 174479
1760011027619 10.930038452148438 174489
1760011027970 10.998177528381348 174499
1760011028326 10.93095874786377 174509
1760011028703 10.987443923950195 174519
1760011029073 11.005407333374023 174529
1760011029444 11.10818862915039 174539
1760011029816 10.750031471252441 174549
1760011030187 10.856769561767578 174559
1760011030557 10.809127807617188 174569
1760011030931 10.8684663772583 174579
1760011031303 10.84006118774414 174589
1760011031682 10.833698272705078 174599
1760011032056 10.836671829223633 174609
1760011032428 10.91012954711914 174619
1760011032810 10.638376235961914 174629
1760011033185 11.030258178710938 174639
1760011033559 10.665312767028809 174649
1760011033929 11.092883110046387 174659
1760011034301 11.053594589233398 174669
1760011034676 10.803506851196289 174679
1760011035057 10.97463321685791 174689
1760011035427 10.920650482177734 174699
1760011035800 10.727214813232422 174709
1760011036170 10.98220443725586 174719
1760011036550 10.759317398071289 174729
1760011036924 10.85796070098877 174739
1760011037302 10.649164199829102 174749
1760011037684 10.531124114990234 174759
1760011038065 10.674932479858398 174769
1760011038438 10.981023788452148 174779
1760011038808 11.265653610229492 174789
1760011039177 11.049757957458496 174799
1760011039547 10.860520362854004 174809
1760011039925 10.731377601623535 174819
1760011040303 10.581811904907227 174829
1760011040683 10.738471031188965 174839
1760011041055 10.819186210632324 174849
1760011041425 10.99612045288086 174859
1760011041801 10.703973770141602 174869
1760011042188 10.977151870727539 174879
1760011042565 10.754264831542969 174889
1760011042948 10.775163650512695 174899
1760011043323 10.823654174804688 174909
1760011043698 10.71760368347168 174919
1760011044073 10.821158409118652 174929
1760011044446 11.004569053649902 174939
1760011044821 10.80793571472168 174949
1760011045198 10.738554000854492 174959
1760011045566 10.848264694213867 174969
1760011045934 10.833621978759766 174979
1760011046302 10.931578636169434 174989
1760011046671 10.450719833374023 174999
1760011047043 10.793502807617188 175009
1760011047410 10.644668579101562 175019
1760011047788 10.47715950012207 175029
1760011048156 10.794660568237305 175039
1760011048528 10.788335800170898 175049
1760011048900 10.778535842895508 175059
1760011049280 10.891002655029297 175069
1760011049653 10.749998092651367 175079
1760011050035 10.850919723510742 175089
1760011050406 10.404642105102539 175099
1760011050778 10.596933364868164 175109
1760011051153 10.901138305664062 175119
1760011051527 10.951791763305664 175129
1760011051909 10.769209861755371 175139
1760011052285 10.679755210876465 175149
1760011052661 10.714435577392578 175159
1760011053042 10.53792667388916 175169
1760011053421 10.622825622558594 175179
1760011053798 10.798711776733398 175189
1760011054194 10.68631362915039 175199
1760011054566 10.815613746643066 175209
1760011054950 10.690839767456055 175219
1760011055322 10.869524955749512 175229
1760011055694 10.525075912475586 175239
1760011056065 10.754251480102539 175249
1760011056440 10.704976081848145 175259
1760011056814 10.564319610595703 175269
1760011057189 10.571155548095703 175279
1760011057562 10.484418869018555 175289
1760011057944 10.51272964477539 175299
1760011058317 10.5050048828125 175309
1760011058690 10.909021377563477 175319
1760011059069 10.797914505004883 175329
1760011059444 10.551633834838867 175339
1760011059821 10.83510971069336 175349
1760011060198 10.47461223602295 175359
1760011060571 10.818350791931152 175369
1760011060945 10.28399658203125 175379
1760011061320 11.057333946228027 175389
1760011061698 10.82374095916748 175399
1760011062086 10.780861854553223 175409
1760011062459 10.415749549865723 175419
1760011062832 10.894743919372559 175429
1760011063206 10.587421417236328 175439
1760011063585 10.825740814208984 175449
1760011063970 10.868824005126953 175459
1760011064346 10.725726127624512 175469
1760011064762 10.560383796691895 175479
1760011065161 10.782318115234375 175489
1760011065512 10.943025588989258 175499
1760011065867 10.696819305419922 175509
1760011066215 10.664785385131836 175519
1760011066564 10.5828275680542 175529
1760011066912 10.581981658935547 175539
1760011067264 10.536565780639648 175549
1760011067616 10.789961814880371 175559
1760011067979 11.02914047241211 175569
1760011068333 10.70547103881836 175579
1760011068686 10.724491119384766 175589
1760011069037 10.669567108154297 175599
1760011069405 10.975099563598633 175609
1760011069756 10.854772567749023 175619
1760011070111 10.883428573608398 175629
1760011070471 10.73749828338623 175639
1760011070831 10.871448516845703 175649
1760011071181 10.566691398620605 175659
1760011071537 10.621713638305664 175669
1760011071899 10.638914108276367 175679
1760011072257 10.679664611816406 175689
1760011072630 10.740816116333008 175699
1760011072994 10.812113761901855 175709
1760011073353 10.801868438720703 175719
1760011073710 10.48066520690918 175729
1760011074068 10.645238876342773 175739
1760011074439 11.313814163208008 175749
1760011074802 11.38835620880127 175759
1760011075163 11.037351608276367 175769
1760011075524 10.932733535766602 175779
1760011075883 10.781331062316895 175789
1760011076242 10.623897552490234 175799
1760011076609 10.980164527893066 175809
1760011076991 11.059941291809082 175819
1760011077392 11.096399307250977 175829
1760011077762 11.34735107421875 175839
1760011078138 10.734895706176758 175849
1760011078513 10.937824249267578 175859
1760011078890 11.053020477294922 175869
1760011079278 10.824119567871094 175879
1760011079658 11.05732536315918 175889
1760011080043 11.137593269348145 175899
1760011080419 11.19271183013916 175909
1760011080790 11.070890426635742 175919
1760011081164 11.273080825805664 175929
1760011081551 11.034948348999023 175939
1760011081933 11.21043586730957 175949
1760011082306 11.01669979095459 175959
1760011082689 11.064899444580078 175969
1760011083070 10.79224967956543 175979
1760011083451 10.553214073181152 175989
1760011083825 11.1781005859375 175999
1760011084192 10.947908401489258 176009
1760011084560 11.032438278198242 176019
1760011084928 11.21202278137207 176029
1760011085300 10.608474731445312 176039
1760011085680 10.930965423583984 176049
1760011086050 10.966522216796875 176059
1760011086417 11.076987266540527 176069
1760011086787 11.298824310302734 176079
1760011087154 11.009658813476562 176089
1760011087523 10.899067878723145 176099
1760011087895 11.223724365234375 176109
1760011088273 11.124914169311523 176119
1760011088641 11.118852615356445 176129
1760011089010 11.392233848571777 176139
1760011089377 10.945047378540039 176149
1760011089749 11.05264663696289 176159
1760011090120 11.126452445983887 176169
1760011090499 10.96950912475586 176179
1760011090886 10.989128112792969 176189
1760011091261 11.100651741027832 176199
1760011091641 11.218735694885254 176209
1760011092023 10.970430374145508 176219
1760011092411 10.956435203552246 176229
1760011092791 10.889593124389648 176239
1760011093167 11.150968551635742 176249
1760011093543 10.987897872924805 176259
1760011093916 10.823307037353516 176269
1760011094290 10.970662117004395 176279
1760011094649 11.044525146484375 176289
1760011095003 11.106072425842285 176299
1760011095357 10.779363632202148 176309
1760011095719 11.236860275268555 176319
1760011096083 10.769399642944336 176329
1760011096436 10.901479721069336 176339
1760011096789 10.914070129394531 176349
1760011097142 10.835142135620117 176359
1760011097499 10.862939834594727 176369
1760011097860 11.113066673278809 176379
1760011098218 11.06812858581543 176389
1760011098572 10.825237274169922 176399
1760011098931 11.236136436462402 176409
1760011099295 11.115791320800781 176419
1760011099658 10.753915786743164 176429
1760011100017 10.9237060546875 176439
1760011100367 11.037284851074219 176449
1760011100719 10.77525520324707 176459
1760011101070 11.177389144897461 176469
1760011101439 11.032352447509766 176479
1760011101809 10.924233436584473 176489
1760011102180 10.894014358520508 176499
1760011102556 11.042279243469238 176509
1760011102928 10.992509841918945 176519
1760011103303 10.95920181274414 176529
1760011103679 10.952009201049805 176539
1760011104056 10.900423049926758 176549
1760011104439 10.878324508666992 176559
1760011104815 10.922567367553711 176569
1760011105190 10.805068969726562 176579
1760011105565 10.97181224822998 176589
1760011105937 10.762887001037598 176599
1760011106308 10.61895751953125 176609
1760011106679 10.808765411376953 176619
1760011107060 10.712326049804688 176629
1760011107436 10.918193817138672 176639
1760011107808 10.820497512817383 176649
1760011108181 10.697132110595703 176659
1760011108555 11.109220504760742 176669
1760011108930 10.844022750854492 176679
1760011109309 10.838183403015137 176689
1760011109694 10.681130409240723 176699
1760011110068 11.156600952148438 176709
1760011110444 10.785788536071777 176719
1760011110816 10.933135032653809 176729
1760011111190 10.967216491699219 176739
1760011111565 11.126862525939941 176749
1760011111952 10.666450500488281 176759
1760011112325 10.598054885864258 176769
1760011112705 10.957133293151855 176779
1760011113143 10.857316970825195 176789
1760011113523 10.526606559753418 176799
1760011113888 11.108283996582031 176809
1760011114247 10.905895233154297 176819
1760011114614 10.571310997009277 176829
1760011114974 10.647414207458496 176839
1760011115339 10.668272018432617 176849
1760011115701 10.46380615234375 176859
1760011116065 10.684371948242188 176869
1760011116442 11.069358825683594 176879
1760011116815 10.849245071411133 176889
1760011117183 11.00468635559082 176899
1760011117557 10.358792304992676 176909
1760011117936 10.791067123413086 176919
1760011118319 10.756260871887207 176929
1760011118678 10.935546875 176939
1760011119051 10.73342514038086 176949
1760011119421 10.956467628479004 176959
1760011119791 10.652179718017578 176969
1760011120172 10.765588760375977 176979
1760011120546 11.034675598144531 176989
1760011120923 10.959595680236816 176999
1760011121302 10.868284225463867 177009
1760011121671 10.870050430297852 177019
1760011122040 10.921037673950195 177029
1760011122412 10.60931396484375 177039
1760011122785 10.730836868286133 177049
1760011123156 10.607037544250488 177059
1760011123533 10.755792617797852 177069
1760011123903 10.96823501586914 177079
1760011124270 10.849550247192383 177089
1760011124647 10.907628059387207 177099
1760011125024 10.5629243850708 177109
1760011125394 10.858100891113281 177119
1760011125757 10.72793960571289 177129
1760011126129 10.699714660644531 177139
1760011126505 10.748483657836914 177149
1760011126877 10.837262153625488 177159
1760011127251 10.748052597045898 177169
1760011127621 10.813888549804688 177179
1760011127993 10.957555770874023 177189
1760011128371 10.954326629638672 177199
1760011128747 10.432144165039062 177209
1760011129115 10.689218521118164 177219
1760011129488 10.90182876586914 177229
1760011129872 10.657783508300781 177239
1760011130248 10.743147850036621 177249
1760011130618 10.918103218078613 177259
1760011130998 10.381017684936523 177269
1760011131369 10.479263305664062 177279
1760011131739 10.647930145263672 177289
1760011132110 10.380492210388184 177299
1760011132485 10.671892166137695 177309
1760011132853 10.699167251586914 177319
1760011133227 10.508755683898926 177329
1760011133596 10.745701789855957 177339
1760011133966 10.689613342285156 177349
1760011134336 10.63377571105957 177359
1760011134714 10.545823097229004 177369
1760011135084 10.915212631225586 177379
1760011135456 10.338567733764648 177389
1760011135831 10.525508880615234 177399
1760011136205 10.598529815673828 177409
1760011136587 10.623021125793457 177419
1760011136963 10.534524917602539 177429
1760011137344 10.748133659362793 177439
1760011137717 10.86391544342041 177449
1760011138096 10.895356178283691 177459
1760011138480 10.847495079040527 177469
1760011138860 10.537232398986816 177479
1760011139242 10.61509895324707 177489
1760011139625 10.848688125610352 177499
1760011139999 10.520541191101074 177509
1760011140380 10.900398254394531 177519
1760011140759 10.449777603149414 177529
1760011141136 10.466156005859375 177539
1760011141520 10.713207244873047 177549
1760011141904 10.769020080566406 177559
1760011142283 10.72007942199707 177569
1760011142661 10.671066284179688 177579
1760011143533 10.601943969726562 177589
1760011143897 10.482842445373535 177599
1760011144261 10.626626014709473 177609
1760011144623 10.621288299560547 177619
1760011144985 10.536478996276855 177629
1760011145347 10.760178565979004 177639
1760011145709 10.436774253845215 177649
1760011146075 10.815994262695312 177659
1760011146441 10.651233673095703 177669
1760011146807 10.634298324584961 177679
1760011147174 10.645915985107422 177689
1760011147540 10.61524772644043 177699
1760011147908 10.918697357177734 177709
1760011163177 10.769046783447266 177719
1760011163555 10.640748977661133 177729
1760011163927 10.604375839233398 177739
1760011164303 10.68048095703125 177749
1760011164679 10.497577667236328 177759
1760011165068 10.951578140258789 177769
1760011165485 10.924857139587402 177779
1760011165838 11.02621078491211 177789
1760011166193 10.96101188659668 177799
1760011166555 10.930870056152344 177809
1760011166914 11.002370834350586 177819
1760011167270 10.859524726867676 177829
1760011167628 10.9601469039917 177839
1760011167996 11.122224807739258 177849
1760011168369 10.86180305480957 177859
1760011168735 11.035334587097168 177869
1760011169110 11.0853271484375 177879
1760011169479 10.938718795776367 177889
1760011169852 11.152019500732422 177899
1760011170227 10.977237701416016 177909
1760011170599 10.83486557006836 177919
1760011170973 11.032944679260254 177929
1760011171345 11.002552032470703 177939
1760011171711 11.165185928344727 177949
1760011172082 11.047440528869629 177959
1760011172454 10.851705551147461 177969
1760011172823 11.017691612243652 177979
1760011173195 10.667350769042969 177989
1760011173564 10.871262550354004 177999
1760011173933 11.065701484680176 178009
1760011174300 11.022456169128418 178019
1760011174671 11.085441589355469 178029
1760011175043 11.087905883789062 178039
1760011175410 11.23898696899414 178049
1760011175781 11.094778060913086 178059
1760011176149 11.05051040649414 178069
1760011176518 10.529747009277344 178079
1760011176889 10.646382331848145 178089
1760011177268 11.216707229614258 178099
1760011177642 11.077363014221191 178109
1760011178016 11.013776779174805 178119
1760011178386 11.11337661743164 178129
1760011178760 11.287158966064453 178139
1760011179131 10.791034698486328 178149
1760011179502 11.11332893371582 178159
1760011179870 11.156768798828125 178169
1760011180237 10.798789978027344 178179
1760011180604 10.915729522705078 178189
1760011180969 10.989013671875 178199
1760011181336 11.03268051147461 178209
1760011181708 10.824026107788086 178219
1760011182077 11.008723258972168 178229
1760011182442 10.919025421142578 178239
1760011182811 11.004446029663086 178249
1760011183179 10.969572067260742 178259
1760011183549 11.278825759887695 178269
1760011183920 11.150250434875488 178279
1760011184292 11.255935668945312 178289
1760011184666 10.629793167114258 178299
1760011185038 11.133258819580078 178309
1760011185410 11.033729553222656 178319
1760011185782 11.030714988708496 178329
1760011186162 10.96180248260498 178339
1760011186543 11.027820587158203 178349
1760011186930 10.641111373901367 178359
1760011187307 10.929280281066895 178369
1760011187685 10.882568359375 178379
1760011188061 10.976653099060059 178389
1760011188464 11.226518630981445 178399
1760011188839 10.869531631469727 178409
1760011189208 11.275980949401855 178419
1760011189578 11.052574157714844 178429
1760011189963 11.131450653076172 178439
1760011190328 10.793527603149414 178449
1760011190710 10.929910659790039 178459
1760011191087 10.898486137390137 178469
1760011191466 10.712167739868164 178479
1760011191836 11.095458984375 178489
1760011192209 11.071548461914062 178499
1760011192587 10.922025680541992 178509
1760011192967 10.884061813354492 178519
1760011193341 10.894639015197754 178529
1760011193724 11.005850791931152 178539
1760011194092 10.821355819702148 178549
1760011194473 10.841979026794434 178559
1760011194847 10.949889183044434 178569
1760011195231 10.67707633972168 178579
1760011195591 11.088274002075195 178589
1760011195972 11.172154426574707 178599
1760011196351 10.866289138793945 178609
1760011196739 10.501001358032227 178619
1760011197123 10.989425659179688 178629
1760011197503 10.670451164245605 178639
1760011197879 10.85234260559082 178649
1760011198253 10.882609367370605 178659
1760011198634 10.89818000793457 178669
1760011199017 10.94586181640625 178679
1760011199384 10.902077674865723 178689
1760011199747 10.941497802734375 178699
1760011200110 10.849817276000977 178709
1760011200493 10.822528839111328 178719
1760011200841 10.751771926879883 178729
1760011201201 10.579237937927246 178739
1760011201567 11.002201080322266 178749
1760011201932 10.903474807739258 178759
1760011202293 10.801000595092773 178769
1760011202664 10.587841033935547 178779
1760011203029 10.74575424194336 178789
1760011203412 10.983430862426758 178799
1760011203795 11.006197929382324 178809
1760011204167 10.693550109863281 178819
1760011204533 10.957820892333984 178829
1760011204901 10.559244155883789 178839
1760011205266 10.686796188354492 178849
1760011205639 10.925060272216797 178859
1760011206008 10.877241134643555 178869
1760011206376 10.6218900680542 178879
1760011206746 11.060615539550781 178889
1760011207113 10.630715370178223 178899
1760011207486 10.927864074707031 178909
1760011207866 11.073600769042969 178919
1760011208247 10.417764663696289 178929
1760011208610 10.544696807861328 178939
1760011208987 10.892254829406738 178949
1760011209363 10.78007698059082 178959
1760011209734 10.966869354248047 178969
1760011210105 10.711456298828125 178979
1760011210476 10.81204891204834 178989
1760011210857 10.990681648254395 178999
1760011211220 10.803484916687012 179009
1760011211588 10.71359920501709 179019
1760011211956 10.646472930908203 179029
1760011212321 10.695551872253418 179039
1760011212688 10.296659469604492 179049
1760011213080 10.829309463500977 179059
1760011213458 10.616586685180664 179069
1760011213837 10.868138313293457 179079
1760011214212 10.543353080749512 179089
1760011214587 10.727341651916504 179099
1760011214967 10.781497955322266 179109
1760011215354 10.865490913391113 179119
1760011215730 10.770296096801758 179129
1760011216098 10.601705551147461 179139
1760011216473 10.784603118896484 179149
1760011216850 10.870972633361816 179159
1760011217223 10.725740432739258 179169
1760011217604 10.946576118469238 179179
1760011217980 10.706609725952148 179189
1760011218358 10.775113105773926 179199
1760011218736 10.961690902709961 179209
1760011219112 10.785848617553711 179219
1760011219486 10.934082984924316 179229
1760011219865 10.83758544921875 179239
1760011220244 10.401214599609375 179249
1760011220621 10.970876693725586 179259
1760011220998 10.644083976745605 179269
1760011221375 10.561912536621094 179279
1760011221753 10.673259735107422 179289
1760011222136 10.658367156982422 179299
1760011222506 10.860015869140625 179309
1760011222882 10.706100463867188 179319
1760011223253 10.9300537109375 179329
1760011223622 10.728189468383789 179339
1760011223996 10.866857528686523 179349
1760011224368 10.83386516571045 179359
1760011224741 10.786691665649414 179369
1760011225117 11.104747772216797 179379
1760011225496 10.967116355895996 179389
1760011225871 10.663002014160156 179399
1760011226245 10.786998748779297 179409
1760011226628 10.977428436279297 179419
1760011227002 10.860490798950195 179429
1760011227378 10.528961181640625 179439
1760011227752 10.280547142028809 179449
1760011228156 10.37951946258545 179459
1760011228528 10.642471313476562 179469
1760011228897 10.764043807983398 179479
1760011229263 10.780308723449707 179489
1760011229629 10.671696662902832 179499
1760011229996 10.564268112182617 179509
1760011230363 10.713102340698242 179519
1760011230728 10.555679321289062 179529
1760011231096 10.480802536010742 179539
1760011231462 10.690290451049805 179549
1760011231829 10.28640079498291 179559
1760011232198 10.579071998596191 179569
1760011232574 10.322250366210938 179579
1760011232954 10.569803237915039 179589
1760011233337 10.557554244995117 179599
1760011233715 10.588253021240234 179609
1760011234094 10.67983627319336 179619
1760011234472 10.483691215515137 179629
1760011234851 10.545454025268555 179639
1760011235230 10.802216529846191 179649
1760011235606 10.493558883666992 179659
1760011235983 10.57360553741455 179669
1760011236362 10.582347869873047 179679
1760011236741 10.577249526977539 179689
1760011237111 10.741144180297852 179699
1760011237482 10.678674697875977 179709
1760011237856 10.550167083740234 179719
1760011238229 10.723993301391602 179729
1760011238606 10.43822956085205 179739
1760011238984 10.486270904541016 179749
1760011239360 10.629056930541992 179759
1760011239736 10.576761245727539 179769
1760011240122 10.451943397521973 179779
1760011240494 11.244153022766113 179789
1760011240864 11.201555252075195 179799
1760011241233 10.747684478759766 179809
1760011241608 10.918838500976562 179819
1760011241981 10.890155792236328 179829
1760011242357 11.104411125183105 179839
1760011242730 10.918289184570312 179849
1760011243105 10.782709121704102 179859
1760011243485 11.112861633300781 179869
1760011243865 11.145237922668457 179879
1760011244237 10.724713325500488 179889
1760011244615 11.214569091796875 179899
1760011244988 11.395395278930664 179909
1760011245371 10.782851219177246 179919
1760011245751 11.007438659667969 179929
1760011246123 10.86457633972168 179939
1760011246506 10.767051696777344 179949
1760011246883 11.1981782913208 179959
1760011247261 11.174439430236816 179969
1760011247636 11.129844665527344 179979
1760011248017 11.105998992919922 179989
1760011248401 11.145870208740234 179999
1760011248782 11.086799621582031 180009
1760011249156 11.212699890136719 180019
1760011249538 10.930904388427734 180029
1760011249913 11.202210426330566 180039
1760011250296 10.837553977966309 180049
1760011250677 10.806821823120117 180059
1760011251059 11.069597244262695 180069
1760011251439 10.924777030944824 180079
1760011251833 10.960482597351074 180089
1760011252213 11.001020431518555 180099
1760011252590 10.803834915161133 180109
1760011252978 10.915504455566406 180119
1760011253360 11.019797325134277 180129
1760011253743 10.938425064086914 180139
1760011254121 10.824433326721191 180149
1760011254504 10.935602188110352 180159
1760011254886 11.105499267578125 180169
1760011255276 10.674276351928711 180179
1760011255659 11.05543327331543 180189
1760011256046 10.964107513427734 180199
1760011256412 11.08871841430664 180209
1760011256781 11.019251823425293 180219
1760011257148 10.981965065002441 180229
1760011257514 11.092438697814941 180239
1760011257879 10.845369338989258 180249
1760011258247 10.852351188659668 180259
1760011258616 10.846002578735352 180269
1760011258991 11.06625747680664 180279
1760011259360 10.640434265136719 180289
1760011259737 11.21145248413086 180299
1760011260108 10.83110523223877 180309
1760011260480 10.92605972290039 180319
1760011260850 10.803318977355957 180329
1760011261220 10.448202133178711 180339
1760011261598 10.672985076904297 180349
1760011261975 10.563104629516602 180359
1760011262347 11.003534317016602 180369
1760011262717 11.003908157348633 180379
1760011263088 11.05976390838623 180389
1760011263458 10.93189811706543 180399
1760011263835 10.906116485595703 180409
1760011264206 11.240153312683105 180419
1760011264578 10.631399154663086 180429
1760011264948 11.03094482421875 180439
1760011265319 10.978255271911621 180449
1760011265688 11.13163948059082 180459
1760011266059 10.712114334106445 180469
1760011266437 11.20949649810791 180479
1760011266815 10.722799301147461 180489
1760011267187 10.70467758178711 180499
1760011267560 10.749271392822266 180509
1760011267930 10.797857284545898 180519
1760011268301 10.864490509033203 180529
1760011268699 10.970035552978516 180539
1760011269079 11.21263313293457 180549
1760011269447 10.881965637207031 180559
1760011269815 10.853036880493164 180569
1760011270187 10.824469566345215 180579
1760011270559 10.926580429077148 180589
1760011270931 11.151359558105469 180599
1760011271302 10.950233459472656 180609
1760011271678 11.076455116271973 180619
1760011272049 10.878280639648438 180629
1760011272422 10.997562408447266 180639
1760011272793 10.752767562866211 180649
1760011273173 10.708250045776367 180659
1760011273568 10.698443412780762 180669
1760011273927 10.99074649810791 180679
1760011274296 10.550167083740234 180689
1760011274666 10.674491882324219 180699
1760011275039 10.58834457397461 180709
1760011275411 10.952926635742188 180719
1760011275786 10.93685531616211 180729
1760011276156 10.779309272766113 180739
1760011276531 10.822036743164062 180749
1760011276907 10.930303573608398 180759
1760011277286 11.002991676330566 180769
1760011277665 10.970966339111328 180779
1760011278046 10.889347076416016 180789
1760011278419 10.493969917297363 180799
1760011278792 10.792512893676758 180809
1760011279165 10.818591117858887 180819
1760011279536 11.013932228088379 180829
1760011279915 10.705710411071777 180839
1760011280291 10.698616027832031 180849
1760011280670 10.664265632629395 180859
1760011281047 10.841190338134766 180869
1760011281422 10.606271743774414 180879
1760011281798 11.180683135986328 180889
1760011282174 10.632204055786133 180899
1760011282551 10.719701766967773 180909
1760011282932 10.807743072509766 180919
1760011283310 10.588726043701172 180929
1760011283685 10.69003677368164 180939
1760011284062 11.153905868530273 180949
1760011284439 10.622203826904297 180959
1760011284817 11.164113998413086 180969
1760011285204 10.648865699768066 180979
1760011285757 10.88843822479248 180989
1760011286133 10.738763809204102 180999
1760011286514 10.869010925292969 181009
1760011286882 10.919608116149902 181019
1760011287238 10.697456359863281 181029
1760011287593 10.825021743774414 181039
1760011287965 10.709029197692871 181049
1760011288329 10.948999404907227 181059
1760011288694 10.707128524780273 181069
1760011289061 10.715463638305664 181079
1760011289424 10.663012504577637 181089
1760011289781 10.773326873779297 181099
1760011290147 10.63033676147461 181109
1760011290504 10.546636581420898 181119
1760011290863 10.808629035949707 181129
1760011291220 10.873245239257812 181139
1760011291585 10.805828094482422 181149
1760011291946 10.971046447753906 181159
1760011292307 10.738590240478516 181169
1760011292674 10.595349311828613 181179
1760011293037 10.786558151245117 181189
1760011293398 10.607117652893066 181199
1760011293759 11.019243240356445 181209
1760011294124 10.629678726196289 181219
1760011294488 10.739084243774414 181229
1760011294859 10.880430221557617 181239
1760011295217 10.772237777709961 181249
1760011295572 10.671159744262695 181259
1760011295930 10.71666431427002 181269
1760011296289 10.768614768981934 181279
1760011296645 10.546525955200195 181289
1760011297010 10.755603790283203 181299
1760011297382 10.709673881530762 181309
1760011297747 10.63015365600586 181319
1760011298112 10.82304573059082 181329
1760011298471 10.811553955078125 181339
1760011298838 10.699874877929688 181349
1760011299194 10.583322525024414 181359
1760011299551 10.596484184265137 181369
1760011299909 10.793340682983398 181379
1760011300266 10.950262069702148 181389
1760011300623 10.807987213134766 181399
1760011300982 10.746587753295898 181409
1760011301340 10.791109085083008 181419
1760011301703 10.831535339355469 181429
1760011302072 10.486244201660156 181439
1760011302443 10.988304138183594 181449
1760011302810 10.643189430236816 181459
1760011303171 10.58320140838623 181469
1760011303528 10.405572891235352 181479
1760011303885 10.785400390625 181489
1760011304250 10.561929702758789 181499
1760011304614 10.747848510742188 181509
1760011304973 10.790689468383789 181519
1760011305329 10.403847694396973 181529
1760011305687 10.740478515625 181539
1760011306043 10.495748519897461 181549
1760011306413 10.568131446838379 181559
1760011306766 10.797001838684082 181569
1760011307136 10.534523010253906 181579
1760011307490 10.771284103393555 181589
1760011307849 10.721963882446289 181599
1760011308205 10.823301315307617 181609
1760011308563 10.615653038024902 181619
1760011309412 10.482278823852539 181629
1760011309767 10.591508865356445 181639
1760011310120 10.746892929077148 181649
1760011310474 10.535606384277344 181659
1760011310827 10.712682723999023 181669
1760011311182 10.672184944152832 181679
1760011311537 10.350237846374512 181689
1760011311890 10.590087890625 181699
1760011312243 10.805852890014648 181709
1760011312594 10.543769836425781 181719
1760011312947 10.425453186035156 181729
1760011313299 10.581452369689941 181739
1760011313653 10.50710678100586 181749
1760011331150 10.623211860656738 181759
1760011331508 10.495887756347656 181769
1760011331876 10.6185302734375 181779
1760011332239 10.5354642868042 181789
1760011332599 10.568694114685059 181799
1760011332967 10.882664680480957 181809
1760011333338 11.25284481048584 181819
1760011333685 10.90953254699707 181829
1760011334064 11.004666328430176 181839
1760011334449 10.971832275390625 181849
1760011334825 11.026752471923828 181859
1760011335179 11.128242492675781 181869
1760011335533 10.987069129943848 181879
1760011335891 11.040166854858398 181889
1760011336256 10.982906341552734 181899
1760011336620 10.93986988067627 181909
1760011336987 11.088266372680664 181919
1760011337356 10.858869552612305 181929
1760011337735 11.112980842590332 181939
1760011338109 11.037917137145996 181949
1760011338477 10.794639587402344 181959
1760011338847 10.870378494262695 181969
1760011339217 10.94334888458252 181979
1760011339588 10.892335891723633 181989
1760011339950 10.762706756591797 181999
1760011340314 10.998279571533203 182009
1760011340667 11.303133964538574 182019
1760011341020 10.755474090576172 182029
1760011341375 11.035799026489258 182039
1760011341735 10.898870468139648 182049
1760011342095 11.09273624420166 182059
1760011342484 11.076688766479492 182069
1760011342862 10.923765182495117 182079
1760011343242 11.013225555419922 182089
1760011343620 10.780365943908691 182099
1760011344004 10.946109771728516 182109
1760011344382 10.953323364257812 182119
1760011344762 11.075318336486816 182129
1760011345138 11.068303108215332 182139
1760011345517 10.753843307495117 182149
1760011345900 11.055819511413574 182159
1760011346287 11.055108070373535 182169
1760011346678 11.09407901763916 182179
1760011347057 11.095866203308105 182189
1760011347440 10.898033142089844 182199
1760011347823 10.701210021972656 182209
1760011348213 10.726520538330078 182219
1760011348597 11.148460388183594 182229
1760011348973 11.250259399414062 182239
1760011349350 10.948123931884766 182249
1760011349734 10.890033721923828 182259
1760011350113 10.820808410644531 182269
1760011350498 11.085299491882324 182279
1760011350879 10.67205810546875 182289
1760011351260 10.938863754272461 182299
1760011351649 10.67155647277832 182309
1760011352034 11.040035247802734 182319
1760011352413 11.15084457397461 182329
1760011352784 11.08494758605957 182339
1760011353158 11.097681045532227 182349
1760011353531 10.968481063842773 182359
1760011353912 10.806696891784668 182369
1760011354283 11.000829696655273 182379
1760011354657 11.176986694335938 182389
1760011355029 10.884653091430664 182399
1760011355405 10.834705352783203 182409
1760011355788 10.856106758117676 182419
1760011356177 10.945592880249023 182429
1760011356562 11.092204093933105 182439
1760011356941 10.889625549316406 182449
1760011357319 10.755507469177246 182459
1760011357699 10.888174057006836 182469
1760011358084 11.12672233581543 182479
1760011358471 10.844063758850098 182489
1760011358846 10.855369567871094 182499
1760011359212 10.732768058776855 182509
1760011359580 10.791778564453125 182519
1760011359950 10.727826118469238 182529
1760011360315 10.888664245605469 182539
1760011360678 10.693849563598633 182549
1760011361042 10.825540542602539 182559
1760011361410 11.275550842285156 182569
1760011361776 11.007587432861328 182579
1760011362145 11.003532409667969 182589
1760011362511 10.822617530822754 182599
1760011362877 10.827518463134766 182609
1760011363244 11.102677345275879 182619
1760011363610 10.893045425415039 182629
1760011363977 10.883796691894531 182639
1760011364344 10.96511173248291 182649
1760011364713 10.811187744140625 182659
1760011365080 11.010774612426758 182669
1760011365445 11.01839828491211 182679
1760011365812 10.754274368286133 182689
1760011366180 10.499849319458008 182699
1760011366554 10.746612548828125 182709
1760011366930 10.922815322875977 182719
1760011367305 10.78771686553955 182729
1760011367676 10.537140846252441 182739
1760011368046 10.96866226196289 182749
1760011368426 11.028480529785156 182759
1760011368804 10.709421157836914 182769
1760011369181 10.926438331604004 182779
1760011369557 10.82233715057373 182789
1760011369932 10.700274467468262 182799
1760011370310 10.756511688232422 182809
1760011370691 11.007911682128906 182819
1760011371071 10.872100830078125 182829
1760011371453 10.804695129394531 182839
1760011371840 10.952213287353516 182849
1760011372210 10.495838165283203 182859
1760011372580 10.841706275939941 182869
1760011372950 11.082235336303711 182879
1760011373325 10.645273208618164 182889
1760011373695 10.888750076293945 182899
1760011374066 10.671150207519531 182909
1760011374441 10.836118698120117 182919
1760011374817 10.648710250854492 182929
1760011375195 10.930732727050781 182939
1760011375572 10.982551574707031 182949
1760011375945 10.490316390991211 182959
1760011376315 10.75055980682373 182969
1760011376688 10.916687965393066 182979
1760011377062 10.607854843139648 182989
1760011377438 10.649131774902344 182999
1760011377815 10.91292667388916 183009
1760011378190 10.564947128295898 183019
1760011378566 10.368573188781738 183029
1760011378945 10.573212623596191 183039
1760011379321 11.075927734375 183049
1760011379698 10.79163932800293 183059
1760011380074 10.75800895690918 183069
1760011380449 11.095914840698242 183079
1760011380822 10.709177017211914 183089
1760011381196 10.897934913635254 183099
1760011381575 10.633428573608398 183109
1760011381958 10.751367568969727 183119
1760011382341 10.404123306274414 183129
1760011382728 10.511919021606445 183139
1760011383114 10.580747604370117 183149
1760011383501 10.519654273986816 183159
1760011383884 10.846375465393066 183169
1760011384258 10.928302764892578 183179
1760011384608 10.660053253173828 183189
1760011384961 10.793966293334961 183199
1760011385316 10.698932647705078 183209
1760011385667 10.580554962158203 183219
1760011386043 10.99496841430664 183229
1760011386422 11.056974411010742 183239
1760011386801 10.387147903442383 183249
1760011387181 10.657570838928223 183259
1760011387556 10.503044128417969 183269
1760011387929 10.650199890136719 183279
1760011388299 11.159229278564453 183289
1760011388673 10.655218124389648 183299
1760011389045 11.008157730102539 183309
1760011389416 10.784753799438477 183319
1760011389797 10.70616340637207 183329
1760011390175 10.467155456542969 183339
1760011390547 10.901171684265137 183349
1760011390924 10.614883422851562 183359
1760011391303 10.675880432128906 183369
1760011391679 10.567638397216797 183379
1760011392051 10.523149490356445 183389
1760011392431 10.585811614990234 183399
1760011392803 10.615776062011719 183409
1760011393181 10.677207946777344 183419
1760011393557 10.607145309448242 183429
1760011393930 10.616019248962402 183439
1760011394301 10.433048248291016 183449
1760011394671 10.47970199584961 183459
1760011395041 10.595907211303711 183469
1760011395411 10.62759780883789 183479
1760011395782 10.671981811523438 183489
1760011396153 10.770646095275879 183499
1760011396526 10.80774974822998 183509
1760011396897 10.671142578125 183519
1760011397268 10.454415321350098 183529
1760011397637 10.843107223510742 183539
1760011398007 10.760491371154785 183549
1760011398378 10.733248710632324 183559
1760011398749 10.600502014160156 183569
1760011399119 10.672891616821289 183579
1760011399491 10.654199600219727 183589
1760011399860 10.512822151184082 183599
1760011400232 10.741966247558594 183609
1760011400604 10.571683883666992 183619
1760011400972 10.524227142333984 183629
1760011401348 10.9678955078125 183639
1760011401717 10.754239082336426 183649
1760011402088 10.577147483825684 183659
1760011402460 10.766521453857422 183669
1760011402833 10.59588623046875 183679
1760011403205 10.424176216125488 183689
1760011403580 10.590476989746094 183699
1760011403954 10.675832748413086 183709
1760011404329 10.529200553894043 183719
1760011404709 10.475812911987305 183729
1760011405087 10.788529396057129 183739
1760011405464 10.603570938110352 183749
1760011405839 10.583331108093262 183759
1760011406218 10.702646255493164 183769
1760011406600 10.796025276184082 183779
1760011406988 10.638439178466797 183789
1760011407370 10.624616622924805 183799
1760011407752 10.692461013793945 183809
1760011408147 10.52308464050293 183819
1760011408548 10.975370407104492 183829
1760011408962 11.184144973754883 183839
1760011409360 10.719855308532715 183849
1760011409763 10.87710952758789 183859
1760011410169 11.009775161743164 183869
1760011410567 10.778064727783203 183879
1760011410940 10.993950843811035 183889
1760011411310 10.97014331817627 183899
1760011411679 11.043540000915527 183909
1760011412050 11.051015853881836 183919
1760011412418 11.355938911437988 183929
1760011412785 11.062637329101562 183939
1760011413157 11.06074333190918 183949
1760011413526 10.93685531616211 183959
1760011413897 11.160321235656738 183969
1760011414266 10.758661270141602 183979
1760011414637 10.769678115844727 183989
1760011415008 10.729663848876953 183999
1760011415413 10.940486907958984 184009
1760011415825 10.929540634155273 184019
1760011416224 10.893343925476074 184029
1760011416635 10.974713325500488 184039
1760011417012 11.044042587280273 184049
1760011417387 11.149837493896484 184059
1760011417758 10.891562461853027 184069
1760011418130 10.682212829589844 184079
1760011418502 11.1137113571167 184089
1760011418877 10.68514347076416 184099
1760011419250 11.13554573059082 184109
1760011419624 10.947559356689453 184119
1760011419995 10.707160949707031 184129
1760011420372 10.990373611450195 184139
1760011420746 11.169034957885742 184149
1760011421120 11.00685977935791 184159
1760011421503 11.086700439453125 184169
1760011421883 11.143542289733887 184179
1760011422256 10.929662704467773 184189
1760011422637 11.006338119506836 184199
1760011423027 10.661039352416992 184209
1760011423412 10.736501693725586 184219
1760011423787 10.978909492492676 184229
1760011424163 10.827427864074707 184239
1760011424541 10.77938461303711 184249
1760011424917 10.974565505981445 184259
1760011425294 10.968925476074219 184269
1760011425668 11.219316482543945 184279
1760011426048 11.166391372680664 184289
1760011426416 10.933307647705078 184299
1760011426785 10.997756958007812 184309
1760011427163 10.711136817932129 184319
1760011427534 11.138317108154297 184329
1760011427905 10.988898277282715 184339
1760011428284 10.765083312988281 184349
1760011428657 10.982654571533203 184359
1760011429027 11.136526107788086 184369
1760011429400 10.966424942016602 184379
1760011429771 10.863389015197754 184389
1760011430144 11.073162078857422 184399
1760011430527 10.887794494628906 184409
1760011430908 10.879228591918945 184419
1760011431284 10.764884948730469 184429
1760011431664 11.164761543273926 184439
1760011432053 11.142452239990234 184449
1760011432429 10.835491180419922 184459
1760011432814 10.910261154174805 184469
1760011433202 10.859577178955078 184479
1760011433584 10.983214378356934 184489
1760011433962 11.077105522155762 184499
1760011434343 10.968280792236328 184509
1760011434723 10.909975051879883 184519
1760011435097 10.752664566040039 184529
1760011435475 11.078010559082031 184539
1760011435851 10.684465408325195 184549
1760011436224 10.633255004882812 184559
1760011436606 11.18000602722168 184569
1760011436985 10.80005931854248 184579
1760011437360 10.968816757202148 184589
1760011437742 11.031942367553711 184599
1760011438122 10.925854682922363 184609
1760011438500 11.12015151977539 184619
1760011438879 10.882793426513672 184629
1760011439265 10.902948379516602 184639
1760011439643 10.753495216369629 184649
1760011440021 10.813740730285645 184659
1760011440401 10.968973159790039 184669
1760011440780 10.787517547607422 184679
1760011441158 10.767866134643555 184689
1760011441536 10.74566650390625 184699
1760011441921 11.236677169799805 184709
1760011442299 10.849306106567383 184719
1760011442674 11.092605590820312 184729
1760011443057 10.865198135375977 184739
1760011443434 11.152403831481934 184749
1760011443809 10.820320129394531 184759
1760011444193 11.041736602783203 184769
1760011444568 10.724956512451172 184779
1760011444952 10.782400131225586 184789
1760011445327 10.888668060302734 184799
1760011445706 10.725845336914062 184809
1760011446089 10.880929946899414 184819
1760011446473 10.840700149536133 184829
1760011446855 10.98196029663086 184839
1760011447233 10.79289722442627 184849
1760011447613 10.887577056884766 184859
1760011447988 10.788517951965332 184869
1760011448361 10.87187671661377 184879
1760011448734 10.727145195007324 184889
1760011449110 10.842561721801758 184899
1760011449481 10.72292709350586 184909
1760011449861 10.613890647888184 184919
1760011450241 10.876007080078125 184929
1760011450611 10.69961929321289 184939
1760011450984 11.093759536743164 184949
1760011451359 10.860126495361328 184959
1760011451734 10.850142478942871 184969
1760011452108 11.048568725585938 184979
1760011452490 11.056268692016602 184989
1760011452874 10.874807357788086 184999
1760011453263 10.827877044677734 185009
1760011453634 10.838191986083984 185019
1760011453997 10.525214195251465 185029
1760011454353 10.475443840026855 185039
1760011454706 10.751493453979492 185049
1760011455075 10.76213264465332 185059
1760011455444 10.692811965942383 185069
1760011455825 10.832303047180176 185079
1760011456200 10.540762901306152 185089
1760011456579 10.744490623474121 185099
1760011456957 10.870889663696289 185109
1760011457333 10.965211868286133 185119
1760011457713 10.6468505859375 185129
1760011458099 10.797699928283691 185139
1760011458480 10.697359085083008 185149
1760011458853 10.612695693969727 185159
1760011459226 10.659130096435547 185169
1760011459600 10.8436861038208 185179
1760011459976 10.737006187438965 185189
1760011460339 10.866525650024414 185199
1760011460707 10.605969429016113 185209
1760011461076 10.533196449279785 185219
1760011461461 10.979072570800781 185229
1760011461838 11.067455291748047 185239
1760011462212 10.678865432739258 185249
1760011462586 10.637778282165527 185259
1760011462968 10.609724044799805 185269
1760011463342 10.636334419250488 185279
1760011463720 10.903392791748047 185289
1760011464096 10.8169584274292 185299
1760011464469 10.50712776184082 185309
1760011464845 10.975273132324219 185319
1760011465223 10.69333553314209 185329
1760011465603 10.690564155578613 185339
1760011465971 10.922887802124023 185349
1760011466339 11.110795974731445 185359
1760011466718 10.906033515930176 185369
1760011467089 10.971874237060547 185379
1760011467464 10.734015464782715 185389
1760011467836 10.918545722961426 185399
1760011468208 10.763776779174805 185409
1760011468581 10.795785903930664 185419
1760011468957 10.488773345947266 185429
1760011469329 10.688020706176758 185439
1760011469701 10.351896286010742 185449
1760011470073 10.95396900177002 185459
1760011470451 10.642513275146484 185469
1760011470821 10.648399353027344 185479
1760011471193 10.650543212890625 185489
1760011471565 10.612892150878906 185499
1760011471936 10.719928741455078 185509
1760011472316 10.374198913574219 185519
1760011472687 10.935543060302734 185529
1760011473057 10.859155654907227 185539
1760011473427 10.784077644348145 185549
1760011473797 10.421669960021973 185559
1760011474165 10.526409149169922 185569
1760011474539 10.674636840820312 185579
1760011474907 10.746752738952637 185589
1760011475282 10.891887664794922 185599
1760011475650 10.521219253540039 185609
1760011476020 10.89736270904541 185619
1760011476396 10.531269073486328 185629
1760011476762 10.541820526123047 185639
1760011477133 10.780696868896484 185649
1760011477502 10.853809356689453 185659
1760011478360 10.596196174621582 185669
1760011478722 10.767620086669922 185679
1760011479083 10.503360748291016 185689
1760011479442 10.792169570922852 185699
1760011479810 10.468299865722656 185709
1760011480178 10.654685020446777 185719
1760011480544 10.825857162475586 185729
1760011480910 10.491135597229004 185739
1760011481278 10.324862480163574 185749
1760011481643 10.562908172607422 185759
1760011482009 10.496357917785645 185769
1760011482377 10.739810943603516 185779
1760011482744 10.62092399597168 185789
1760011498590 10.456609725952148 185799
1760011498938 10.68464183807373 185809
1760011499288 10.900947570800781 185819
1760011499639 10.742793083190918 185829
1760011499988 10.458359718322754 185839
1760011500351 11.425797462463379 185849
1760011500733 10.967370986938477 185859
1760011501071 10.865083694458008 185869
1760011501406 11.261781692504883 185879
1760011501750 11.023460388183594 185889
1760011502108 10.987266540527344 185899
1760011502445 11.006540298461914 185909
1760011502784 11.20219612121582 185919
1760011503131 10.801471710205078 185929
1760011503505 10.871661186218262 185939
1760011503853 10.941937446594238 185949
1760011504206 11.009329795837402 185959
1760011504554 11.131168365478516 185969
1760011504912 10.627370834350586 185979
1760011505264 10.986330032348633 185989
1760011505615 11.0534029006958 185999
1760011505963 10.971573829650879 186009
1760011506317 10.831193923950195 186019
1760011506667 10.80099868774414 186029
1760011507017 10.922403335571289 186039
1760011507375 10.844457626342773 186049
1760011507731 11.269937515258789 186059
1760011508091 10.818586349487305 186069
1760011508484 10.922126770019531 186079
1760011508837 11.012222290039062 186089
1760011509187 11.170257568359375 186099
1760011509540 10.98637580871582 186109
1760011509896 10.919296264648438 186119
1760011510254 10.830792427062988 186129
1760011510612 11.101146697998047 186139
1760011510966 11.103174209594727 186149
1760011511318 11.110334396362305 186159
1760011511675 11.139545440673828 186169
1760011512032 10.831153869628906 186179
1760011512387 10.888824462890625 186189
1760011512741 10.880777359008789 186199
1760011513097 10.926755905151367 186209
1760011513451 11.13891887664795 186219
1760011513804 10.863296508789062 186229
1760011514159 10.733046531677246 186239
1760011514515 10.755569458007812 186249
1760011514870 10.733875274658203 186259
1760011515225 10.980714797973633 186269
1760011515584 10.870782852172852 186279
1760011515940 10.917452812194824 186289
1760011516314 10.918390274047852 186299
1760011516684 10.959266662597656 186309
1760011517053 10.823295593261719 186319
1760011517425 11.069961547851562 186329
1760011517795 10.548014640808105 186339
1760011518158 10.513701438903809 186349
1760011518523 11.354146003723145 186359
1760011518897 10.999855041503906 186369
1760011519255 10.751771926879883 186379
1760011519613 10.754571914672852 186389
1760011519966 11.089075088500977 186399
1760011520366 10.719457626342773 186409
1760011520722 10.905474662780762 186419
1760011521081 11.1219482421875 186429
1760011521443 10.818502426147461 186439
1760011521809 10.568984031677246 186449
1760011522174 11.114394187927246 186459
1760011522540 10.715235710144043 186469
1760011522907 10.78550910949707 186479
1760011523279 11.080236434936523 186489
1760011523651 10.7673978805542 186499
1760011524025 10.604890823364258 186509
1760011524404 11.085996627807617 186519
1760011524787 10.826683044433594 186529
1760011525164 10.744384765625 186539
1760011525539 11.11245346069336 186549
1760011525913 10.830303192138672 186559
1760011526288 10.80567741394043 186569
1760011526670 10.566390991210938 186579
1760011527050 10.86189079284668 186589
1760011527427 10.958511352539062 186599
1760011527801 11.094482421875 186609
1760011528184 10.821662902832031 186619
1760011528561 10.77066421508789 186629
1760011528932 10.87535572052002 186639
1760011529303 10.601491928100586 186649
1760011529680 10.751898765563965 186659
1760011530051 10.975042343139648 186669
1760011530423 11.0345458984375 186679
1760011530791 10.889577865600586 186689
1760011531162 10.93906021118164 186699
1760011531545 11.326868057250977 186709
1760011531923 10.708511352539062 186719
1760011532296 10.931120872497559 186729
1760011532665 10.942255973815918 186739
1760011533051 11.079183578491211 186749
1760011533434 10.748275756835938 186759
1760011533807 11.044523239135742 186769
1760011534187 11.095766067504883 186779
1760011534569 10.972908020019531 186789
1760011534946 10.777454376220703 186799
1760011535329 10.817146301269531 186809
1760011535704 10.666727066040039 186819
1760011536090 10.827367782592773 186829
1760011536478 10.798861503601074 186839
1760011536852 10.91089153289795 186849
1760011537225 10.889490127563477 186859
1760011537598 10.958436965942383 186869
1760011537981 10.911693572998047 186879
1760011538358 10.96801471710205 186889
1760011538737 10.836538314819336 186899
1760011539114 10.47582721710205 186909
1760011539495 10.757335662841797 186919
1760011539868 10.440984725952148 186929
1760011540257 10.866329193115234 186939
1760011540636 10.774085998535156 186949
1760011541017 10.430440902709961 186959
1760011541389 10.634803771972656 186969
1760011541764 10.80664348602295 186979
1760011542139 10.744915008544922 186989
1760011542518 10.635961532592773 186999
1760011542902 10.700189590454102 187009
1760011543276 10.72685432434082 187019
1760011543652 10.959874153137207 187029
1760011544026 10.636181831359863 187039
1760011544410 10.601340293884277 187049
1760011544792 10.897909164428711 187059
1760011545178 11.06332778930664 187069
1760011545549 10.795633316040039 187079
1760011545915 10.672585487365723 187089
1760011546281 10.733113288879395 187099
1760011546657 10.756326675415039 187109
1760011547037 10.470489501953125 187119
1760011547406 10.744165420532227 187129
1760011547776 10.932607650756836 187139
1760011548133 10.313969612121582 187149
1760011548488 10.680192947387695 187159
1760011548845 10.653038024902344 187169
1760011549208 10.674025535583496 187179
1760011549559 10.666823387145996 187189
1760011549914 10.800651550292969 187199
1760011550282 10.877212524414062 187209
1760011550639 10.781352996826172 187219
1760011550997 10.820378303527832 187229
1760011551357 10.825050354003906 187239
1760011551716 10.713174819946289 187249
1760011552064 10.42633056640625 187259
1760011552416 10.505712509155273 187269
1760011552765 10.801193237304688 187279
1760011553114 10.885517120361328 187289
1760011553469 10.406702041625977 187299
1760011553820 10.756204605102539 187309
1760011554169 10.546544075012207 187319
1760011554520 10.59183120727539 187329
1760011554875 10.49278736114502 187339
1760011555219 10.81397819519043 187349
1760011555562 10.443527221679688 187359
1760011555906 10.877772331237793 187369
1760011556252 10.601093292236328 187379
1760011556604 10.697347640991211 187389
1760011556997 10.64594841003418 187399
1760011557372 10.956945419311523 187409
1760011557760 10.995187759399414 187419
1760011558162 10.56043815612793 187429
1760011558545 10.361547470092773 187439
1760011558935 10.471769332885742 187449
1760011559317 10.711638450622559 187459
1760011559699 10.67499828338623 187469
1760011560086 10.477410316467285 187479
1760011560451 10.851564407348633 187489
1760011560817 10.512946128845215 187499
1760011561187 10.509611129760742 187509
1760011561558 10.598295211791992 187519
1760011561930 10.807516098022461 187529
1760011562301 10.534065246582031 187539
1760011562673 10.671810150146484 187549
1760011563041 10.831649780273438 187559
1760011563413 10.496689796447754 187569
1760011563784 10.465627670288086 187579
1760011564157 10.663108825683594 187589
1760011564530 10.836997985839844 187599
1760011564903 10.686463356018066 187609
1760011565284 10.753252029418945 187619
1760011565657 10.535784721374512 187629
1760011566029 10.50020980834961 187639
1760011566402 10.613143920898438 187649
1760011566784 10.648599624633789 187659
1760011567160 10.33936882019043 187669
1760011567536 10.566969871520996 187679
1760011567914 10.57246208190918 187689
1760011568288 10.697341918945312 187699
1760011568672 10.610544204711914 187709
1760011569048 10.724709510803223 187719
1760011569426 10.677433967590332 187729
1760011569807 10.271648406982422 187739
1760011570188 10.538469314575195 187749
1760011570570 10.4683198928833 187759
1760011570956 10.501903533935547 187769
1760011571341 10.266149520874023 187779
1760011571725 9.993647575378418 187789
1760011572108 10.753961563110352 187799
1760011572490 10.627354621887207 187809
1760011572865 10.39898681640625 187819
1760011573243 10.634668350219727 187829
1760011573623 10.736635208129883 187839
1760011573985 10.548357009887695 187849
1760011574347 10.587121963500977 187859
1760011574709 10.962051391601562 187869
1760011575081 11.295506477355957 187879
1760011575459 10.894197463989258 187889
1760011575840 11.20617389678955 187899
1760011576215 10.923482894897461 187909
1760011576591 10.86033821105957 187919
1760011577013 10.92730712890625 187929
1760011577458 11.153116226196289 187939
1760011577857 10.784061431884766 187949
1760011578272 10.7230863571167 187959
1760011578677 10.924710273742676 187969
1760011579058 10.881291389465332 187979
1760011579457 11.055845260620117 187989
1760011579839 10.693552017211914 187999
1760011580225 11.330955505371094 188009
1760011580609 11.071857452392578 188019
1760011581009 10.800771713256836 188029
1760011581391 10.878880500793457 188039
1760011581788 10.881277084350586 188049
1760011582202 11.159149169921875 188059
1760011582607 11.050423622131348 188069
1760011583016 11.39944839477539 188079
1760011583392 11.065630912780762 188089
1760011583761 11.015910148620605 188099
1760011584133 10.899808883666992 188109
1760011584498 10.868572235107422 188119
1760011584863 10.984298706054688 188129
1760011585259 11.425275802612305 188139
1760011585787 11.282546997070312 188149
1760011586155 10.528711318969727 188159
1760011586527 10.895578384399414 188169
1760011586917 10.82577133178711 188179
1760011587274 10.868791580200195 188189
1760011587640 11.052390098571777 188199
1760011588011 10.980273246765137 188209
1760011588386 10.742070198059082 188219
1760011588762 10.936522483825684 188229
1760011589144 10.926494598388672 188239
1760011589516 10.747108459472656 188249
1760011589878 10.846193313598633 188259
1760011590236 10.999011993408203 188269
1760011590591 10.980748176574707 188279
1760011590950 10.84933853149414 188289
1760011591320 10.979199409484863 188299
1760011591685 10.862024307250977 188309
1760011592046 10.613836288452148 188319
1760011592398 10.883675575256348 188329
1760011592756 10.652936935424805 188339
1760011593109 10.873502731323242 188349
1760011593465 10.688533782958984 188359
1760011593818 11.02994155883789 188369
1760011594169 10.824613571166992 188379
1760011594518 10.972451210021973 188389
1760011594876 10.863083839416504 188399
1760011595229 10.88715934753418 188409
1760011595586 11.007198333740234 188419
1760011595945 10.821155548095703 188429
1760011596297 11.053871154785156 188439
1760011596648 11.162873268127441 188449
1760011597000 10.81793212890625 188459
1760011597352 10.90013313293457 188469
1760011597703 10.764886856079102 188479
1760011598060 11.01484489440918 188489
1760011598417 11.188497543334961 188499
1760011598770 10.455976486206055 188509
1760011599125 10.898970603942871 188519
1760011599482 10.753499984741211 188529
1760011599837 10.841107368469238 188539
1760011600193 10.823549270629883 188549
1760011600570 10.77001953125 188559
1760011600945 10.836098670959473 188569
1760011601305 10.922268867492676 188579
1760011601619 11.026155471801758 188589
1760011601974 10.78297233581543 188599
1760011602336 11.401538848876953 188609
1760011602709 10.783719062805176 188619
1760011603078 11.051764488220215 188629
1760011603443 10.742850303649902 188639
1760011603793 11.064666748046875 188649
1760011604162 10.926168441772461 188659
1760011604524 10.879056930541992 188669
1760011604842 11.180505752563477 188679
1760011605198 10.968548774719238 188689
1760011605550 11.000635147094727 188699
1760011605906 10.771150588989258 188709
1760011606274 11.114107131958008 188719
1760011606630 10.831497192382812 188729
1760011606995 10.702089309692383 188739
1760011607361 10.906166076660156 188749
1760011607719 10.698750495910645 188759
1760011608081 11.042754173278809 188769
1760011608439 10.81361198425293 188779
1760011608809 10.774616241455078 188789
1760011609178 11.16995620727539 188799
1760011609540 10.946187019348145 188809
1760011609856 10.92505931854248 188819
1760011610204 10.954849243164062 188829
1760011610560 10.999805450439453 188839
1760011610928 10.930295944213867 188849
1760011611289 11.211639404296875 188859
1760011611645 10.691581726074219 188869
1760011612012 10.597307205200195 188879
1760011612369 10.760015487670898 188889
1760011612723 10.665180206298828 188899
1760011613088 10.805063247680664 188909
1760011613448 10.82851791381836 188919
1760011613803 11.001448631286621 188929
1760011614167 10.61060619354248 188939
1760011614523 10.97844409942627 188949
1760011614882 11.038228988647461 188959
1760011615239 10.690835952758789 188969
1760011615604 10.684541702270508 188979
1760011615974 10.928984642028809 188989
1760011616352 11.099641799926758 188999
1760011616723 10.608792304992676 189009
1760011617098 11.021098136901855 189019
1760011617474 10.543619155883789 189029
1760011617854 10.754264831542969 189039
1760011618226 10.66860580444336 189049
1760011618602 10.964645385742188 189059
1760011618979 10.908849716186523 189069
1760011619355 10.865199089050293 189079
1760011619728 11.039966583251953 189089
1760011620104 10.69039535522461 189099
1760011620483 10.663962364196777 189109
1760011620853 10.604877471923828 189119
1760011621224 10.49020767211914 189129
1760011621594 10.786422729492188 189139
1760011621965 10.655197143554688 189149
1760011622339 10.938078880310059 189159
1760011622719 10.963382720947266 189169
1760011623101 10.961254119873047 189179
1760011623482 10.642061233520508 189189
1760011623868 10.82305908203125 189199
1760011624258 10.743030548095703 189209
1760011624641 11.005048751831055 189219
1760011625018 10.613581657409668 189229
1760011625401 10.74855899810791 189239
1760011625780 10.679279327392578 189249
1760011626167 10.630525588989258 189259
1760011626545 10.883150100708008 189269
1760011626928 10.473148345947266 189279
1760011627302 10.566770553588867 189289
1760011627680 10.718057632446289 189299
1760011628072 10.403639793395996 189309
1760011628444 10.572912216186523 189319
1760011628829 10.5411958694458 189329
1760011629209 10.756510734558105 189339
1760011629585 10.874160766601562 189349
1760011629964 10.645087242126465 189359
1760011630340 10.74148941040039 189369
1760011630723 10.748250961303711 189379
1760011631104 10.828642845153809 189389
1760011631506 10.893329620361328 189399
1760011631884 11.098918914794922 189409
1760011632271 10.796730995178223 189419
1760011632644 10.603222846984863 189429
1760011633015 10.661563873291016 189439
1760011633389 10.78391170501709 189449
1760011633762 10.824165344238281 189459
1760011634134 10.720510482788086 189469
1760011634507 10.795580863952637 189479
1760011634881 10.885602951049805 189489
1760011635259 10.434557914733887 189499
1760011635629 10.628698348999023 189509
1760011636007 10.664485931396484 189519
1760011636384 10.488297462463379 189529
1760011636754 10.422740936279297 189539
1760011637125 10.908866882324219 189549
1760011637496 10.900486946105957 189559
1760011637865 10.60732650756836 189569
1760011638250 10.970190048217773 189579
1760011638623 10.643533706665039 189589
1760011638994 10.478038787841797 189599
1760011639367 10.756092071533203 189609
1760011639739 10.703874588012695 189619
1760011640118 10.687911033630371 189629
1760011640504 10.419942855834961 189639
1760011640885 10.67554759979248 189649
1760011641257 10.701034545898438 189659
1760011641628 10.879392623901367 189669
1760011642003 10.502079010009766 189679
1760011642372 10.594316482543945 189689
1760011642743 10.531240463256836 189699
1760011643610 10.429298400878906 189709
1760011643970 10.472068786621094 189719
1760011644335 10.250807762145996 189729
1760011644701 10.535667419433594 189739
1760011645067 10.83576774597168 189749
1760011645433 10.668109893798828 189759
1760011645798 10.426417350769043 189769
1760011646164 10.620405197143555 189779
1760011646535 10.664423942565918 189789
1760011646908 10.526256561279297 189799
1760011647283 10.741750717163086 189809
1760011647650 10.705202102661133 189819
1760011647998 10.660425186157227 189829
1760011662767 10.626996040344238 189839
1760011663092 10.574836730957031 189849
1760011663443 10.876758575439453 189859
1760011663751 10.618083953857422 189869
1760011664082 10.720388412475586 189879
1760011664418 10.781841278076172 189889
1760011664788 11.034554481506348 189899
1760011665098 10.968864440917969 189909
1760011665422 10.755133628845215 189919
1760011665799 10.703241348266602 189929
1760011666179 10.875045776367188 189939
1760011666542 10.880760192871094 189949
1760011666908 10.721118927001953 189959
1760011667286 10.963652610778809 189969
1760011667660 11.271455764770508 189979
1760011668035 11.063177108764648 189989
1760011668413 11.112359046936035 189999
1760011668796 10.96337890625 190009
1760011669135 11.128206253051758 190019
1760011669493 11.076336860656738 190029
1760011669876 11.108248710632324 190039
1760011670263 10.900138854980469 190049
1760011670643 10.756893157958984 190059
1760011671026 11.414030075073242 190069
1760011671406 11.033185005187988 190079
1760011671784 11.035958290100098 190089
1760011672166 11.078471183776855 190099
1760011672544 10.969917297363281 190109
1760011672925 11.009729385375977 190119
1760011673312 10.938066482543945 190129
1760011673688 10.851560592651367 190139
1760011674070 11.158613204956055 190149
1760011674453 11.124933242797852 190159
1760011674835 11.200141906738281 190169
1760011675218 10.731727600097656 190179
1760011675602 10.965327262878418 190189
1760011675980 10.70848274230957 190199
1760011676366 10.817956924438477 190209
1760011676754 10.93544864654541 190219
1760011677142 10.7972412109375 190229
1760011677530 10.853218078613281 190239
1760011677911 11.058311462402344 190249
1760011678293 10.824674606323242 190259
1760011678678 11.031044006347656 190269
1760011679062 11.33839225769043 190279
1760011679441 11.07264518737793 190289
1760011679821 10.788330078125 190299
1760011680202 10.829322814941406 190309
1760011680587 11.293864250183105 190319
1760011680965 11.246078491210938 190329
1760011681341 11.126362800598145 190339
1760011681714 10.973346710205078 190349
1760011682093 11.106475830078125 190359
1760011682472 11.126099586486816 190369
1760011682851 11.074274063110352 190379
1760011683230 10.66907787322998 190389
1760011683612 10.79098129272461 190399
1760011683995 10.595611572265625 190409
1760011684375 10.788198471069336 190419
1760011684751 11.035707473754883 190429
1760011685130 11.02379322052002 190439
1760011685514 10.954065322875977 190449
1760011685896 10.76130485534668 190459
1760011686270 10.561650276184082 190469
1760011686644 11.07617473602295 190479
1760011687027 10.920541763305664 190489
1760011687408 10.791455268859863 190499
1760011687788 10.978970527648926 190509
1760011688177 10.824191093444824 190519
1760011688554 11.081543922424316 190529
1760011688927 10.878026962280273 190539
1760011689302 10.890443801879883 190549
1760011689676 10.707199096679688 190559
1760011690090 10.634723663330078 190569
1760011690473 10.830928802490234 190579
1760011690854 10.94986343383789 190589
1760011691230 10.865928649902344 190599
1760011691604 11.03032398223877 190609
1760011691986 10.924736022949219 190619
1760011692362 10.906038284301758 190629
1760011692742 10.941293716430664 190639
1760011693123 10.951526641845703 190649
1760011693510 10.893407821655273 190659
1760011693889 10.944859504699707 190669
1760011694266 10.969857215881348 190679
1760011694643 10.602378845214844 190689
1760011695019 10.769688606262207 190699
1760011695393 11.101434707641602 190709
1760011695770 10.902137756347656 190719
1760011696142 11.058324813842773 190729
1760011696516 10.761833190917969 190739
1760011696890 11.119565963745117 190749
1760011697261 10.999343872070312 190759
1760011697644 10.962910652160645 190769
1760011698055 10.992067337036133 190779
1760011698467 10.920402526855469 190789
1760011698845 11.136030197143555 190799
1760011699224 10.681077003479004 190809
1760011699598 10.840935707092285 190819
1760011700008 11.164347648620605 190829
1760011700381 10.816084861755371 190839
1760011700759 10.764039993286133 190849
1760011701134 10.779251098632812 190859
1760011701518 11.050088882446289 190869
1760011701899 10.644098281860352 190879
1760011702276 10.711034774780273 190889
1760011702657 10.485239028930664 190899
1760011703040 10.828739166259766 190909
1760011703428 10.776796340942383 190919
1760011703812 10.992287635803223 190929
1760011704187 11.029529571533203 190939
1760011704565 10.775755882263184 190949
1760011704950 10.75360107421875 190959
1760011705324 10.620997428894043 190969
1760011705698 10.641756057739258 190979
1760011706076 10.561077117919922 190989
1760011706465 10.928764343261719 190999
1760011706831 10.793163299560547 191009
1760011707201 10.796801567077637 191019
1760011707577 10.758782386779785 191029
1760011707940 10.788519859313965 191039
1760011708315 10.58183765411377 191049
1760011708689 10.84157943725586 191059
1760011709065 10.845724105834961 191069
1760011709439 10.664884567260742 191079
1760011709810 10.754514694213867 191089
1760011710183 10.885322570800781 191099
1760011710559 10.949152946472168 191109
1760011710940 10.936551094055176 191119
1760011711320 10.634654998779297 191129
1760011711696 10.89995002746582 191139
1760011712065 10.791297912597656 191149
1760011712431 10.65958023071289 191159
1760011712806 10.582008361816406 191169
1760011713174 10.825849533081055 191179
1760011713546 10.713571548461914 191189
1760011713918 10.667116165161133 191199
1760011714289 10.536134719848633 191209
1760011714659 10.693244934082031 191219
1760011715038 10.90810775756836 191229
1760011715423 10.87242317199707 191239
1760011715794 11.001060485839844 191249
1760011716162 10.879931449890137 191259
1760011716532 10.828454971313477 191269
1760011716901 10.60759162902832 191279
1760011717270 10.62797737121582 191289
1760011717645 10.53647232055664 191299
1760011718022 10.452919006347656 191309
1760011718396 10.72091293334961 191319
1760011718768 10.737911224365234 191329
1760011719137 10.705366134643555 191339
1760011719509 10.637882232666016 191349
1760011719887 10.699653625488281 191359
1760011720266 10.807479858398438 191369
1760011720638 10.72941780090332 191379
1760011721010 10.63891887664795 191389
1760011721384 10.881675720214844 191399
1760011721761 10.43005657196045 191409
1760011722133 10.85310173034668 191419
1760011722504 10.621075630187988 191429
1760011722887 10.755853652954102 191439
1760011723261 10.756166458129883 191449
1760011723640 10.436819076538086 191459
1760011724016 10.858671188354492 191469
1760011724408 10.826517105102539 191479
1760011724792 10.410148620605469 191489
1760011725175 10.523956298828125 191499
1760011725556 10.541242599487305 191509
1760011725928 10.535493850708008 191519
1760011726298 10.73666763305664 191529
1760011726671 10.506097793579102 191539
1760011727045 10.42642879486084 191549
1760011727418 10.814537048339844 191559
1760011727800 10.815711975097656 191569
1760011728177 10.631227493286133 191579
1760011728550 10.836169242858887 191589
1760011728921 10.701164245605469 191599
1760011729294 10.451772689819336 191609
1760011729666 10.37136459350586 191619
1760011730046 10.617288589477539 191629
1760011730426 10.956955909729004 191639
1760011730804 10.310001373291016 191649
1760011731183 10.801231384277344 191659
1760011731575 10.48504638671875 191669
1760011731952 10.782411575317383 191679
1760011732331 10.455656051635742 191689
1760011732709 10.546266555786133 191699
1760011733082 10.61347770690918 191709
1760011733455 10.829328536987305 191719
1760011733829 10.469073295593262 191729
1760011734214 10.570013999938965 191739
1760011734588 10.716150283813477 191749
1760011734961 10.49571704864502 191759
1760011735337 10.889848709106445 191769
1760011735724 10.930601119995117 191779
1760011736107 10.733907699584961 191789
1760011736502 11.049036979675293 191799
1760011736886 10.66989517211914 191809
1760011737270 10.895294189453125 191819
1760011737660 10.830717086791992 191829
1760011738040 10.730630874633789 191839
1760011738420 10.99035930633545 191849
1760011738800 10.669516563415527 191859
1760011739180 10.641200065612793 191869
1760011739562 10.554880142211914 191879
1760011739942 10.663959503173828 191889
1760011740324 10.471327781677246 191899
1760011740706 11.122904777526855 191909
1760011741090 11.021950721740723 191919
1760011741476 10.859554290771484 191929
1760011741861 10.990618705749512 191939
1760011742245 10.923063278198242 191949
1760011742632 11.131513595581055 191959
1760011743016 11.12841796875 191969
1760011743402 10.874577522277832 191979
1760011743788 10.694929122924805 191989
1760011744171 10.847671508789062 191999
1760011744557 10.849015235900879 192009
1760011744941 11.004164695739746 192019
1760011745325 10.906684875488281 192029
1760011745705 10.999191284179688 192039
1760011746087 10.785074234008789 192049
1760011746465 10.933090209960938 192059
1760011746841 10.99125862121582 192069
1760011747219 10.939777374267578 192079
1760011747602 10.97225284576416 192089
1760011747983 10.727701187133789 192099
1760011748368 10.691696166992188 192109
1760011748750 11.135828018188477 192119
1760011749130 10.947711944580078 192129
1760011749507 10.925158500671387 192139
1760011749883 10.824361801147461 192149
1760011750262 10.864360809326172 192159
1760011750638 10.74023723602295 192169
1760011751015 10.900376319885254 192179
1760011751401 11.038947105407715 192189
1760011751775 10.918474197387695 192199
1760011752150 10.9720458984375 192209
1760011752534 10.838237762451172 192219
1760011752912 10.866822242736816 192229
1760011753295 11.143064498901367 192239
1760011753677 10.807926177978516 192249
1760011754068 11.17866325378418 192259
1760011754451 10.766561508178711 192269
1760011754840 10.770513534545898 192279
1760011755222 10.997255325317383 192289
1760011755604 10.79091739654541 192299
1760011755989 10.919633865356445 192309
1760011756376 10.746179580688477 192319
1760011756764 11.123054504394531 192329
1760011757146 11.179407119750977 192339
1760011757524 11.271145820617676 192349
1760011757897 11.18235969543457 192359
1760011758275 10.99404525756836 192369
1760011758651 10.553583145141602 192379
1760011759020 10.986279487609863 192389
1760011759393 10.94317626953125 192399
1760011759767 10.841033935546875 192409
1760011760140 10.79642391204834 192419
1760011760518 10.747962951660156 192429
1760011760897 11.076888084411621 192439
1760011761274 10.907535552978516 192449
1760011761653 10.908424377441406 192459
1760011762032 10.721407890319824 192469
1760011762409 10.858912467956543 192479
1760011762782 10.927854537963867 192489
1760011763155 10.83270263671875 192499
1760011763531 10.986837387084961 192509
1760011763904 10.796564102172852 192519
1760011764277 11.092231750488281 192529
1760011764656 10.700921058654785 192539
1760011765030 10.88712215423584 192549
1760011765403 11.273801803588867 192559
1760011765780 10.993605613708496 192569
1760011766158 10.552053451538086 192579
1760011766539 10.7462158203125 192589
1760011766923 11.126300811767578 192599
1760011767306 10.71117115020752 192609
1760011767694 10.96925163269043 192619
1760011768080 10.55400562286377 192629
1760011768459 10.785237312316895 192639
1760011768840 10.912193298339844 192649
1760011769224 10.884817123413086 192659
1760011769599 11.145964622497559 192669
1760011769974 11.259305953979492 192679
1760011770365 10.755302429199219 192689
1760011770745 10.96609115600586 192699
1760011771121 11.062514305114746 192709
1760011771515 11.051483154296875 192719
1760011771895 10.859814643859863 192729
1760011772275 10.705026626586914 192739
1760011772660 11.231748580932617 192749
1760011773040 10.777750015258789 192759
1760011773418 10.787765502929688 192769
1760011773800 11.079715728759766 192779
1760011774177 11.032499313354492 192789
1760011774554 10.931896209716797 192799
1760011774932 10.972366333007812 192809
1760011775315 11.032086372375488 192819
1760011775699 10.781050682067871 192829
1760011776079 10.719583511352539 192839
1760011776482 10.944623947143555 192849
1760011776867 11.343116760253906 192859
1760011777255 10.798973083496094 192869
1760011777634 10.810771942138672 192879
1760011778018 11.036860466003418 192889
1760011778405 10.712345123291016 192899
1760011778794 10.641149520874023 192909
1760011779176 10.619102478027344 192919
1760011779552 10.901785850524902 192929
1760011779929 10.686792373657227 192939
1760011780305 10.939897537231445 192949
1760011780682 10.714590072631836 192959
1760011781060 10.656436920166016 192969
1760011781444 10.747363090515137 192979
1760011781830 10.893594741821289 192989
1760011782209 10.707866668701172 192999
1760011782591 10.877941131591797 193009
1760011782973 10.839544296264648 193019
1760011783350 10.816308975219727 193029
1760011783714 10.908987045288086 193039
1760011784076 10.743302345275879 193049
1760011784442 10.767601013183594 193059
1760011784807 10.555867195129395 193069
1760011785170 10.925311088562012 193079
1760011785536 10.693377494812012 193089
1760011785917 10.534136772155762 193099
1760011786286 10.681549072265625 193109
1760011786639 10.762697219848633 193119
1760011787001 10.952263832092285 193129
1760011787363 11.18042278289795 193139
1760011787719 10.48698616027832 193149
1760011788074 10.599225044250488 193159
1760011788429 10.780023574829102 193169
1760011788780 11.065115928649902 193179
1760011789137 10.72927188873291 193189
1760011789494 10.935091018676758 193199
1760011789844 10.772550582885742 193209
1760011790204 10.882160186767578 193219
1760011790555 10.69520378112793 193229
1760011790907 10.741509437561035 193239
1760011791264 10.681072235107422 193249
1760011791626 10.928918838500977 193259
1760011791994 10.70427417755127 193269
1760011792362 10.74923324584961 193279
1760011792724 10.597616195678711 193289
1760011793093 10.739749908447266 193299
1760011793465 10.791074752807617 193309
1760011793831 10.768795013427734 193319
1760011794204 10.366008758544922 193329
1760011794565 10.357855796813965 193339
1760011794928 10.843371391296387 193349
1760011795294 10.683791160583496 193359
1760011795663 10.435836791992188 193369
1760011796031 10.640031814575195 193379
1760011796402 10.911571502685547 193389
1760011796776 10.765727043151855 193399
1760011797155 10.727967262268066 193409
1760011797525 10.822286605834961 193419
1760011797904 10.492632865905762 193429
1760011798282 10.526796340942383 193439
1760011798660 10.543087005615234 193449
1760011799043 10.912276268005371 193459
1760011799425 10.660989761352539 193469
1760011799809 10.491004943847656 193479
1760011800180 10.88001537322998 193489
1760011800552 10.612388610839844 193499
1760011800933 10.637983322143555 193509
1760011801335 10.585518836975098 193519
1760011801711 10.8037109375 193529
1760011802087 10.763923645019531 193539
1760011802466 10.282206535339355 193549
1760011802843 10.544652938842773 193559
1760011803226 10.557127952575684 193569
1760011803600 10.615432739257812 193579
1760011803974 10.571142196655273 193589
1760011804349 10.538907051086426 193599
1760011804736 10.55180549621582 193609
1760011805116 10.656728744506836 193619
1760011805498 10.613466262817383 193629
1760011805886 10.84649658203125 193639
1760011806277 10.727492332458496 193649
1760011806672 10.426576614379883 193659
1760011807064 10.88475227355957 193669
1760011807445 10.711650848388672 193679
1760011807833 10.692971229553223 193689
1760011808217 10.828714370727539 193699
1760011808606 10.490748405456543 193709
1760011808995 10.694621086120605 193719
1760011809377 10.56834602355957 193729
1760011809760 10.613664627075195 193739
1760011810632 10.537970542907715 193749
1760011811004 10.868688583374023 193759
1760011811378 10.702430725097656 193769
1760011811754 10.577467918395996 193779
1760011812129 10.65759563446045 193789
1760011812506 10.782722473144531 193799
1760011812886 10.700128555297852 193809
1760011813260 10.443756103515625 193819
1760011813622 10.493057250976562 193829
1760011813984 10.568334579467773 193839
1760011814347 10.643705368041992 193849
1760011814711 10.687983512878418 193859
1760011815073 10.358327865600586 193869
1760011829466 10.281700134277344 193879
1760011829833 10.462287902832031 193889
1760011830195 10.62047004699707 193899
1760011830541 10.75381851196289 193909
1760011830904 10.50253677368164 193919
1760011831255 11.094497680664062 193929
1760011831672 10.88951301574707 193939
1760011832023 11.413101196289062 193949
1760011832378 10.948899269104004 193959
1760011832733 11.022476196289062 193969
1760011833088 10.878772735595703 193979
1760011833447 10.712634086608887 193989
1760011833809 11.245994567871094 193999
1760011834177 11.101142883300781 194009
1760011834545 10.897109985351562 194019
1760011834912 10.892218589782715 194029
1760011835286 11.196832656860352 194039
1760011835655 10.800395011901855 194049
1760011836021 10.835565567016602 194059
1760011836390 10.966744422912598 194069
1760011836759 11.092857360839844 194079
1760011837125 11.170921325683594 194089
1760011837490 10.919187545776367 194099
1760011837844 10.850749969482422 194109
1760011838224 10.952539443969727 194119
1760011838595 10.732937812805176 194129
1760011838997 10.732084274291992 194139
1760011839370 10.849482536315918 194149
1760011839736 11.16051197052002 194159
1760011840100 10.971598625183105 194169
1760011840467 10.999942779541016 194179
1760011840839 11.064486503601074 194189
1760011841208 10.974174499511719 194199
1760011841588 11.314632415771484 194209
1760011841955 11.007670402526855 194219
1760011842325 11.042562484741211 194229
1760011842699 10.995284080505371 194239
1760011843069 10.71463394165039 194249
1760011843443 11.079011917114258 194259
1760011843821 11.254470825195312 194269
1760011844187 10.852767944335938 194279
1760011844554 11.151187896728516 194289
1760011844922 11.04094123840332 194299
1760011845290 10.693418502807617 194309
1760011845660 10.510051727294922 194319
1760011846028 11.229248046875 194329
1760011846397 10.927680969238281 194339
1760011846773 10.893360137939453 194349
1760011847142 10.921488761901855 194359
1760011847518 10.627530097961426 194369
1760011847893 10.774147987365723 194379
1760011848273 11.175077438354492 194389
1760011848653 11.278583526611328 194399
1760011849030 10.954068183898926 194409
1760011849406 10.726131439208984 194419
1760011849784 10.958688735961914 194429
1760011850158 10.543598175048828 194439
1760011850537 10.756632804870605 194449
1760011850927 10.895332336425781 194459
1760011851304 10.884076118469238 194469
1760011851685 10.797771453857422 194479
1760011852060 10.86153793334961 194489
1760011852434 11.345745086669922 194499
1760011852813 10.983078002929688 194509
1760011853195 10.807266235351562 194519
1760011853580 10.886697769165039 194529
1760011853961 10.723413467407227 194539
1760011854334 10.852203369140625 194549
1760011854704 11.082168579101562 194559
1760011855080 10.684465408325195 194569
1760011855451 10.892653465270996 194579
1760011855822 11.1027193069458 194589
1760011856193 10.779989242553711 194599
1760011856572 10.729537010192871 194609
1760011856953 10.955759048461914 194619
1760011857318 11.20808219909668 194629
1760011857690 10.787019729614258 194639
1760011858049 10.935197830200195 194649
1760011858412 11.099544525146484 194659
1760011858773 10.553504943847656 194669
1760011859143 11.135644912719727 194679
1760011859503 11.005337715148926 194689
1760011859864 10.869752883911133 194699
1760011860234 10.812553405761719 194709
1760011860613 10.408058166503906 194719
1760011860975 10.963479995727539 194729
1760011861338 11.026823997497559 194739
1760011861709 10.678762435913086 194749
1760011862068 10.757107734680176 194759
1760011862431 10.839580535888672 194769
1760011862787 11.006904602050781 194779
1760011863144 11.031347274780273 194789
1760011863499 10.691300392150879 194799
1760011863857 10.824148178100586 194809
1760011864218 11.057689666748047 194819
1760011864589 11.104256629943848 194829
1760011864945 11.115318298339844 194839
1760011865299 10.76028823852539 194849
1760011865649 10.768921852111816 194859
1760011866008 10.586248397827148 194869
1760011866361 10.813713073730469 194879
1760011866711 10.675668716430664 194889
1760011867082 10.872126579284668 194899
1760011867445 11.063516616821289 194909
1760011867798 11.025463104248047 194919
1760011868162 10.710773468017578 194929
1760011868516 11.031033515930176 194939
1760011868875 10.954317092895508 194949
1760011869229 10.696138381958008 194959
1760011869590 10.69340705871582 194969
1760011869946 10.907859802246094 194979
1760011870298 10.661252975463867 194989
1760011870659 10.673431396484375 194999
1760011871012 10.710339546203613 195009
1760011871366 10.87657356262207 195019
1760011871725 10.732258796691895 195029
1760011872092 10.891426086425781 195039
1760011872446 11.009349822998047 195049
1760011872807 11.027987480163574 195059
1760011873167 10.710556030273438 195069
1760011873522 10.963800430297852 195079
1760011873894 10.583999633789062 195089
1760011874262 10.701714515686035 195099
1760011874623 10.826077461242676 195109
1760011874987 10.841264724731445 195119
1760011875361 10.74809455871582 195129
1760011875725 10.860852241516113 195139
1760011876091 10.755924224853516 195149
1760011876465 10.984781265258789 195159
1760011876830 10.899554252624512 195169
1760011877187 10.828324317932129 195179
1760011877559 10.509464263916016 195189
1760011877923 10.809361457824707 195199
1760011878284 10.993291854858398 195209
1760011878656 10.80554485321045 195219
1760011879023 11.081522941589355 195229
1760011879383 10.875579833984375 195239
1760011879745 10.692447662353516 195249
1760011880113 10.860062599182129 195259
1760011880436 10.954298973083496 195269
1760011880711 10.650041580200195 195279
1760011880953 10.621601104736328 195289
1760011881177 10.776693344116211 195299
1760011881492 10.844969749450684 195309
1760011881837 10.724254608154297 195319
1760011882197 10.626976013183594 195329
1760011882563 10.800257682800293 195339
1760011882922 10.71198558807373 195349
1760011883292 10.622530937194824 195359
1760011883658 10.625969886779785 195369
1760011884025 10.595956802368164 195379
1760011884390 10.804056167602539 195389
1760011884751 10.52092170715332 195399
1760011885121 10.528057098388672 195409
1760011885710 10.646313667297363 195419
1760011886068 10.73863410949707 195429
1760011886433 10.408842086791992 195439
1760011886804 10.558476448059082 195449
1760011887170 10.688634872436523 195459
1760011887533 10.680413246154785 195469
1760011887899 10.450231552124023 195479
1760011888265 10.508087158203125 195489
1760011888645 10.60720443725586 195499
1760011889028 10.644405364990234 195509
1760011889412 10.545225143432617 195519
1760011889818 10.500361442565918 195529
1760011890201 10.725261688232422 195539
1760011890584 10.693672180175781 195549
1760011890964 10.517324447631836 195559
1760011891355 10.607276916503906 195569
1760011891739 10.676538467407227 195579
1760011892106 10.609743118286133 195589
1760011892482 10.677486419677734 195599
1760011892859 10.886112213134766 195609
1760011893259 10.47967529296875 195619
1760011893661 10.566690444946289 195629
1760011894072 10.608304977416992 195639
1760011894462 10.49482250213623 195649
1760011894845 10.631165504455566 195659
1760011895212 10.533266067504883 195669
1760011895557 10.670438766479492 195679
1760011895902 10.439353942871094 195689
1760011896246 10.705276489257812 195699
1760011896592 10.548011779785156 195709
1760011896942 10.616771697998047 195719
1760011897288 10.408284187316895 195729
1760011897634 10.528379440307617 195739
1760011897980 10.506710052490234 195749
1760011898324 11.002307891845703 195759
1760011898669 10.49348258972168 195769
1760011899018 10.59412956237793 195779
1760011899369 10.932205200195312 195789
1760011899721 10.304461479187012 195799
1760011900070 10.6665678024292 195809
1760011900420 10.514774322509766 195819
1760011900770 10.767047882080078 195829
1760011901121 10.896577835083008 195839
1760011901476 10.845111846923828 195849
1760011901827 10.534082412719727 195859
1760011902175 10.827089309692383 195869
1760011902526 10.884368896484375 195879
1760011902877 10.553110122680664 195889
1760011903227 10.455127716064453 195899
1760011903603 10.524028778076172 195909
1760011903978 10.788002014160156 195919
1760011904355 10.828721046447754 195929
1760011904723 10.903936386108398 195939
1760011905095 11.247024536132812 195949
1760011905483 11.311691284179688 195959
1760011905859 10.989458084106445 195969
1760011906230 10.80950927734375 195979
1760011906617 11.152633666992188 195989
1760011906990 11.138486862182617 195999
1760011907361 11.090962409973145 196009
1760011907741 11.135011672973633 196019
1760011908128 11.242093086242676 196029
1760011908528 11.17646598815918 196039
1760011908925 10.93155574798584 196049
1760011909303 10.681329727172852 196059
1760011909681 10.732539176940918 196069
1760011910062 10.9624662399292 196079
1760011910446 10.867116928100586 196089
1760011910826 11.001352310180664 196099
1760011911207 10.938170433044434 196109
1760011911589 10.83305549621582 196119
1760011911967 10.974920272827148 196129
1760011912342 11.157262802124023 196139
1760011912729 10.7362060546875 196149
1760011913115 11.0899076461792 196159
1760011913500 10.859570503234863 196169
1760011913879 10.915246963500977 196179
1760011914260 10.957784652709961 196189
1760011914642 10.905811309814453 196199
1760011915025 10.918149948120117 196209
1760011915402 10.885305404663086 196219
1760011915775 10.51999282836914 196229
1760011916158 10.894096374511719 196239
1760011916543 10.819485664367676 196249
1760011916925 10.954416275024414 196259
1760011917307 11.099116325378418 196269
1760011917722 11.020915985107422 196279
1760011918093 10.957939147949219 196289
1760011918469 10.786653518676758 196299
1760011918834 10.774999618530273 196309
1760011919205 10.798996925354004 196319
1760011919575 11.089188575744629 196329
1760011919948 11.201054573059082 196339
1760011920317 11.125804901123047 196349
1760011920689 10.863430976867676 196359
1760011921060 10.879236221313477 196369
1760011921430 10.995122909545898 196379
1760011921802 11.101362228393555 196389
1760011922184 10.790218353271484 196399
1760011922548 11.175243377685547 196409
1760011922910 11.232718467712402 196419
1760011923293 11.006296157836914 196429
1760011923672 10.851449012756348 196439
1760011924047 11.091805458068848 196449
1760011924417 11.111167907714844 196459
1760011924789 11.174036026000977 196469
1760011925165 10.940651893615723 196479
1760011925533 10.780802726745605 196489
1760011925905 11.057287216186523 196499
1760011926265 10.953628540039062 196509
1760011926618 10.946523666381836 196519
1760011926977 10.890559196472168 196529
1760011927343 10.793191909790039 196539
1760011927698 10.71621036529541 196549
1760011928053 10.657143592834473 196559
1760011928414 11.101978302001953 196569
1760011928767 10.762092590332031 196579
1760011929121 10.815959930419922 196589
1760011929479 11.010412216186523 196599
1760011929862 10.759437561035156 196609
1760011930227 11.072571754455566 196619
1760011930581 10.973292350769043 196629
1760011930943 10.938850402832031 196639
1760011931303 10.543798446655273 196649
1760011931664 11.137036323547363 196659
1760011932029 10.945178031921387 196669
1760011932387 11.005385398864746 196679
1760011932747 11.141175270080566 196689
1760011933110 10.848773956298828 196699
1760011933477 10.896624565124512 196709
1760011933838 10.466302871704102 196719
1760011934209 10.910924911499023 196729
1760011934582 10.632587432861328 196739
1760011934935 10.817842483520508 196749
1760011935293 10.818193435668945 196759
1760011935652 10.873113632202148 196769
1760011936010 10.861703872680664 196779
1760011936372 10.959973335266113 196789
1760011936734 10.794246673583984 196799
1760011937095 10.724245071411133 196809
1760011937461 10.976191520690918 196819
1760011937823 10.945991516113281 196829
1760011938179 10.610352516174316 196839
1760011938537 11.030450820922852 196849
1760011938898 10.639314651489258 196859
1760011939253 10.717641830444336 196869
1760011939614 10.759542465209961 196879
1760011939977 10.6412353515625 196889
1760011940327 10.93985366821289 196899
1760011940686 10.618082046508789 196909
1760011941042 10.685842514038086 196919
1760011941401 10.874494552612305 196929
1760011941757 11.076318740844727 196939
1760011942111 10.940088272094727 196949
1760011942462 10.996539115905762 196959
1760011942811 10.705239295959473 196969
1760011943168 10.8040771484375 196979
1760011943525 10.758264541625977 196989
1760011943880 10.935403823852539 196999
1760011944218 10.642104148864746 197009
1760011944503 10.881528854370117 197019
1760011944742 10.936325073242188 197029
1760011944953 10.656984329223633 197039
